event_id,summary,description,start,end
1,운동,,2024-12-23 08:00:00,2024-12-23 11:00:00
2,공부,,2024-12-23 11:00:00,2024-12-23 12:00:00
3,점심식사,,2024-12-23 12:00:00,2024-12-23 13:00:00
4,공원,,2024-12-23 13:00:00,2024-12-23 14:00:00
5,운동,,2024-12-23 14:00:00,2024-12-23 15:00:00
6,공부,,2024-12-23 15:00:00,2024-12-23 16:00:00
7,공원,,2024-12-23 16:00:00,2024-12-23 19:00:00
8,운동,,2024-12-23 19:00:00,2024-12-23 20:00:00
9,공부,,2024-12-23 20:00:00,2024-12-23 22:00:00
10,공원,,2024-12-23 22:00:00,2024-12-24 00:00:00
11,저녁식사,,2024-12-23 18:00:00,2024-12-23 19:00:00
12,스포츠,,2024-12-24 08:00:00,2024-12-24 09:00:00
13,공부,,2024-12-24 09:00:00,2024-12-24 11:00:00
14,실내활동,,2024-12-24 11:00:00,2024-12-24 13:00:00
15,스포츠,,2024-12-24 13:00:00,2024-12-24 16:00:00
16,기타,,2024-12-24 13:00:00,2024-12-24 16:00:00
17,공부,,2024-12-24 16:00:00,2024-12-24 19:00:00
18,실내활동,,2024-12-24 19:00:00,2024-12-24 22:00:00
19,스포츠,,2024-12-24 22:00:00,2024-12-25 00:00:00
20,기타,,2024-12-24 22:00:00,2024-12-25 00:00:00
21,점심식사,,2024-12-24 12:00:00,2024-12-24 13:00:00
22,저녁식사,,2024-12-24 18:00:00,2024-12-24 19:00:00
23,관람,,2024-12-25 08:00:00,2024-12-25 10:00:00
24,운동,,2024-12-25 10:00:00,2024-12-25 12:00:00
25,점심식사,,2024-12-25 12:00:00,2024-12-25 13:00:00
26,실내활동,,2024-12-25 13:00:00,2024-12-25 16:00:00
27,관람,,2024-12-25 16:00:00,2024-12-25 17:00:00
28,운동,,2024-12-25 17:00:00,2024-12-25 18:00:00
29,저녁식사,,2024-12-25 18:00:00,2024-12-25 19:00:00
30,실내활동,,2024-12-25 19:00:00,2024-12-25 22:00:00
31,관람,,2024-12-25 22:00:00,2024-12-25 23:00:00
32,운동,,2024-12-25 23:00:00,2024-12-26 00:00:00
33,운동,,2024-12-26 08:00:00,2024-12-26 11:00:00
34,공부,,2024-12-26 11:00:00,2024-12-26 14:00:00
35,공원,,2024-12-26 14:00:00,2024-12-26 17:00:00
36,운동,,2024-12-26 17:00:00,2024-12-26 18:00:00
37,저녁식사,,2024-12-26 18:00:00,2024-12-26 19:00:00
38,공부,,2024-12-26 19:00:00,2024-12-26 20:00:00
39,공원,,2024-12-26 20:00:00,2024-12-26 21:00:00
40,운동,,2024-12-26 21:00:00,2024-12-26 22:00:00
41,공부,,2024-12-26 22:00:00,2024-12-27 00:00:00
42,점심식사,,2024-12-26 12:00:00,2024-12-26 13:00:00
43,스포츠,,2024-12-27 08:00:00,2024-12-27 09:00:00
44,공부,,2024-12-27 09:00:00,2024-12-27 10:00:00
45,실내활동,,2024-12-27 10:00:00,2024-12-27 11:00:00
46,스포츠,,2024-12-27 11:00:00,2024-12-27 13:00:00
47,공부,,2024-12-27 13:00:00,2024-12-27 14:00:00
48,실내활동,,2024-12-27 14:00:00,2024-12-27 15:00:00
49,기타,,2024-12-27 14:00:00,2024-12-27 15:00:00
50,스포츠,,2024-12-27 15:00:00,2024-12-27 16:00:00
51,공부,,2024-12-27 16:00:00,2024-12-27 17:00:00
52,실내활동,,2024-12-27 17:00:00,2024-12-27 18:00:00
53,저녁식사,,2024-12-27 18:00:00,2024-12-27 19:00:00
54,스포츠,,2024-12-27 19:00:00,2024-12-27 22:00:00
55,공부,,2024-12-27 22:00:00,2024-12-28 00:00:00
56,점심식사,,2024-12-27 12:00:00,2024-12-27 13:00:00
57,관람,,2024-12-28 08:00:00,2024-12-28 09:00:00
58,기타,,2024-12-28 08:00:00,2024-12-28 09:00:00
59,운동,,2024-12-28 09:00:00,2024-12-28 10:00:00
60,실내활동,,2024-12-28 10:00:00,2024-12-28 13:00:00
61,관람,,2024-12-28 13:00:00,2024-12-28 14:00:00
62,운동,,2024-12-28 14:00:00,2024-12-28 16:00:00
63,실내활동,,2024-12-28 16:00:00,2024-12-28 17:00:00
64,관람,,2024-12-28 17:00:00,2024-12-28 19:00:00
65,기타,,2024-12-28 17:00:00,2024-12-28 19:00:00
66,운동,,2024-12-28 19:00:00,2024-12-28 20:00:00
67,실내활동,,2024-12-28 20:00:00,2024-12-28 22:00:00
68,관람,,2024-12-28 22:00:00,2024-12-29 00:00:00
69,점심식사,,2024-12-28 12:00:00,2024-12-28 13:00:00
70,저녁식사,,2024-12-28 18:00:00,2024-12-28 19:00:00
71,스포츠,,2024-12-29 08:00:00,2024-12-29 10:00:00
72,기타,,2024-12-29 08:00:00,2024-12-29 10:00:00
73,공부,,2024-12-29 10:00:00,2024-12-29 11:00:00
74,실내활동,,2024-12-29 11:00:00,2024-12-29 13:00:00
75,스포츠,,2024-12-29 13:00:00,2024-12-29 16:00:00
76,공부,,2024-12-29 16:00:00,2024-12-29 19:00:00
77,실내활동,,2024-12-29 19:00:00,2024-12-29 21:00:00
78,기타,,2024-12-29 19:00:00,2024-12-29 21:00:00
79,스포츠,,2024-12-29 21:00:00,2024-12-29 22:00:00
80,공부,,2024-12-29 22:00:00,2024-12-30 00:00:00
81,점심식사,,2024-12-29 12:00:00,2024-12-29 13:00:00
82,저녁식사,,2024-12-29 18:00:00,2024-12-29 19:00:00
83,운동,,2024-12-30 08:00:00,2024-12-30 10:00:00
84,공부,,2024-12-30 10:00:00,2024-12-30 13:00:00
85,공원,,2024-12-30 13:00:00,2024-12-30 16:00:00
86,기타,,2024-12-30 13:00:00,2024-12-30 16:00:00
87,운동,,2024-12-30 16:00:00,2024-12-30 18:00:00
88,저녁식사,,2024-12-30 18:00:00,2024-12-30 19:00:00
89,공부,,2024-12-30 19:00:00,2024-12-30 21:00:00
90,공원,,2024-12-30 21:00:00,2024-12-30 22:00:00
91,운동,,2024-12-30 22:00:00,2024-12-31 00:00:00
92,점심식사,,2024-12-30 12:00:00,2024-12-30 13:00:00
93,스포츠,,2024-12-31 08:00:00,2024-12-31 11:00:00
94,공부,,2024-12-31 11:00:00,2024-12-31 13:00:00
95,실내활동,,2024-12-31 13:00:00,2024-12-31 14:00:00
96,스포츠,,2024-12-31 14:00:00,2024-12-31 17:00:00
97,기타,,2024-12-31 14:00:00,2024-12-31 17:00:00
98,공부,,2024-12-31 17:00:00,2024-12-31 18:00:00
99,기타,,2024-12-31 17:00:00,2024-12-31 18:00:00
100,저녁식사,,2024-12-31 18:00:00,2024-12-31 19:00:00
101,실내활동,,2024-12-31 19:00:00,2024-12-31 22:00:00
102,스포츠,,2024-12-31 22:00:00,2025-01-01 00:00:00
103,점심식사,,2024-12-31 12:00:00,2024-12-31 13:00:00
104,관람,,2025-01-01 08:00:00,2025-01-01 09:00:00
105,기타,,2025-01-01 08:00:00,2025-01-01 09:00:00
106,운동,,2025-01-01 09:00:00,2025-01-01 12:00:00
107,점심식사,,2025-01-01 12:00:00,2025-01-01 13:00:00
108,실내활동,,2025-01-01 13:00:00,2025-01-01 14:00:00
109,관람,,2025-01-01 14:00:00,2025-01-01 16:00:00
110,운동,,2025-01-01 16:00:00,2025-01-01 18:00:00
111,저녁식사,,2025-01-01 18:00:00,2025-01-01 19:00:00
112,실내활동,,2025-01-01 19:00:00,2025-01-01 20:00:00
113,관람,,2025-01-01 20:00:00,2025-01-01 22:00:00
114,운동,,2025-01-01 22:00:00,2025-01-02 00:00:00
115,운동,,2025-01-02 08:00:00,2025-01-02 11:00:00
116,공부,,2025-01-02 11:00:00,2025-01-02 13:00:00
117,공원,,2025-01-02 13:00:00,2025-01-02 14:00:00
118,운동,,2025-01-02 14:00:00,2025-01-02 15:00:00
119,기타,,2025-01-02 14:00:00,2025-01-02 15:00:00
120,공부,,2025-01-02 15:00:00,2025-01-02 18:00:00
121,저녁식사,,2025-01-02 18:00:00,2025-01-02 19:00:00
122,공원,,2025-01-02 19:00:00,2025-01-02 21:00:00
123,운동,,2025-01-02 21:00:00,2025-01-03 00:00:00
124,점심식사,,2025-01-02 12:00:00,2025-01-02 13:00:00
125,스포츠,,2025-01-03 08:00:00,2025-01-03 10:00:00
126,공부,,2025-01-03 10:00:00,2025-01-03 12:00:00
127,점심식사,,2025-01-03 12:00:00,2025-01-03 13:00:00
128,실내활동,,2025-01-03 13:00:00,2025-01-03 14:00:00
129,기타,,2025-01-03 13:00:00,2025-01-03 14:00:00
130,스포츠,,2025-01-03 14:00:00,2025-01-03 15:00:00
131,공부,,2025-01-03 15:00:00,2025-01-03 17:00:00
132,실내활동,,2025-01-03 17:00:00,2025-01-03 19:00:00
133,스포츠,,2025-01-03 19:00:00,2025-01-03 21:00:00
134,공부,,2025-01-03 21:00:00,2025-01-03 22:00:00
135,실내활동,,2025-01-03 22:00:00,2025-01-04 00:00:00
136,저녁식사,,2025-01-03 18:00:00,2025-01-03 19:00:00
137,관람,,2025-01-04 08:00:00,2025-01-04 09:00:00
138,운동,,2025-01-04 09:00:00,2025-01-04 12:00:00
139,기타,,2025-01-04 09:00:00,2025-01-04 12:00:00
140,점심식사,,2025-01-04 12:00:00,2025-01-04 13:00:00
141,실내활동,,2025-01-04 13:00:00,2025-01-04 16:00:00
142,관람,,2025-01-04 16:00:00,2025-01-04 18:00:00
143,저녁식사,,2025-01-04 18:00:00,2025-01-04 19:00:00
144,운동,,2025-01-04 19:00:00,2025-01-04 20:00:00
145,실내활동,,2025-01-04 20:00:00,2025-01-04 23:00:00
146,관람,,2025-01-04 23:00:00,2025-01-05 00:00:00
147,스포츠,,2025-01-05 08:00:00,2025-01-05 09:00:00
148,공부,,2025-01-05 09:00:00,2025-01-05 12:00:00
149,점심식사,,2025-01-05 12:00:00,2025-01-05 13:00:00
150,실내활동,,2025-01-05 13:00:00,2025-01-05 14:00:00
151,기타,,2025-01-05 13:00:00,2025-01-05 14:00:00
152,스포츠,,2025-01-05 14:00:00,2025-01-05 15:00:00
153,공부,,2025-01-05 15:00:00,2025-01-05 18:00:00
154,저녁식사,,2025-01-05 18:00:00,2025-01-05 19:00:00
155,실내활동,,2025-01-05 19:00:00,2025-01-05 21:00:00
156,스포츠,,2025-01-05 21:00:00,2025-01-05 23:00:00
157,공부,,2025-01-05 23:00:00,2025-01-06 00:00:00
158,운동,,2025-01-06 08:00:00,2025-01-06 11:00:00
159,공부,,2025-01-06 11:00:00,2025-01-06 12:00:00
160,점심식사,,2025-01-06 12:00:00,2025-01-06 13:00:00
161,공원,,2025-01-06 13:00:00,2025-01-06 15:00:00
162,운동,,2025-01-06 15:00:00,2025-01-06 18:00:00
163,저녁식사,,2025-01-06 18:00:00,2025-01-06 19:00:00
164,공부,,2025-01-06 19:00:00,2025-01-06 21:00:00
165,기타,,2025-01-06 19:00:00,2025-01-06 21:00:00
166,공원,,2025-01-06 21:00:00,2025-01-06 22:00:00
167,운동,,2025-01-06 22:00:00,2025-01-07 00:00:00
168,스포츠,,2025-01-07 08:00:00,2025-01-07 09:00:00
169,공부,,2025-01-07 09:00:00,2025-01-07 12:00:00
170,점심식사,,2025-01-07 12:00:00,2025-01-07 13:00:00
171,실내활동,,2025-01-07 13:00:00,2025-01-07 15:00:00
172,스포츠,,2025-01-07 15:00:00,2025-01-07 18:00:00
173,저녁식사,,2025-01-07 18:00:00,2025-01-07 19:00:00
174,공부,,2025-01-07 19:00:00,2025-01-07 21:00:00
175,실내활동,,2025-01-07 21:00:00,2025-01-07 23:00:00
176,스포츠,,2025-01-07 23:00:00,2025-01-08 00:00:00
177,관람,,2025-01-08 08:00:00,2025-01-08 10:00:00
178,기타,,2025-01-08 08:00:00,2025-01-08 10:00:00
179,운동,,2025-01-08 10:00:00,2025-01-08 12:00:00
180,점심식사,,2025-01-08 12:00:00,2025-01-08 13:00:00
181,실내활동,,2025-01-08 13:00:00,2025-01-08 16:00:00
182,관람,,2025-01-08 16:00:00,2025-01-08 17:00:00
183,운동,,2025-01-08 17:00:00,2025-01-08 20:00:00
184,실내활동,,2025-01-08 20:00:00,2025-01-08 23:00:00
185,관람,,2025-01-08 23:00:00,2025-01-09 00:00:00
186,저녁식사,,2025-01-08 18:00:00,2025-01-08 19:00:00
187,운동,,2025-01-09 08:00:00,2025-01-09 09:00:00
188,공부,,2025-01-09 09:00:00,2025-01-09 11:00:00
189,공원,,2025-01-09 11:00:00,2025-01-09 14:00:00
190,운동,,2025-01-09 14:00:00,2025-01-09 15:00:00
191,공부,,2025-01-09 15:00:00,2025-01-09 16:00:00
192,기타,,2025-01-09 15:00:00,2025-01-09 16:00:00
193,공원,,2025-01-09 16:00:00,2025-01-09 18:00:00
194,저녁식사,,2025-01-09 18:00:00,2025-01-09 19:00:00
195,운동,,2025-01-09 19:00:00,2025-01-09 20:00:00
196,공부,,2025-01-09 20:00:00,2025-01-09 23:00:00
197,공원,,2025-01-09 23:00:00,2025-01-10 00:00:00
198,점심식사,,2025-01-09 12:00:00,2025-01-09 13:00:00
199,스포츠,,2025-01-10 08:00:00,2025-01-10 10:00:00
200,공부,,2025-01-10 10:00:00,2025-01-10 13:00:00
201,실내활동,,2025-01-10 13:00:00,2025-01-10 14:00:00
202,기타,,2025-01-10 13:00:00,2025-01-10 14:00:00
203,스포츠,,2025-01-10 14:00:00,2025-01-10 16:00:00
204,공부,,2025-01-10 16:00:00,2025-01-10 17:00:00
205,실내활동,,2025-01-10 17:00:00,2025-01-10 20:00:00
206,스포츠,,2025-01-10 20:00:00,2025-01-10 22:00:00
207,공부,,2025-01-10 22:00:00,2025-01-11 00:00:00
208,점심식사,,2025-01-10 12:00:00,2025-01-10 13:00:00
209,저녁식사,,2025-01-10 18:00:00,2025-01-10 19:00:00
210,관람,,2025-01-11 08:00:00,2025-01-11 10:00:00
211,운동,,2025-01-11 10:00:00,2025-01-11 12:00:00
212,점심식사,,2025-01-11 12:00:00,2025-01-11 13:00:00
213,실내활동,,2025-01-11 13:00:00,2025-01-11 15:00:00
214,관람,,2025-01-11 15:00:00,2025-01-11 18:00:00
215,저녁식사,,2025-01-11 18:00:00,2025-01-11 19:00:00
216,운동,,2025-01-11 19:00:00,2025-01-11 21:00:00
217,실내활동,,2025-01-11 21:00:00,2025-01-11 23:00:00
218,관람,,2025-01-11 23:00:00,2025-01-12 00:00:00
219,스포츠,,2025-01-12 08:00:00,2025-01-12 10:00:00
220,공부,,2025-01-12 10:00:00,2025-01-12 13:00:00
221,실내활동,,2025-01-12 13:00:00,2025-01-12 14:00:00
222,스포츠,,2025-01-12 14:00:00,2025-01-12 16:00:00
223,공부,,2025-01-12 16:00:00,2025-01-12 18:00:00
224,저녁식사,,2025-01-12 18:00:00,2025-01-12 19:00:00
225,실내활동,,2025-01-12 19:00:00,2025-01-12 20:00:00
226,스포츠,,2025-01-12 20:00:00,2025-01-12 22:00:00
227,공부,,2025-01-12 22:00:00,2025-01-13 00:00:00
228,점심식사,,2025-01-12 12:00:00,2025-01-12 13:00:00
229,운동,,2025-01-13 08:00:00,2025-01-13 11:00:00
230,공부,,2025-01-13 11:00:00,2025-01-13 12:00:00
231,점심식사,,2025-01-13 12:00:00,2025-01-13 13:00:00
232,공원,,2025-01-13 13:00:00,2025-01-13 16:00:00
233,운동,,2025-01-13 16:00:00,2025-01-13 19:00:00
234,공부,,2025-01-13 19:00:00,2025-01-13 21:00:00
235,기타,,2025-01-13 19:00:00,2025-01-13 21:00:00
236,공원,,2025-01-13 21:00:00,2025-01-14 00:00:00
237,저녁식사,,2025-01-13 18:00:00,2025-01-13 19:00:00
238,스포츠,,2025-01-14 08:00:00,2025-01-14 09:00:00
239,공부,,2025-01-14 09:00:00,2025-01-14 10:00:00
240,실내활동,,2025-01-14 10:00:00,2025-01-14 13:00:00
241,스포츠,,2025-01-14 13:00:00,2025-01-14 16:00:00
242,공부,,2025-01-14 16:00:00,2025-01-14 17:00:00
243,실내활동,,2025-01-14 17:00:00,2025-01-14 20:00:00
244,스포츠,,2025-01-14 20:00:00,2025-01-14 23:00:00
245,공부,,2025-01-14 23:00:00,2025-01-15 00:00:00
246,점심식사,,2025-01-14 12:00:00,2025-01-14 13:00:00
247,저녁식사,,2025-01-14 18:00:00,2025-01-14 19:00:00
248,관람,,2025-01-15 08:00:00,2025-01-15 10:00:00
249,기타,,2025-01-15 08:00:00,2025-01-15 10:00:00
250,운동,,2025-01-15 10:00:00,2025-01-15 13:00:00
251,실내활동,,2025-01-15 13:00:00,2025-01-15 14:00:00
252,관람,,2025-01-15 14:00:00,2025-01-15 15:00:00
253,운동,,2025-01-15 15:00:00,2025-01-15 16:00:00
254,실내활동,,2025-01-15 16:00:00,2025-01-15 17:00:00
255,관람,,2025-01-15 17:00:00,2025-01-15 18:00:00
256,저녁식사,,2025-01-15 18:00:00,2025-01-15 19:00:00
257,운동,,2025-01-15 19:00:00,2025-01-15 22:00:00
258,실내활동,,2025-01-15 22:00:00,2025-01-16 00:00:00
259,점심식사,,2025-01-15 12:00:00,2025-01-15 13:00:00
260,운동,,2025-01-16 08:00:00,2025-01-16 09:00:00
261,공부,,2025-01-16 09:00:00,2025-01-16 10:00:00
262,공원,,2025-01-16 10:00:00,2025-01-16 13:00:00
263,기타,,2025-01-16 10:00:00,2025-01-16 13:00:00
264,운동,,2025-01-16 13:00:00,2025-01-16 16:00:00
265,공부,,2025-01-16 16:00:00,2025-01-16 18:00:00
266,저녁식사,,2025-01-16 18:00:00,2025-01-16 19:00:00
267,공원,,2025-01-16 19:00:00,2025-01-16 21:00:00
268,운동,,2025-01-16 21:00:00,2025-01-16 22:00:00
269,공부,,2025-01-16 22:00:00,2025-01-17 00:00:00
270,점심식사,,2025-01-16 12:00:00,2025-01-16 13:00:00
271,스포츠,,2025-01-17 08:00:00,2025-01-17 10:00:00
272,공부,,2025-01-17 10:00:00,2025-01-17 13:00:00
273,실내활동,,2025-01-17 13:00:00,2025-01-17 15:00:00
274,스포츠,,2025-01-17 15:00:00,2025-01-17 17:00:00
275,공부,,2025-01-17 17:00:00,2025-01-17 19:00:00
276,실내활동,,2025-01-17 19:00:00,2025-01-17 22:00:00
277,스포츠,,2025-01-17 22:00:00,2025-01-17 23:00:00
278,공부,,2025-01-17 23:00:00,2025-01-18 00:00:00
279,점심식사,,2025-01-17 12:00:00,2025-01-17 13:00:00
280,저녁식사,,2025-01-17 18:00:00,2025-01-17 19:00:00
281,관람,,2025-01-18 08:00:00,2025-01-18 09:00:00
282,운동,,2025-01-18 09:00:00,2025-01-18 10:00:00
283,실내활동,,2025-01-18 10:00:00,2025-01-18 11:00:00
284,관람,,2025-01-18 11:00:00,2025-01-18 14:00:00
285,운동,,2025-01-18 14:00:00,2025-01-18 16:00:00
286,실내활동,,2025-01-18 16:00:00,2025-01-18 19:00:00
287,관람,,2025-01-18 19:00:00,2025-01-18 20:00:00
288,운동,,2025-01-18 20:00:00,2025-01-18 23:00:00
289,실내활동,,2025-01-18 23:00:00,2025-01-19 00:00:00
290,점심식사,,2025-01-18 12:00:00,2025-01-18 13:00:00
291,저녁식사,,2025-01-18 18:00:00,2025-01-18 19:00:00
292,스포츠,,2025-01-19 08:00:00,2025-01-19 11:00:00
293,공부,,2025-01-19 11:00:00,2025-01-19 12:00:00
294,기타,,2025-01-19 11:00:00,2025-01-19 12:00:00
295,점심식사,,2025-01-19 12:00:00,2025-01-19 13:00:00
296,실내활동,,2025-01-19 13:00:00,2025-01-19 14:00:00
297,스포츠,,2025-01-19 14:00:00,2025-01-19 17:00:00
298,공부,,2025-01-19 17:00:00,2025-01-19 19:00:00
299,실내활동,,2025-01-19 19:00:00,2025-01-19 22:00:00
300,기타,,2025-01-19 19:00:00,2025-01-19 22:00:00
301,스포츠,,2025-01-19 22:00:00,2025-01-19 23:00:00
302,공부,,2025-01-19 23:00:00,2025-01-20 00:00:00
303,저녁식사,,2025-01-19 18:00:00,2025-01-19 19:00:00
304,운동,,2025-01-20 08:00:00,2025-01-20 09:00:00
305,공부,,2025-01-20 09:00:00,2025-01-20 11:00:00
306,공원,,2025-01-20 11:00:00,2025-01-20 13:00:00
307,기타,,2025-01-20 11:00:00,2025-01-20 13:00:00
308,운동,,2025-01-20 13:00:00,2025-01-20 15:00:00
309,공부,,2025-01-20 15:00:00,2025-01-20 18:00:00
310,저녁식사,,2025-01-20 18:00:00,2025-01-20 19:00:00
311,공원,,2025-01-20 19:00:00,2025-01-20 22:00:00
312,운동,,2025-01-20 22:00:00,2025-01-20 23:00:00
313,공부,,2025-01-20 23:00:00,2025-01-21 00:00:00
314,기타,,2025-01-20 23:00:00,2025-01-21 00:00:00
315,점심식사,,2025-01-20 12:00:00,2025-01-20 13:00:00
316,스포츠,,2025-01-21 08:00:00,2025-01-21 09:00:00
317,공부,,2025-01-21 09:00:00,2025-01-21 10:00:00
318,실내활동,,2025-01-21 10:00:00,2025-01-21 12:00:00
319,점심식사,,2025-01-21 12:00:00,2025-01-21 13:00:00
320,스포츠,,2025-01-21 13:00:00,2025-01-21 15:00:00
321,공부,,2025-01-21 15:00:00,2025-01-21 17:00:00
322,실내활동,,2025-01-21 17:00:00,2025-01-21 19:00:00
323,스포츠,,2025-01-21 19:00:00,2025-01-21 21:00:00
324,공부,,2025-01-21 21:00:00,2025-01-21 22:00:00
325,실내활동,,2025-01-21 22:00:00,2025-01-22 00:00:00
326,저녁식사,,2025-01-21 18:00:00,2025-01-21 19:00:00
327,관람,,2025-01-22 08:00:00,2025-01-22 09:00:00
328,운동,,2025-01-22 09:00:00,2025-01-22 12:00:00
329,점심식사,,2025-01-22 12:00:00,2025-01-22 13:00:00
330,실내활동,,2025-01-22 13:00:00,2025-01-22 14:00:00
331,관람,,2025-01-22 14:00:00,2025-01-22 17:00:00
332,운동,,2025-01-22 17:00:00,2025-01-22 19:00:00
333,기타,,2025-01-22 17:00:00,2025-01-22 19:00:00
334,실내활동,,2025-01-22 19:00:00,2025-01-22 22:00:00
335,관람,,2025-01-22 22:00:00,2025-01-23 00:00:00
336,저녁식사,,2025-01-22 18:00:00,2025-01-22 19:00:00
337,운동,,2025-01-23 08:00:00,2025-01-23 11:00:00
338,기타,,2025-01-23 08:00:00,2025-01-23 11:00:00
339,공부,,2025-01-23 11:00:00,2025-01-23 14:00:00
340,공원,,2025-01-23 14:00:00,2025-01-23 17:00:00
341,운동,,2025-01-23 17:00:00,2025-01-23 18:00:00
342,저녁식사,,2025-01-23 18:00:00,2025-01-23 19:00:00
343,공부,,2025-01-23 19:00:00,2025-01-23 21:00:00
344,공원,,2025-01-23 21:00:00,2025-01-23 22:00:00
345,기타,,2025-01-23 21:00:00,2025-01-23 22:00:00
346,운동,,2025-01-23 22:00:00,2025-01-24 00:00:00
347,점심식사,,2025-01-23 12:00:00,2025-01-23 13:00:00
348,스포츠,,2025-01-24 08:00:00,2025-01-24 09:00:00
349,기타,,2025-01-24 08:00:00,2025-01-24 09:00:00
350,공부,,2025-01-24 09:00:00,2025-01-24 11:00:00
351,기타,,2025-01-24 09:00:00,2025-01-24 11:00:00
352,실내활동,,2025-01-24 11:00:00,2025-01-24 12:00:00
353,점심식사,,2025-01-24 12:00:00,2025-01-24 13:00:00
354,스포츠,,2025-01-24 13:00:00,2025-01-24 16:00:00
355,공부,,2025-01-24 16:00:00,2025-01-24 17:00:00
356,실내활동,,2025-01-24 17:00:00,2025-01-24 19:00:00
357,스포츠,,2025-01-24 19:00:00,2025-01-24 22:00:00
358,공부,,2025-01-24 22:00:00,2025-01-25 00:00:00
359,저녁식사,,2025-01-24 18:00:00,2025-01-24 19:00:00
360,관람,,2025-01-25 08:00:00,2025-01-25 11:00:00
361,운동,,2025-01-25 11:00:00,2025-01-25 12:00:00
362,점심식사,,2025-01-25 12:00:00,2025-01-25 13:00:00
363,실내활동,,2025-01-25 13:00:00,2025-01-25 14:00:00
364,관람,,2025-01-25 14:00:00,2025-01-25 15:00:00
365,운동,,2025-01-25 15:00:00,2025-01-25 18:00:00
366,저녁식사,,2025-01-25 18:00:00,2025-01-25 19:00:00
367,실내활동,,2025-01-25 19:00:00,2025-01-25 21:00:00
368,관람,,2025-01-25 21:00:00,2025-01-25 22:00:00
369,운동,,2025-01-25 22:00:00,2025-01-26 00:00:00
370,기타,,2025-01-25 22:00:00,2025-01-26 00:00:00
371,스포츠,,2025-01-26 08:00:00,2025-01-26 11:00:00
372,공부,,2025-01-26 11:00:00,2025-01-26 14:00:00
373,실내활동,,2025-01-26 14:00:00,2025-01-26 15:00:00
374,스포츠,,2025-01-26 15:00:00,2025-01-26 18:00:00
375,저녁식사,,2025-01-26 18:00:00,2025-01-26 19:00:00
376,공부,,2025-01-26 19:00:00,2025-01-26 22:00:00
377,실내활동,,2025-01-26 22:00:00,2025-01-27 00:00:00
378,점심식사,,2025-01-26 12:00:00,2025-01-26 13:00:00
379,운동,,2025-01-27 08:00:00,2025-01-27 09:00:00
380,기타,,2025-01-27 08:00:00,2025-01-27 09:00:00
381,공부,,2025-01-27 09:00:00,2025-01-27 11:00:00
382,공원,,2025-01-27 11:00:00,2025-01-27 12:00:00
383,점심식사,,2025-01-27 12:00:00,2025-01-27 13:00:00
384,운동,,2025-01-27 13:00:00,2025-01-27 14:00:00
385,공부,,2025-01-27 14:00:00,2025-01-27 17:00:00
386,공원,,2025-01-27 17:00:00,2025-01-27 20:00:00
387,기타,,2025-01-27 17:00:00,2025-01-27 20:00:00
388,운동,,2025-01-27 20:00:00,2025-01-27 21:00:00
389,공부,,2025-01-27 21:00:00,2025-01-27 22:00:00
390,공원,,2025-01-27 22:00:00,2025-01-28 00:00:00
391,저녁식사,,2025-01-27 18:00:00,2025-01-27 19:00:00
392,스포츠,,2025-01-28 08:00:00,2025-01-28 10:00:00
393,공부,,2025-01-28 10:00:00,2025-01-28 11:00:00
394,실내활동,,2025-01-28 11:00:00,2025-01-28 12:00:00
395,점심식사,,2025-01-28 12:00:00,2025-01-28 13:00:00
396,스포츠,,2025-01-28 13:00:00,2025-01-28 15:00:00
397,공부,,2025-01-28 15:00:00,2025-01-28 16:00:00
398,기타,,2025-01-28 15:00:00,2025-01-28 16:00:00
399,실내활동,,2025-01-28 16:00:00,2025-01-28 18:00:00
400,저녁식사,,2025-01-28 18:00:00,2025-01-28 19:00:00
401,스포츠,,2025-01-28 19:00:00,2025-01-28 21:00:00
402,공부,,2025-01-28 21:00:00,2025-01-28 23:00:00
403,실내활동,,2025-01-28 23:00:00,2025-01-29 00:00:00
404,관람,,2025-01-29 08:00:00,2025-01-29 09:00:00
405,운동,,2025-01-29 09:00:00,2025-01-29 10:00:00
406,기타,,2025-01-29 09:00:00,2025-01-29 10:00:00
407,실내활동,,2025-01-29 10:00:00,2025-01-29 13:00:00
408,관람,,2025-01-29 13:00:00,2025-01-29 16:00:00
409,기타,,2025-01-29 13:00:00,2025-01-29 16:00:00
410,운동,,2025-01-29 16:00:00,2025-01-29 17:00:00
411,실내활동,,2025-01-29 17:00:00,2025-01-29 19:00:00
412,관람,,2025-01-29 19:00:00,2025-01-29 20:00:00
413,운동,,2025-01-29 20:00:00,2025-01-29 22:00:00
414,실내활동,,2025-01-29 22:00:00,2025-01-29 23:00:00
415,관람,,2025-01-29 23:00:00,2025-01-30 00:00:00
416,점심식사,,2025-01-29 12:00:00,2025-01-29 13:00:00
417,저녁식사,,2025-01-29 18:00:00,2025-01-29 19:00:00
418,운동,,2025-01-30 08:00:00,2025-01-30 11:00:00
419,공부,,2025-01-30 11:00:00,2025-01-30 14:00:00
420,공원,,2025-01-30 14:00:00,2025-01-30 17:00:00
421,운동,,2025-01-30 17:00:00,2025-01-30 20:00:00
422,공부,,2025-01-30 20:00:00,2025-01-30 21:00:00
423,공원,,2025-01-30 21:00:00,2025-01-30 22:00:00
424,운동,,2025-01-30 22:00:00,2025-01-30 23:00:00
425,공부,,2025-01-30 23:00:00,2025-01-31 00:00:00
426,점심식사,,2025-01-30 12:00:00,2025-01-30 13:00:00
427,저녁식사,,2025-01-30 18:00:00,2025-01-30 19:00:00
428,스포츠,,2025-01-31 08:00:00,2025-01-31 11:00:00
429,공부,,2025-01-31 11:00:00,2025-01-31 14:00:00
430,실내활동,,2025-01-31 14:00:00,2025-01-31 15:00:00
431,스포츠,,2025-01-31 15:00:00,2025-01-31 17:00:00
432,공부,,2025-01-31 17:00:00,2025-01-31 20:00:00
433,기타,,2025-01-31 17:00:00,2025-01-31 20:00:00
434,실내활동,,2025-01-31 20:00:00,2025-01-31 23:00:00
435,스포츠,,2025-01-31 23:00:00,2025-02-01 00:00:00
436,점심식사,,2025-01-31 12:00:00,2025-01-31 13:00:00
437,저녁식사,,2025-01-31 18:00:00,2025-01-31 19:00:00
438,관람,,2025-02-01 08:00:00,2025-02-01 10:00:00
439,기타,,2025-02-01 08:00:00,2025-02-01 10:00:00
440,운동,,2025-02-01 10:00:00,2025-02-01 11:00:00
441,실내활동,,2025-02-01 11:00:00,2025-02-01 14:00:00
442,관람,,2025-02-01 14:00:00,2025-02-01 15:00:00
443,운동,,2025-02-01 15:00:00,2025-02-01 18:00:00
444,저녁식사,,2025-02-01 18:00:00,2025-02-01 19:00:00
445,실내활동,,2025-02-01 19:00:00,2025-02-01 21:00:00
446,관람,,2025-02-01 21:00:00,2025-02-01 23:00:00
447,운동,,2025-02-01 23:00:00,2025-02-02 00:00:00
448,점심식사,,2025-02-01 12:00:00,2025-02-01 13:00:00
449,스포츠,,2025-02-02 08:00:00,2025-02-02 09:00:00
450,공부,,2025-02-02 09:00:00,2025-02-02 12:00:00
451,기타,,2025-02-02 09:00:00,2025-02-02 12:00:00
452,점심식사,,2025-02-02 12:00:00,2025-02-02 13:00:00
453,실내활동,,2025-02-02 13:00:00,2025-02-02 16:00:00
454,스포츠,,2025-02-02 16:00:00,2025-02-02 19:00:00
455,공부,,2025-02-02 19:00:00,2025-02-02 22:00:00
456,실내활동,,2025-02-02 22:00:00,2025-02-03 00:00:00
457,저녁식사,,2025-02-02 18:00:00,2025-02-02 19:00:00
458,운동,,2025-02-03 08:00:00,2025-02-03 10:00:00
459,공부,,2025-02-03 10:00:00,2025-02-03 12:00:00
460,점심식사,,2025-02-03 12:00:00,2025-02-03 13:00:00
461,공원,,2025-02-03 13:00:00,2025-02-03 15:00:00
462,운동,,2025-02-03 15:00:00,2025-02-03 16:00:00
463,공부,,2025-02-03 16:00:00,2025-02-03 18:00:00
464,저녁식사,,2025-02-03 18:00:00,2025-02-03 19:00:00
465,공원,,2025-02-03 19:00:00,2025-02-03 20:00:00
466,운동,,2025-02-03 20:00:00,2025-02-03 22:00:00
467,공부,,2025-02-03 22:00:00,2025-02-04 00:00:00
468,스포츠,,2025-02-04 08:00:00,2025-02-04 11:00:00
469,공부,,2025-02-04 11:00:00,2025-02-04 14:00:00
470,실내활동,,2025-02-04 14:00:00,2025-02-04 17:00:00
471,스포츠,,2025-02-04 17:00:00,2025-02-04 18:00:00
472,저녁식사,,2025-02-04 18:00:00,2025-02-04 19:00:00
473,공부,,2025-02-04 19:00:00,2025-02-04 20:00:00
474,실내활동,,2025-02-04 20:00:00,2025-02-04 22:00:00
475,스포츠,,2025-02-04 22:00:00,2025-02-04 23:00:00
476,공부,,2025-02-04 23:00:00,2025-02-05 00:00:00
477,점심식사,,2025-02-04 12:00:00,2025-02-04 13:00:00
478,관람,,2025-02-05 08:00:00,2025-02-05 10:00:00
479,운동,,2025-02-05 10:00:00,2025-02-05 11:00:00
480,실내활동,,2025-02-05 11:00:00,2025-02-05 13:00:00
481,관람,,2025-02-05 13:00:00,2025-02-05 15:00:00
482,운동,,2025-02-05 15:00:00,2025-02-05 17:00:00
483,실내활동,,2025-02-05 17:00:00,2025-02-05 19:00:00
484,관람,,2025-02-05 19:00:00,2025-02-05 21:00:00
485,운동,,2025-02-05 21:00:00,2025-02-05 22:00:00
486,실내활동,,2025-02-05 22:00:00,2025-02-06 00:00:00
487,점심식사,,2025-02-05 12:00:00,2025-02-05 13:00:00
488,저녁식사,,2025-02-05 18:00:00,2025-02-05 19:00:00
489,운동,,2025-02-06 08:00:00,2025-02-06 11:00:00
490,공부,,2025-02-06 11:00:00,2025-02-06 12:00:00
491,점심식사,,2025-02-06 12:00:00,2025-02-06 13:00:00
492,공원,,2025-02-06 13:00:00,2025-02-06 14:00:00
493,운동,,2025-02-06 14:00:00,2025-02-06 16:00:00
494,공부,,2025-02-06 16:00:00,2025-02-06 17:00:00
495,공원,,2025-02-06 17:00:00,2025-02-06 19:00:00
496,운동,,2025-02-06 19:00:00,2025-02-06 21:00:00
497,공부,,2025-02-06 21:00:00,2025-02-06 22:00:00
498,공원,,2025-02-06 22:00:00,2025-02-06 23:00:00
499,운동,,2025-02-06 23:00:00,2025-02-07 00:00:00
500,저녁식사,,2025-02-06 18:00:00,2025-02-06 19:00:00
501,스포츠,,2025-02-07 08:00:00,2025-02-07 10:00:00
502,공부,,2025-02-07 10:00:00,2025-02-07 12:00:00
503,점심식사,,2025-02-07 12:00:00,2025-02-07 13:00:00
504,실내활동,,2025-02-07 13:00:00,2025-02-07 15:00:00
505,스포츠,,2025-02-07 15:00:00,2025-02-07 16:00:00
506,공부,,2025-02-07 16:00:00,2025-02-07 18:00:00
507,저녁식사,,2025-02-07 18:00:00,2025-02-07 19:00:00
508,실내활동,,2025-02-07 19:00:00,2025-02-07 20:00:00
509,스포츠,,2025-02-07 20:00:00,2025-02-07 23:00:00
510,공부,,2025-02-07 23:00:00,2025-02-08 00:00:00
511,관람,,2025-02-08 08:00:00,2025-02-08 10:00:00
512,운동,,2025-02-08 10:00:00,2025-02-08 11:00:00
513,실내활동,,2025-02-08 11:00:00,2025-02-08 13:00:00
514,관람,,2025-02-08 13:00:00,2025-02-08 16:00:00
515,운동,,2025-02-08 16:00:00,2025-02-08 18:00:00
516,저녁식사,,2025-02-08 18:00:00,2025-02-08 19:00:00
517,실내활동,,2025-02-08 19:00:00,2025-02-08 21:00:00
518,관람,,2025-02-08 21:00:00,2025-02-08 23:00:00
519,운동,,2025-02-08 23:00:00,2025-02-09 00:00:00
520,점심식사,,2025-02-08 12:00:00,2025-02-08 13:00:00
521,스포츠,,2025-02-09 08:00:00,2025-02-09 11:00:00
522,공부,,2025-02-09 11:00:00,2025-02-09 14:00:00
523,실내활동,,2025-02-09 14:00:00,2025-02-09 15:00:00
524,스포츠,,2025-02-09 15:00:00,2025-02-09 17:00:00
525,공부,,2025-02-09 17:00:00,2025-02-09 19:00:00
526,실내활동,,2025-02-09 19:00:00,2025-02-09 20:00:00
527,스포츠,,2025-02-09 20:00:00,2025-02-09 23:00:00
528,공부,,2025-02-09 23:00:00,2025-02-10 00:00:00
529,점심식사,,2025-02-09 12:00:00,2025-02-09 13:00:00
530,저녁식사,,2025-02-09 18:00:00,2025-02-09 19:00:00
531,운동,,2025-02-10 08:00:00,2025-02-10 11:00:00
532,공부,,2025-02-10 11:00:00,2025-02-10 12:00:00
533,점심식사,,2025-02-10 12:00:00,2025-02-10 13:00:00
534,공원,,2025-02-10 13:00:00,2025-02-10 14:00:00
535,운동,,2025-02-10 14:00:00,2025-02-10 17:00:00
536,공부,,2025-02-10 17:00:00,2025-02-10 18:00:00
537,저녁식사,,2025-02-10 18:00:00,2025-02-10 19:00:00
538,공원,,2025-02-10 19:00:00,2025-02-10 21:00:00
539,운동,,2025-02-10 21:00:00,2025-02-10 22:00:00
540,공부,,2025-02-10 22:00:00,2025-02-11 00:00:00
541,스포츠,,2025-02-11 08:00:00,2025-02-11 10:00:00
542,공부,,2025-02-11 10:00:00,2025-02-11 11:00:00
543,실내활동,,2025-02-11 11:00:00,2025-02-11 12:00:00
544,점심식사,,2025-02-11 12:00:00,2025-02-11 13:00:00
545,스포츠,,2025-02-11 13:00:00,2025-02-11 16:00:00
546,공부,,2025-02-11 16:00:00,2025-02-11 18:00:00
547,저녁식사,,2025-02-11 18:00:00,2025-02-11 19:00:00
548,실내활동,,2025-02-11 19:00:00,2025-02-11 22:00:00
549,스포츠,,2025-02-11 22:00:00,2025-02-11 23:00:00
550,공부,,2025-02-11 23:00:00,2025-02-12 00:00:00
551,관람,,2025-02-12 08:00:00,2025-02-12 10:00:00
552,운동,,2025-02-12 10:00:00,2025-02-12 11:00:00
553,실내활동,,2025-02-12 11:00:00,2025-02-12 12:00:00
554,점심식사,,2025-02-12 12:00:00,2025-02-12 13:00:00
555,관람,,2025-02-12 13:00:00,2025-02-12 15:00:00
556,운동,,2025-02-12 15:00:00,2025-02-12 18:00:00
557,저녁식사,,2025-02-12 18:00:00,2025-02-12 19:00:00
558,실내활동,,2025-02-12 19:00:00,2025-02-12 21:00:00
559,관람,,2025-02-12 21:00:00,2025-02-12 23:00:00
560,운동,,2025-02-12 23:00:00,2025-02-13 00:00:00
561,운동,,2025-02-13 08:00:00,2025-02-13 11:00:00
562,공부,,2025-02-13 11:00:00,2025-02-13 12:00:00
563,점심식사,,2025-02-13 12:00:00,2025-02-13 13:00:00
564,공원,,2025-02-13 13:00:00,2025-02-13 14:00:00
565,운동,,2025-02-13 14:00:00,2025-02-13 16:00:00
566,공부,,2025-02-13 16:00:00,2025-02-13 18:00:00
567,저녁식사,,2025-02-13 18:00:00,2025-02-13 19:00:00
568,공원,,2025-02-13 19:00:00,2025-02-13 20:00:00
569,운동,,2025-02-13 20:00:00,2025-02-13 22:00:00
570,공부,,2025-02-13 22:00:00,2025-02-13 23:00:00
571,공원,,2025-02-13 23:00:00,2025-02-14 00:00:00
572,스포츠,,2025-02-14 08:00:00,2025-02-14 10:00:00
573,공부,,2025-02-14 10:00:00,2025-02-14 13:00:00
574,실내활동,,2025-02-14 13:00:00,2025-02-14 14:00:00
575,스포츠,,2025-02-14 14:00:00,2025-02-14 15:00:00
576,공부,,2025-02-14 15:00:00,2025-02-14 17:00:00
577,실내활동,,2025-02-14 17:00:00,2025-02-14 19:00:00
578,스포츠,,2025-02-14 19:00:00,2025-02-14 21:00:00
579,공부,,2025-02-14 21:00:00,2025-02-14 23:00:00
580,실내활동,,2025-02-14 23:00:00,2025-02-15 00:00:00
581,점심식사,,2025-02-14 12:00:00,2025-02-14 13:00:00
582,저녁식사,,2025-02-14 18:00:00,2025-02-14 19:00:00
583,관람,,2025-02-15 08:00:00,2025-02-15 10:00:00
584,운동,,2025-02-15 10:00:00,2025-02-15 13:00:00
585,실내활동,,2025-02-15 13:00:00,2025-02-15 16:00:00
586,관람,,2025-02-15 16:00:00,2025-02-15 19:00:00
587,운동,,2025-02-15 19:00:00,2025-02-15 21:00:00
588,실내활동,,2025-02-15 21:00:00,2025-02-15 22:00:00
589,관람,,2025-02-15 22:00:00,2025-02-16 00:00:00
590,점심식사,,2025-02-15 12:00:00,2025-02-15 13:00:00
591,저녁식사,,2025-02-15 18:00:00,2025-02-15 19:00:00
592,스포츠,,2025-02-16 08:00:00,2025-02-16 09:00:00
593,공부,,2025-02-16 09:00:00,2025-02-16 11:00:00
594,실내활동,,2025-02-16 11:00:00,2025-02-16 12:00:00
595,점심식사,,2025-02-16 12:00:00,2025-02-16 13:00:00
596,스포츠,,2025-02-16 13:00:00,2025-02-16 14:00:00
597,공부,,2025-02-16 14:00:00,2025-02-16 17:00:00
598,실내활동,,2025-02-16 17:00:00,2025-02-16 19:00:00
599,스포츠,,2025-02-16 19:00:00,2025-02-16 22:00:00
600,공부,,2025-02-16 22:00:00,2025-02-16 23:00:00
601,실내활동,,2025-02-16 23:00:00,2025-02-17 00:00:00
602,저녁식사,,2025-02-16 18:00:00,2025-02-16 19:00:00
603,운동,,2025-02-17 08:00:00,2025-02-17 09:00:00
604,공부,,2025-02-17 09:00:00,2025-02-17 10:00:00
605,공원,,2025-02-17 10:00:00,2025-02-17 11:00:00
606,운동,,2025-02-17 11:00:00,2025-02-17 14:00:00
607,공부,,2025-02-17 14:00:00,2025-02-17 15:00:00
608,공원,,2025-02-17 15:00:00,2025-02-17 17:00:00
609,운동,,2025-02-17 17:00:00,2025-02-17 18:00:00
610,저녁식사,,2025-02-17 18:00:00,2025-02-17 19:00:00
611,공부,,2025-02-17 19:00:00,2025-02-17 22:00:00
612,공원,,2025-02-17 22:00:00,2025-02-18 00:00:00
613,점심식사,,2025-02-17 12:00:00,2025-02-17 13:00:00
614,스포츠,,2025-02-18 08:00:00,2025-02-18 09:00:00
615,공부,,2025-02-18 09:00:00,2025-02-18 12:00:00
616,점심식사,,2025-02-18 12:00:00,2025-02-18 13:00:00
617,실내활동,,2025-02-18 13:00:00,2025-02-18 14:00:00
618,스포츠,,2025-02-18 14:00:00,2025-02-18 15:00:00
619,공부,,2025-02-18 15:00:00,2025-02-18 17:00:00
620,실내활동,,2025-02-18 17:00:00,2025-02-18 20:00:00
621,스포츠,,2025-02-18 20:00:00,2025-02-18 23:00:00
622,공부,,2025-02-18 23:00:00,2025-02-19 00:00:00
623,저녁식사,,2025-02-18 18:00:00,2025-02-18 19:00:00
624,관람,,2025-02-19 08:00:00,2025-02-19 09:00:00
625,운동,,2025-02-19 09:00:00,2025-02-19 12:00:00
626,점심식사,,2025-02-19 12:00:00,2025-02-19 13:00:00
627,실내활동,,2025-02-19 13:00:00,2025-02-19 15:00:00
628,관람,,2025-02-19 15:00:00,2025-02-19 17:00:00
629,운동,,2025-02-19 17:00:00,2025-02-19 18:00:00
630,저녁식사,,2025-02-19 18:00:00,2025-02-19 19:00:00
631,실내활동,,2025-02-19 19:00:00,2025-02-19 22:00:00
632,관람,,2025-02-19 22:00:00,2025-02-19 23:00:00
633,운동,,2025-02-19 23:00:00,2025-02-20 00:00:00
634,운동,,2025-02-20 08:00:00,2025-02-20 11:00:00
635,공부,,2025-02-20 11:00:00,2025-02-20 13:00:00
636,공원,,2025-02-20 13:00:00,2025-02-20 14:00:00
637,운동,,2025-02-20 14:00:00,2025-02-20 16:00:00
638,공부,,2025-02-20 16:00:00,2025-02-20 17:00:00
639,공원,,2025-02-20 17:00:00,2025-02-20 20:00:00
640,운동,,2025-02-20 20:00:00,2025-02-20 22:00:00
641,공부,,2025-02-20 22:00:00,2025-02-21 00:00:00
642,점심식사,,2025-02-20 12:00:00,2025-02-20 13:00:00
643,저녁식사,,2025-02-20 18:00:00,2025-02-20 19:00:00
644,스포츠,,2025-02-21 08:00:00,2025-02-21 10:00:00
645,공부,,2025-02-21 10:00:00,2025-02-21 12:00:00
646,점심식사,,2025-02-21 12:00:00,2025-02-21 13:00:00
647,실내활동,,2025-02-21 13:00:00,2025-02-21 16:00:00
648,스포츠,,2025-02-21 16:00:00,2025-02-21 19:00:00
649,공부,,2025-02-21 19:00:00,2025-02-21 20:00:00
650,실내활동,,2025-02-21 20:00:00,2025-02-21 22:00:00
651,스포츠,,2025-02-21 22:00:00,2025-02-21 23:00:00
652,공부,,2025-02-21 23:00:00,2025-02-22 00:00:00
653,저녁식사,,2025-02-21 18:00:00,2025-02-21 19:00:00
654,관람,,2025-02-22 08:00:00,2025-02-22 10:00:00
655,운동,,2025-02-22 10:00:00,2025-02-22 11:00:00
656,실내활동,,2025-02-22 11:00:00,2025-02-22 13:00:00
657,관람,,2025-02-22 13:00:00,2025-02-22 15:00:00
658,운동,,2025-02-22 15:00:00,2025-02-22 18:00:00
659,저녁식사,,2025-02-22 18:00:00,2025-02-22 19:00:00
660,실내활동,,2025-02-22 19:00:00,2025-02-22 21:00:00
661,관람,,2025-02-22 21:00:00,2025-02-22 22:00:00
662,운동,,2025-02-22 22:00:00,2025-02-23 00:00:00
663,점심식사,,2025-02-22 12:00:00,2025-02-22 13:00:00
664,스포츠,,2025-02-23 08:00:00,2025-02-23 09:00:00
665,공부,,2025-02-23 09:00:00,2025-02-23 11:00:00
666,실내활동,,2025-02-23 11:00:00,2025-02-23 13:00:00
667,스포츠,,2025-02-23 13:00:00,2025-02-23 16:00:00
668,공부,,2025-02-23 16:00:00,2025-02-23 18:00:00
669,저녁식사,,2025-02-23 18:00:00,2025-02-23 19:00:00
670,실내활동,,2025-02-23 19:00:00,2025-02-23 22:00:00
671,스포츠,,2025-02-23 22:00:00,2025-02-24 00:00:00
672,점심식사,,2025-02-23 12:00:00,2025-02-23 13:00:00
673,운동,,2025-02-24 08:00:00,2025-02-24 10:00:00
674,공부,,2025-02-24 10:00:00,2025-02-24 11:00:00
675,공원,,2025-02-24 11:00:00,2025-02-24 14:00:00
676,운동,,2025-02-24 14:00:00,2025-02-24 15:00:00
677,공부,,2025-02-24 15:00:00,2025-02-24 17:00:00
678,공원,,2025-02-24 17:00:00,2025-02-24 18:00:00
679,저녁식사,,2025-02-24 18:00:00,2025-02-24 19:00:00
680,운동,,2025-02-24 19:00:00,2025-02-24 21:00:00
681,공부,,2025-02-24 21:00:00,2025-02-24 23:00:00
682,공원,,2025-02-24 23:00:00,2025-02-25 00:00:00
683,점심식사,,2025-02-24 12:00:00,2025-02-24 13:00:00
684,스포츠,,2025-02-25 08:00:00,2025-02-25 09:00:00
685,공부,,2025-02-25 09:00:00,2025-02-25 12:00:00
686,점심식사,,2025-02-25 12:00:00,2025-02-25 13:00:00
687,실내활동,,2025-02-25 13:00:00,2025-02-25 16:00:00
688,스포츠,,2025-02-25 16:00:00,2025-02-25 19:00:00
689,공부,,2025-02-25 19:00:00,2025-02-25 22:00:00
690,실내활동,,2025-02-25 22:00:00,2025-02-26 00:00:00
691,저녁식사,,2025-02-25 18:00:00,2025-02-25 19:00:00
692,관람,,2025-02-26 08:00:00,2025-02-26 11:00:00
693,운동,,2025-02-26 11:00:00,2025-02-26 14:00:00
694,실내활동,,2025-02-26 14:00:00,2025-02-26 15:00:00
695,관람,,2025-02-26 15:00:00,2025-02-26 16:00:00
696,운동,,2025-02-26 16:00:00,2025-02-26 17:00:00
697,실내활동,,2025-02-26 17:00:00,2025-02-26 19:00:00
698,관람,,2025-02-26 19:00:00,2025-02-26 20:00:00
699,운동,,2025-02-26 20:00:00,2025-02-26 23:00:00
700,실내활동,,2025-02-26 23:00:00,2025-02-27 00:00:00
701,점심식사,,2025-02-26 12:00:00,2025-02-26 13:00:00
702,저녁식사,,2025-02-26 18:00:00,2025-02-26 19:00:00
703,운동,,2025-02-27 08:00:00,2025-02-27 11:00:00
704,공부,,2025-02-27 11:00:00,2025-02-27 14:00:00
705,공원,,2025-02-27 14:00:00,2025-02-27 16:00:00
706,운동,,2025-02-27 16:00:00,2025-02-27 18:00:00
707,저녁식사,,2025-02-27 18:00:00,2025-02-27 19:00:00
708,공부,,2025-02-27 19:00:00,2025-02-27 22:00:00
709,공원,,2025-02-27 22:00:00,2025-02-28 00:00:00
710,점심식사,,2025-02-27 12:00:00,2025-02-27 13:00:00
711,스포츠,,2025-02-28 08:00:00,2025-02-28 09:00:00
712,공부,,2025-02-28 09:00:00,2025-02-28 11:00:00
713,실내활동,,2025-02-28 11:00:00,2025-02-28 14:00:00
714,스포츠,,2025-02-28 14:00:00,2025-02-28 15:00:00
715,공부,,2025-02-28 15:00:00,2025-02-28 18:00:00
716,저녁식사,,2025-02-28 18:00:00,2025-02-28 19:00:00
717,실내활동,,2025-02-28 19:00:00,2025-02-28 21:00:00
718,스포츠,,2025-02-28 21:00:00,2025-02-28 22:00:00
719,공부,,2025-02-28 22:00:00,2025-02-28 23:00:00
720,실내활동,,2025-02-28 23:00:00,2025-03-01 00:00:00
721,점심식사,,2025-02-28 12:00:00,2025-02-28 13:00:00
722,관람,,2025-03-01 08:00:00,2025-03-01 11:00:00
723,운동,,2025-03-01 11:00:00,2025-03-01 14:00:00
724,실내활동,,2025-03-01 14:00:00,2025-03-01 16:00:00
725,관람,,2025-03-01 16:00:00,2025-03-01 17:00:00
726,운동,,2025-03-01 17:00:00,2025-03-01 20:00:00
727,실내활동,,2025-03-01 20:00:00,2025-03-01 22:00:00
728,관람,,2025-03-01 22:00:00,2025-03-02 00:00:00
729,점심식사,,2025-03-01 12:00:00,2025-03-01 13:00:00
730,저녁식사,,2025-03-01 18:00:00,2025-03-01 19:00:00
731,스포츠,,2025-03-02 08:00:00,2025-03-02 11:00:00
732,공부,,2025-03-02 11:00:00,2025-03-02 14:00:00
733,실내활동,,2025-03-02 14:00:00,2025-03-02 16:00:00
734,스포츠,,2025-03-02 16:00:00,2025-03-02 18:00:00
735,저녁식사,,2025-03-02 18:00:00,2025-03-02 19:00:00
736,공부,,2025-03-02 19:00:00,2025-03-02 22:00:00
737,실내활동,,2025-03-02 22:00:00,2025-03-03 00:00:00
738,점심식사,,2025-03-02 12:00:00,2025-03-02 13:00:00
739,운동,,2025-03-03 08:00:00,2025-03-03 11:00:00
740,공부,,2025-03-03 11:00:00,2025-03-03 14:00:00
741,공원,,2025-03-03 14:00:00,2025-03-03 16:00:00
742,운동,,2025-03-03 16:00:00,2025-03-03 17:00:00
743,공부,,2025-03-03 17:00:00,2025-03-03 19:00:00
744,공원,,2025-03-03 19:00:00,2025-03-03 20:00:00
745,운동,,2025-03-03 20:00:00,2025-03-03 21:00:00
746,공부,,2025-03-03 21:00:00,2025-03-04 00:00:00
747,점심식사,,2025-03-03 12:00:00,2025-03-03 13:00:00
748,저녁식사,,2025-03-03 18:00:00,2025-03-03 19:00:00
749,스포츠,,2025-03-04 08:00:00,2025-03-04 09:00:00
750,공부,,2025-03-04 09:00:00,2025-03-04 11:00:00
751,실내활동,,2025-03-04 11:00:00,2025-03-04 12:00:00
752,점심식사,,2025-03-04 12:00:00,2025-03-04 13:00:00
753,스포츠,,2025-03-04 13:00:00,2025-03-04 16:00:00
754,공부,,2025-03-04 16:00:00,2025-03-04 17:00:00
755,실내활동,,2025-03-04 17:00:00,2025-03-04 18:00:00
756,저녁식사,,2025-03-04 18:00:00,2025-03-04 19:00:00
757,스포츠,,2025-03-04 19:00:00,2025-03-04 22:00:00
758,공부,,2025-03-04 22:00:00,2025-03-05 00:00:00
759,관람,,2025-03-05 08:00:00,2025-03-05 09:00:00
760,운동,,2025-03-05 09:00:00,2025-03-05 11:00:00
761,실내활동,,2025-03-05 11:00:00,2025-03-05 12:00:00
762,점심식사,,2025-03-05 12:00:00,2025-03-05 13:00:00
763,관람,,2025-03-05 13:00:00,2025-03-05 14:00:00
764,운동,,2025-03-05 14:00:00,2025-03-05 16:00:00
765,실내활동,,2025-03-05 16:00:00,2025-03-05 17:00:00
766,관람,,2025-03-05 17:00:00,2025-03-05 20:00:00
767,운동,,2025-03-05 20:00:00,2025-03-05 23:00:00
768,실내활동,,2025-03-05 23:00:00,2025-03-06 00:00:00
769,저녁식사,,2025-03-05 18:00:00,2025-03-05 19:00:00
770,운동,,2025-03-06 08:00:00,2025-03-06 09:00:00
771,공부,,2025-03-06 09:00:00,2025-03-06 11:00:00
772,공원,,2025-03-06 11:00:00,2025-03-06 13:00:00
773,운동,,2025-03-06 13:00:00,2025-03-06 14:00:00
774,공부,,2025-03-06 14:00:00,2025-03-06 16:00:00
775,공원,,2025-03-06 16:00:00,2025-03-06 19:00:00
776,운동,,2025-03-06 19:00:00,2025-03-06 20:00:00
777,공부,,2025-03-06 20:00:00,2025-03-06 22:00:00
778,공원,,2025-03-06 22:00:00,2025-03-07 00:00:00
779,점심식사,,2025-03-06 12:00:00,2025-03-06 13:00:00
780,저녁식사,,2025-03-06 18:00:00,2025-03-06 19:00:00
781,스포츠,,2025-03-07 08:00:00,2025-03-07 11:00:00
782,공부,,2025-03-07 11:00:00,2025-03-07 13:00:00
783,실내활동,,2025-03-07 13:00:00,2025-03-07 15:00:00
784,스포츠,,2025-03-07 15:00:00,2025-03-07 17:00:00
785,공부,,2025-03-07 17:00:00,2025-03-07 20:00:00
786,실내활동,,2025-03-07 20:00:00,2025-03-07 21:00:00
787,스포츠,,2025-03-07 21:00:00,2025-03-07 22:00:00
788,공부,,2025-03-07 22:00:00,2025-03-08 00:00:00
789,점심식사,,2025-03-07 12:00:00,2025-03-07 13:00:00
790,저녁식사,,2025-03-07 18:00:00,2025-03-07 19:00:00
791,관람,,2025-03-08 08:00:00,2025-03-08 10:00:00
792,운동,,2025-03-08 10:00:00,2025-03-08 12:00:00
793,점심식사,,2025-03-08 12:00:00,2025-03-08 13:00:00
794,실내활동,,2025-03-08 13:00:00,2025-03-08 15:00:00
795,관람,,2025-03-08 15:00:00,2025-03-08 16:00:00
796,운동,,2025-03-08 16:00:00,2025-03-08 17:00:00
797,실내활동,,2025-03-08 17:00:00,2025-03-08 19:00:00
798,관람,,2025-03-08 19:00:00,2025-03-08 20:00:00
799,운동,,2025-03-08 20:00:00,2025-03-08 22:00:00
800,실내활동,,2025-03-08 22:00:00,2025-03-09 00:00:00
801,저녁식사,,2025-03-08 18:00:00,2025-03-08 19:00:00
802,스포츠,,2025-03-09 08:00:00,2025-03-09 11:00:00
803,공부,,2025-03-09 11:00:00,2025-03-09 12:00:00
804,점심식사,,2025-03-09 12:00:00,2025-03-09 13:00:00
805,실내활동,,2025-03-09 13:00:00,2025-03-09 16:00:00
806,스포츠,,2025-03-09 16:00:00,2025-03-09 19:00:00
807,공부,,2025-03-09 19:00:00,2025-03-09 20:00:00
808,실내활동,,2025-03-09 20:00:00,2025-03-09 23:00:00
809,스포츠,,2025-03-09 23:00:00,2025-03-10 00:00:00
810,저녁식사,,2025-03-09 18:00:00,2025-03-09 19:00:00
811,운동,,2025-03-10 08:00:00,2025-03-10 09:00:00
812,공부,,2025-03-10 09:00:00,2025-03-10 11:00:00
813,공원,,2025-03-10 11:00:00,2025-03-10 13:00:00
814,운동,,2025-03-10 13:00:00,2025-03-10 16:00:00
815,공부,,2025-03-10 16:00:00,2025-03-10 17:00:00
816,공원,,2025-03-10 17:00:00,2025-03-10 18:00:00
817,저녁식사,,2025-03-10 18:00:00,2025-03-10 19:00:00
818,운동,,2025-03-10 19:00:00,2025-03-10 20:00:00
819,공부,,2025-03-10 20:00:00,2025-03-10 21:00:00
820,공원,,2025-03-10 21:00:00,2025-03-11 00:00:00
821,점심식사,,2025-03-10 12:00:00,2025-03-10 13:00:00
822,스포츠,,2025-03-11 08:00:00,2025-03-11 10:00:00
823,공부,,2025-03-11 10:00:00,2025-03-11 13:00:00
824,실내활동,,2025-03-11 13:00:00,2025-03-11 15:00:00
825,스포츠,,2025-03-11 15:00:00,2025-03-11 17:00:00
826,공부,,2025-03-11 17:00:00,2025-03-11 19:00:00
827,실내활동,,2025-03-11 19:00:00,2025-03-11 22:00:00
828,스포츠,,2025-03-11 22:00:00,2025-03-12 00:00:00
829,점심식사,,2025-03-11 12:00:00,2025-03-11 13:00:00
830,저녁식사,,2025-03-11 18:00:00,2025-03-11 19:00:00
831,관람,,2025-03-12 08:00:00,2025-03-12 10:00:00
832,운동,,2025-03-12 10:00:00,2025-03-12 13:00:00
833,실내활동,,2025-03-12 13:00:00,2025-03-12 15:00:00
834,관람,,2025-03-12 15:00:00,2025-03-12 18:00:00
835,저녁식사,,2025-03-12 18:00:00,2025-03-12 19:00:00
836,운동,,2025-03-12 19:00:00,2025-03-12 22:00:00
837,실내활동,,2025-03-12 22:00:00,2025-03-13 00:00:00
838,점심식사,,2025-03-12 12:00:00,2025-03-12 13:00:00
839,운동,,2025-03-13 08:00:00,2025-03-13 10:00:00
840,공부,,2025-03-13 10:00:00,2025-03-13 11:00:00
841,공원,,2025-03-13 11:00:00,2025-03-13 14:00:00
842,운동,,2025-03-13 14:00:00,2025-03-13 15:00:00
843,공부,,2025-03-13 15:00:00,2025-03-13 18:00:00
844,저녁식사,,2025-03-13 18:00:00,2025-03-13 19:00:00
845,공원,,2025-03-13 19:00:00,2025-03-13 21:00:00
846,운동,,2025-03-13 21:00:00,2025-03-14 00:00:00
847,점심식사,,2025-03-13 12:00:00,2025-03-13 13:00:00
848,스포츠,,2025-03-14 08:00:00,2025-03-14 11:00:00
849,공부,,2025-03-14 11:00:00,2025-03-14 12:00:00
850,점심식사,,2025-03-14 12:00:00,2025-03-14 13:00:00
851,실내활동,,2025-03-14 13:00:00,2025-03-14 15:00:00
852,스포츠,,2025-03-14 15:00:00,2025-03-14 16:00:00
853,공부,,2025-03-14 16:00:00,2025-03-14 19:00:00
854,실내활동,,2025-03-14 19:00:00,2025-03-14 22:00:00
855,스포츠,,2025-03-14 22:00:00,2025-03-14 23:00:00
856,공부,,2025-03-14 23:00:00,2025-03-15 00:00:00
857,저녁식사,,2025-03-14 18:00:00,2025-03-14 19:00:00
858,관람,,2025-03-15 08:00:00,2025-03-15 09:00:00
859,운동,,2025-03-15 09:00:00,2025-03-15 12:00:00
860,점심식사,,2025-03-15 12:00:00,2025-03-15 13:00:00
861,실내활동,,2025-03-15 13:00:00,2025-03-15 15:00:00
862,관람,,2025-03-15 15:00:00,2025-03-15 18:00:00
863,저녁식사,,2025-03-15 18:00:00,2025-03-15 19:00:00
864,운동,,2025-03-15 19:00:00,2025-03-15 21:00:00
865,실내활동,,2025-03-15 21:00:00,2025-03-15 22:00:00
866,관람,,2025-03-15 22:00:00,2025-03-16 00:00:00
867,스포츠,,2025-03-16 08:00:00,2025-03-16 10:00:00
868,공부,,2025-03-16 10:00:00,2025-03-16 13:00:00
869,실내활동,,2025-03-16 13:00:00,2025-03-16 15:00:00
870,스포츠,,2025-03-16 15:00:00,2025-03-16 17:00:00
871,공부,,2025-03-16 17:00:00,2025-03-16 19:00:00
872,실내활동,,2025-03-16 19:00:00,2025-03-16 20:00:00
873,스포츠,,2025-03-16 20:00:00,2025-03-16 22:00:00
874,공부,,2025-03-16 22:00:00,2025-03-17 00:00:00
875,점심식사,,2025-03-16 12:00:00,2025-03-16 13:00:00
876,저녁식사,,2025-03-16 18:00:00,2025-03-16 19:00:00
877,운동,,2025-03-17 08:00:00,2025-03-17 09:00:00
878,공부,,2025-03-17 09:00:00,2025-03-17 11:00:00
879,공원,,2025-03-17 11:00:00,2025-03-17 13:00:00
880,운동,,2025-03-17 13:00:00,2025-03-17 14:00:00
881,공부,,2025-03-17 14:00:00,2025-03-17 16:00:00
882,공원,,2025-03-17 16:00:00,2025-03-17 18:00:00
883,저녁식사,,2025-03-17 18:00:00,2025-03-17 19:00:00
884,운동,,2025-03-17 19:00:00,2025-03-17 20:00:00
885,공부,,2025-03-17 20:00:00,2025-03-17 21:00:00
886,공원,,2025-03-17 21:00:00,2025-03-17 23:00:00
887,운동,,2025-03-17 23:00:00,2025-03-18 00:00:00
888,점심식사,,2025-03-17 12:00:00,2025-03-17 13:00:00
889,스포츠,,2025-03-18 08:00:00,2025-03-18 09:00:00
890,공부,,2025-03-18 09:00:00,2025-03-18 12:00:00
891,점심식사,,2025-03-18 12:00:00,2025-03-18 13:00:00
892,실내활동,,2025-03-18 13:00:00,2025-03-18 16:00:00
893,스포츠,,2025-03-18 16:00:00,2025-03-18 18:00:00
894,저녁식사,,2025-03-18 18:00:00,2025-03-18 19:00:00
895,공부,,2025-03-18 19:00:00,2025-03-18 22:00:00
896,실내활동,,2025-03-18 22:00:00,2025-03-19 00:00:00
897,관람,,2025-03-19 08:00:00,2025-03-19 11:00:00
898,운동,,2025-03-19 11:00:00,2025-03-19 13:00:00
899,실내활동,,2025-03-19 13:00:00,2025-03-19 15:00:00
900,관람,,2025-03-19 15:00:00,2025-03-19 16:00:00
901,운동,,2025-03-19 16:00:00,2025-03-19 17:00:00
902,실내활동,,2025-03-19 17:00:00,2025-03-19 19:00:00
903,관람,,2025-03-19 19:00:00,2025-03-19 20:00:00
904,운동,,2025-03-19 20:00:00,2025-03-19 21:00:00
905,실내활동,,2025-03-19 21:00:00,2025-03-19 23:00:00
906,관람,,2025-03-19 23:00:00,2025-03-20 00:00:00
907,점심식사,,2025-03-19 12:00:00,2025-03-19 13:00:00
908,저녁식사,,2025-03-19 18:00:00,2025-03-19 19:00:00
909,운동,,2025-03-20 08:00:00,2025-03-20 11:00:00
910,공부,,2025-03-20 11:00:00,2025-03-20 12:00:00
911,점심식사,,2025-03-20 12:00:00,2025-03-20 13:00:00
912,공원,,2025-03-20 13:00:00,2025-03-20 15:00:00
913,운동,,2025-03-20 15:00:00,2025-03-20 18:00:00
914,저녁식사,,2025-03-20 18:00:00,2025-03-20 19:00:00
915,공부,,2025-03-20 19:00:00,2025-03-20 20:00:00
916,공원,,2025-03-20 20:00:00,2025-03-20 23:00:00
917,운동,,2025-03-20 23:00:00,2025-03-21 00:00:00
918,스포츠,,2025-03-21 08:00:00,2025-03-21 09:00:00
919,공부,,2025-03-21 09:00:00,2025-03-21 11:00:00
920,실내활동,,2025-03-21 11:00:00,2025-03-21 13:00:00
921,스포츠,,2025-03-21 13:00:00,2025-03-21 15:00:00
922,공부,,2025-03-21 15:00:00,2025-03-21 16:00:00
923,실내활동,,2025-03-21 16:00:00,2025-03-21 17:00:00
924,스포츠,,2025-03-21 17:00:00,2025-03-21 19:00:00
925,공부,,2025-03-21 19:00:00,2025-03-21 22:00:00
926,실내활동,,2025-03-21 22:00:00,2025-03-22 00:00:00
927,점심식사,,2025-03-21 12:00:00,2025-03-21 13:00:00
928,저녁식사,,2025-03-21 18:00:00,2025-03-21 19:00:00
929,관람,,2025-03-22 08:00:00,2025-03-22 09:00:00
930,운동,,2025-03-22 09:00:00,2025-03-22 11:00:00
931,실내활동,,2025-03-22 11:00:00,2025-03-22 14:00:00
932,관람,,2025-03-22 14:00:00,2025-03-22 16:00:00
933,운동,,2025-03-22 16:00:00,2025-03-22 18:00:00
934,저녁식사,,2025-03-22 18:00:00,2025-03-22 19:00:00
935,실내활동,,2025-03-22 19:00:00,2025-03-22 20:00:00
936,관람,,2025-03-22 20:00:00,2025-03-22 23:00:00
937,운동,,2025-03-22 23:00:00,2025-03-23 00:00:00
938,점심식사,,2025-03-22 12:00:00,2025-03-22 13:00:00
939,스포츠,,2025-03-23 08:00:00,2025-03-23 09:00:00
940,공부,,2025-03-23 09:00:00,2025-03-23 10:00:00
941,실내활동,,2025-03-23 10:00:00,2025-03-23 11:00:00
942,스포츠,,2025-03-23 11:00:00,2025-03-23 12:00:00
943,점심식사,,2025-03-23 12:00:00,2025-03-23 13:00:00
944,공부,,2025-03-23 13:00:00,2025-03-23 14:00:00
945,실내활동,,2025-03-23 14:00:00,2025-03-23 15:00:00
946,스포츠,,2025-03-23 15:00:00,2025-03-23 16:00:00
947,공부,,2025-03-23 16:00:00,2025-03-23 17:00:00
948,실내활동,,2025-03-23 17:00:00,2025-03-23 19:00:00
949,스포츠,,2025-03-23 19:00:00,2025-03-23 22:00:00
950,공부,,2025-03-23 22:00:00,2025-03-23 23:00:00
951,실내활동,,2025-03-23 23:00:00,2025-03-24 00:00:00
952,저녁식사,,2025-03-23 18:00:00,2025-03-23 19:00:00
953,운동,,2025-03-24 08:00:00,2025-03-24 09:00:00
954,공부,,2025-03-24 09:00:00,2025-03-24 12:00:00
955,점심식사,,2025-03-24 12:00:00,2025-03-24 13:00:00
956,공원,,2025-03-24 13:00:00,2025-03-24 16:00:00
957,운동,,2025-03-24 16:00:00,2025-03-24 17:00:00
958,공부,,2025-03-24 17:00:00,2025-03-24 20:00:00
959,공원,,2025-03-24 20:00:00,2025-03-24 23:00:00
960,운동,,2025-03-24 23:00:00,2025-03-25 00:00:00
961,저녁식사,,2025-03-24 18:00:00,2025-03-24 19:00:00
962,스포츠,,2025-03-25 08:00:00,2025-03-25 11:00:00
963,공부,,2025-03-25 11:00:00,2025-03-25 13:00:00
964,실내활동,,2025-03-25 13:00:00,2025-03-25 16:00:00
965,스포츠,,2025-03-25 16:00:00,2025-03-25 19:00:00
966,공부,,2025-03-25 19:00:00,2025-03-25 21:00:00
967,실내활동,,2025-03-25 21:00:00,2025-03-26 00:00:00
968,점심식사,,2025-03-25 12:00:00,2025-03-25 13:00:00
969,저녁식사,,2025-03-25 18:00:00,2025-03-25 19:00:00
970,관람,,2025-03-26 08:00:00,2025-03-26 10:00:00
971,운동,,2025-03-26 10:00:00,2025-03-26 13:00:00
972,실내활동,,2025-03-26 13:00:00,2025-03-26 15:00:00
973,관람,,2025-03-26 15:00:00,2025-03-26 18:00:00
974,저녁식사,,2025-03-26 18:00:00,2025-03-26 19:00:00
975,운동,,2025-03-26 19:00:00,2025-03-26 21:00:00
976,실내활동,,2025-03-26 21:00:00,2025-03-26 23:00:00
977,관람,,2025-03-26 23:00:00,2025-03-27 00:00:00
978,점심식사,,2025-03-26 12:00:00,2025-03-26 13:00:00
979,운동,,2025-03-27 08:00:00,2025-03-27 10:00:00
980,공부,,2025-03-27 10:00:00,2025-03-27 12:00:00
981,점심식사,,2025-03-27 12:00:00,2025-03-27 13:00:00
982,공원,,2025-03-27 13:00:00,2025-03-27 14:00:00
983,운동,,2025-03-27 14:00:00,2025-03-27 17:00:00
984,공부,,2025-03-27 17:00:00,2025-03-27 18:00:00
985,저녁식사,,2025-03-27 18:00:00,2025-03-27 19:00:00
986,공원,,2025-03-27 19:00:00,2025-03-27 22:00:00
987,운동,,2025-03-27 22:00:00,2025-03-27 23:00:00
988,공부,,2025-03-27 23:00:00,2025-03-28 00:00:00
989,스포츠,,2025-03-28 08:00:00,2025-03-28 11:00:00
990,공부,,2025-03-28 11:00:00,2025-03-28 14:00:00
991,실내활동,,2025-03-28 14:00:00,2025-03-28 16:00:00
992,스포츠,,2025-03-28 16:00:00,2025-03-28 17:00:00
993,공부,,2025-03-28 17:00:00,2025-03-28 19:00:00
994,실내활동,,2025-03-28 19:00:00,2025-03-28 22:00:00
995,스포츠,,2025-03-28 22:00:00,2025-03-28 23:00:00
996,공부,,2025-03-28 23:00:00,2025-03-29 00:00:00
997,점심식사,,2025-03-28 12:00:00,2025-03-28 13:00:00
998,저녁식사,,2025-03-28 18:00:00,2025-03-28 19:00:00
999,관람,,2025-03-29 08:00:00,2025-03-29 11:00:00
1000,운동,,2025-03-29 11:00:00,2025-03-29 12:00:00
1001,점심식사,,2025-03-29 12:00:00,2025-03-29 13:00:00
1002,실내활동,,2025-03-29 13:00:00,2025-03-29 14:00:00
1003,관람,,2025-03-29 14:00:00,2025-03-29 16:00:00
1004,운동,,2025-03-29 16:00:00,2025-03-29 19:00:00
1005,실내활동,,2025-03-29 19:00:00,2025-03-29 22:00:00
1006,관람,,2025-03-29 22:00:00,2025-03-30 00:00:00
1007,저녁식사,,2025-03-29 18:00:00,2025-03-29 19:00:00
1008,스포츠,,2025-03-30 08:00:00,2025-03-30 09:00:00
1009,공부,,2025-03-30 09:00:00,2025-03-30 10:00:00
1010,실내활동,,2025-03-30 10:00:00,2025-03-30 13:00:00
1011,스포츠,,2025-03-30 13:00:00,2025-03-30 14:00:00
1012,공부,,2025-03-30 14:00:00,2025-03-30 17:00:00
1013,실내활동,,2025-03-30 17:00:00,2025-03-30 20:00:00
1014,스포츠,,2025-03-30 20:00:00,2025-03-30 22:00:00
1015,공부,,2025-03-30 22:00:00,2025-03-31 00:00:00
1016,점심식사,,2025-03-30 12:00:00,2025-03-30 13:00:00
1017,저녁식사,,2025-03-30 18:00:00,2025-03-30 19:00:00
1018,운동,,2025-03-31 08:00:00,2025-03-31 09:00:00
1019,공부,,2025-03-31 09:00:00,2025-03-31 11:00:00
1020,공원,,2025-03-31 11:00:00,2025-03-31 14:00:00
1021,운동,,2025-03-31 14:00:00,2025-03-31 15:00:00
1022,공부,,2025-03-31 15:00:00,2025-03-31 16:00:00
1023,공원,,2025-03-31 16:00:00,2025-03-31 18:00:00
1024,저녁식사,,2025-03-31 18:00:00,2025-03-31 19:00:00
1025,운동,,2025-03-31 19:00:00,2025-03-31 21:00:00
1026,공부,,2025-03-31 21:00:00,2025-03-31 22:00:00
1027,공원,,2025-03-31 22:00:00,2025-03-31 23:00:00
1028,운동,,2025-03-31 23:00:00,2025-04-01 00:00:00
1029,점심식사,,2025-03-31 12:00:00,2025-03-31 13:00:00
1030,스포츠,,2025-04-01 08:00:00,2025-04-01 09:00:00
1031,공부,,2025-04-01 09:00:00,2025-04-01 12:00:00
1032,점심식사,,2025-04-01 12:00:00,2025-04-01 13:00:00
1033,실내활동,,2025-04-01 13:00:00,2025-04-01 14:00:00
1034,스포츠,,2025-04-01 14:00:00,2025-04-01 15:00:00
1035,공부,,2025-04-01 15:00:00,2025-04-01 17:00:00
1036,실내활동,,2025-04-01 17:00:00,2025-04-01 19:00:00
1037,스포츠,,2025-04-01 19:00:00,2025-04-01 20:00:00
1038,공부,,2025-04-01 20:00:00,2025-04-01 23:00:00
1039,실내활동,,2025-04-01 23:00:00,2025-04-02 00:00:00
1040,저녁식사,,2025-04-01 18:00:00,2025-04-01 19:00:00
1041,관람,,2025-04-02 08:00:00,2025-04-02 09:00:00
1042,운동,,2025-04-02 09:00:00,2025-04-02 11:00:00
1043,실내활동,,2025-04-02 11:00:00,2025-04-02 12:00:00
1044,점심식사,,2025-04-02 12:00:00,2025-04-02 13:00:00
1045,관람,,2025-04-02 13:00:00,2025-04-02 15:00:00
1046,운동,,2025-04-02 15:00:00,2025-04-02 18:00:00
1047,저녁식사,,2025-04-02 18:00:00,2025-04-02 19:00:00
1048,실내활동,,2025-04-02 19:00:00,2025-04-02 22:00:00
1049,관람,,2025-04-02 22:00:00,2025-04-03 00:00:00
1050,운동,,2025-04-03 08:00:00,2025-04-03 11:00:00
1051,공부,,2025-04-03 11:00:00,2025-04-03 14:00:00
1052,공원,,2025-04-03 14:00:00,2025-04-03 15:00:00
1053,운동,,2025-04-03 15:00:00,2025-04-03 16:00:00
1054,공부,,2025-04-03 16:00:00,2025-04-03 18:00:00
1055,저녁식사,,2025-04-03 18:00:00,2025-04-03 19:00:00
1056,공원,,2025-04-03 19:00:00,2025-04-03 22:00:00
1057,운동,,2025-04-03 22:00:00,2025-04-03 23:00:00
1058,공부,,2025-04-03 23:00:00,2025-04-04 00:00:00
1059,점심식사,,2025-04-03 12:00:00,2025-04-03 13:00:00
1060,스포츠,,2025-04-04 08:00:00,2025-04-04 11:00:00
1061,공부,,2025-04-04 11:00:00,2025-04-04 13:00:00
1062,실내활동,,2025-04-04 13:00:00,2025-04-04 15:00:00
1063,스포츠,,2025-04-04 15:00:00,2025-04-04 18:00:00
1064,저녁식사,,2025-04-04 18:00:00,2025-04-04 19:00:00
1065,공부,,2025-04-04 19:00:00,2025-04-04 22:00:00
1066,실내활동,,2025-04-04 22:00:00,2025-04-04 23:00:00
1067,스포츠,,2025-04-04 23:00:00,2025-04-05 00:00:00
1068,점심식사,,2025-04-04 12:00:00,2025-04-04 13:00:00
1069,관람,,2025-04-05 08:00:00,2025-04-05 09:00:00
1070,운동,,2025-04-05 09:00:00,2025-04-05 12:00:00
1071,점심식사,,2025-04-05 12:00:00,2025-04-05 13:00:00
1072,실내활동,,2025-04-05 13:00:00,2025-04-05 16:00:00
1073,관람,,2025-04-05 16:00:00,2025-04-05 17:00:00
1074,운동,,2025-04-05 17:00:00,2025-04-05 19:00:00
1075,실내활동,,2025-04-05 19:00:00,2025-04-05 20:00:00
1076,관람,,2025-04-05 20:00:00,2025-04-05 21:00:00
1077,운동,,2025-04-05 21:00:00,2025-04-05 22:00:00
1078,실내활동,,2025-04-05 22:00:00,2025-04-06 00:00:00
1079,저녁식사,,2025-04-05 18:00:00,2025-04-05 19:00:00
1080,스포츠,,2025-04-06 08:00:00,2025-04-06 10:00:00
1081,공부,,2025-04-06 10:00:00,2025-04-06 13:00:00
1082,실내활동,,2025-04-06 13:00:00,2025-04-06 16:00:00
1083,스포츠,,2025-04-06 16:00:00,2025-04-06 18:00:00
1084,저녁식사,,2025-04-06 18:00:00,2025-04-06 19:00:00
1085,공부,,2025-04-06 19:00:00,2025-04-06 20:00:00
1086,실내활동,,2025-04-06 20:00:00,2025-04-06 22:00:00
1087,스포츠,,2025-04-06 22:00:00,2025-04-07 00:00:00
1088,점심식사,,2025-04-06 12:00:00,2025-04-06 13:00:00
1089,운동,,2025-04-07 08:00:00,2025-04-07 11:00:00
1090,공부,,2025-04-07 11:00:00,2025-04-07 13:00:00
1091,공원,,2025-04-07 13:00:00,2025-04-07 15:00:00
1092,운동,,2025-04-07 15:00:00,2025-04-07 17:00:00
1093,공부,,2025-04-07 17:00:00,2025-04-07 19:00:00
1094,공원,,2025-04-07 19:00:00,2025-04-07 21:00:00
1095,운동,,2025-04-07 21:00:00,2025-04-08 00:00:00
1096,점심식사,,2025-04-07 12:00:00,2025-04-07 13:00:00
1097,저녁식사,,2025-04-07 18:00:00,2025-04-07 19:00:00
1098,스포츠,,2025-04-08 08:00:00,2025-04-08 10:00:00
1099,공부,,2025-04-08 10:00:00,2025-04-08 13:00:00
1100,실내활동,,2025-04-08 13:00:00,2025-04-08 16:00:00
1101,스포츠,,2025-04-08 16:00:00,2025-04-08 19:00:00
1102,공부,,2025-04-08 19:00:00,2025-04-08 22:00:00
1103,실내활동,,2025-04-08 22:00:00,2025-04-09 00:00:00
1104,점심식사,,2025-04-08 12:00:00,2025-04-08 13:00:00
1105,저녁식사,,2025-04-08 18:00:00,2025-04-08 19:00:00
1106,관람,,2025-04-09 08:00:00,2025-04-09 09:00:00
1107,운동,,2025-04-09 09:00:00,2025-04-09 11:00:00
1108,실내활동,,2025-04-09 11:00:00,2025-04-09 14:00:00
1109,관람,,2025-04-09 14:00:00,2025-04-09 17:00:00
1110,운동,,2025-04-09 17:00:00,2025-04-09 19:00:00
1111,실내활동,,2025-04-09 19:00:00,2025-04-09 22:00:00
1112,관람,,2025-04-09 22:00:00,2025-04-09 23:00:00
1113,운동,,2025-04-09 23:00:00,2025-04-10 00:00:00
1114,점심식사,,2025-04-09 12:00:00,2025-04-09 13:00:00
1115,저녁식사,,2025-04-09 18:00:00,2025-04-09 19:00:00
1116,운동,,2025-04-10 08:00:00,2025-04-10 10:00:00
1117,공부,,2025-04-10 10:00:00,2025-04-10 11:00:00
1118,공원,,2025-04-10 11:00:00,2025-04-10 13:00:00
1119,운동,,2025-04-10 13:00:00,2025-04-10 16:00:00
1120,공부,,2025-04-10 16:00:00,2025-04-10 17:00:00
1121,공원,,2025-04-10 17:00:00,2025-04-10 20:00:00
1122,운동,,2025-04-10 20:00:00,2025-04-10 23:00:00
1123,공부,,2025-04-10 23:00:00,2025-04-11 00:00:00
1124,점심식사,,2025-04-10 12:00:00,2025-04-10 13:00:00
1125,저녁식사,,2025-04-10 18:00:00,2025-04-10 19:00:00
1126,스포츠,,2025-04-11 08:00:00,2025-04-11 11:00:00
1127,공부,,2025-04-11 11:00:00,2025-04-11 14:00:00
1128,실내활동,,2025-04-11 14:00:00,2025-04-11 17:00:00
1129,스포츠,,2025-04-11 17:00:00,2025-04-11 18:00:00
1130,저녁식사,,2025-04-11 18:00:00,2025-04-11 19:00:00
1131,공부,,2025-04-11 19:00:00,2025-04-11 20:00:00
1132,실내활동,,2025-04-11 20:00:00,2025-04-11 21:00:00
1133,스포츠,,2025-04-11 21:00:00,2025-04-12 00:00:00
1134,점심식사,,2025-04-11 12:00:00,2025-04-11 13:00:00
1135,관람,,2025-04-12 08:00:00,2025-04-12 11:00:00
1136,운동,,2025-04-12 11:00:00,2025-04-12 12:00:00
1137,점심식사,,2025-04-12 12:00:00,2025-04-12 13:00:00
1138,실내활동,,2025-04-12 13:00:00,2025-04-12 14:00:00
1139,관람,,2025-04-12 14:00:00,2025-04-12 15:00:00
1140,운동,,2025-04-12 15:00:00,2025-04-12 18:00:00
1141,저녁식사,,2025-04-12 18:00:00,2025-04-12 19:00:00
1142,실내활동,,2025-04-12 19:00:00,2025-04-12 20:00:00
1143,관람,,2025-04-12 20:00:00,2025-04-12 23:00:00
1144,운동,,2025-04-12 23:00:00,2025-04-13 00:00:00
1145,스포츠,,2025-04-13 08:00:00,2025-04-13 11:00:00
1146,공부,,2025-04-13 11:00:00,2025-04-13 12:00:00
1147,점심식사,,2025-04-13 12:00:00,2025-04-13 13:00:00
1148,실내활동,,2025-04-13 13:00:00,2025-04-13 15:00:00
1149,스포츠,,2025-04-13 15:00:00,2025-04-13 18:00:00
1150,저녁식사,,2025-04-13 18:00:00,2025-04-13 19:00:00
1151,공부,,2025-04-13 19:00:00,2025-04-13 20:00:00
1152,실내활동,,2025-04-13 20:00:00,2025-04-13 23:00:00
1153,스포츠,,2025-04-13 23:00:00,2025-04-14 00:00:00
1154,운동,,2025-04-14 08:00:00,2025-04-14 10:00:00
1155,공부,,2025-04-14 10:00:00,2025-04-14 12:00:00
1156,점심식사,,2025-04-14 12:00:00,2025-04-14 13:00:00
1157,공원,,2025-04-14 13:00:00,2025-04-14 14:00:00
1158,운동,,2025-04-14 14:00:00,2025-04-14 15:00:00
1159,공부,,2025-04-14 15:00:00,2025-04-14 16:00:00
1160,공원,,2025-04-14 16:00:00,2025-04-14 19:00:00
1161,운동,,2025-04-14 19:00:00,2025-04-14 20:00:00
1162,공부,,2025-04-14 20:00:00,2025-04-14 22:00:00
1163,공원,,2025-04-14 22:00:00,2025-04-15 00:00:00
1164,저녁식사,,2025-04-14 18:00:00,2025-04-14 19:00:00
1165,스포츠,,2025-04-15 08:00:00,2025-04-15 11:00:00
1166,공부,,2025-04-15 11:00:00,2025-04-15 14:00:00
1167,실내활동,,2025-04-15 14:00:00,2025-04-15 15:00:00
1168,스포츠,,2025-04-15 15:00:00,2025-04-15 17:00:00
1169,공부,,2025-04-15 17:00:00,2025-04-15 19:00:00
1170,실내활동,,2025-04-15 19:00:00,2025-04-15 21:00:00
1171,스포츠,,2025-04-15 21:00:00,2025-04-15 23:00:00
1172,공부,,2025-04-15 23:00:00,2025-04-16 00:00:00
1173,점심식사,,2025-04-15 12:00:00,2025-04-15 13:00:00
1174,저녁식사,,2025-04-15 18:00:00,2025-04-15 19:00:00
1175,관람,,2025-04-16 08:00:00,2025-04-16 10:00:00
1176,운동,,2025-04-16 10:00:00,2025-04-16 13:00:00
1177,실내활동,,2025-04-16 13:00:00,2025-04-16 15:00:00
1178,관람,,2025-04-16 15:00:00,2025-04-16 17:00:00
1179,운동,,2025-04-16 17:00:00,2025-04-16 20:00:00
1180,실내활동,,2025-04-16 20:00:00,2025-04-16 21:00:00
1181,관람,,2025-04-16 21:00:00,2025-04-17 00:00:00
1182,점심식사,,2025-04-16 12:00:00,2025-04-16 13:00:00
1183,저녁식사,,2025-04-16 18:00:00,2025-04-16 19:00:00
1184,운동,,2025-04-17 08:00:00,2025-04-17 11:00:00
1185,공부,,2025-04-17 11:00:00,2025-04-17 14:00:00
1186,공원,,2025-04-17 14:00:00,2025-04-17 16:00:00
1187,운동,,2025-04-17 16:00:00,2025-04-17 19:00:00
1188,공부,,2025-04-17 19:00:00,2025-04-17 20:00:00
1189,공원,,2025-04-17 20:00:00,2025-04-17 23:00:00
1190,운동,,2025-04-17 23:00:00,2025-04-18 00:00:00
1191,점심식사,,2025-04-17 12:00:00,2025-04-17 13:00:00
1192,저녁식사,,2025-04-17 18:00:00,2025-04-17 19:00:00
1193,스포츠,,2025-04-18 08:00:00,2025-04-18 10:00:00
1194,공부,,2025-04-18 10:00:00,2025-04-18 11:00:00
1195,실내활동,,2025-04-18 11:00:00,2025-04-18 13:00:00
1196,스포츠,,2025-04-18 13:00:00,2025-04-18 15:00:00
1197,공부,,2025-04-18 15:00:00,2025-04-18 17:00:00
1198,실내활동,,2025-04-18 17:00:00,2025-04-18 20:00:00
1199,스포츠,,2025-04-18 20:00:00,2025-04-18 23:00:00
1200,공부,,2025-04-18 23:00:00,2025-04-19 00:00:00
1201,점심식사,,2025-04-18 12:00:00,2025-04-18 13:00:00
1202,저녁식사,,2025-04-18 18:00:00,2025-04-18 19:00:00
1203,관람,,2025-04-19 08:00:00,2025-04-19 10:00:00
1204,운동,,2025-04-19 10:00:00,2025-04-19 11:00:00
1205,실내활동,,2025-04-19 11:00:00,2025-04-19 14:00:00
1206,관람,,2025-04-19 14:00:00,2025-04-19 16:00:00
1207,운동,,2025-04-19 16:00:00,2025-04-19 19:00:00
1208,실내활동,,2025-04-19 19:00:00,2025-04-19 21:00:00
1209,관람,,2025-04-19 21:00:00,2025-04-19 23:00:00
1210,운동,,2025-04-19 23:00:00,2025-04-20 00:00:00
1211,점심식사,,2025-04-19 12:00:00,2025-04-19 13:00:00
1212,저녁식사,,2025-04-19 18:00:00,2025-04-19 19:00:00
1213,스포츠,,2025-04-20 08:00:00,2025-04-20 09:00:00
1214,공부,,2025-04-20 09:00:00,2025-04-20 10:00:00
1215,실내활동,,2025-04-20 10:00:00,2025-04-20 13:00:00
1216,스포츠,,2025-04-20 13:00:00,2025-04-20 16:00:00
1217,공부,,2025-04-20 16:00:00,2025-04-20 18:00:00
1218,저녁식사,,2025-04-20 18:00:00,2025-04-20 19:00:00
1219,실내활동,,2025-04-20 19:00:00,2025-04-20 22:00:00
1220,스포츠,,2025-04-20 22:00:00,2025-04-20 23:00:00
1221,공부,,2025-04-20 23:00:00,2025-04-21 00:00:00
1222,점심식사,,2025-04-20 12:00:00,2025-04-20 13:00:00
1223,운동,,2025-04-21 08:00:00,2025-04-21 10:00:00
1224,공부,,2025-04-21 10:00:00,2025-04-21 13:00:00
1225,공원,,2025-04-21 13:00:00,2025-04-21 15:00:00
1226,운동,,2025-04-21 15:00:00,2025-04-21 17:00:00
1227,공부,,2025-04-21 17:00:00,2025-04-21 20:00:00
1228,공원,,2025-04-21 20:00:00,2025-04-21 23:00:00
1229,운동,,2025-04-21 23:00:00,2025-04-22 00:00:00
1230,점심식사,,2025-04-21 12:00:00,2025-04-21 13:00:00
1231,저녁식사,,2025-04-21 18:00:00,2025-04-21 19:00:00
1232,스포츠,,2025-04-22 08:00:00,2025-04-22 11:00:00
1233,공부,,2025-04-22 11:00:00,2025-04-22 13:00:00
1234,실내활동,,2025-04-22 13:00:00,2025-04-22 16:00:00
1235,스포츠,,2025-04-22 16:00:00,2025-04-22 17:00:00
1236,공부,,2025-04-22 17:00:00,2025-04-22 19:00:00
1237,실내활동,,2025-04-22 19:00:00,2025-04-22 21:00:00
1238,스포츠,,2025-04-22 21:00:00,2025-04-23 00:00:00
1239,점심식사,,2025-04-22 12:00:00,2025-04-22 13:00:00
1240,저녁식사,,2025-04-22 18:00:00,2025-04-22 19:00:00
1241,관람,,2025-04-23 08:00:00,2025-04-23 11:00:00
1242,운동,,2025-04-23 11:00:00,2025-04-23 13:00:00
1243,실내활동,,2025-04-23 13:00:00,2025-04-23 14:00:00
1244,관람,,2025-04-23 14:00:00,2025-04-23 16:00:00
1245,운동,,2025-04-23 16:00:00,2025-04-23 19:00:00
1246,실내활동,,2025-04-23 19:00:00,2025-04-23 22:00:00
1247,관람,,2025-04-23 22:00:00,2025-04-24 00:00:00
1248,점심식사,,2025-04-23 12:00:00,2025-04-23 13:00:00
1249,저녁식사,,2025-04-23 18:00:00,2025-04-23 19:00:00
1250,운동,,2025-04-24 08:00:00,2025-04-24 09:00:00
1251,공부,,2025-04-24 09:00:00,2025-04-24 10:00:00
1252,공원,,2025-04-24 10:00:00,2025-04-24 11:00:00
1253,운동,,2025-04-24 11:00:00,2025-04-24 12:00:00
1254,점심식사,,2025-04-24 12:00:00,2025-04-24 13:00:00
1255,공부,,2025-04-24 13:00:00,2025-04-24 16:00:00
1256,공원,,2025-04-24 16:00:00,2025-04-24 17:00:00
1257,운동,,2025-04-24 17:00:00,2025-04-24 20:00:00
1258,공부,,2025-04-24 20:00:00,2025-04-24 23:00:00
1259,공원,,2025-04-24 23:00:00,2025-04-25 00:00:00
1260,저녁식사,,2025-04-24 18:00:00,2025-04-24 19:00:00
1261,스포츠,,2025-04-25 08:00:00,2025-04-25 11:00:00
1262,공부,,2025-04-25 11:00:00,2025-04-25 13:00:00
1263,실내활동,,2025-04-25 13:00:00,2025-04-25 14:00:00
1264,스포츠,,2025-04-25 14:00:00,2025-04-25 15:00:00
1265,공부,,2025-04-25 15:00:00,2025-04-25 17:00:00
1266,실내활동,,2025-04-25 17:00:00,2025-04-25 18:00:00
1267,저녁식사,,2025-04-25 18:00:00,2025-04-25 19:00:00
1268,스포츠,,2025-04-25 19:00:00,2025-04-25 21:00:00
1269,공부,,2025-04-25 21:00:00,2025-04-25 22:00:00
1270,실내활동,,2025-04-25 22:00:00,2025-04-25 23:00:00
1271,스포츠,,2025-04-25 23:00:00,2025-04-26 00:00:00
1272,점심식사,,2025-04-25 12:00:00,2025-04-25 13:00:00
1273,관람,,2025-04-26 08:00:00,2025-04-26 11:00:00
1274,운동,,2025-04-26 11:00:00,2025-04-26 12:00:00
1275,점심식사,,2025-04-26 12:00:00,2025-04-26 13:00:00
1276,실내활동,,2025-04-26 13:00:00,2025-04-26 14:00:00
1277,관람,,2025-04-26 14:00:00,2025-04-26 16:00:00
1278,운동,,2025-04-26 16:00:00,2025-04-26 18:00:00
1279,저녁식사,,2025-04-26 18:00:00,2025-04-26 19:00:00
1280,실내활동,,2025-04-26 19:00:00,2025-04-26 21:00:00
1281,관람,,2025-04-26 21:00:00,2025-04-26 22:00:00
1282,운동,,2025-04-26 22:00:00,2025-04-27 00:00:00
1283,스포츠,,2025-04-27 08:00:00,2025-04-27 09:00:00
1284,공부,,2025-04-27 09:00:00,2025-04-27 12:00:00
1285,점심식사,,2025-04-27 12:00:00,2025-04-27 13:00:00
1286,실내활동,,2025-04-27 13:00:00,2025-04-27 15:00:00
1287,스포츠,,2025-04-27 15:00:00,2025-04-27 17:00:00
1288,공부,,2025-04-27 17:00:00,2025-04-27 20:00:00
1289,실내활동,,2025-04-27 20:00:00,2025-04-27 21:00:00
1290,스포츠,,2025-04-27 21:00:00,2025-04-27 23:00:00
1291,공부,,2025-04-27 23:00:00,2025-04-28 00:00:00
1292,저녁식사,,2025-04-27 18:00:00,2025-04-27 19:00:00
1293,운동,,2025-04-28 08:00:00,2025-04-28 09:00:00
1294,공부,,2025-04-28 09:00:00,2025-04-28 12:00:00
1295,점심식사,,2025-04-28 12:00:00,2025-04-28 13:00:00
1296,공원,,2025-04-28 13:00:00,2025-04-28 16:00:00
1297,운동,,2025-04-28 16:00:00,2025-04-28 19:00:00
1298,공부,,2025-04-28 19:00:00,2025-04-28 22:00:00
1299,공원,,2025-04-28 22:00:00,2025-04-29 00:00:00
1300,저녁식사,,2025-04-28 18:00:00,2025-04-28 19:00:00
1301,스포츠,,2025-04-29 08:00:00,2025-04-29 09:00:00
1302,공부,,2025-04-29 09:00:00,2025-04-29 12:00:00
1303,점심식사,,2025-04-29 12:00:00,2025-04-29 13:00:00
1304,실내활동,,2025-04-29 13:00:00,2025-04-29 14:00:00
1305,스포츠,,2025-04-29 14:00:00,2025-04-29 16:00:00
1306,공부,,2025-04-29 16:00:00,2025-04-29 18:00:00
1307,저녁식사,,2025-04-29 18:00:00,2025-04-29 19:00:00
1308,실내활동,,2025-04-29 19:00:00,2025-04-29 21:00:00
1309,스포츠,,2025-04-29 21:00:00,2025-04-29 23:00:00
1310,공부,,2025-04-29 23:00:00,2025-04-30 00:00:00
1311,관람,,2025-04-30 08:00:00,2025-04-30 10:00:00
1312,운동,,2025-04-30 10:00:00,2025-04-30 11:00:00
1313,실내활동,,2025-04-30 11:00:00,2025-04-30 14:00:00
1314,관람,,2025-04-30 14:00:00,2025-04-30 15:00:00
1315,운동,,2025-04-30 15:00:00,2025-04-30 18:00:00
1316,저녁식사,,2025-04-30 18:00:00,2025-04-30 19:00:00
1317,실내활동,,2025-04-30 19:00:00,2025-04-30 22:00:00
1318,관람,,2025-04-30 22:00:00,2025-04-30 23:00:00
1319,운동,,2025-04-30 23:00:00,2025-05-01 00:00:00
1320,점심식사,,2025-04-30 12:00:00,2025-04-30 13:00:00
1321,운동,,2025-05-01 08:00:00,2025-05-01 11:00:00
1322,공부,,2025-05-01 11:00:00,2025-05-01 12:00:00
1323,점심식사,,2025-05-01 12:00:00,2025-05-01 13:00:00
1324,공원,,2025-05-01 13:00:00,2025-05-01 16:00:00
1325,운동,,2025-05-01 16:00:00,2025-05-01 19:00:00
1326,공부,,2025-05-01 19:00:00,2025-05-01 20:00:00
1327,공원,,2025-05-01 20:00:00,2025-05-01 23:00:00
1328,운동,,2025-05-01 23:00:00,2025-05-02 00:00:00
1329,저녁식사,,2025-05-01 18:00:00,2025-05-01 19:00:00
1330,스포츠,,2025-05-02 08:00:00,2025-05-02 09:00:00
1331,공부,,2025-05-02 09:00:00,2025-05-02 12:00:00
1332,점심식사,,2025-05-02 12:00:00,2025-05-02 13:00:00
1333,실내활동,,2025-05-02 13:00:00,2025-05-02 16:00:00
1334,스포츠,,2025-05-02 16:00:00,2025-05-02 19:00:00
1335,공부,,2025-05-02 19:00:00,2025-05-02 20:00:00
1336,실내활동,,2025-05-02 20:00:00,2025-05-02 21:00:00
1337,스포츠,,2025-05-02 21:00:00,2025-05-02 23:00:00
1338,공부,,2025-05-02 23:00:00,2025-05-03 00:00:00
1339,저녁식사,,2025-05-02 18:00:00,2025-05-02 19:00:00
1340,관람,,2025-05-03 08:00:00,2025-05-03 11:00:00
1341,운동,,2025-05-03 11:00:00,2025-05-03 12:00:00
1342,점심식사,,2025-05-03 12:00:00,2025-05-03 13:00:00
1343,실내활동,,2025-05-03 13:00:00,2025-05-03 15:00:00
1344,관람,,2025-05-03 15:00:00,2025-05-03 18:00:00
1345,저녁식사,,2025-05-03 18:00:00,2025-05-03 19:00:00
1346,운동,,2025-05-03 19:00:00,2025-05-03 21:00:00
1347,실내활동,,2025-05-03 21:00:00,2025-05-03 22:00:00
1348,관람,,2025-05-03 22:00:00,2025-05-03 23:00:00
1349,운동,,2025-05-03 23:00:00,2025-05-04 00:00:00
1350,스포츠,,2025-05-04 08:00:00,2025-05-04 10:00:00
1351,공부,,2025-05-04 10:00:00,2025-05-04 13:00:00
1352,실내활동,,2025-05-04 13:00:00,2025-05-04 15:00:00
1353,스포츠,,2025-05-04 15:00:00,2025-05-04 17:00:00
1354,공부,,2025-05-04 17:00:00,2025-05-04 19:00:00
1355,실내활동,,2025-05-04 19:00:00,2025-05-04 21:00:00
1356,스포츠,,2025-05-04 21:00:00,2025-05-04 23:00:00
1357,공부,,2025-05-04 23:00:00,2025-05-05 00:00:00
1358,점심식사,,2025-05-04 12:00:00,2025-05-04 13:00:00
1359,저녁식사,,2025-05-04 18:00:00,2025-05-04 19:00:00
1360,운동,,2025-05-05 08:00:00,2025-05-05 09:00:00
1361,공부,,2025-05-05 09:00:00,2025-05-05 10:00:00
1362,공원,,2025-05-05 10:00:00,2025-05-05 13:00:00
1363,운동,,2025-05-05 13:00:00,2025-05-05 16:00:00
1364,공부,,2025-05-05 16:00:00,2025-05-05 17:00:00
1365,공원,,2025-05-05 17:00:00,2025-05-05 19:00:00
1366,운동,,2025-05-05 19:00:00,2025-05-05 21:00:00
1367,공부,,2025-05-05 21:00:00,2025-05-05 22:00:00
1368,공원,,2025-05-05 22:00:00,2025-05-05 23:00:00
1369,운동,,2025-05-05 23:00:00,2025-05-06 00:00:00
1370,점심식사,,2025-05-05 12:00:00,2025-05-05 13:00:00
1371,저녁식사,,2025-05-05 18:00:00,2025-05-05 19:00:00
1372,스포츠,,2025-05-06 08:00:00,2025-05-06 09:00:00
1373,공부,,2025-05-06 09:00:00,2025-05-06 12:00:00
1374,점심식사,,2025-05-06 12:00:00,2025-05-06 13:00:00
1375,실내활동,,2025-05-06 13:00:00,2025-05-06 15:00:00
1376,스포츠,,2025-05-06 15:00:00,2025-05-06 18:00:00
1377,저녁식사,,2025-05-06 18:00:00,2025-05-06 19:00:00
1378,공부,,2025-05-06 19:00:00,2025-05-06 20:00:00
1379,실내활동,,2025-05-06 20:00:00,2025-05-06 21:00:00
1380,스포츠,,2025-05-06 21:00:00,2025-05-07 00:00:00
1381,관람,,2025-05-07 08:00:00,2025-05-07 10:00:00
1382,운동,,2025-05-07 10:00:00,2025-05-07 12:00:00
1383,점심식사,,2025-05-07 12:00:00,2025-05-07 13:00:00
1384,실내활동,,2025-05-07 13:00:00,2025-05-07 16:00:00
1385,관람,,2025-05-07 16:00:00,2025-05-07 18:00:00
1386,저녁식사,,2025-05-07 18:00:00,2025-05-07 19:00:00
1387,운동,,2025-05-07 19:00:00,2025-05-07 21:00:00
1388,실내활동,,2025-05-07 21:00:00,2025-05-08 00:00:00
1389,운동,,2025-05-08 08:00:00,2025-05-08 10:00:00
1390,공부,,2025-05-08 10:00:00,2025-05-08 11:00:00
1391,공원,,2025-05-08 11:00:00,2025-05-08 14:00:00
1392,운동,,2025-05-08 14:00:00,2025-05-08 17:00:00
1393,공부,,2025-05-08 17:00:00,2025-05-08 19:00:00
1394,공원,,2025-05-08 19:00:00,2025-05-08 22:00:00
1395,운동,,2025-05-08 22:00:00,2025-05-08 23:00:00
1396,공부,,2025-05-08 23:00:00,2025-05-09 00:00:00
1397,점심식사,,2025-05-08 12:00:00,2025-05-08 13:00:00
1398,저녁식사,,2025-05-08 18:00:00,2025-05-08 19:00:00
1399,스포츠,,2025-05-09 08:00:00,2025-05-09 09:00:00
1400,공부,,2025-05-09 09:00:00,2025-05-09 12:00:00
1401,점심식사,,2025-05-09 12:00:00,2025-05-09 13:00:00
1402,실내활동,,2025-05-09 13:00:00,2025-05-09 16:00:00
1403,스포츠,,2025-05-09 16:00:00,2025-05-09 17:00:00
1404,공부,,2025-05-09 17:00:00,2025-05-09 20:00:00
1405,실내활동,,2025-05-09 20:00:00,2025-05-09 22:00:00
1406,스포츠,,2025-05-09 22:00:00,2025-05-10 00:00:00
1407,저녁식사,,2025-05-09 18:00:00,2025-05-09 19:00:00
1408,관람,,2025-05-10 08:00:00,2025-05-10 09:00:00
1409,운동,,2025-05-10 09:00:00,2025-05-10 11:00:00
1410,실내활동,,2025-05-10 11:00:00,2025-05-10 13:00:00
1411,관람,,2025-05-10 13:00:00,2025-05-10 15:00:00
1412,운동,,2025-05-10 15:00:00,2025-05-10 17:00:00
1413,실내활동,,2025-05-10 17:00:00,2025-05-10 20:00:00
1414,관람,,2025-05-10 20:00:00,2025-05-10 22:00:00
1415,운동,,2025-05-10 22:00:00,2025-05-11 00:00:00
1416,점심식사,,2025-05-10 12:00:00,2025-05-10 13:00:00
1417,저녁식사,,2025-05-10 18:00:00,2025-05-10 19:00:00
1418,스포츠,,2025-05-11 08:00:00,2025-05-11 11:00:00
1419,공부,,2025-05-11 11:00:00,2025-05-11 14:00:00
1420,실내활동,,2025-05-11 14:00:00,2025-05-11 17:00:00
1421,스포츠,,2025-05-11 17:00:00,2025-05-11 20:00:00
1422,공부,,2025-05-11 20:00:00,2025-05-11 23:00:00
1423,실내활동,,2025-05-11 23:00:00,2025-05-12 00:00:00
1424,점심식사,,2025-05-11 12:00:00,2025-05-11 13:00:00
1425,저녁식사,,2025-05-11 18:00:00,2025-05-11 19:00:00
1426,운동,,2025-05-12 08:00:00,2025-05-12 09:00:00
1427,공부,,2025-05-12 09:00:00,2025-05-12 11:00:00
1428,공원,,2025-05-12 11:00:00,2025-05-12 14:00:00
1429,운동,,2025-05-12 14:00:00,2025-05-12 17:00:00
1430,공부,,2025-05-12 17:00:00,2025-05-12 18:00:00
1431,저녁식사,,2025-05-12 18:00:00,2025-05-12 19:00:00
1432,공원,,2025-05-12 19:00:00,2025-05-12 22:00:00
1433,운동,,2025-05-12 22:00:00,2025-05-12 23:00:00
1434,공부,,2025-05-12 23:00:00,2025-05-13 00:00:00
1435,점심식사,,2025-05-12 12:00:00,2025-05-12 13:00:00
1436,스포츠,,2025-05-13 08:00:00,2025-05-13 09:00:00
1437,공부,,2025-05-13 09:00:00,2025-05-13 10:00:00
1438,실내활동,,2025-05-13 10:00:00,2025-05-13 12:00:00
1439,점심식사,,2025-05-13 12:00:00,2025-05-13 13:00:00
1440,스포츠,,2025-05-13 13:00:00,2025-05-13 14:00:00
1441,공부,,2025-05-13 14:00:00,2025-05-13 16:00:00
1442,실내활동,,2025-05-13 16:00:00,2025-05-13 18:00:00
1443,저녁식사,,2025-05-13 18:00:00,2025-05-13 19:00:00
1444,스포츠,,2025-05-13 19:00:00,2025-05-13 20:00:00
1445,공부,,2025-05-13 20:00:00,2025-05-13 21:00:00
1446,실내활동,,2025-05-13 21:00:00,2025-05-14 00:00:00
1447,관람,,2025-05-14 08:00:00,2025-05-14 09:00:00
1448,운동,,2025-05-14 09:00:00,2025-05-14 12:00:00
1449,점심식사,,2025-05-14 12:00:00,2025-05-14 13:00:00
1450,실내활동,,2025-05-14 13:00:00,2025-05-14 14:00:00
1451,관람,,2025-05-14 14:00:00,2025-05-14 16:00:00
1452,운동,,2025-05-14 16:00:00,2025-05-14 17:00:00
1453,실내활동,,2025-05-14 17:00:00,2025-05-14 19:00:00
1454,관람,,2025-05-14 19:00:00,2025-05-14 20:00:00
1455,운동,,2025-05-14 20:00:00,2025-05-14 21:00:00
1456,실내활동,,2025-05-14 21:00:00,2025-05-14 22:00:00
1457,관람,,2025-05-14 22:00:00,2025-05-14 23:00:00
1458,운동,,2025-05-14 23:00:00,2025-05-15 00:00:00
1459,저녁식사,,2025-05-14 18:00:00,2025-05-14 19:00:00
1460,운동,,2025-05-15 08:00:00,2025-05-15 09:00:00
1461,공부,,2025-05-15 09:00:00,2025-05-15 10:00:00
1462,공원,,2025-05-15 10:00:00,2025-05-15 13:00:00
1463,운동,,2025-05-15 13:00:00,2025-05-15 16:00:00
1464,공부,,2025-05-15 16:00:00,2025-05-15 18:00:00
1465,저녁식사,,2025-05-15 18:00:00,2025-05-15 19:00:00
1466,공원,,2025-05-15 19:00:00,2025-05-15 22:00:00
1467,운동,,2025-05-15 22:00:00,2025-05-16 00:00:00
1468,점심식사,,2025-05-15 12:00:00,2025-05-15 13:00:00
1469,스포츠,,2025-05-16 08:00:00,2025-05-16 11:00:00
1470,공부,,2025-05-16 11:00:00,2025-05-16 13:00:00
1471,실내활동,,2025-05-16 13:00:00,2025-05-16 16:00:00
1472,스포츠,,2025-05-16 16:00:00,2025-05-16 19:00:00
1473,공부,,2025-05-16 19:00:00,2025-05-16 20:00:00
1474,실내활동,,2025-05-16 20:00:00,2025-05-16 21:00:00
1475,스포츠,,2025-05-16 21:00:00,2025-05-16 22:00:00
1476,공부,,2025-05-16 22:00:00,2025-05-17 00:00:00
1477,점심식사,,2025-05-16 12:00:00,2025-05-16 13:00:00
1478,저녁식사,,2025-05-16 18:00:00,2025-05-16 19:00:00
1479,관람,,2025-05-17 08:00:00,2025-05-17 11:00:00
1480,운동,,2025-05-17 11:00:00,2025-05-17 12:00:00
1481,점심식사,,2025-05-17 12:00:00,2025-05-17 13:00:00
1482,실내활동,,2025-05-17 13:00:00,2025-05-17 16:00:00
1483,관람,,2025-05-17 16:00:00,2025-05-17 19:00:00
1484,운동,,2025-05-17 19:00:00,2025-05-17 21:00:00
1485,실내활동,,2025-05-17 21:00:00,2025-05-17 22:00:00
1486,관람,,2025-05-17 22:00:00,2025-05-18 00:00:00
1487,저녁식사,,2025-05-17 18:00:00,2025-05-17 19:00:00
1488,스포츠,,2025-05-18 08:00:00,2025-05-18 10:00:00
1489,공부,,2025-05-18 10:00:00,2025-05-18 13:00:00
1490,실내활동,,2025-05-18 13:00:00,2025-05-18 16:00:00
1491,스포츠,,2025-05-18 16:00:00,2025-05-18 18:00:00
1492,저녁식사,,2025-05-18 18:00:00,2025-05-18 19:00:00
1493,공부,,2025-05-18 19:00:00,2025-05-18 21:00:00
1494,실내활동,,2025-05-18 21:00:00,2025-05-18 22:00:00
1495,스포츠,,2025-05-18 22:00:00,2025-05-19 00:00:00
1496,점심식사,,2025-05-18 12:00:00,2025-05-18 13:00:00
1497,운동,,2025-05-19 08:00:00,2025-05-19 10:00:00
1498,공부,,2025-05-19 10:00:00,2025-05-19 13:00:00
1499,공원,,2025-05-19 13:00:00,2025-05-19 16:00:00
1500,운동,,2025-05-19 16:00:00,2025-05-19 17:00:00
1501,공부,,2025-05-19 17:00:00,2025-05-19 18:00:00
1502,저녁식사,,2025-05-19 18:00:00,2025-05-19 19:00:00
1503,공원,,2025-05-19 19:00:00,2025-05-19 20:00:00
1504,운동,,2025-05-19 20:00:00,2025-05-19 23:00:00
1505,공부,,2025-05-19 23:00:00,2025-05-20 00:00:00
1506,점심식사,,2025-05-19 12:00:00,2025-05-19 13:00:00
1507,스포츠,,2025-05-20 08:00:00,2025-05-20 09:00:00
1508,공부,,2025-05-20 09:00:00,2025-05-20 10:00:00
1509,실내활동,,2025-05-20 10:00:00,2025-05-20 13:00:00
1510,스포츠,,2025-05-20 13:00:00,2025-05-20 16:00:00
1511,공부,,2025-05-20 16:00:00,2025-05-20 19:00:00
1512,실내활동,,2025-05-20 19:00:00,2025-05-20 20:00:00
1513,스포츠,,2025-05-20 20:00:00,2025-05-20 22:00:00
1514,공부,,2025-05-20 22:00:00,2025-05-21 00:00:00
1515,점심식사,,2025-05-20 12:00:00,2025-05-20 13:00:00
1516,저녁식사,,2025-05-20 18:00:00,2025-05-20 19:00:00
1517,관람,,2025-05-21 08:00:00,2025-05-21 09:00:00
1518,운동,,2025-05-21 09:00:00,2025-05-21 11:00:00
1519,실내활동,,2025-05-21 11:00:00,2025-05-21 12:00:00
1520,점심식사,,2025-05-21 12:00:00,2025-05-21 13:00:00
1521,관람,,2025-05-21 13:00:00,2025-05-21 16:00:00
1522,운동,,2025-05-21 16:00:00,2025-05-21 17:00:00
1523,실내활동,,2025-05-21 17:00:00,2025-05-21 18:00:00
1524,저녁식사,,2025-05-21 18:00:00,2025-05-21 19:00:00
1525,관람,,2025-05-21 19:00:00,2025-05-21 20:00:00
1526,운동,,2025-05-21 20:00:00,2025-05-21 23:00:00
1527,실내활동,,2025-05-21 23:00:00,2025-05-22 00:00:00
1528,운동,,2025-05-22 08:00:00,2025-05-22 11:00:00
1529,공부,,2025-05-22 11:00:00,2025-05-22 13:00:00
1530,공원,,2025-05-22 13:00:00,2025-05-22 15:00:00
1531,운동,,2025-05-22 15:00:00,2025-05-22 16:00:00
1532,공부,,2025-05-22 16:00:00,2025-05-22 18:00:00
1533,저녁식사,,2025-05-22 18:00:00,2025-05-22 19:00:00
1534,공원,,2025-05-22 19:00:00,2025-05-22 20:00:00
1535,운동,,2025-05-22 20:00:00,2025-05-22 21:00:00
1536,공부,,2025-05-22 21:00:00,2025-05-23 00:00:00
1537,점심식사,,2025-05-22 12:00:00,2025-05-22 13:00:00
1538,스포츠,,2025-05-23 08:00:00,2025-05-23 11:00:00
1539,공부,,2025-05-23 11:00:00,2025-05-23 14:00:00
1540,실내활동,,2025-05-23 14:00:00,2025-05-23 16:00:00
1541,스포츠,,2025-05-23 16:00:00,2025-05-23 17:00:00
1542,공부,,2025-05-23 17:00:00,2025-05-23 18:00:00
1543,저녁식사,,2025-05-23 18:00:00,2025-05-23 19:00:00
1544,실내활동,,2025-05-23 19:00:00,2025-05-23 22:00:00
1545,스포츠,,2025-05-23 22:00:00,2025-05-24 00:00:00
1546,점심식사,,2025-05-23 12:00:00,2025-05-23 13:00:00
1547,관람,,2025-05-24 08:00:00,2025-05-24 10:00:00
1548,운동,,2025-05-24 10:00:00,2025-05-24 13:00:00
1549,실내활동,,2025-05-24 13:00:00,2025-05-24 15:00:00
1550,관람,,2025-05-24 15:00:00,2025-05-24 18:00:00
1551,저녁식사,,2025-05-24 18:00:00,2025-05-24 19:00:00
1552,운동,,2025-05-24 19:00:00,2025-05-24 21:00:00
1553,실내활동,,2025-05-24 21:00:00,2025-05-24 23:00:00
1554,관람,,2025-05-24 23:00:00,2025-05-25 00:00:00
1555,점심식사,,2025-05-24 12:00:00,2025-05-24 13:00:00
1556,스포츠,,2025-05-25 08:00:00,2025-05-25 10:00:00
1557,공부,,2025-05-25 10:00:00,2025-05-25 11:00:00
1558,실내활동,,2025-05-25 11:00:00,2025-05-25 14:00:00
1559,스포츠,,2025-05-25 14:00:00,2025-05-25 15:00:00
1560,공부,,2025-05-25 15:00:00,2025-05-25 18:00:00
1561,저녁식사,,2025-05-25 18:00:00,2025-05-25 19:00:00
1562,실내활동,,2025-05-25 19:00:00,2025-05-25 21:00:00
1563,스포츠,,2025-05-25 21:00:00,2025-05-26 00:00:00
1564,점심식사,,2025-05-25 12:00:00,2025-05-25 13:00:00
1565,운동,,2025-05-26 08:00:00,2025-05-26 09:00:00
1566,공부,,2025-05-26 09:00:00,2025-05-26 11:00:00
1567,공원,,2025-05-26 11:00:00,2025-05-26 14:00:00
1568,운동,,2025-05-26 14:00:00,2025-05-26 16:00:00
1569,공부,,2025-05-26 16:00:00,2025-05-26 17:00:00
1570,공원,,2025-05-26 17:00:00,2025-05-26 18:00:00
1571,저녁식사,,2025-05-26 18:00:00,2025-05-26 19:00:00
1572,운동,,2025-05-26 19:00:00,2025-05-26 21:00:00
1573,공부,,2025-05-26 21:00:00,2025-05-27 00:00:00
1574,점심식사,,2025-05-26 12:00:00,2025-05-26 13:00:00
1575,스포츠,,2025-05-27 08:00:00,2025-05-27 09:00:00
1576,공부,,2025-05-27 09:00:00,2025-05-27 11:00:00
1577,실내활동,,2025-05-27 11:00:00,2025-05-27 14:00:00
1578,스포츠,,2025-05-27 14:00:00,2025-05-27 17:00:00
1579,공부,,2025-05-27 17:00:00,2025-05-27 19:00:00
1580,실내활동,,2025-05-27 19:00:00,2025-05-27 21:00:00
1581,스포츠,,2025-05-27 21:00:00,2025-05-28 00:00:00
1582,점심식사,,2025-05-27 12:00:00,2025-05-27 13:00:00
1583,저녁식사,,2025-05-27 18:00:00,2025-05-27 19:00:00
1584,관람,,2025-05-28 08:00:00,2025-05-28 10:00:00
1585,운동,,2025-05-28 10:00:00,2025-05-28 12:00:00
1586,점심식사,,2025-05-28 12:00:00,2025-05-28 13:00:00
1587,실내활동,,2025-05-28 13:00:00,2025-05-28 16:00:00
1588,관람,,2025-05-28 16:00:00,2025-05-28 18:00:00
1589,저녁식사,,2025-05-28 18:00:00,2025-05-28 19:00:00
1590,운동,,2025-05-28 19:00:00,2025-05-28 20:00:00
1591,실내활동,,2025-05-28 20:00:00,2025-05-28 22:00:00
1592,관람,,2025-05-28 22:00:00,2025-05-28 23:00:00
1593,운동,,2025-05-28 23:00:00,2025-05-29 00:00:00
1594,운동,,2025-05-29 08:00:00,2025-05-29 09:00:00
1595,공부,,2025-05-29 09:00:00,2025-05-29 12:00:00
1596,점심식사,,2025-05-29 12:00:00,2025-05-29 13:00:00
1597,공원,,2025-05-29 13:00:00,2025-05-29 14:00:00
1598,운동,,2025-05-29 14:00:00,2025-05-29 16:00:00
1599,공부,,2025-05-29 16:00:00,2025-05-29 18:00:00
1600,저녁식사,,2025-05-29 18:00:00,2025-05-29 19:00:00
1601,공원,,2025-05-29 19:00:00,2025-05-29 20:00:00
1602,운동,,2025-05-29 20:00:00,2025-05-29 23:00:00
1603,공부,,2025-05-29 23:00:00,2025-05-30 00:00:00
1604,스포츠,,2025-05-30 08:00:00,2025-05-30 11:00:00
1605,공부,,2025-05-30 11:00:00,2025-05-30 12:00:00
1606,점심식사,,2025-05-30 12:00:00,2025-05-30 13:00:00
1607,실내활동,,2025-05-30 13:00:00,2025-05-30 14:00:00
1608,스포츠,,2025-05-30 14:00:00,2025-05-30 17:00:00
1609,공부,,2025-05-30 17:00:00,2025-05-30 18:00:00
1610,저녁식사,,2025-05-30 18:00:00,2025-05-30 19:00:00
1611,실내활동,,2025-05-30 19:00:00,2025-05-30 21:00:00
1612,스포츠,,2025-05-30 21:00:00,2025-05-30 23:00:00
1613,공부,,2025-05-30 23:00:00,2025-05-31 00:00:00
1614,관람,,2025-05-31 08:00:00,2025-05-31 09:00:00
1615,운동,,2025-05-31 09:00:00,2025-05-31 12:00:00
1616,점심식사,,2025-05-31 12:00:00,2025-05-31 13:00:00
1617,실내활동,,2025-05-31 13:00:00,2025-05-31 14:00:00
1618,관람,,2025-05-31 14:00:00,2025-05-31 16:00:00
1619,운동,,2025-05-31 16:00:00,2025-05-31 17:00:00
1620,실내활동,,2025-05-31 17:00:00,2025-05-31 18:00:00
1621,저녁식사,,2025-05-31 18:00:00,2025-05-31 19:00:00
1622,관람,,2025-05-31 19:00:00,2025-05-31 21:00:00
1623,운동,,2025-05-31 21:00:00,2025-05-31 22:00:00
1624,실내활동,,2025-05-31 22:00:00,2025-05-31 23:00:00
1625,관람,,2025-05-31 23:00:00,2025-06-01 00:00:00
1626,스포츠,,2025-06-01 08:00:00,2025-06-01 09:00:00
1627,공부,,2025-06-01 09:00:00,2025-06-01 11:00:00
1628,실내활동,,2025-06-01 11:00:00,2025-06-01 14:00:00
1629,스포츠,,2025-06-01 14:00:00,2025-06-01 16:00:00
1630,공부,,2025-06-01 16:00:00,2025-06-01 18:00:00
1631,저녁식사,,2025-06-01 18:00:00,2025-06-01 19:00:00
1632,실내활동,,2025-06-01 19:00:00,2025-06-01 20:00:00
1633,스포츠,,2025-06-01 20:00:00,2025-06-01 21:00:00
1634,공부,,2025-06-01 21:00:00,2025-06-01 23:00:00
1635,실내활동,,2025-06-01 23:00:00,2025-06-02 00:00:00
1636,점심식사,,2025-06-01 12:00:00,2025-06-01 13:00:00
1637,운동,,2025-06-02 08:00:00,2025-06-02 09:00:00
1638,공부,,2025-06-02 09:00:00,2025-06-02 11:00:00
1639,공원,,2025-06-02 11:00:00,2025-06-02 13:00:00
1640,운동,,2025-06-02 13:00:00,2025-06-02 16:00:00
1641,공부,,2025-06-02 16:00:00,2025-06-02 18:00:00
1642,저녁식사,,2025-06-02 18:00:00,2025-06-02 19:00:00
1643,공원,,2025-06-02 19:00:00,2025-06-02 22:00:00
1644,운동,,2025-06-02 22:00:00,2025-06-03 00:00:00
1645,점심식사,,2025-06-02 12:00:00,2025-06-02 13:00:00
1646,스포츠,,2025-06-03 08:00:00,2025-06-03 09:00:00
1647,공부,,2025-06-03 09:00:00,2025-06-03 10:00:00
1648,실내활동,,2025-06-03 10:00:00,2025-06-03 12:00:00
1649,점심식사,,2025-06-03 12:00:00,2025-06-03 13:00:00
1650,스포츠,,2025-06-03 13:00:00,2025-06-03 16:00:00
1651,공부,,2025-06-03 16:00:00,2025-06-03 17:00:00
1652,실내활동,,2025-06-03 17:00:00,2025-06-03 19:00:00
1653,스포츠,,2025-06-03 19:00:00,2025-06-03 20:00:00
1654,공부,,2025-06-03 20:00:00,2025-06-03 23:00:00
1655,실내활동,,2025-06-03 23:00:00,2025-06-04 00:00:00
1656,저녁식사,,2025-06-03 18:00:00,2025-06-03 19:00:00
1657,관람,,2025-06-04 08:00:00,2025-06-04 10:00:00
1658,운동,,2025-06-04 10:00:00,2025-06-04 13:00:00
1659,실내활동,,2025-06-04 13:00:00,2025-06-04 15:00:00
1660,관람,,2025-06-04 15:00:00,2025-06-04 18:00:00
1661,저녁식사,,2025-06-04 18:00:00,2025-06-04 19:00:00
1662,운동,,2025-06-04 19:00:00,2025-06-04 20:00:00
1663,실내활동,,2025-06-04 20:00:00,2025-06-04 21:00:00
1664,관람,,2025-06-04 21:00:00,2025-06-05 00:00:00
1665,점심식사,,2025-06-04 12:00:00,2025-06-04 13:00:00
1666,운동,,2025-06-05 08:00:00,2025-06-05 11:00:00
1667,공부,,2025-06-05 11:00:00,2025-06-05 13:00:00
1668,공원,,2025-06-05 13:00:00,2025-06-05 15:00:00
1669,운동,,2025-06-05 15:00:00,2025-06-05 18:00:00
1670,저녁식사,,2025-06-05 18:00:00,2025-06-05 19:00:00
1671,공부,,2025-06-05 19:00:00,2025-06-05 22:00:00
1672,공원,,2025-06-05 22:00:00,2025-06-06 00:00:00
1673,점심식사,,2025-06-05 12:00:00,2025-06-05 13:00:00
1674,스포츠,,2025-06-06 08:00:00,2025-06-06 10:00:00
1675,공부,,2025-06-06 10:00:00,2025-06-06 13:00:00
1676,실내활동,,2025-06-06 13:00:00,2025-06-06 14:00:00
1677,스포츠,,2025-06-06 14:00:00,2025-06-06 16:00:00
1678,공부,,2025-06-06 16:00:00,2025-06-06 17:00:00
1679,실내활동,,2025-06-06 17:00:00,2025-06-06 18:00:00
1680,저녁식사,,2025-06-06 18:00:00,2025-06-06 19:00:00
1681,스포츠,,2025-06-06 19:00:00,2025-06-06 20:00:00
1682,공부,,2025-06-06 20:00:00,2025-06-06 21:00:00
1683,실내활동,,2025-06-06 21:00:00,2025-06-06 22:00:00
1684,스포츠,,2025-06-06 22:00:00,2025-06-07 00:00:00
1685,점심식사,,2025-06-06 12:00:00,2025-06-06 13:00:00
1686,관람,,2025-06-07 08:00:00,2025-06-07 11:00:00
1687,운동,,2025-06-07 11:00:00,2025-06-07 13:00:00
1688,실내활동,,2025-06-07 13:00:00,2025-06-07 15:00:00
1689,관람,,2025-06-07 15:00:00,2025-06-07 16:00:00
1690,운동,,2025-06-07 16:00:00,2025-06-07 18:00:00
1691,저녁식사,,2025-06-07 18:00:00,2025-06-07 19:00:00
1692,실내활동,,2025-06-07 19:00:00,2025-06-07 22:00:00
1693,관람,,2025-06-07 22:00:00,2025-06-08 00:00:00
1694,점심식사,,2025-06-07 12:00:00,2025-06-07 13:00:00
1695,스포츠,,2025-06-08 08:00:00,2025-06-08 10:00:00
1696,공부,,2025-06-08 10:00:00,2025-06-08 12:00:00
1697,점심식사,,2025-06-08 12:00:00,2025-06-08 13:00:00
1698,실내활동,,2025-06-08 13:00:00,2025-06-08 14:00:00
1699,스포츠,,2025-06-08 14:00:00,2025-06-08 15:00:00
1700,공부,,2025-06-08 15:00:00,2025-06-08 17:00:00
1701,실내활동,,2025-06-08 17:00:00,2025-06-08 19:00:00
1702,스포츠,,2025-06-08 19:00:00,2025-06-08 20:00:00
1703,공부,,2025-06-08 20:00:00,2025-06-08 22:00:00
1704,실내활동,,2025-06-08 22:00:00,2025-06-09 00:00:00
1705,저녁식사,,2025-06-08 18:00:00,2025-06-08 19:00:00
1706,운동,,2025-06-09 08:00:00,2025-06-09 11:00:00
1707,공부,,2025-06-09 11:00:00,2025-06-09 13:00:00
1708,공원,,2025-06-09 13:00:00,2025-06-09 14:00:00
1709,운동,,2025-06-09 14:00:00,2025-06-09 15:00:00
1710,공부,,2025-06-09 15:00:00,2025-06-09 16:00:00
1711,공원,,2025-06-09 16:00:00,2025-06-09 19:00:00
1712,운동,,2025-06-09 19:00:00,2025-06-09 21:00:00
1713,공부,,2025-06-09 21:00:00,2025-06-09 23:00:00
1714,공원,,2025-06-09 23:00:00,2025-06-10 00:00:00
1715,점심식사,,2025-06-09 12:00:00,2025-06-09 13:00:00
1716,저녁식사,,2025-06-09 18:00:00,2025-06-09 19:00:00
1717,스포츠,,2025-06-10 08:00:00,2025-06-10 09:00:00
1718,공부,,2025-06-10 09:00:00,2025-06-10 12:00:00
1719,점심식사,,2025-06-10 12:00:00,2025-06-10 13:00:00
1720,실내활동,,2025-06-10 13:00:00,2025-06-10 15:00:00
1721,스포츠,,2025-06-10 15:00:00,2025-06-10 16:00:00
1722,공부,,2025-06-10 16:00:00,2025-06-10 19:00:00
1723,실내활동,,2025-06-10 19:00:00,2025-06-10 20:00:00
1724,스포츠,,2025-06-10 20:00:00,2025-06-10 21:00:00
1725,공부,,2025-06-10 21:00:00,2025-06-10 22:00:00
1726,실내활동,,2025-06-10 22:00:00,2025-06-10 23:00:00
1727,스포츠,,2025-06-10 23:00:00,2025-06-11 00:00:00
1728,저녁식사,,2025-06-10 18:00:00,2025-06-10 19:00:00
1729,관람,,2025-06-11 08:00:00,2025-06-11 09:00:00
1730,운동,,2025-06-11 09:00:00,2025-06-11 12:00:00
1731,점심식사,,2025-06-11 12:00:00,2025-06-11 13:00:00
1732,실내활동,,2025-06-11 13:00:00,2025-06-11 16:00:00
1733,관람,,2025-06-11 16:00:00,2025-06-11 19:00:00
1734,운동,,2025-06-11 19:00:00,2025-06-11 22:00:00
1735,실내활동,,2025-06-11 22:00:00,2025-06-12 00:00:00
1736,저녁식사,,2025-06-11 18:00:00,2025-06-11 19:00:00
1737,운동,,2025-06-12 08:00:00,2025-06-12 11:00:00
1738,공부,,2025-06-12 11:00:00,2025-06-12 13:00:00
1739,공원,,2025-06-12 13:00:00,2025-06-12 14:00:00
1740,운동,,2025-06-12 14:00:00,2025-06-12 17:00:00
1741,공부,,2025-06-12 17:00:00,2025-06-12 18:00:00
1742,저녁식사,,2025-06-12 18:00:00,2025-06-12 19:00:00
1743,공원,,2025-06-12 19:00:00,2025-06-12 20:00:00
1744,운동,,2025-06-12 20:00:00,2025-06-12 22:00:00
1745,공부,,2025-06-12 22:00:00,2025-06-13 00:00:00
1746,점심식사,,2025-06-12 12:00:00,2025-06-12 13:00:00
1747,스포츠,,2025-06-13 08:00:00,2025-06-13 10:00:00
1748,공부,,2025-06-13 10:00:00,2025-06-13 11:00:00
1749,실내활동,,2025-06-13 11:00:00,2025-06-13 14:00:00
1750,스포츠,,2025-06-13 14:00:00,2025-06-13 17:00:00
1751,공부,,2025-06-13 17:00:00,2025-06-13 18:00:00
1752,저녁식사,,2025-06-13 18:00:00,2025-06-13 19:00:00
1753,실내활동,,2025-06-13 19:00:00,2025-06-13 20:00:00
1754,스포츠,,2025-06-13 20:00:00,2025-06-13 21:00:00
1755,공부,,2025-06-13 21:00:00,2025-06-13 23:00:00
1756,실내활동,,2025-06-13 23:00:00,2025-06-14 00:00:00
1757,점심식사,,2025-06-13 12:00:00,2025-06-13 13:00:00
1758,관람,,2025-06-14 08:00:00,2025-06-14 11:00:00
1759,운동,,2025-06-14 11:00:00,2025-06-14 12:00:00
1760,점심식사,,2025-06-14 12:00:00,2025-06-14 13:00:00
1761,실내활동,,2025-06-14 13:00:00,2025-06-14 14:00:00
1762,관람,,2025-06-14 14:00:00,2025-06-14 15:00:00
1763,운동,,2025-06-14 15:00:00,2025-06-14 17:00:00
1764,실내활동,,2025-06-14 17:00:00,2025-06-14 18:00:00
1765,저녁식사,,2025-06-14 18:00:00,2025-06-14 19:00:00
1766,관람,,2025-06-14 19:00:00,2025-06-14 22:00:00
1767,운동,,2025-06-14 22:00:00,2025-06-14 23:00:00
1768,실내활동,,2025-06-14 23:00:00,2025-06-15 00:00:00
1769,스포츠,,2025-06-15 08:00:00,2025-06-15 11:00:00
1770,공부,,2025-06-15 11:00:00,2025-06-15 12:00:00
1771,점심식사,,2025-06-15 12:00:00,2025-06-15 13:00:00
1772,실내활동,,2025-06-15 13:00:00,2025-06-15 14:00:00
1773,스포츠,,2025-06-15 14:00:00,2025-06-15 17:00:00
1774,공부,,2025-06-15 17:00:00,2025-06-15 20:00:00
1775,실내활동,,2025-06-15 20:00:00,2025-06-15 22:00:00
1776,스포츠,,2025-06-15 22:00:00,2025-06-16 00:00:00
1777,저녁식사,,2025-06-15 18:00:00,2025-06-15 19:00:00
1778,운동,,2025-06-16 08:00:00,2025-06-16 11:00:00
1779,공부,,2025-06-16 11:00:00,2025-06-16 13:00:00
1780,공원,,2025-06-16 13:00:00,2025-06-16 14:00:00
1781,운동,,2025-06-16 14:00:00,2025-06-16 16:00:00
1782,공부,,2025-06-16 16:00:00,2025-06-16 17:00:00
1783,공원,,2025-06-16 17:00:00,2025-06-16 19:00:00
1784,운동,,2025-06-16 19:00:00,2025-06-16 21:00:00
1785,공부,,2025-06-16 21:00:00,2025-06-17 00:00:00
1786,점심식사,,2025-06-16 12:00:00,2025-06-16 13:00:00
1787,저녁식사,,2025-06-16 18:00:00,2025-06-16 19:00:00
1788,스포츠,,2025-06-17 08:00:00,2025-06-17 09:00:00
1789,공부,,2025-06-17 09:00:00,2025-06-17 11:00:00
1790,실내활동,,2025-06-17 11:00:00,2025-06-17 13:00:00
1791,스포츠,,2025-06-17 13:00:00,2025-06-17 14:00:00
1792,공부,,2025-06-17 14:00:00,2025-06-17 17:00:00
1793,실내활동,,2025-06-17 17:00:00,2025-06-17 19:00:00
1794,스포츠,,2025-06-17 19:00:00,2025-06-17 20:00:00
1795,공부,,2025-06-17 20:00:00,2025-06-17 22:00:00
1796,실내활동,,2025-06-17 22:00:00,2025-06-18 00:00:00
1797,점심식사,,2025-06-17 12:00:00,2025-06-17 13:00:00
1798,저녁식사,,2025-06-17 18:00:00,2025-06-17 19:00:00
1799,관람,,2025-06-18 08:00:00,2025-06-18 11:00:00
1800,운동,,2025-06-18 11:00:00,2025-06-18 12:00:00
1801,점심식사,,2025-06-18 12:00:00,2025-06-18 13:00:00
1802,실내활동,,2025-06-18 13:00:00,2025-06-18 15:00:00
1803,관람,,2025-06-18 15:00:00,2025-06-18 18:00:00
1804,저녁식사,,2025-06-18 18:00:00,2025-06-18 19:00:00
1805,운동,,2025-06-18 19:00:00,2025-06-18 20:00:00
1806,실내활동,,2025-06-18 20:00:00,2025-06-18 23:00:00
1807,관람,,2025-06-18 23:00:00,2025-06-19 00:00:00
1808,운동,,2025-06-19 08:00:00,2025-06-19 11:00:00
1809,공부,,2025-06-19 11:00:00,2025-06-19 12:00:00
1810,점심식사,,2025-06-19 12:00:00,2025-06-19 13:00:00
1811,공원,,2025-06-19 13:00:00,2025-06-19 16:00:00
1812,운동,,2025-06-19 16:00:00,2025-06-19 17:00:00
1813,공부,,2025-06-19 17:00:00,2025-06-19 18:00:00
1814,저녁식사,,2025-06-19 18:00:00,2025-06-19 19:00:00
1815,공원,,2025-06-19 19:00:00,2025-06-19 22:00:00
1816,운동,,2025-06-19 22:00:00,2025-06-20 00:00:00
1817,스포츠,,2025-06-20 08:00:00,2025-06-20 11:00:00
1818,공부,,2025-06-20 11:00:00,2025-06-20 14:00:00
1819,실내활동,,2025-06-20 14:00:00,2025-06-20 17:00:00
1820,스포츠,,2025-06-20 17:00:00,2025-06-20 20:00:00
1821,공부,,2025-06-20 20:00:00,2025-06-20 22:00:00
1822,실내활동,,2025-06-20 22:00:00,2025-06-21 00:00:00
1823,점심식사,,2025-06-20 12:00:00,2025-06-20 13:00:00
1824,저녁식사,,2025-06-20 18:00:00,2025-06-20 19:00:00
1825,관람,,2025-06-21 08:00:00,2025-06-21 10:00:00
1826,운동,,2025-06-21 10:00:00,2025-06-21 11:00:00
1827,실내활동,,2025-06-21 11:00:00,2025-06-21 14:00:00
1828,관람,,2025-06-21 14:00:00,2025-06-21 16:00:00
1829,운동,,2025-06-21 16:00:00,2025-06-21 18:00:00
1830,저녁식사,,2025-06-21 18:00:00,2025-06-21 19:00:00
1831,실내활동,,2025-06-21 19:00:00,2025-06-21 22:00:00
1832,관람,,2025-06-21 22:00:00,2025-06-21 23:00:00
1833,운동,,2025-06-21 23:00:00,2025-06-22 00:00:00
1834,점심식사,,2025-06-21 12:00:00,2025-06-21 13:00:00
1835,스포츠,,2025-06-22 08:00:00,2025-06-22 11:00:00
1836,공부,,2025-06-22 11:00:00,2025-06-22 14:00:00
1837,실내활동,,2025-06-22 14:00:00,2025-06-22 15:00:00
1838,스포츠,,2025-06-22 15:00:00,2025-06-22 17:00:00
1839,공부,,2025-06-22 17:00:00,2025-06-22 20:00:00
1840,실내활동,,2025-06-22 20:00:00,2025-06-22 23:00:00
1841,스포츠,,2025-06-22 23:00:00,2025-06-23 00:00:00
1842,점심식사,,2025-06-22 12:00:00,2025-06-22 13:00:00
1843,저녁식사,,2025-06-22 18:00:00,2025-06-22 19:00:00
1844,운동,,2025-06-23 08:00:00,2025-06-23 09:00:00
1845,공부,,2025-06-23 09:00:00,2025-06-23 11:00:00
1846,공원,,2025-06-23 11:00:00,2025-06-23 14:00:00
1847,운동,,2025-06-23 14:00:00,2025-06-23 16:00:00
1848,공부,,2025-06-23 16:00:00,2025-06-23 19:00:00
1849,공원,,2025-06-23 19:00:00,2025-06-23 21:00:00
1850,운동,,2025-06-23 21:00:00,2025-06-23 22:00:00
1851,공부,,2025-06-23 22:00:00,2025-06-24 00:00:00
1852,점심식사,,2025-06-23 12:00:00,2025-06-23 13:00:00
1853,저녁식사,,2025-06-23 18:00:00,2025-06-23 19:00:00
1854,스포츠,,2025-06-24 08:00:00,2025-06-24 09:00:00
1855,공부,,2025-06-24 09:00:00,2025-06-24 11:00:00
1856,실내활동,,2025-06-24 11:00:00,2025-06-24 13:00:00
1857,스포츠,,2025-06-24 13:00:00,2025-06-24 16:00:00
1858,공부,,2025-06-24 16:00:00,2025-06-24 18:00:00
1859,저녁식사,,2025-06-24 18:00:00,2025-06-24 19:00:00
1860,실내활동,,2025-06-24 19:00:00,2025-06-24 21:00:00
1861,스포츠,,2025-06-24 21:00:00,2025-06-24 23:00:00
1862,공부,,2025-06-24 23:00:00,2025-06-25 00:00:00
1863,점심식사,,2025-06-24 12:00:00,2025-06-24 13:00:00
1864,관람,,2025-06-25 08:00:00,2025-06-25 10:00:00
1865,운동,,2025-06-25 10:00:00,2025-06-25 12:00:00
1866,점심식사,,2025-06-25 12:00:00,2025-06-25 13:00:00
1867,실내활동,,2025-06-25 13:00:00,2025-06-25 15:00:00
1868,관람,,2025-06-25 15:00:00,2025-06-25 17:00:00
1869,운동,,2025-06-25 17:00:00,2025-06-25 19:00:00
1870,실내활동,,2025-06-25 19:00:00,2025-06-25 22:00:00
1871,관람,,2025-06-25 22:00:00,2025-06-25 23:00:00
1872,운동,,2025-06-25 23:00:00,2025-06-26 00:00:00
1873,저녁식사,,2025-06-25 18:00:00,2025-06-25 19:00:00
1874,운동,,2025-06-26 08:00:00,2025-06-26 11:00:00
1875,공부,,2025-06-26 11:00:00,2025-06-26 13:00:00
1876,공원,,2025-06-26 13:00:00,2025-06-26 14:00:00
1877,운동,,2025-06-26 14:00:00,2025-06-26 16:00:00
1878,공부,,2025-06-26 16:00:00,2025-06-26 18:00:00
1879,저녁식사,,2025-06-26 18:00:00,2025-06-26 19:00:00
1880,공원,,2025-06-26 19:00:00,2025-06-26 21:00:00
1881,운동,,2025-06-26 21:00:00,2025-06-26 23:00:00
1882,공부,,2025-06-26 23:00:00,2025-06-27 00:00:00
1883,점심식사,,2025-06-26 12:00:00,2025-06-26 13:00:00
1884,스포츠,,2025-06-27 08:00:00,2025-06-27 09:00:00
1885,공부,,2025-06-27 09:00:00,2025-06-27 12:00:00
1886,점심식사,,2025-06-27 12:00:00,2025-06-27 13:00:00
1887,실내활동,,2025-06-27 13:00:00,2025-06-27 16:00:00
1888,스포츠,,2025-06-27 16:00:00,2025-06-27 18:00:00
1889,저녁식사,,2025-06-27 18:00:00,2025-06-27 19:00:00
1890,공부,,2025-06-27 19:00:00,2025-06-27 20:00:00
1891,실내활동,,2025-06-27 20:00:00,2025-06-27 21:00:00
1892,스포츠,,2025-06-27 21:00:00,2025-06-28 00:00:00
1893,관람,,2025-06-28 08:00:00,2025-06-28 09:00:00
1894,운동,,2025-06-28 09:00:00,2025-06-28 11:00:00
1895,실내활동,,2025-06-28 11:00:00,2025-06-28 13:00:00
1896,관람,,2025-06-28 13:00:00,2025-06-28 14:00:00
1897,운동,,2025-06-28 14:00:00,2025-06-28 17:00:00
1898,실내활동,,2025-06-28 17:00:00,2025-06-28 19:00:00
1899,관람,,2025-06-28 19:00:00,2025-06-28 20:00:00
1900,운동,,2025-06-28 20:00:00,2025-06-28 21:00:00
1901,실내활동,,2025-06-28 21:00:00,2025-06-28 22:00:00
1902,관람,,2025-06-28 22:00:00,2025-06-29 00:00:00
1903,점심식사,,2025-06-28 12:00:00,2025-06-28 13:00:00
1904,저녁식사,,2025-06-28 18:00:00,2025-06-28 19:00:00
1905,스포츠,,2025-06-29 08:00:00,2025-06-29 10:00:00
1906,공부,,2025-06-29 10:00:00,2025-06-29 12:00:00
1907,점심식사,,2025-06-29 12:00:00,2025-06-29 13:00:00
1908,실내활동,,2025-06-29 13:00:00,2025-06-29 16:00:00
1909,스포츠,,2025-06-29 16:00:00,2025-06-29 19:00:00
1910,공부,,2025-06-29 19:00:00,2025-06-29 20:00:00
1911,실내활동,,2025-06-29 20:00:00,2025-06-29 23:00:00
1912,스포츠,,2025-06-29 23:00:00,2025-06-30 00:00:00
1913,저녁식사,,2025-06-29 18:00:00,2025-06-29 19:00:00
1914,운동,,2025-06-30 08:00:00,2025-06-30 10:00:00
1915,공부,,2025-06-30 10:00:00,2025-06-30 13:00:00
1916,공원,,2025-06-30 13:00:00,2025-06-30 15:00:00
1917,운동,,2025-06-30 15:00:00,2025-06-30 16:00:00
1918,공부,,2025-06-30 16:00:00,2025-06-30 18:00:00
1919,저녁식사,,2025-06-30 18:00:00,2025-06-30 19:00:00
1920,공원,,2025-06-30 19:00:00,2025-06-30 22:00:00
1921,운동,,2025-06-30 22:00:00,2025-07-01 00:00:00
1922,점심식사,,2025-06-30 12:00:00,2025-06-30 13:00:00
1923,스포츠,,2025-07-01 08:00:00,2025-07-01 11:00:00
1924,공부,,2025-07-01 11:00:00,2025-07-01 13:00:00
1925,실내활동,,2025-07-01 13:00:00,2025-07-01 16:00:00
1926,스포츠,,2025-07-01 16:00:00,2025-07-01 19:00:00
1927,공부,,2025-07-01 19:00:00,2025-07-01 20:00:00
1928,실내활동,,2025-07-01 20:00:00,2025-07-01 23:00:00
1929,스포츠,,2025-07-01 23:00:00,2025-07-02 00:00:00
1930,점심식사,,2025-07-01 12:00:00,2025-07-01 13:00:00
1931,저녁식사,,2025-07-01 18:00:00,2025-07-01 19:00:00
1932,관람,,2025-07-02 08:00:00,2025-07-02 10:00:00
1933,운동,,2025-07-02 10:00:00,2025-07-02 11:00:00
1934,실내활동,,2025-07-02 11:00:00,2025-07-02 14:00:00
1935,관람,,2025-07-02 14:00:00,2025-07-02 15:00:00
1936,운동,,2025-07-02 15:00:00,2025-07-02 18:00:00
1937,저녁식사,,2025-07-02 18:00:00,2025-07-02 19:00:00
1938,실내활동,,2025-07-02 19:00:00,2025-07-02 20:00:00
1939,관람,,2025-07-02 20:00:00,2025-07-02 21:00:00
1940,운동,,2025-07-02 21:00:00,2025-07-03 00:00:00
1941,점심식사,,2025-07-02 12:00:00,2025-07-02 13:00:00
1942,운동,,2025-07-03 08:00:00,2025-07-03 11:00:00
1943,공부,,2025-07-03 11:00:00,2025-07-03 13:00:00
1944,공원,,2025-07-03 13:00:00,2025-07-03 15:00:00
1945,운동,,2025-07-03 15:00:00,2025-07-03 18:00:00
1946,저녁식사,,2025-07-03 18:00:00,2025-07-03 19:00:00
1947,공부,,2025-07-03 19:00:00,2025-07-03 21:00:00
1948,공원,,2025-07-03 21:00:00,2025-07-03 22:00:00
1949,운동,,2025-07-03 22:00:00,2025-07-04 00:00:00
1950,점심식사,,2025-07-03 12:00:00,2025-07-03 13:00:00
1951,스포츠,,2025-07-04 08:00:00,2025-07-04 10:00:00
1952,공부,,2025-07-04 10:00:00,2025-07-04 12:00:00
1953,점심식사,,2025-07-04 12:00:00,2025-07-04 13:00:00
1954,실내활동,,2025-07-04 13:00:00,2025-07-04 14:00:00
1955,스포츠,,2025-07-04 14:00:00,2025-07-04 16:00:00
1956,공부,,2025-07-04 16:00:00,2025-07-04 19:00:00
1957,실내활동,,2025-07-04 19:00:00,2025-07-04 21:00:00
1958,스포츠,,2025-07-04 21:00:00,2025-07-04 23:00:00
1959,공부,,2025-07-04 23:00:00,2025-07-05 00:00:00
1960,저녁식사,,2025-07-04 18:00:00,2025-07-04 19:00:00
1961,관람,,2025-07-05 08:00:00,2025-07-05 10:00:00
1962,운동,,2025-07-05 10:00:00,2025-07-05 11:00:00
1963,실내활동,,2025-07-05 11:00:00,2025-07-05 13:00:00
1964,관람,,2025-07-05 13:00:00,2025-07-05 14:00:00
1965,운동,,2025-07-05 14:00:00,2025-07-05 15:00:00
1966,실내활동,,2025-07-05 15:00:00,2025-07-05 17:00:00
1967,관람,,2025-07-05 17:00:00,2025-07-05 18:00:00
1968,저녁식사,,2025-07-05 18:00:00,2025-07-05 19:00:00
1969,운동,,2025-07-05 19:00:00,2025-07-05 21:00:00
1970,실내활동,,2025-07-05 21:00:00,2025-07-05 22:00:00
1971,관람,,2025-07-05 22:00:00,2025-07-05 23:00:00
1972,운동,,2025-07-05 23:00:00,2025-07-06 00:00:00
1973,점심식사,,2025-07-05 12:00:00,2025-07-05 13:00:00
1974,스포츠,,2025-07-06 08:00:00,2025-07-06 11:00:00
1975,공부,,2025-07-06 11:00:00,2025-07-06 13:00:00
1976,실내활동,,2025-07-06 13:00:00,2025-07-06 14:00:00
1977,스포츠,,2025-07-06 14:00:00,2025-07-06 17:00:00
1978,공부,,2025-07-06 17:00:00,2025-07-06 19:00:00
1979,실내활동,,2025-07-06 19:00:00,2025-07-06 22:00:00
1980,스포츠,,2025-07-06 22:00:00,2025-07-06 23:00:00
1981,공부,,2025-07-06 23:00:00,2025-07-07 00:00:00
1982,점심식사,,2025-07-06 12:00:00,2025-07-06 13:00:00
1983,저녁식사,,2025-07-06 18:00:00,2025-07-06 19:00:00
1984,운동,,2025-07-07 08:00:00,2025-07-07 09:00:00
1985,공부,,2025-07-07 09:00:00,2025-07-07 12:00:00
1986,점심식사,,2025-07-07 12:00:00,2025-07-07 13:00:00
1987,공원,,2025-07-07 13:00:00,2025-07-07 15:00:00
1988,운동,,2025-07-07 15:00:00,2025-07-07 18:00:00
1989,저녁식사,,2025-07-07 18:00:00,2025-07-07 19:00:00
1990,공부,,2025-07-07 19:00:00,2025-07-07 20:00:00
1991,공원,,2025-07-07 20:00:00,2025-07-07 21:00:00
1992,운동,,2025-07-07 21:00:00,2025-07-07 22:00:00
1993,공부,,2025-07-07 22:00:00,2025-07-08 00:00:00
1994,스포츠,,2025-07-08 08:00:00,2025-07-08 09:00:00
1995,공부,,2025-07-08 09:00:00,2025-07-08 11:00:00
1996,실내활동,,2025-07-08 11:00:00,2025-07-08 14:00:00
1997,스포츠,,2025-07-08 14:00:00,2025-07-08 16:00:00
1998,공부,,2025-07-08 16:00:00,2025-07-08 17:00:00
1999,실내활동,,2025-07-08 17:00:00,2025-07-08 18:00:00
2000,저녁식사,,2025-07-08 18:00:00,2025-07-08 19:00:00
2001,스포츠,,2025-07-08 19:00:00,2025-07-08 22:00:00
2002,공부,,2025-07-08 22:00:00,2025-07-08 23:00:00
2003,실내활동,,2025-07-08 23:00:00,2025-07-09 00:00:00
2004,점심식사,,2025-07-08 12:00:00,2025-07-08 13:00:00
2005,관람,,2025-07-09 08:00:00,2025-07-09 11:00:00
2006,운동,,2025-07-09 11:00:00,2025-07-09 14:00:00
2007,실내활동,,2025-07-09 14:00:00,2025-07-09 16:00:00
2008,관람,,2025-07-09 16:00:00,2025-07-09 17:00:00
2009,운동,,2025-07-09 17:00:00,2025-07-09 18:00:00
2010,저녁식사,,2025-07-09 18:00:00,2025-07-09 19:00:00
2011,실내활동,,2025-07-09 19:00:00,2025-07-09 21:00:00
2012,관람,,2025-07-09 21:00:00,2025-07-09 22:00:00
2013,운동,,2025-07-09 22:00:00,2025-07-10 00:00:00
2014,점심식사,,2025-07-09 12:00:00,2025-07-09 13:00:00
2015,운동,,2025-07-10 08:00:00,2025-07-10 10:00:00
2016,공부,,2025-07-10 10:00:00,2025-07-10 11:00:00
2017,공원,,2025-07-10 11:00:00,2025-07-10 12:00:00
2018,점심식사,,2025-07-10 12:00:00,2025-07-10 13:00:00
2019,운동,,2025-07-10 13:00:00,2025-07-10 15:00:00
2020,공부,,2025-07-10 15:00:00,2025-07-10 16:00:00
2021,공원,,2025-07-10 16:00:00,2025-07-10 17:00:00
2022,운동,,2025-07-10 17:00:00,2025-07-10 20:00:00
2023,공부,,2025-07-10 20:00:00,2025-07-10 21:00:00
2024,공원,,2025-07-10 21:00:00,2025-07-10 22:00:00
2025,운동,,2025-07-10 22:00:00,2025-07-10 23:00:00
2026,공부,,2025-07-10 23:00:00,2025-07-11 00:00:00
2027,저녁식사,,2025-07-10 18:00:00,2025-07-10 19:00:00
2028,스포츠,,2025-07-11 08:00:00,2025-07-11 09:00:00
2029,공부,,2025-07-11 09:00:00,2025-07-11 11:00:00
2030,실내활동,,2025-07-11 11:00:00,2025-07-11 13:00:00
2031,스포츠,,2025-07-11 13:00:00,2025-07-11 14:00:00
2032,공부,,2025-07-11 14:00:00,2025-07-11 16:00:00
2033,실내활동,,2025-07-11 16:00:00,2025-07-11 18:00:00
2034,저녁식사,,2025-07-11 18:00:00,2025-07-11 19:00:00
2035,스포츠,,2025-07-11 19:00:00,2025-07-11 20:00:00
2036,공부,,2025-07-11 20:00:00,2025-07-11 21:00:00
2037,실내활동,,2025-07-11 21:00:00,2025-07-12 00:00:00
2038,점심식사,,2025-07-11 12:00:00,2025-07-11 13:00:00
2039,관람,,2025-07-12 08:00:00,2025-07-12 11:00:00
2040,운동,,2025-07-12 11:00:00,2025-07-12 14:00:00
2041,실내활동,,2025-07-12 14:00:00,2025-07-12 17:00:00
2042,관람,,2025-07-12 17:00:00,2025-07-12 19:00:00
2043,운동,,2025-07-12 19:00:00,2025-07-12 21:00:00
2044,실내활동,,2025-07-12 21:00:00,2025-07-12 22:00:00
2045,관람,,2025-07-12 22:00:00,2025-07-13 00:00:00
2046,점심식사,,2025-07-12 12:00:00,2025-07-12 13:00:00
2047,저녁식사,,2025-07-12 18:00:00,2025-07-12 19:00:00
2048,스포츠,,2025-07-13 08:00:00,2025-07-13 11:00:00
2049,공부,,2025-07-13 11:00:00,2025-07-13 12:00:00
2050,점심식사,,2025-07-13 12:00:00,2025-07-13 13:00:00
2051,실내활동,,2025-07-13 13:00:00,2025-07-13 15:00:00
2052,스포츠,,2025-07-13 15:00:00,2025-07-13 18:00:00
2053,저녁식사,,2025-07-13 18:00:00,2025-07-13 19:00:00
2054,공부,,2025-07-13 19:00:00,2025-07-13 22:00:00
2055,실내활동,,2025-07-13 22:00:00,2025-07-14 00:00:00
2056,운동,,2025-07-14 08:00:00,2025-07-14 10:00:00
2057,공부,,2025-07-14 10:00:00,2025-07-14 12:00:00
2058,점심식사,,2025-07-14 12:00:00,2025-07-14 13:00:00
2059,공원,,2025-07-14 13:00:00,2025-07-14 14:00:00
2060,운동,,2025-07-14 14:00:00,2025-07-14 15:00:00
2061,공부,,2025-07-14 15:00:00,2025-07-14 16:00:00
2062,공원,,2025-07-14 16:00:00,2025-07-14 19:00:00
2063,운동,,2025-07-14 19:00:00,2025-07-14 22:00:00
2064,공부,,2025-07-14 22:00:00,2025-07-15 00:00:00
2065,저녁식사,,2025-07-14 18:00:00,2025-07-14 19:00:00
2066,스포츠,,2025-07-15 08:00:00,2025-07-15 11:00:00
2067,공부,,2025-07-15 11:00:00,2025-07-15 13:00:00
2068,실내활동,,2025-07-15 13:00:00,2025-07-15 16:00:00
2069,스포츠,,2025-07-15 16:00:00,2025-07-15 19:00:00
2070,공부,,2025-07-15 19:00:00,2025-07-15 22:00:00
2071,실내활동,,2025-07-15 22:00:00,2025-07-16 00:00:00
2072,점심식사,,2025-07-15 12:00:00,2025-07-15 13:00:00
2073,저녁식사,,2025-07-15 18:00:00,2025-07-15 19:00:00
2074,관람,,2025-07-16 08:00:00,2025-07-16 11:00:00
2075,운동,,2025-07-16 11:00:00,2025-07-16 12:00:00
2076,점심식사,,2025-07-16 12:00:00,2025-07-16 13:00:00
2077,실내활동,,2025-07-16 13:00:00,2025-07-16 14:00:00
2078,관람,,2025-07-16 14:00:00,2025-07-16 17:00:00
2079,운동,,2025-07-16 17:00:00,2025-07-16 20:00:00
2080,실내활동,,2025-07-16 20:00:00,2025-07-16 21:00:00
2081,관람,,2025-07-16 21:00:00,2025-07-16 23:00:00
2082,운동,,2025-07-16 23:00:00,2025-07-17 00:00:00
2083,저녁식사,,2025-07-16 18:00:00,2025-07-16 19:00:00
2084,운동,,2025-07-17 08:00:00,2025-07-17 11:00:00
2085,공부,,2025-07-17 11:00:00,2025-07-17 12:00:00
2086,점심식사,,2025-07-17 12:00:00,2025-07-17 13:00:00
2087,공원,,2025-07-17 13:00:00,2025-07-17 15:00:00
2088,운동,,2025-07-17 15:00:00,2025-07-17 17:00:00
2089,공부,,2025-07-17 17:00:00,2025-07-17 19:00:00
2090,공원,,2025-07-17 19:00:00,2025-07-17 20:00:00
2091,운동,,2025-07-17 20:00:00,2025-07-17 22:00:00
2092,공부,,2025-07-17 22:00:00,2025-07-17 23:00:00
2093,공원,,2025-07-17 23:00:00,2025-07-18 00:00:00
2094,저녁식사,,2025-07-17 18:00:00,2025-07-17 19:00:00
2095,스포츠,,2025-07-18 08:00:00,2025-07-18 09:00:00
2096,공부,,2025-07-18 09:00:00,2025-07-18 12:00:00
2097,점심식사,,2025-07-18 12:00:00,2025-07-18 13:00:00
2098,실내활동,,2025-07-18 13:00:00,2025-07-18 15:00:00
2099,스포츠,,2025-07-18 15:00:00,2025-07-18 17:00:00
2100,공부,,2025-07-18 17:00:00,2025-07-18 19:00:00
2101,실내활동,,2025-07-18 19:00:00,2025-07-18 21:00:00
2102,스포츠,,2025-07-18 21:00:00,2025-07-18 22:00:00
2103,공부,,2025-07-18 22:00:00,2025-07-19 00:00:00
2104,저녁식사,,2025-07-18 18:00:00,2025-07-18 19:00:00
2105,관람,,2025-07-19 08:00:00,2025-07-19 11:00:00
2106,운동,,2025-07-19 11:00:00,2025-07-19 12:00:00
2107,점심식사,,2025-07-19 12:00:00,2025-07-19 13:00:00
2108,실내활동,,2025-07-19 13:00:00,2025-07-19 14:00:00
2109,관람,,2025-07-19 14:00:00,2025-07-19 16:00:00
2110,운동,,2025-07-19 16:00:00,2025-07-19 18:00:00
2111,저녁식사,,2025-07-19 18:00:00,2025-07-19 19:00:00
2112,실내활동,,2025-07-19 19:00:00,2025-07-19 20:00:00
2113,관람,,2025-07-19 20:00:00,2025-07-19 21:00:00
2114,운동,,2025-07-19 21:00:00,2025-07-19 23:00:00
2115,실내활동,,2025-07-19 23:00:00,2025-07-20 00:00:00
2116,스포츠,,2025-07-20 08:00:00,2025-07-20 09:00:00
2117,공부,,2025-07-20 09:00:00,2025-07-20 12:00:00
2118,점심식사,,2025-07-20 12:00:00,2025-07-20 13:00:00
2119,실내활동,,2025-07-20 13:00:00,2025-07-20 16:00:00
2120,스포츠,,2025-07-20 16:00:00,2025-07-20 19:00:00
2121,공부,,2025-07-20 19:00:00,2025-07-20 22:00:00
2122,실내활동,,2025-07-20 22:00:00,2025-07-21 00:00:00
2123,저녁식사,,2025-07-20 18:00:00,2025-07-20 19:00:00
2124,운동,,2025-07-21 08:00:00,2025-07-21 09:00:00
2125,공부,,2025-07-21 09:00:00,2025-07-21 12:00:00
2126,점심식사,,2025-07-21 12:00:00,2025-07-21 13:00:00
2127,공원,,2025-07-21 13:00:00,2025-07-21 15:00:00
2128,운동,,2025-07-21 15:00:00,2025-07-21 16:00:00
2129,공부,,2025-07-21 16:00:00,2025-07-21 19:00:00
2130,공원,,2025-07-21 19:00:00,2025-07-21 20:00:00
2131,운동,,2025-07-21 20:00:00,2025-07-21 22:00:00
2132,공부,,2025-07-21 22:00:00,2025-07-22 00:00:00
2133,저녁식사,,2025-07-21 18:00:00,2025-07-21 19:00:00
2134,스포츠,,2025-07-22 08:00:00,2025-07-22 11:00:00
2135,공부,,2025-07-22 11:00:00,2025-07-22 12:00:00
2136,점심식사,,2025-07-22 12:00:00,2025-07-22 13:00:00
2137,실내활동,,2025-07-22 13:00:00,2025-07-22 15:00:00
2138,스포츠,,2025-07-22 15:00:00,2025-07-22 17:00:00
2139,공부,,2025-07-22 17:00:00,2025-07-22 19:00:00
2140,실내활동,,2025-07-22 19:00:00,2025-07-22 20:00:00
2141,스포츠,,2025-07-22 20:00:00,2025-07-22 21:00:00
2142,공부,,2025-07-22 21:00:00,2025-07-22 22:00:00
2143,실내활동,,2025-07-22 22:00:00,2025-07-22 23:00:00
2144,스포츠,,2025-07-22 23:00:00,2025-07-23 00:00:00
2145,저녁식사,,2025-07-22 18:00:00,2025-07-22 19:00:00
2146,관람,,2025-07-23 08:00:00,2025-07-23 11:00:00
2147,운동,,2025-07-23 11:00:00,2025-07-23 14:00:00
2148,실내활동,,2025-07-23 14:00:00,2025-07-23 16:00:00
2149,관람,,2025-07-23 16:00:00,2025-07-23 18:00:00
2150,저녁식사,,2025-07-23 18:00:00,2025-07-23 19:00:00
2151,운동,,2025-07-23 19:00:00,2025-07-23 22:00:00
2152,실내활동,,2025-07-23 22:00:00,2025-07-24 00:00:00
2153,점심식사,,2025-07-23 12:00:00,2025-07-23 13:00:00
2154,운동,,2025-07-24 08:00:00,2025-07-24 09:00:00
2155,공부,,2025-07-24 09:00:00,2025-07-24 11:00:00
2156,공원,,2025-07-24 11:00:00,2025-07-24 13:00:00
2157,운동,,2025-07-24 13:00:00,2025-07-24 16:00:00
2158,공부,,2025-07-24 16:00:00,2025-07-24 17:00:00
2159,공원,,2025-07-24 17:00:00,2025-07-24 20:00:00
2160,운동,,2025-07-24 20:00:00,2025-07-24 23:00:00
2161,공부,,2025-07-24 23:00:00,2025-07-25 00:00:00
2162,점심식사,,2025-07-24 12:00:00,2025-07-24 13:00:00
2163,저녁식사,,2025-07-24 18:00:00,2025-07-24 19:00:00
2164,스포츠,,2025-07-25 08:00:00,2025-07-25 09:00:00
2165,공부,,2025-07-25 09:00:00,2025-07-25 11:00:00
2166,실내활동,,2025-07-25 11:00:00,2025-07-25 14:00:00
2167,스포츠,,2025-07-25 14:00:00,2025-07-25 17:00:00
2168,공부,,2025-07-25 17:00:00,2025-07-25 18:00:00
2169,저녁식사,,2025-07-25 18:00:00,2025-07-25 19:00:00
2170,실내활동,,2025-07-25 19:00:00,2025-07-25 22:00:00
2171,스포츠,,2025-07-25 22:00:00,2025-07-26 00:00:00
2172,점심식사,,2025-07-25 12:00:00,2025-07-25 13:00:00
2173,관람,,2025-07-26 08:00:00,2025-07-26 10:00:00
2174,운동,,2025-07-26 10:00:00,2025-07-26 11:00:00
2175,실내활동,,2025-07-26 11:00:00,2025-07-26 12:00:00
2176,점심식사,,2025-07-26 12:00:00,2025-07-26 13:00:00
2177,관람,,2025-07-26 13:00:00,2025-07-26 14:00:00
2178,운동,,2025-07-26 14:00:00,2025-07-26 15:00:00
2179,실내활동,,2025-07-26 15:00:00,2025-07-26 16:00:00
2180,관람,,2025-07-26 16:00:00,2025-07-26 18:00:00
2181,저녁식사,,2025-07-26 18:00:00,2025-07-26 19:00:00
2182,운동,,2025-07-26 19:00:00,2025-07-26 22:00:00
2183,실내활동,,2025-07-26 22:00:00,2025-07-27 00:00:00
2184,스포츠,,2025-07-27 08:00:00,2025-07-27 10:00:00
2185,공부,,2025-07-27 10:00:00,2025-07-27 12:00:00
2186,점심식사,,2025-07-27 12:00:00,2025-07-27 13:00:00
2187,실내활동,,2025-07-27 13:00:00,2025-07-27 16:00:00
2188,스포츠,,2025-07-27 16:00:00,2025-07-27 19:00:00
2189,공부,,2025-07-27 19:00:00,2025-07-27 22:00:00
2190,실내활동,,2025-07-27 22:00:00,2025-07-28 00:00:00
2191,저녁식사,,2025-07-27 18:00:00,2025-07-27 19:00:00
2192,운동,,2025-07-28 08:00:00,2025-07-28 10:00:00
2193,공부,,2025-07-28 10:00:00,2025-07-28 11:00:00
2194,공원,,2025-07-28 11:00:00,2025-07-28 13:00:00
2195,운동,,2025-07-28 13:00:00,2025-07-28 16:00:00
2196,공부,,2025-07-28 16:00:00,2025-07-28 17:00:00
2197,공원,,2025-07-28 17:00:00,2025-07-28 19:00:00
2198,운동,,2025-07-28 19:00:00,2025-07-28 22:00:00
2199,공부,,2025-07-28 22:00:00,2025-07-29 00:00:00
2200,점심식사,,2025-07-28 12:00:00,2025-07-28 13:00:00
2201,저녁식사,,2025-07-28 18:00:00,2025-07-28 19:00:00
2202,스포츠,,2025-07-29 08:00:00,2025-07-29 11:00:00
2203,공부,,2025-07-29 11:00:00,2025-07-29 13:00:00
2204,실내활동,,2025-07-29 13:00:00,2025-07-29 14:00:00
2205,스포츠,,2025-07-29 14:00:00,2025-07-29 15:00:00
2206,공부,,2025-07-29 15:00:00,2025-07-29 17:00:00
2207,실내활동,,2025-07-29 17:00:00,2025-07-29 20:00:00
2208,스포츠,,2025-07-29 20:00:00,2025-07-29 21:00:00
2209,공부,,2025-07-29 21:00:00,2025-07-30 00:00:00
2210,점심식사,,2025-07-29 12:00:00,2025-07-29 13:00:00
2211,저녁식사,,2025-07-29 18:00:00,2025-07-29 19:00:00
2212,관람,,2025-07-30 08:00:00,2025-07-30 09:00:00
2213,운동,,2025-07-30 09:00:00,2025-07-30 10:00:00
2214,실내활동,,2025-07-30 10:00:00,2025-07-30 12:00:00
2215,점심식사,,2025-07-30 12:00:00,2025-07-30 13:00:00
2216,관람,,2025-07-30 13:00:00,2025-07-30 15:00:00
2217,운동,,2025-07-30 15:00:00,2025-07-30 18:00:00
2218,저녁식사,,2025-07-30 18:00:00,2025-07-30 19:00:00
2219,실내활동,,2025-07-30 19:00:00,2025-07-30 22:00:00
2220,관람,,2025-07-30 22:00:00,2025-07-31 00:00:00
2221,운동,,2025-07-31 08:00:00,2025-07-31 09:00:00
2222,공부,,2025-07-31 09:00:00,2025-07-31 10:00:00
2223,공원,,2025-07-31 10:00:00,2025-07-31 12:00:00
2224,점심식사,,2025-07-31 12:00:00,2025-07-31 13:00:00
2225,운동,,2025-07-31 13:00:00,2025-07-31 14:00:00
2226,공부,,2025-07-31 14:00:00,2025-07-31 16:00:00
2227,공원,,2025-07-31 16:00:00,2025-07-31 18:00:00
2228,저녁식사,,2025-07-31 18:00:00,2025-07-31 19:00:00
2229,운동,,2025-07-31 19:00:00,2025-07-31 21:00:00
2230,공부,,2025-07-31 21:00:00,2025-07-31 22:00:00
2231,공원,,2025-07-31 22:00:00,2025-07-31 23:00:00
2232,운동,,2025-07-31 23:00:00,2025-08-01 00:00:00
2233,스포츠,,2025-08-01 08:00:00,2025-08-01 11:00:00
2234,공부,,2025-08-01 11:00:00,2025-08-01 13:00:00
2235,실내활동,,2025-08-01 13:00:00,2025-08-01 16:00:00
2236,스포츠,,2025-08-01 16:00:00,2025-08-01 19:00:00
2237,공부,,2025-08-01 19:00:00,2025-08-01 22:00:00
2238,실내활동,,2025-08-01 22:00:00,2025-08-01 23:00:00
2239,스포츠,,2025-08-01 23:00:00,2025-08-02 00:00:00
2240,점심식사,,2025-08-01 12:00:00,2025-08-01 13:00:00
2241,저녁식사,,2025-08-01 18:00:00,2025-08-01 19:00:00
2242,관람,,2025-08-02 08:00:00,2025-08-02 09:00:00
2243,운동,,2025-08-02 09:00:00,2025-08-02 10:00:00
2244,실내활동,,2025-08-02 10:00:00,2025-08-02 11:00:00
2245,관람,,2025-08-02 11:00:00,2025-08-02 14:00:00
2246,운동,,2025-08-02 14:00:00,2025-08-02 17:00:00
2247,실내활동,,2025-08-02 17:00:00,2025-08-02 19:00:00
2248,관람,,2025-08-02 19:00:00,2025-08-02 20:00:00
2249,운동,,2025-08-02 20:00:00,2025-08-02 22:00:00
2250,실내활동,,2025-08-02 22:00:00,2025-08-02 23:00:00
2251,관람,,2025-08-02 23:00:00,2025-08-03 00:00:00
2252,점심식사,,2025-08-02 12:00:00,2025-08-02 13:00:00
2253,저녁식사,,2025-08-02 18:00:00,2025-08-02 19:00:00
2254,스포츠,,2025-08-03 08:00:00,2025-08-03 11:00:00
2255,공부,,2025-08-03 11:00:00,2025-08-03 12:00:00
2256,점심식사,,2025-08-03 12:00:00,2025-08-03 13:00:00
2257,실내활동,,2025-08-03 13:00:00,2025-08-03 15:00:00
2258,스포츠,,2025-08-03 15:00:00,2025-08-03 17:00:00
2259,공부,,2025-08-03 17:00:00,2025-08-03 18:00:00
2260,저녁식사,,2025-08-03 18:00:00,2025-08-03 19:00:00
2261,실내활동,,2025-08-03 19:00:00,2025-08-03 21:00:00
2262,스포츠,,2025-08-03 21:00:00,2025-08-03 22:00:00
2263,공부,,2025-08-03 22:00:00,2025-08-03 23:00:00
2264,실내활동,,2025-08-03 23:00:00,2025-08-04 00:00:00
2265,운동,,2025-08-04 08:00:00,2025-08-04 10:00:00
2266,공부,,2025-08-04 10:00:00,2025-08-04 11:00:00
2267,공원,,2025-08-04 11:00:00,2025-08-04 13:00:00
2268,운동,,2025-08-04 13:00:00,2025-08-04 16:00:00
2269,공부,,2025-08-04 16:00:00,2025-08-04 18:00:00
2270,저녁식사,,2025-08-04 18:00:00,2025-08-04 19:00:00
2271,공원,,2025-08-04 19:00:00,2025-08-04 21:00:00
2272,운동,,2025-08-04 21:00:00,2025-08-04 22:00:00
2273,공부,,2025-08-04 22:00:00,2025-08-04 23:00:00
2274,공원,,2025-08-04 23:00:00,2025-08-05 00:00:00
2275,점심식사,,2025-08-04 12:00:00,2025-08-04 13:00:00
2276,스포츠,,2025-08-05 08:00:00,2025-08-05 10:00:00
2277,공부,,2025-08-05 10:00:00,2025-08-05 12:00:00
2278,점심식사,,2025-08-05 12:00:00,2025-08-05 13:00:00
2279,실내활동,,2025-08-05 13:00:00,2025-08-05 16:00:00
2280,스포츠,,2025-08-05 16:00:00,2025-08-05 18:00:00
2281,저녁식사,,2025-08-05 18:00:00,2025-08-05 19:00:00
2282,공부,,2025-08-05 19:00:00,2025-08-05 20:00:00
2283,실내활동,,2025-08-05 20:00:00,2025-08-05 22:00:00
2284,스포츠,,2025-08-05 22:00:00,2025-08-06 00:00:00
2285,관람,,2025-08-06 08:00:00,2025-08-06 10:00:00
2286,운동,,2025-08-06 10:00:00,2025-08-06 13:00:00
2287,실내활동,,2025-08-06 13:00:00,2025-08-06 15:00:00
2288,관람,,2025-08-06 15:00:00,2025-08-06 17:00:00
2289,운동,,2025-08-06 17:00:00,2025-08-06 20:00:00
2290,실내활동,,2025-08-06 20:00:00,2025-08-06 22:00:00
2291,관람,,2025-08-06 22:00:00,2025-08-07 00:00:00
2292,점심식사,,2025-08-06 12:00:00,2025-08-06 13:00:00
2293,저녁식사,,2025-08-06 18:00:00,2025-08-06 19:00:00
2294,운동,,2025-08-07 08:00:00,2025-08-07 09:00:00
2295,공부,,2025-08-07 09:00:00,2025-08-07 11:00:00
2296,공원,,2025-08-07 11:00:00,2025-08-07 13:00:00
2297,운동,,2025-08-07 13:00:00,2025-08-07 16:00:00
2298,공부,,2025-08-07 16:00:00,2025-08-07 17:00:00
2299,공원,,2025-08-07 17:00:00,2025-08-07 19:00:00
2300,운동,,2025-08-07 19:00:00,2025-08-07 22:00:00
2301,공부,,2025-08-07 22:00:00,2025-08-08 00:00:00
2302,점심식사,,2025-08-07 12:00:00,2025-08-07 13:00:00
2303,저녁식사,,2025-08-07 18:00:00,2025-08-07 19:00:00
2304,스포츠,,2025-08-08 08:00:00,2025-08-08 09:00:00
2305,공부,,2025-08-08 09:00:00,2025-08-08 11:00:00
2306,실내활동,,2025-08-08 11:00:00,2025-08-08 14:00:00
2307,스포츠,,2025-08-08 14:00:00,2025-08-08 15:00:00
2308,공부,,2025-08-08 15:00:00,2025-08-08 17:00:00
2309,실내활동,,2025-08-08 17:00:00,2025-08-08 18:00:00
2310,저녁식사,,2025-08-08 18:00:00,2025-08-08 19:00:00
2311,스포츠,,2025-08-08 19:00:00,2025-08-08 22:00:00
2312,공부,,2025-08-08 22:00:00,2025-08-09 00:00:00
2313,점심식사,,2025-08-08 12:00:00,2025-08-08 13:00:00
2314,관람,,2025-08-09 08:00:00,2025-08-09 09:00:00
2315,운동,,2025-08-09 09:00:00,2025-08-09 10:00:00
2316,실내활동,,2025-08-09 10:00:00,2025-08-09 11:00:00
2317,관람,,2025-08-09 11:00:00,2025-08-09 13:00:00
2318,운동,,2025-08-09 13:00:00,2025-08-09 14:00:00
2319,실내활동,,2025-08-09 14:00:00,2025-08-09 15:00:00
2320,관람,,2025-08-09 15:00:00,2025-08-09 17:00:00
2321,운동,,2025-08-09 17:00:00,2025-08-09 19:00:00
2322,실내활동,,2025-08-09 19:00:00,2025-08-09 20:00:00
2323,관람,,2025-08-09 20:00:00,2025-08-09 23:00:00
2324,운동,,2025-08-09 23:00:00,2025-08-10 00:00:00
2325,점심식사,,2025-08-09 12:00:00,2025-08-09 13:00:00
2326,저녁식사,,2025-08-09 18:00:00,2025-08-09 19:00:00
2327,스포츠,,2025-08-10 08:00:00,2025-08-10 10:00:00
2328,공부,,2025-08-10 10:00:00,2025-08-10 13:00:00
2329,실내활동,,2025-08-10 13:00:00,2025-08-10 15:00:00
2330,스포츠,,2025-08-10 15:00:00,2025-08-10 18:00:00
2331,저녁식사,,2025-08-10 18:00:00,2025-08-10 19:00:00
2332,공부,,2025-08-10 19:00:00,2025-08-10 22:00:00
2333,실내활동,,2025-08-10 22:00:00,2025-08-11 00:00:00
2334,점심식사,,2025-08-10 12:00:00,2025-08-10 13:00:00
2335,운동,,2025-08-11 08:00:00,2025-08-11 09:00:00
2336,공부,,2025-08-11 09:00:00,2025-08-11 12:00:00
2337,점심식사,,2025-08-11 12:00:00,2025-08-11 13:00:00
2338,공원,,2025-08-11 13:00:00,2025-08-11 14:00:00
2339,운동,,2025-08-11 14:00:00,2025-08-11 16:00:00
2340,공부,,2025-08-11 16:00:00,2025-08-11 17:00:00
2341,공원,,2025-08-11 17:00:00,2025-08-11 20:00:00
2342,운동,,2025-08-11 20:00:00,2025-08-11 21:00:00
2343,공부,,2025-08-11 21:00:00,2025-08-11 22:00:00
2344,공원,,2025-08-11 22:00:00,2025-08-11 23:00:00
2345,운동,,2025-08-11 23:00:00,2025-08-12 00:00:00
2346,저녁식사,,2025-08-11 18:00:00,2025-08-11 19:00:00
2347,스포츠,,2025-08-12 08:00:00,2025-08-12 11:00:00
2348,공부,,2025-08-12 11:00:00,2025-08-12 14:00:00
2349,실내활동,,2025-08-12 14:00:00,2025-08-12 16:00:00
2350,스포츠,,2025-08-12 16:00:00,2025-08-12 19:00:00
2351,공부,,2025-08-12 19:00:00,2025-08-12 21:00:00
2352,실내활동,,2025-08-12 21:00:00,2025-08-12 22:00:00
2353,스포츠,,2025-08-12 22:00:00,2025-08-13 00:00:00
2354,점심식사,,2025-08-12 12:00:00,2025-08-12 13:00:00
2355,저녁식사,,2025-08-12 18:00:00,2025-08-12 19:00:00
2356,관람,,2025-08-13 08:00:00,2025-08-13 11:00:00
2357,운동,,2025-08-13 11:00:00,2025-08-13 14:00:00
2358,실내활동,,2025-08-13 14:00:00,2025-08-13 17:00:00
2359,관람,,2025-08-13 17:00:00,2025-08-13 18:00:00
2360,저녁식사,,2025-08-13 18:00:00,2025-08-13 19:00:00
2361,운동,,2025-08-13 19:00:00,2025-08-13 20:00:00
2362,실내활동,,2025-08-13 20:00:00,2025-08-13 21:00:00
2363,관람,,2025-08-13 21:00:00,2025-08-13 23:00:00
2364,운동,,2025-08-13 23:00:00,2025-08-14 00:00:00
2365,점심식사,,2025-08-13 12:00:00,2025-08-13 13:00:00
2366,운동,,2025-08-14 08:00:00,2025-08-14 11:00:00
2367,공부,,2025-08-14 11:00:00,2025-08-14 14:00:00
2368,공원,,2025-08-14 14:00:00,2025-08-14 15:00:00
2369,운동,,2025-08-14 15:00:00,2025-08-14 17:00:00
2370,공부,,2025-08-14 17:00:00,2025-08-14 20:00:00
2371,공원,,2025-08-14 20:00:00,2025-08-14 23:00:00
2372,운동,,2025-08-14 23:00:00,2025-08-15 00:00:00
2373,점심식사,,2025-08-14 12:00:00,2025-08-14 13:00:00
2374,저녁식사,,2025-08-14 18:00:00,2025-08-14 19:00:00
2375,스포츠,,2025-08-15 08:00:00,2025-08-15 10:00:00
2376,공부,,2025-08-15 10:00:00,2025-08-15 11:00:00
2377,실내활동,,2025-08-15 11:00:00,2025-08-15 13:00:00
2378,스포츠,,2025-08-15 13:00:00,2025-08-15 15:00:00
2379,공부,,2025-08-15 15:00:00,2025-08-15 18:00:00
2380,저녁식사,,2025-08-15 18:00:00,2025-08-15 19:00:00
2381,실내활동,,2025-08-15 19:00:00,2025-08-15 20:00:00
2382,스포츠,,2025-08-15 20:00:00,2025-08-15 23:00:00
2383,공부,,2025-08-15 23:00:00,2025-08-16 00:00:00
2384,점심식사,,2025-08-15 12:00:00,2025-08-15 13:00:00
2385,관람,,2025-08-16 08:00:00,2025-08-16 11:00:00
2386,운동,,2025-08-16 11:00:00,2025-08-16 13:00:00
2387,실내활동,,2025-08-16 13:00:00,2025-08-16 15:00:00
2388,관람,,2025-08-16 15:00:00,2025-08-16 18:00:00
2389,저녁식사,,2025-08-16 18:00:00,2025-08-16 19:00:00
2390,운동,,2025-08-16 19:00:00,2025-08-16 20:00:00
2391,실내활동,,2025-08-16 20:00:00,2025-08-16 23:00:00
2392,관람,,2025-08-16 23:00:00,2025-08-17 00:00:00
2393,점심식사,,2025-08-16 12:00:00,2025-08-16 13:00:00
2394,스포츠,,2025-08-17 08:00:00,2025-08-17 10:00:00
2395,공부,,2025-08-17 10:00:00,2025-08-17 11:00:00
2396,실내활동,,2025-08-17 11:00:00,2025-08-17 14:00:00
2397,스포츠,,2025-08-17 14:00:00,2025-08-17 16:00:00
2398,공부,,2025-08-17 16:00:00,2025-08-17 19:00:00
2399,실내활동,,2025-08-17 19:00:00,2025-08-17 20:00:00
2400,스포츠,,2025-08-17 20:00:00,2025-08-17 22:00:00
2401,공부,,2025-08-17 22:00:00,2025-08-18 00:00:00
2402,점심식사,,2025-08-17 12:00:00,2025-08-17 13:00:00
2403,저녁식사,,2025-08-17 18:00:00,2025-08-17 19:00:00
2404,운동,,2025-08-18 08:00:00,2025-08-18 10:00:00
2405,공부,,2025-08-18 10:00:00,2025-08-18 12:00:00
2406,점심식사,,2025-08-18 12:00:00,2025-08-18 13:00:00
2407,공원,,2025-08-18 13:00:00,2025-08-18 15:00:00
2408,운동,,2025-08-18 15:00:00,2025-08-18 18:00:00
2409,저녁식사,,2025-08-18 18:00:00,2025-08-18 19:00:00
2410,공부,,2025-08-18 19:00:00,2025-08-18 21:00:00
2411,공원,,2025-08-18 21:00:00,2025-08-18 23:00:00
2412,운동,,2025-08-18 23:00:00,2025-08-19 00:00:00
2413,스포츠,,2025-08-19 08:00:00,2025-08-19 09:00:00
2414,공부,,2025-08-19 09:00:00,2025-08-19 12:00:00
2415,점심식사,,2025-08-19 12:00:00,2025-08-19 13:00:00
2416,실내활동,,2025-08-19 13:00:00,2025-08-19 15:00:00
2417,스포츠,,2025-08-19 15:00:00,2025-08-19 16:00:00
2418,공부,,2025-08-19 16:00:00,2025-08-19 17:00:00
2419,실내활동,,2025-08-19 17:00:00,2025-08-19 20:00:00
2420,스포츠,,2025-08-19 20:00:00,2025-08-19 22:00:00
2421,공부,,2025-08-19 22:00:00,2025-08-19 23:00:00
2422,실내활동,,2025-08-19 23:00:00,2025-08-20 00:00:00
2423,저녁식사,,2025-08-19 18:00:00,2025-08-19 19:00:00
2424,관람,,2025-08-20 08:00:00,2025-08-20 11:00:00
2425,운동,,2025-08-20 11:00:00,2025-08-20 14:00:00
2426,실내활동,,2025-08-20 14:00:00,2025-08-20 16:00:00
2427,관람,,2025-08-20 16:00:00,2025-08-20 18:00:00
2428,저녁식사,,2025-08-20 18:00:00,2025-08-20 19:00:00
2429,운동,,2025-08-20 19:00:00,2025-08-20 20:00:00
2430,실내활동,,2025-08-20 20:00:00,2025-08-20 21:00:00
2431,관람,,2025-08-20 21:00:00,2025-08-20 22:00:00
2432,운동,,2025-08-20 22:00:00,2025-08-21 00:00:00
2433,점심식사,,2025-08-20 12:00:00,2025-08-20 13:00:00
2434,운동,,2025-08-21 08:00:00,2025-08-21 10:00:00
2435,공부,,2025-08-21 10:00:00,2025-08-21 13:00:00
2436,공원,,2025-08-21 13:00:00,2025-08-21 16:00:00
2437,운동,,2025-08-21 16:00:00,2025-08-21 19:00:00
2438,공부,,2025-08-21 19:00:00,2025-08-21 22:00:00
2439,공원,,2025-08-21 22:00:00,2025-08-22 00:00:00
2440,점심식사,,2025-08-21 12:00:00,2025-08-21 13:00:00
2441,저녁식사,,2025-08-21 18:00:00,2025-08-21 19:00:00
2442,스포츠,,2025-08-22 08:00:00,2025-08-22 11:00:00
2443,공부,,2025-08-22 11:00:00,2025-08-22 14:00:00
2444,실내활동,,2025-08-22 14:00:00,2025-08-22 16:00:00
2445,스포츠,,2025-08-22 16:00:00,2025-08-22 17:00:00
2446,공부,,2025-08-22 17:00:00,2025-08-22 18:00:00
2447,저녁식사,,2025-08-22 18:00:00,2025-08-22 19:00:00
2448,실내활동,,2025-08-22 19:00:00,2025-08-22 21:00:00
2449,스포츠,,2025-08-22 21:00:00,2025-08-22 22:00:00
2450,공부,,2025-08-22 22:00:00,2025-08-23 00:00:00
2451,점심식사,,2025-08-22 12:00:00,2025-08-22 13:00:00
2452,관람,,2025-08-23 08:00:00,2025-08-23 11:00:00
2453,운동,,2025-08-23 11:00:00,2025-08-23 12:00:00
2454,점심식사,,2025-08-23 12:00:00,2025-08-23 13:00:00
2455,실내활동,,2025-08-23 13:00:00,2025-08-23 14:00:00
2456,관람,,2025-08-23 14:00:00,2025-08-23 15:00:00
2457,운동,,2025-08-23 15:00:00,2025-08-23 17:00:00
2458,실내활동,,2025-08-23 17:00:00,2025-08-23 19:00:00
2459,관람,,2025-08-23 19:00:00,2025-08-23 21:00:00
2460,운동,,2025-08-23 21:00:00,2025-08-24 00:00:00
2461,저녁식사,,2025-08-23 18:00:00,2025-08-23 19:00:00
2462,스포츠,,2025-08-24 08:00:00,2025-08-24 09:00:00
2463,공부,,2025-08-24 09:00:00,2025-08-24 11:00:00
2464,실내활동,,2025-08-24 11:00:00,2025-08-24 13:00:00
2465,스포츠,,2025-08-24 13:00:00,2025-08-24 15:00:00
2466,공부,,2025-08-24 15:00:00,2025-08-24 16:00:00
2467,실내활동,,2025-08-24 16:00:00,2025-08-24 19:00:00
2468,스포츠,,2025-08-24 19:00:00,2025-08-24 20:00:00
2469,공부,,2025-08-24 20:00:00,2025-08-24 21:00:00
2470,실내활동,,2025-08-24 21:00:00,2025-08-25 00:00:00
2471,점심식사,,2025-08-24 12:00:00,2025-08-24 13:00:00
2472,저녁식사,,2025-08-24 18:00:00,2025-08-24 19:00:00
2473,운동,,2025-08-25 08:00:00,2025-08-25 11:00:00
2474,공부,,2025-08-25 11:00:00,2025-08-25 12:00:00
2475,점심식사,,2025-08-25 12:00:00,2025-08-25 13:00:00
2476,공원,,2025-08-25 13:00:00,2025-08-25 14:00:00
2477,운동,,2025-08-25 14:00:00,2025-08-25 16:00:00
2478,공부,,2025-08-25 16:00:00,2025-08-25 19:00:00
2479,공원,,2025-08-25 19:00:00,2025-08-25 21:00:00
2480,운동,,2025-08-25 21:00:00,2025-08-25 22:00:00
2481,공부,,2025-08-25 22:00:00,2025-08-25 23:00:00
2482,공원,,2025-08-25 23:00:00,2025-08-26 00:00:00
2483,저녁식사,,2025-08-25 18:00:00,2025-08-25 19:00:00
2484,스포츠,,2025-08-26 08:00:00,2025-08-26 10:00:00
2485,공부,,2025-08-26 10:00:00,2025-08-26 11:00:00
2486,실내활동,,2025-08-26 11:00:00,2025-08-26 13:00:00
2487,스포츠,,2025-08-26 13:00:00,2025-08-26 16:00:00
2488,공부,,2025-08-26 16:00:00,2025-08-26 17:00:00
2489,실내활동,,2025-08-26 17:00:00,2025-08-26 20:00:00
2490,스포츠,,2025-08-26 20:00:00,2025-08-26 22:00:00
2491,공부,,2025-08-26 22:00:00,2025-08-26 23:00:00
2492,실내활동,,2025-08-26 23:00:00,2025-08-27 00:00:00
2493,점심식사,,2025-08-26 12:00:00,2025-08-26 13:00:00
2494,저녁식사,,2025-08-26 18:00:00,2025-08-26 19:00:00
2495,관람,,2025-08-27 08:00:00,2025-08-27 11:00:00
2496,운동,,2025-08-27 11:00:00,2025-08-27 13:00:00
2497,실내활동,,2025-08-27 13:00:00,2025-08-27 14:00:00
2498,관람,,2025-08-27 14:00:00,2025-08-27 17:00:00
2499,운동,,2025-08-27 17:00:00,2025-08-27 19:00:00
2500,실내활동,,2025-08-27 19:00:00,2025-08-27 21:00:00
2501,관람,,2025-08-27 21:00:00,2025-08-27 22:00:00
2502,운동,,2025-08-27 22:00:00,2025-08-28 00:00:00
2503,점심식사,,2025-08-27 12:00:00,2025-08-27 13:00:00
2504,저녁식사,,2025-08-27 18:00:00,2025-08-27 19:00:00
2505,운동,,2025-08-28 08:00:00,2025-08-28 09:00:00
2506,공부,,2025-08-28 09:00:00,2025-08-28 10:00:00
2507,공원,,2025-08-28 10:00:00,2025-08-28 12:00:00
2508,점심식사,,2025-08-28 12:00:00,2025-08-28 13:00:00
2509,운동,,2025-08-28 13:00:00,2025-08-28 15:00:00
2510,공부,,2025-08-28 15:00:00,2025-08-28 17:00:00
2511,공원,,2025-08-28 17:00:00,2025-08-28 18:00:00
2512,저녁식사,,2025-08-28 18:00:00,2025-08-28 19:00:00
2513,운동,,2025-08-28 19:00:00,2025-08-28 20:00:00
2514,공부,,2025-08-28 20:00:00,2025-08-28 21:00:00
2515,공원,,2025-08-28 21:00:00,2025-08-28 22:00:00
2516,운동,,2025-08-28 22:00:00,2025-08-29 00:00:00
2517,스포츠,,2025-08-29 08:00:00,2025-08-29 09:00:00
2518,공부,,2025-08-29 09:00:00,2025-08-29 11:00:00
2519,실내활동,,2025-08-29 11:00:00,2025-08-29 13:00:00
2520,스포츠,,2025-08-29 13:00:00,2025-08-29 16:00:00
2521,공부,,2025-08-29 16:00:00,2025-08-29 17:00:00
2522,실내활동,,2025-08-29 17:00:00,2025-08-29 18:00:00
2523,저녁식사,,2025-08-29 18:00:00,2025-08-29 19:00:00
2524,스포츠,,2025-08-29 19:00:00,2025-08-29 22:00:00
2525,공부,,2025-08-29 22:00:00,2025-08-29 23:00:00
2526,실내활동,,2025-08-29 23:00:00,2025-08-30 00:00:00
2527,점심식사,,2025-08-29 12:00:00,2025-08-29 13:00:00
2528,관람,,2025-08-30 08:00:00,2025-08-30 11:00:00
2529,운동,,2025-08-30 11:00:00,2025-08-30 13:00:00
2530,실내활동,,2025-08-30 13:00:00,2025-08-30 16:00:00
2531,관람,,2025-08-30 16:00:00,2025-08-30 17:00:00
2532,운동,,2025-08-30 17:00:00,2025-08-30 18:00:00
2533,저녁식사,,2025-08-30 18:00:00,2025-08-30 19:00:00
2534,실내활동,,2025-08-30 19:00:00,2025-08-30 22:00:00
2535,관람,,2025-08-30 22:00:00,2025-08-30 23:00:00
2536,운동,,2025-08-30 23:00:00,2025-08-31 00:00:00
2537,점심식사,,2025-08-30 12:00:00,2025-08-30 13:00:00
2538,스포츠,,2025-08-31 08:00:00,2025-08-31 10:00:00
2539,공부,,2025-08-31 10:00:00,2025-08-31 11:00:00
2540,실내활동,,2025-08-31 11:00:00,2025-08-31 14:00:00
2541,스포츠,,2025-08-31 14:00:00,2025-08-31 17:00:00
2542,공부,,2025-08-31 17:00:00,2025-08-31 20:00:00
2543,실내활동,,2025-08-31 20:00:00,2025-08-31 22:00:00
2544,스포츠,,2025-08-31 22:00:00,2025-09-01 00:00:00
2545,점심식사,,2025-08-31 12:00:00,2025-08-31 13:00:00
2546,저녁식사,,2025-08-31 18:00:00,2025-08-31 19:00:00
2547,운동,,2025-09-01 08:00:00,2025-09-01 09:00:00
2548,공부,,2025-09-01 09:00:00,2025-09-01 10:00:00
2549,공원,,2025-09-01 10:00:00,2025-09-01 13:00:00
2550,운동,,2025-09-01 13:00:00,2025-09-01 16:00:00
2551,공부,,2025-09-01 16:00:00,2025-09-01 19:00:00
2552,공원,,2025-09-01 19:00:00,2025-09-01 21:00:00
2553,운동,,2025-09-01 21:00:00,2025-09-01 22:00:00
2554,공부,,2025-09-01 22:00:00,2025-09-01 23:00:00
2555,공원,,2025-09-01 23:00:00,2025-09-02 00:00:00
2556,점심식사,,2025-09-01 12:00:00,2025-09-01 13:00:00
2557,저녁식사,,2025-09-01 18:00:00,2025-09-01 19:00:00
2558,스포츠,,2025-09-02 08:00:00,2025-09-02 09:00:00
2559,공부,,2025-09-02 09:00:00,2025-09-02 10:00:00
2560,실내활동,,2025-09-02 10:00:00,2025-09-02 11:00:00
2561,스포츠,,2025-09-02 11:00:00,2025-09-02 13:00:00
2562,공부,,2025-09-02 13:00:00,2025-09-02 15:00:00
2563,실내활동,,2025-09-02 15:00:00,2025-09-02 16:00:00
2564,스포츠,,2025-09-02 16:00:00,2025-09-02 18:00:00
2565,저녁식사,,2025-09-02 18:00:00,2025-09-02 19:00:00
2566,공부,,2025-09-02 19:00:00,2025-09-02 22:00:00
2567,실내활동,,2025-09-02 22:00:00,2025-09-03 00:00:00
2568,점심식사,,2025-09-02 12:00:00,2025-09-02 13:00:00
2569,관람,,2025-09-03 08:00:00,2025-09-03 09:00:00
2570,운동,,2025-09-03 09:00:00,2025-09-03 12:00:00
2571,점심식사,,2025-09-03 12:00:00,2025-09-03 13:00:00
2572,실내활동,,2025-09-03 13:00:00,2025-09-03 15:00:00
2573,관람,,2025-09-03 15:00:00,2025-09-03 17:00:00
2574,운동,,2025-09-03 17:00:00,2025-09-03 20:00:00
2575,실내활동,,2025-09-03 20:00:00,2025-09-03 22:00:00
2576,관람,,2025-09-03 22:00:00,2025-09-04 00:00:00
2577,저녁식사,,2025-09-03 18:00:00,2025-09-03 19:00:00
2578,운동,,2025-09-04 08:00:00,2025-09-04 10:00:00
2579,공부,,2025-09-04 10:00:00,2025-09-04 11:00:00
2580,공원,,2025-09-04 11:00:00,2025-09-04 12:00:00
2581,점심식사,,2025-09-04 12:00:00,2025-09-04 13:00:00
2582,운동,,2025-09-04 13:00:00,2025-09-04 16:00:00
2583,공부,,2025-09-04 16:00:00,2025-09-04 18:00:00
2584,저녁식사,,2025-09-04 18:00:00,2025-09-04 19:00:00
2585,공원,,2025-09-04 19:00:00,2025-09-04 21:00:00
2586,운동,,2025-09-04 21:00:00,2025-09-04 23:00:00
2587,공부,,2025-09-04 23:00:00,2025-09-05 00:00:00
2588,스포츠,,2025-09-05 08:00:00,2025-09-05 09:00:00
2589,공부,,2025-09-05 09:00:00,2025-09-05 10:00:00
2590,실내활동,,2025-09-05 10:00:00,2025-09-05 12:00:00
2591,점심식사,,2025-09-05 12:00:00,2025-09-05 13:00:00
2592,스포츠,,2025-09-05 13:00:00,2025-09-05 16:00:00
2593,공부,,2025-09-05 16:00:00,2025-09-05 19:00:00
2594,실내활동,,2025-09-05 19:00:00,2025-09-05 21:00:00
2595,스포츠,,2025-09-05 21:00:00,2025-09-05 22:00:00
2596,공부,,2025-09-05 22:00:00,2025-09-06 00:00:00
2597,저녁식사,,2025-09-05 18:00:00,2025-09-05 19:00:00
2598,관람,,2025-09-06 08:00:00,2025-09-06 10:00:00
2599,운동,,2025-09-06 10:00:00,2025-09-06 13:00:00
2600,실내활동,,2025-09-06 13:00:00,2025-09-06 15:00:00
2601,관람,,2025-09-06 15:00:00,2025-09-06 17:00:00
2602,운동,,2025-09-06 17:00:00,2025-09-06 20:00:00
2603,실내활동,,2025-09-06 20:00:00,2025-09-06 22:00:00
2604,관람,,2025-09-06 22:00:00,2025-09-06 23:00:00
2605,운동,,2025-09-06 23:00:00,2025-09-07 00:00:00
2606,점심식사,,2025-09-06 12:00:00,2025-09-06 13:00:00
2607,저녁식사,,2025-09-06 18:00:00,2025-09-06 19:00:00
2608,스포츠,,2025-09-07 08:00:00,2025-09-07 10:00:00
2609,공부,,2025-09-07 10:00:00,2025-09-07 12:00:00
2610,점심식사,,2025-09-07 12:00:00,2025-09-07 13:00:00
2611,실내활동,,2025-09-07 13:00:00,2025-09-07 15:00:00
2612,스포츠,,2025-09-07 15:00:00,2025-09-07 17:00:00
2613,공부,,2025-09-07 17:00:00,2025-09-07 20:00:00
2614,실내활동,,2025-09-07 20:00:00,2025-09-07 22:00:00
2615,스포츠,,2025-09-07 22:00:00,2025-09-08 00:00:00
2616,저녁식사,,2025-09-07 18:00:00,2025-09-07 19:00:00
2617,운동,,2025-09-08 08:00:00,2025-09-08 10:00:00
2618,공부,,2025-09-08 10:00:00,2025-09-08 12:00:00
2619,점심식사,,2025-09-08 12:00:00,2025-09-08 13:00:00
2620,공원,,2025-09-08 13:00:00,2025-09-08 16:00:00
2621,운동,,2025-09-08 16:00:00,2025-09-08 17:00:00
2622,공부,,2025-09-08 17:00:00,2025-09-08 20:00:00
2623,공원,,2025-09-08 20:00:00,2025-09-08 22:00:00
2624,운동,,2025-09-08 22:00:00,2025-09-09 00:00:00
2625,저녁식사,,2025-09-08 18:00:00,2025-09-08 19:00:00
2626,스포츠,,2025-09-09 08:00:00,2025-09-09 09:00:00
2627,공부,,2025-09-09 09:00:00,2025-09-09 10:00:00
2628,실내활동,,2025-09-09 10:00:00,2025-09-09 11:00:00
2629,스포츠,,2025-09-09 11:00:00,2025-09-09 13:00:00
2630,공부,,2025-09-09 13:00:00,2025-09-09 14:00:00
2631,실내활동,,2025-09-09 14:00:00,2025-09-09 16:00:00
2632,스포츠,,2025-09-09 16:00:00,2025-09-09 17:00:00
2633,공부,,2025-09-09 17:00:00,2025-09-09 20:00:00
2634,실내활동,,2025-09-09 20:00:00,2025-09-09 22:00:00
2635,스포츠,,2025-09-09 22:00:00,2025-09-10 00:00:00
2636,점심식사,,2025-09-09 12:00:00,2025-09-09 13:00:00
2637,저녁식사,,2025-09-09 18:00:00,2025-09-09 19:00:00
2638,관람,,2025-09-10 08:00:00,2025-09-10 10:00:00
2639,운동,,2025-09-10 10:00:00,2025-09-10 11:00:00
2640,실내활동,,2025-09-10 11:00:00,2025-09-10 12:00:00
2641,점심식사,,2025-09-10 12:00:00,2025-09-10 13:00:00
2642,관람,,2025-09-10 13:00:00,2025-09-10 14:00:00
2643,운동,,2025-09-10 14:00:00,2025-09-10 17:00:00
2644,실내활동,,2025-09-10 17:00:00,2025-09-10 18:00:00
2645,저녁식사,,2025-09-10 18:00:00,2025-09-10 19:00:00
2646,관람,,2025-09-10 19:00:00,2025-09-10 22:00:00
2647,운동,,2025-09-10 22:00:00,2025-09-10 23:00:00
2648,실내활동,,2025-09-10 23:00:00,2025-09-11 00:00:00
2649,운동,,2025-09-11 08:00:00,2025-09-11 11:00:00
2650,공부,,2025-09-11 11:00:00,2025-09-11 14:00:00
2651,공원,,2025-09-11 14:00:00,2025-09-11 17:00:00
2652,운동,,2025-09-11 17:00:00,2025-09-11 20:00:00
2653,공부,,2025-09-11 20:00:00,2025-09-11 21:00:00
2654,공원,,2025-09-11 21:00:00,2025-09-11 23:00:00
2655,운동,,2025-09-11 23:00:00,2025-09-12 00:00:00
2656,점심식사,,2025-09-11 12:00:00,2025-09-11 13:00:00
2657,저녁식사,,2025-09-11 18:00:00,2025-09-11 19:00:00
2658,스포츠,,2025-09-12 08:00:00,2025-09-12 10:00:00
2659,공부,,2025-09-12 10:00:00,2025-09-12 11:00:00
2660,실내활동,,2025-09-12 11:00:00,2025-09-12 14:00:00
2661,스포츠,,2025-09-12 14:00:00,2025-09-12 15:00:00
2662,공부,,2025-09-12 15:00:00,2025-09-12 17:00:00
2663,실내활동,,2025-09-12 17:00:00,2025-09-12 19:00:00
2664,스포츠,,2025-09-12 19:00:00,2025-09-12 20:00:00
2665,공부,,2025-09-12 20:00:00,2025-09-12 23:00:00
2666,실내활동,,2025-09-12 23:00:00,2025-09-13 00:00:00
2667,점심식사,,2025-09-12 12:00:00,2025-09-12 13:00:00
2668,저녁식사,,2025-09-12 18:00:00,2025-09-12 19:00:00
2669,관람,,2025-09-13 08:00:00,2025-09-13 10:00:00
2670,운동,,2025-09-13 10:00:00,2025-09-13 13:00:00
2671,실내활동,,2025-09-13 13:00:00,2025-09-13 16:00:00
2672,관람,,2025-09-13 16:00:00,2025-09-13 19:00:00
2673,운동,,2025-09-13 19:00:00,2025-09-13 22:00:00
2674,실내활동,,2025-09-13 22:00:00,2025-09-14 00:00:00
2675,점심식사,,2025-09-13 12:00:00,2025-09-13 13:00:00
2676,저녁식사,,2025-09-13 18:00:00,2025-09-13 19:00:00
2677,스포츠,,2025-09-14 08:00:00,2025-09-14 11:00:00
2678,공부,,2025-09-14 11:00:00,2025-09-14 12:00:00
2679,점심식사,,2025-09-14 12:00:00,2025-09-14 13:00:00
2680,실내활동,,2025-09-14 13:00:00,2025-09-14 14:00:00
2681,스포츠,,2025-09-14 14:00:00,2025-09-14 16:00:00
2682,공부,,2025-09-14 16:00:00,2025-09-14 18:00:00
2683,저녁식사,,2025-09-14 18:00:00,2025-09-14 19:00:00
2684,실내활동,,2025-09-14 19:00:00,2025-09-14 20:00:00
2685,스포츠,,2025-09-14 20:00:00,2025-09-14 23:00:00
2686,공부,,2025-09-14 23:00:00,2025-09-15 00:00:00
2687,운동,,2025-09-15 08:00:00,2025-09-15 09:00:00
2688,공부,,2025-09-15 09:00:00,2025-09-15 10:00:00
2689,공원,,2025-09-15 10:00:00,2025-09-15 11:00:00
2690,운동,,2025-09-15 11:00:00,2025-09-15 13:00:00
2691,공부,,2025-09-15 13:00:00,2025-09-15 15:00:00
2692,공원,,2025-09-15 15:00:00,2025-09-15 16:00:00
2693,운동,,2025-09-15 16:00:00,2025-09-15 19:00:00
2694,공부,,2025-09-15 19:00:00,2025-09-15 20:00:00
2695,공원,,2025-09-15 20:00:00,2025-09-15 23:00:00
2696,운동,,2025-09-15 23:00:00,2025-09-16 00:00:00
2697,점심식사,,2025-09-15 12:00:00,2025-09-15 13:00:00
2698,저녁식사,,2025-09-15 18:00:00,2025-09-15 19:00:00
2699,스포츠,,2025-09-16 08:00:00,2025-09-16 10:00:00
2700,공부,,2025-09-16 10:00:00,2025-09-16 11:00:00
2701,실내활동,,2025-09-16 11:00:00,2025-09-16 12:00:00
2702,점심식사,,2025-09-16 12:00:00,2025-09-16 13:00:00
2703,스포츠,,2025-09-16 13:00:00,2025-09-16 14:00:00
2704,공부,,2025-09-16 14:00:00,2025-09-16 15:00:00
2705,실내활동,,2025-09-16 15:00:00,2025-09-16 17:00:00
2706,스포츠,,2025-09-16 17:00:00,2025-09-16 18:00:00
2707,저녁식사,,2025-09-16 18:00:00,2025-09-16 19:00:00
2708,공부,,2025-09-16 19:00:00,2025-09-16 20:00:00
2709,실내활동,,2025-09-16 20:00:00,2025-09-16 22:00:00
2710,스포츠,,2025-09-16 22:00:00,2025-09-17 00:00:00
2711,관람,,2025-09-17 08:00:00,2025-09-17 11:00:00
2712,운동,,2025-09-17 11:00:00,2025-09-17 14:00:00
2713,실내활동,,2025-09-17 14:00:00,2025-09-17 17:00:00
2714,관람,,2025-09-17 17:00:00,2025-09-17 19:00:00
2715,운동,,2025-09-17 19:00:00,2025-09-17 22:00:00
2716,실내활동,,2025-09-17 22:00:00,2025-09-17 23:00:00
2717,관람,,2025-09-17 23:00:00,2025-09-18 00:00:00
2718,점심식사,,2025-09-17 12:00:00,2025-09-17 13:00:00
2719,저녁식사,,2025-09-17 18:00:00,2025-09-17 19:00:00
2720,운동,,2025-09-18 08:00:00,2025-09-18 11:00:00
2721,공부,,2025-09-18 11:00:00,2025-09-18 14:00:00
2722,공원,,2025-09-18 14:00:00,2025-09-18 15:00:00
2723,운동,,2025-09-18 15:00:00,2025-09-18 18:00:00
2724,저녁식사,,2025-09-18 18:00:00,2025-09-18 19:00:00
2725,공부,,2025-09-18 19:00:00,2025-09-18 20:00:00
2726,공원,,2025-09-18 20:00:00,2025-09-18 23:00:00
2727,운동,,2025-09-18 23:00:00,2025-09-19 00:00:00
2728,점심식사,,2025-09-18 12:00:00,2025-09-18 13:00:00
2729,스포츠,,2025-09-19 08:00:00,2025-09-19 09:00:00
2730,공부,,2025-09-19 09:00:00,2025-09-19 11:00:00
2731,실내활동,,2025-09-19 11:00:00,2025-09-19 14:00:00
2732,스포츠,,2025-09-19 14:00:00,2025-09-19 15:00:00
2733,공부,,2025-09-19 15:00:00,2025-09-19 16:00:00
2734,실내활동,,2025-09-19 16:00:00,2025-09-19 18:00:00
2735,저녁식사,,2025-09-19 18:00:00,2025-09-19 19:00:00
2736,스포츠,,2025-09-19 19:00:00,2025-09-19 20:00:00
2737,공부,,2025-09-19 20:00:00,2025-09-19 23:00:00
2738,실내활동,,2025-09-19 23:00:00,2025-09-20 00:00:00
2739,점심식사,,2025-09-19 12:00:00,2025-09-19 13:00:00
2740,관람,,2025-09-20 08:00:00,2025-09-20 10:00:00
2741,운동,,2025-09-20 10:00:00,2025-09-20 12:00:00
2742,점심식사,,2025-09-20 12:00:00,2025-09-20 13:00:00
2743,실내활동,,2025-09-20 13:00:00,2025-09-20 14:00:00
2744,관람,,2025-09-20 14:00:00,2025-09-20 16:00:00
2745,운동,,2025-09-20 16:00:00,2025-09-20 17:00:00
2746,실내활동,,2025-09-20 17:00:00,2025-09-20 19:00:00
2747,관람,,2025-09-20 19:00:00,2025-09-20 22:00:00
2748,운동,,2025-09-20 22:00:00,2025-09-21 00:00:00
2749,저녁식사,,2025-09-20 18:00:00,2025-09-20 19:00:00
2750,스포츠,,2025-09-21 08:00:00,2025-09-21 11:00:00
2751,공부,,2025-09-21 11:00:00,2025-09-21 12:00:00
2752,점심식사,,2025-09-21 12:00:00,2025-09-21 13:00:00
2753,실내활동,,2025-09-21 13:00:00,2025-09-21 14:00:00
2754,스포츠,,2025-09-21 14:00:00,2025-09-21 15:00:00
2755,공부,,2025-09-21 15:00:00,2025-09-21 17:00:00
2756,실내활동,,2025-09-21 17:00:00,2025-09-21 20:00:00
2757,스포츠,,2025-09-21 20:00:00,2025-09-21 22:00:00
2758,공부,,2025-09-21 22:00:00,2025-09-22 00:00:00
2759,저녁식사,,2025-09-21 18:00:00,2025-09-21 19:00:00
2760,운동,,2025-09-22 08:00:00,2025-09-22 10:00:00
2761,공부,,2025-09-22 10:00:00,2025-09-22 13:00:00
2762,공원,,2025-09-22 13:00:00,2025-09-22 15:00:00
2763,운동,,2025-09-22 15:00:00,2025-09-22 17:00:00
2764,공부,,2025-09-22 17:00:00,2025-09-22 18:00:00
2765,저녁식사,,2025-09-22 18:00:00,2025-09-22 19:00:00
2766,공원,,2025-09-22 19:00:00,2025-09-22 21:00:00
2767,운동,,2025-09-22 21:00:00,2025-09-22 23:00:00
2768,공부,,2025-09-22 23:00:00,2025-09-23 00:00:00
2769,점심식사,,2025-09-22 12:00:00,2025-09-22 13:00:00
2770,스포츠,,2025-09-23 08:00:00,2025-09-23 10:00:00
2771,공부,,2025-09-23 10:00:00,2025-09-23 12:00:00
2772,점심식사,,2025-09-23 12:00:00,2025-09-23 13:00:00
2773,실내활동,,2025-09-23 13:00:00,2025-09-23 15:00:00
2774,스포츠,,2025-09-23 15:00:00,2025-09-23 18:00:00
2775,저녁식사,,2025-09-23 18:00:00,2025-09-23 19:00:00
2776,공부,,2025-09-23 19:00:00,2025-09-23 22:00:00
2777,실내활동,,2025-09-23 22:00:00,2025-09-24 00:00:00
2778,관람,,2025-09-24 08:00:00,2025-09-24 10:00:00
2779,운동,,2025-09-24 10:00:00,2025-09-24 12:00:00
2780,점심식사,,2025-09-24 12:00:00,2025-09-24 13:00:00
2781,실내활동,,2025-09-24 13:00:00,2025-09-24 15:00:00
2782,관람,,2025-09-24 15:00:00,2025-09-24 16:00:00
2783,운동,,2025-09-24 16:00:00,2025-09-24 17:00:00
2784,실내활동,,2025-09-24 17:00:00,2025-09-24 19:00:00
2785,관람,,2025-09-24 19:00:00,2025-09-24 22:00:00
2786,운동,,2025-09-24 22:00:00,2025-09-24 23:00:00
2787,실내활동,,2025-09-24 23:00:00,2025-09-25 00:00:00
2788,저녁식사,,2025-09-24 18:00:00,2025-09-24 19:00:00
2789,운동,,2025-09-25 08:00:00,2025-09-25 10:00:00
2790,공부,,2025-09-25 10:00:00,2025-09-25 11:00:00
2791,공원,,2025-09-25 11:00:00,2025-09-25 12:00:00
2792,점심식사,,2025-09-25 12:00:00,2025-09-25 13:00:00
2793,운동,,2025-09-25 13:00:00,2025-09-25 14:00:00
2794,공부,,2025-09-25 14:00:00,2025-09-25 15:00:00
2795,공원,,2025-09-25 15:00:00,2025-09-25 18:00:00
2796,저녁식사,,2025-09-25 18:00:00,2025-09-25 19:00:00
2797,운동,,2025-09-25 19:00:00,2025-09-25 20:00:00
2798,공부,,2025-09-25 20:00:00,2025-09-25 23:00:00
2799,공원,,2025-09-25 23:00:00,2025-09-26 00:00:00
2800,스포츠,,2025-09-26 08:00:00,2025-09-26 09:00:00
2801,공부,,2025-09-26 09:00:00,2025-09-26 10:00:00
2802,실내활동,,2025-09-26 10:00:00,2025-09-26 12:00:00
2803,점심식사,,2025-09-26 12:00:00,2025-09-26 13:00:00
2804,스포츠,,2025-09-26 13:00:00,2025-09-26 16:00:00
2805,공부,,2025-09-26 16:00:00,2025-09-26 19:00:00
2806,실내활동,,2025-09-26 19:00:00,2025-09-26 21:00:00
2807,스포츠,,2025-09-26 21:00:00,2025-09-27 00:00:00
2808,저녁식사,,2025-09-26 18:00:00,2025-09-26 19:00:00
2809,관람,,2025-09-27 08:00:00,2025-09-27 09:00:00
2810,운동,,2025-09-27 09:00:00,2025-09-27 11:00:00
2811,실내활동,,2025-09-27 11:00:00,2025-09-27 13:00:00
2812,관람,,2025-09-27 13:00:00,2025-09-27 15:00:00
2813,운동,,2025-09-27 15:00:00,2025-09-27 17:00:00
2814,실내활동,,2025-09-27 17:00:00,2025-09-27 20:00:00
2815,관람,,2025-09-27 20:00:00,2025-09-27 21:00:00
2816,운동,,2025-09-27 21:00:00,2025-09-27 22:00:00
2817,실내활동,,2025-09-27 22:00:00,2025-09-27 23:00:00
2818,관람,,2025-09-27 23:00:00,2025-09-28 00:00:00
2819,점심식사,,2025-09-27 12:00:00,2025-09-27 13:00:00
2820,저녁식사,,2025-09-27 18:00:00,2025-09-27 19:00:00
2821,스포츠,,2025-09-28 08:00:00,2025-09-28 10:00:00
2822,공부,,2025-09-28 10:00:00,2025-09-28 13:00:00
2823,실내활동,,2025-09-28 13:00:00,2025-09-28 16:00:00
2824,스포츠,,2025-09-28 16:00:00,2025-09-28 19:00:00
2825,공부,,2025-09-28 19:00:00,2025-09-28 22:00:00
2826,실내활동,,2025-09-28 22:00:00,2025-09-28 23:00:00
2827,스포츠,,2025-09-28 23:00:00,2025-09-29 00:00:00
2828,점심식사,,2025-09-28 12:00:00,2025-09-28 13:00:00
2829,저녁식사,,2025-09-28 18:00:00,2025-09-28 19:00:00
2830,운동,,2025-09-29 08:00:00,2025-09-29 09:00:00
2831,공부,,2025-09-29 09:00:00,2025-09-29 12:00:00
2832,점심식사,,2025-09-29 12:00:00,2025-09-29 13:00:00
2833,공원,,2025-09-29 13:00:00,2025-09-29 14:00:00
2834,운동,,2025-09-29 14:00:00,2025-09-29 15:00:00
2835,공부,,2025-09-29 15:00:00,2025-09-29 17:00:00
2836,공원,,2025-09-29 17:00:00,2025-09-29 19:00:00
2837,운동,,2025-09-29 19:00:00,2025-09-29 22:00:00
2838,공부,,2025-09-29 22:00:00,2025-09-30 00:00:00
2839,저녁식사,,2025-09-29 18:00:00,2025-09-29 19:00:00
2840,스포츠,,2025-09-30 08:00:00,2025-09-30 10:00:00
2841,공부,,2025-09-30 10:00:00,2025-09-30 11:00:00
2842,실내활동,,2025-09-30 11:00:00,2025-09-30 12:00:00
2843,점심식사,,2025-09-30 12:00:00,2025-09-30 13:00:00
2844,스포츠,,2025-09-30 13:00:00,2025-09-30 16:00:00
2845,공부,,2025-09-30 16:00:00,2025-09-30 19:00:00
2846,실내활동,,2025-09-30 19:00:00,2025-09-30 20:00:00
2847,스포츠,,2025-09-30 20:00:00,2025-09-30 22:00:00
2848,공부,,2025-09-30 22:00:00,2025-10-01 00:00:00
2849,저녁식사,,2025-09-30 18:00:00,2025-09-30 19:00:00
2850,관람,,2025-10-01 08:00:00,2025-10-01 09:00:00
2851,운동,,2025-10-01 09:00:00,2025-10-01 12:00:00
2852,점심식사,,2025-10-01 12:00:00,2025-10-01 13:00:00
2853,실내활동,,2025-10-01 13:00:00,2025-10-01 15:00:00
2854,관람,,2025-10-01 15:00:00,2025-10-01 17:00:00
2855,운동,,2025-10-01 17:00:00,2025-10-01 18:00:00
2856,저녁식사,,2025-10-01 18:00:00,2025-10-01 19:00:00
2857,실내활동,,2025-10-01 19:00:00,2025-10-01 22:00:00
2858,관람,,2025-10-01 22:00:00,2025-10-02 00:00:00
2859,운동,,2025-10-02 08:00:00,2025-10-02 09:00:00
2860,공부,,2025-10-02 09:00:00,2025-10-02 10:00:00
2861,공원,,2025-10-02 10:00:00,2025-10-02 11:00:00
2862,운동,,2025-10-02 11:00:00,2025-10-02 12:00:00
2863,점심식사,,2025-10-02 12:00:00,2025-10-02 13:00:00
2864,공부,,2025-10-02 13:00:00,2025-10-02 15:00:00
2865,공원,,2025-10-02 15:00:00,2025-10-02 18:00:00
2866,저녁식사,,2025-10-02 18:00:00,2025-10-02 19:00:00
2867,운동,,2025-10-02 19:00:00,2025-10-02 22:00:00
2868,공부,,2025-10-02 22:00:00,2025-10-03 00:00:00
2869,스포츠,,2025-10-03 08:00:00,2025-10-03 10:00:00
2870,공부,,2025-10-03 10:00:00,2025-10-03 13:00:00
2871,실내활동,,2025-10-03 13:00:00,2025-10-03 16:00:00
2872,스포츠,,2025-10-03 16:00:00,2025-10-03 19:00:00
2873,공부,,2025-10-03 19:00:00,2025-10-03 20:00:00
2874,실내활동,,2025-10-03 20:00:00,2025-10-03 21:00:00
2875,스포츠,,2025-10-03 21:00:00,2025-10-03 23:00:00
2876,공부,,2025-10-03 23:00:00,2025-10-04 00:00:00
2877,점심식사,,2025-10-03 12:00:00,2025-10-03 13:00:00
2878,저녁식사,,2025-10-03 18:00:00,2025-10-03 19:00:00
2879,관람,,2025-10-04 08:00:00,2025-10-04 10:00:00
2880,운동,,2025-10-04 10:00:00,2025-10-04 11:00:00
2881,실내활동,,2025-10-04 11:00:00,2025-10-04 14:00:00
2882,관람,,2025-10-04 14:00:00,2025-10-04 16:00:00
2883,운동,,2025-10-04 16:00:00,2025-10-04 17:00:00
2884,실내활동,,2025-10-04 17:00:00,2025-10-04 19:00:00
2885,관람,,2025-10-04 19:00:00,2025-10-04 20:00:00
2886,운동,,2025-10-04 20:00:00,2025-10-04 22:00:00
2887,실내활동,,2025-10-04 22:00:00,2025-10-05 00:00:00
2888,점심식사,,2025-10-04 12:00:00,2025-10-04 13:00:00
2889,저녁식사,,2025-10-04 18:00:00,2025-10-04 19:00:00
2890,스포츠,,2025-10-05 08:00:00,2025-10-05 09:00:00
2891,공부,,2025-10-05 09:00:00,2025-10-05 10:00:00
2892,실내활동,,2025-10-05 10:00:00,2025-10-05 11:00:00
2893,스포츠,,2025-10-05 11:00:00,2025-10-05 14:00:00
2894,공부,,2025-10-05 14:00:00,2025-10-05 15:00:00
2895,실내활동,,2025-10-05 15:00:00,2025-10-05 17:00:00
2896,스포츠,,2025-10-05 17:00:00,2025-10-05 19:00:00
2897,공부,,2025-10-05 19:00:00,2025-10-05 20:00:00
2898,실내활동,,2025-10-05 20:00:00,2025-10-05 23:00:00
2899,스포츠,,2025-10-05 23:00:00,2025-10-06 00:00:00
2900,점심식사,,2025-10-05 12:00:00,2025-10-05 13:00:00
2901,저녁식사,,2025-10-05 18:00:00,2025-10-05 19:00:00
2902,운동,,2025-10-06 08:00:00,2025-10-06 11:00:00
2903,공부,,2025-10-06 11:00:00,2025-10-06 13:00:00
2904,공원,,2025-10-06 13:00:00,2025-10-06 14:00:00
2905,운동,,2025-10-06 14:00:00,2025-10-06 17:00:00
2906,공부,,2025-10-06 17:00:00,2025-10-06 19:00:00
2907,공원,,2025-10-06 19:00:00,2025-10-06 22:00:00
2908,운동,,2025-10-06 22:00:00,2025-10-07 00:00:00
2909,점심식사,,2025-10-06 12:00:00,2025-10-06 13:00:00
2910,저녁식사,,2025-10-06 18:00:00,2025-10-06 19:00:00
2911,스포츠,,2025-10-07 08:00:00,2025-10-07 11:00:00
2912,공부,,2025-10-07 11:00:00,2025-10-07 12:00:00
2913,점심식사,,2025-10-07 12:00:00,2025-10-07 13:00:00
2914,실내활동,,2025-10-07 13:00:00,2025-10-07 16:00:00
2915,스포츠,,2025-10-07 16:00:00,2025-10-07 18:00:00
2916,저녁식사,,2025-10-07 18:00:00,2025-10-07 19:00:00
2917,공부,,2025-10-07 19:00:00,2025-10-07 21:00:00
2918,실내활동,,2025-10-07 21:00:00,2025-10-08 00:00:00
2919,관람,,2025-10-08 08:00:00,2025-10-08 09:00:00
2920,운동,,2025-10-08 09:00:00,2025-10-08 12:00:00
2921,점심식사,,2025-10-08 12:00:00,2025-10-08 13:00:00
2922,실내활동,,2025-10-08 13:00:00,2025-10-08 14:00:00
2923,관람,,2025-10-08 14:00:00,2025-10-08 15:00:00
2924,운동,,2025-10-08 15:00:00,2025-10-08 16:00:00
2925,실내활동,,2025-10-08 16:00:00,2025-10-08 18:00:00
2926,저녁식사,,2025-10-08 18:00:00,2025-10-08 19:00:00
2927,관람,,2025-10-08 19:00:00,2025-10-08 22:00:00
2928,운동,,2025-10-08 22:00:00,2025-10-09 00:00:00
2929,운동,,2025-10-09 08:00:00,2025-10-09 11:00:00
2930,공부,,2025-10-09 11:00:00,2025-10-09 14:00:00
2931,공원,,2025-10-09 14:00:00,2025-10-09 15:00:00
2932,운동,,2025-10-09 15:00:00,2025-10-09 16:00:00
2933,공부,,2025-10-09 16:00:00,2025-10-09 17:00:00
2934,공원,,2025-10-09 17:00:00,2025-10-09 18:00:00
2935,저녁식사,,2025-10-09 18:00:00,2025-10-09 19:00:00
2936,운동,,2025-10-09 19:00:00,2025-10-09 21:00:00
2937,공부,,2025-10-09 21:00:00,2025-10-10 00:00:00
2938,점심식사,,2025-10-09 12:00:00,2025-10-09 13:00:00
2939,스포츠,,2025-10-10 08:00:00,2025-10-10 10:00:00
2940,공부,,2025-10-10 10:00:00,2025-10-10 12:00:00
2941,점심식사,,2025-10-10 12:00:00,2025-10-10 13:00:00
2942,실내활동,,2025-10-10 13:00:00,2025-10-10 14:00:00
2943,스포츠,,2025-10-10 14:00:00,2025-10-10 17:00:00
2944,공부,,2025-10-10 17:00:00,2025-10-10 20:00:00
2945,실내활동,,2025-10-10 20:00:00,2025-10-10 23:00:00
2946,스포츠,,2025-10-10 23:00:00,2025-10-11 00:00:00
2947,저녁식사,,2025-10-10 18:00:00,2025-10-10 19:00:00
2948,관람,,2025-10-11 08:00:00,2025-10-11 09:00:00
2949,운동,,2025-10-11 09:00:00,2025-10-11 11:00:00
2950,실내활동,,2025-10-11 11:00:00,2025-10-11 12:00:00
2951,점심식사,,2025-10-11 12:00:00,2025-10-11 13:00:00
2952,관람,,2025-10-11 13:00:00,2025-10-11 15:00:00
2953,운동,,2025-10-11 15:00:00,2025-10-11 17:00:00
2954,실내활동,,2025-10-11 17:00:00,2025-10-11 18:00:00
2955,저녁식사,,2025-10-11 18:00:00,2025-10-11 19:00:00
2956,관람,,2025-10-11 19:00:00,2025-10-11 21:00:00
2957,운동,,2025-10-11 21:00:00,2025-10-12 00:00:00
2958,스포츠,,2025-10-12 08:00:00,2025-10-12 09:00:00
2959,공부,,2025-10-12 09:00:00,2025-10-12 11:00:00
2960,실내활동,,2025-10-12 11:00:00,2025-10-12 13:00:00
2961,스포츠,,2025-10-12 13:00:00,2025-10-12 15:00:00
2962,공부,,2025-10-12 15:00:00,2025-10-12 18:00:00
2963,저녁식사,,2025-10-12 18:00:00,2025-10-12 19:00:00
2964,실내활동,,2025-10-12 19:00:00,2025-10-12 22:00:00
2965,스포츠,,2025-10-12 22:00:00,2025-10-13 00:00:00
2966,점심식사,,2025-10-12 12:00:00,2025-10-12 13:00:00
2967,운동,,2025-10-13 08:00:00,2025-10-13 11:00:00
2968,공부,,2025-10-13 11:00:00,2025-10-13 14:00:00
2969,공원,,2025-10-13 14:00:00,2025-10-13 17:00:00
2970,운동,,2025-10-13 17:00:00,2025-10-13 19:00:00
2971,공부,,2025-10-13 19:00:00,2025-10-13 21:00:00
2972,공원,,2025-10-13 21:00:00,2025-10-13 23:00:00
2973,운동,,2025-10-13 23:00:00,2025-10-14 00:00:00
2974,점심식사,,2025-10-13 12:00:00,2025-10-13 13:00:00
2975,저녁식사,,2025-10-13 18:00:00,2025-10-13 19:00:00
2976,스포츠,,2025-10-14 08:00:00,2025-10-14 10:00:00
2977,공부,,2025-10-14 10:00:00,2025-10-14 13:00:00
2978,실내활동,,2025-10-14 13:00:00,2025-10-14 16:00:00
2979,스포츠,,2025-10-14 16:00:00,2025-10-14 18:00:00
2980,저녁식사,,2025-10-14 18:00:00,2025-10-14 19:00:00
2981,공부,,2025-10-14 19:00:00,2025-10-14 22:00:00
2982,실내활동,,2025-10-14 22:00:00,2025-10-15 00:00:00
2983,점심식사,,2025-10-14 12:00:00,2025-10-14 13:00:00
2984,관람,,2025-10-15 08:00:00,2025-10-15 11:00:00
2985,운동,,2025-10-15 11:00:00,2025-10-15 14:00:00
2986,실내활동,,2025-10-15 14:00:00,2025-10-15 17:00:00
2987,관람,,2025-10-15 17:00:00,2025-10-15 20:00:00
2988,운동,,2025-10-15 20:00:00,2025-10-15 23:00:00
2989,실내활동,,2025-10-15 23:00:00,2025-10-16 00:00:00
2990,점심식사,,2025-10-15 12:00:00,2025-10-15 13:00:00
2991,저녁식사,,2025-10-15 18:00:00,2025-10-15 19:00:00
2992,운동,,2025-10-16 08:00:00,2025-10-16 10:00:00
2993,공부,,2025-10-16 10:00:00,2025-10-16 12:00:00
2994,점심식사,,2025-10-16 12:00:00,2025-10-16 13:00:00
2995,공원,,2025-10-16 13:00:00,2025-10-16 15:00:00
2996,운동,,2025-10-16 15:00:00,2025-10-16 18:00:00
2997,저녁식사,,2025-10-16 18:00:00,2025-10-16 19:00:00
2998,공부,,2025-10-16 19:00:00,2025-10-16 20:00:00
2999,공원,,2025-10-16 20:00:00,2025-10-16 22:00:00
3000,운동,,2025-10-16 22:00:00,2025-10-17 00:00:00
3001,스포츠,,2025-10-17 08:00:00,2025-10-17 09:00:00
3002,공부,,2025-10-17 09:00:00,2025-10-17 12:00:00
3003,점심식사,,2025-10-17 12:00:00,2025-10-17 13:00:00
3004,실내활동,,2025-10-17 13:00:00,2025-10-17 16:00:00
3005,스포츠,,2025-10-17 16:00:00,2025-10-17 19:00:00
3006,공부,,2025-10-17 19:00:00,2025-10-17 21:00:00
3007,실내활동,,2025-10-17 21:00:00,2025-10-18 00:00:00
3008,저녁식사,,2025-10-17 18:00:00,2025-10-17 19:00:00
3009,관람,,2025-10-18 08:00:00,2025-10-18 10:00:00
3010,운동,,2025-10-18 10:00:00,2025-10-18 13:00:00
3011,실내활동,,2025-10-18 13:00:00,2025-10-18 14:00:00
3012,관람,,2025-10-18 14:00:00,2025-10-18 17:00:00
3013,운동,,2025-10-18 17:00:00,2025-10-18 18:00:00
3014,저녁식사,,2025-10-18 18:00:00,2025-10-18 19:00:00
3015,실내활동,,2025-10-18 19:00:00,2025-10-18 22:00:00
3016,관람,,2025-10-18 22:00:00,2025-10-18 23:00:00
3017,운동,,2025-10-18 23:00:00,2025-10-19 00:00:00
3018,점심식사,,2025-10-18 12:00:00,2025-10-18 13:00:00
3019,스포츠,,2025-10-19 08:00:00,2025-10-19 09:00:00
3020,공부,,2025-10-19 09:00:00,2025-10-19 12:00:00
3021,점심식사,,2025-10-19 12:00:00,2025-10-19 13:00:00
3022,실내활동,,2025-10-19 13:00:00,2025-10-19 14:00:00
3023,스포츠,,2025-10-19 14:00:00,2025-10-19 17:00:00
3024,공부,,2025-10-19 17:00:00,2025-10-19 19:00:00
3025,실내활동,,2025-10-19 19:00:00,2025-10-19 21:00:00
3026,스포츠,,2025-10-19 21:00:00,2025-10-19 23:00:00
3027,공부,,2025-10-19 23:00:00,2025-10-20 00:00:00
3028,저녁식사,,2025-10-19 18:00:00,2025-10-19 19:00:00
3029,운동,,2025-10-20 08:00:00,2025-10-20 09:00:00
3030,공부,,2025-10-20 09:00:00,2025-10-20 11:00:00
3031,공원,,2025-10-20 11:00:00,2025-10-20 13:00:00
3032,운동,,2025-10-20 13:00:00,2025-10-20 14:00:00
3033,공부,,2025-10-20 14:00:00,2025-10-20 17:00:00
3034,공원,,2025-10-20 17:00:00,2025-10-20 18:00:00
3035,저녁식사,,2025-10-20 18:00:00,2025-10-20 19:00:00
3036,운동,,2025-10-20 19:00:00,2025-10-20 21:00:00
3037,공부,,2025-10-20 21:00:00,2025-10-21 00:00:00
3038,점심식사,,2025-10-20 12:00:00,2025-10-20 13:00:00
3039,스포츠,,2025-10-21 08:00:00,2025-10-21 10:00:00
3040,공부,,2025-10-21 10:00:00,2025-10-21 12:00:00
3041,점심식사,,2025-10-21 12:00:00,2025-10-21 13:00:00
3042,실내활동,,2025-10-21 13:00:00,2025-10-21 16:00:00
3043,스포츠,,2025-10-21 16:00:00,2025-10-21 17:00:00
3044,공부,,2025-10-21 17:00:00,2025-10-21 20:00:00
3045,실내활동,,2025-10-21 20:00:00,2025-10-21 23:00:00
3046,스포츠,,2025-10-21 23:00:00,2025-10-22 00:00:00
3047,저녁식사,,2025-10-21 18:00:00,2025-10-21 19:00:00
3048,관람,,2025-10-22 08:00:00,2025-10-22 11:00:00
3049,운동,,2025-10-22 11:00:00,2025-10-22 14:00:00
3050,실내활동,,2025-10-22 14:00:00,2025-10-22 16:00:00
3051,관람,,2025-10-22 16:00:00,2025-10-22 17:00:00
3052,운동,,2025-10-22 17:00:00,2025-10-22 18:00:00
3053,저녁식사,,2025-10-22 18:00:00,2025-10-22 19:00:00
3054,실내활동,,2025-10-22 19:00:00,2025-10-22 22:00:00
3055,관람,,2025-10-22 22:00:00,2025-10-23 00:00:00
3056,점심식사,,2025-10-22 12:00:00,2025-10-22 13:00:00
3057,운동,,2025-10-23 08:00:00,2025-10-23 10:00:00
3058,공부,,2025-10-23 10:00:00,2025-10-23 11:00:00
3059,공원,,2025-10-23 11:00:00,2025-10-23 14:00:00
3060,운동,,2025-10-23 14:00:00,2025-10-23 17:00:00
3061,공부,,2025-10-23 17:00:00,2025-10-23 20:00:00
3062,공원,,2025-10-23 20:00:00,2025-10-23 22:00:00
3063,운동,,2025-10-23 22:00:00,2025-10-23 23:00:00
3064,공부,,2025-10-23 23:00:00,2025-10-24 00:00:00
3065,점심식사,,2025-10-23 12:00:00,2025-10-23 13:00:00
3066,저녁식사,,2025-10-23 18:00:00,2025-10-23 19:00:00
3067,스포츠,,2025-10-24 08:00:00,2025-10-24 10:00:00
3068,공부,,2025-10-24 10:00:00,2025-10-24 13:00:00
3069,실내활동,,2025-10-24 13:00:00,2025-10-24 16:00:00
3070,스포츠,,2025-10-24 16:00:00,2025-10-24 18:00:00
3071,저녁식사,,2025-10-24 18:00:00,2025-10-24 19:00:00
3072,공부,,2025-10-24 19:00:00,2025-10-24 22:00:00
3073,실내활동,,2025-10-24 22:00:00,2025-10-24 23:00:00
3074,스포츠,,2025-10-24 23:00:00,2025-10-25 00:00:00
3075,점심식사,,2025-10-24 12:00:00,2025-10-24 13:00:00
3076,관람,,2025-10-25 08:00:00,2025-10-25 10:00:00
3077,운동,,2025-10-25 10:00:00,2025-10-25 11:00:00
3078,실내활동,,2025-10-25 11:00:00,2025-10-25 13:00:00
3079,관람,,2025-10-25 13:00:00,2025-10-25 14:00:00
3080,운동,,2025-10-25 14:00:00,2025-10-25 15:00:00
3081,실내활동,,2025-10-25 15:00:00,2025-10-25 18:00:00
3082,저녁식사,,2025-10-25 18:00:00,2025-10-25 19:00:00
3083,관람,,2025-10-25 19:00:00,2025-10-25 21:00:00
3084,운동,,2025-10-25 21:00:00,2025-10-25 23:00:00
3085,실내활동,,2025-10-25 23:00:00,2025-10-26 00:00:00
3086,점심식사,,2025-10-25 12:00:00,2025-10-25 13:00:00
3087,스포츠,,2025-10-26 08:00:00,2025-10-26 11:00:00
3088,공부,,2025-10-26 11:00:00,2025-10-26 14:00:00
3089,실내활동,,2025-10-26 14:00:00,2025-10-26 16:00:00
3090,스포츠,,2025-10-26 16:00:00,2025-10-26 18:00:00
3091,저녁식사,,2025-10-26 18:00:00,2025-10-26 19:00:00
3092,공부,,2025-10-26 19:00:00,2025-10-26 20:00:00
3093,실내활동,,2025-10-26 20:00:00,2025-10-26 21:00:00
3094,스포츠,,2025-10-26 21:00:00,2025-10-26 22:00:00
3095,공부,,2025-10-26 22:00:00,2025-10-27 00:00:00
3096,점심식사,,2025-10-26 12:00:00,2025-10-26 13:00:00
3097,운동,,2025-10-27 08:00:00,2025-10-27 10:00:00
3098,공부,,2025-10-27 10:00:00,2025-10-27 12:00:00
3099,점심식사,,2025-10-27 12:00:00,2025-10-27 13:00:00
3100,공원,,2025-10-27 13:00:00,2025-10-27 15:00:00
3101,운동,,2025-10-27 15:00:00,2025-10-27 16:00:00
3102,공부,,2025-10-27 16:00:00,2025-10-27 19:00:00
3103,공원,,2025-10-27 19:00:00,2025-10-27 22:00:00
3104,운동,,2025-10-27 22:00:00,2025-10-28 00:00:00
3105,저녁식사,,2025-10-27 18:00:00,2025-10-27 19:00:00
3106,스포츠,,2025-10-28 08:00:00,2025-10-28 11:00:00
3107,공부,,2025-10-28 11:00:00,2025-10-28 14:00:00
3108,실내활동,,2025-10-28 14:00:00,2025-10-28 15:00:00
3109,스포츠,,2025-10-28 15:00:00,2025-10-28 16:00:00
3110,공부,,2025-10-28 16:00:00,2025-10-28 18:00:00
3111,저녁식사,,2025-10-28 18:00:00,2025-10-28 19:00:00
3112,실내활동,,2025-10-28 19:00:00,2025-10-28 21:00:00
3113,스포츠,,2025-10-28 21:00:00,2025-10-28 22:00:00
3114,공부,,2025-10-28 22:00:00,2025-10-29 00:00:00
3115,점심식사,,2025-10-28 12:00:00,2025-10-28 13:00:00
3116,관람,,2025-10-29 08:00:00,2025-10-29 09:00:00
3117,운동,,2025-10-29 09:00:00,2025-10-29 12:00:00
3118,점심식사,,2025-10-29 12:00:00,2025-10-29 13:00:00
3119,실내활동,,2025-10-29 13:00:00,2025-10-29 14:00:00
3120,관람,,2025-10-29 14:00:00,2025-10-29 17:00:00
3121,운동,,2025-10-29 17:00:00,2025-10-29 18:00:00
3122,저녁식사,,2025-10-29 18:00:00,2025-10-29 19:00:00
3123,실내활동,,2025-10-29 19:00:00,2025-10-29 20:00:00
3124,관람,,2025-10-29 20:00:00,2025-10-29 23:00:00
3125,운동,,2025-10-29 23:00:00,2025-10-30 00:00:00
3126,운동,,2025-10-30 08:00:00,2025-10-30 09:00:00
3127,공부,,2025-10-30 09:00:00,2025-10-30 10:00:00
3128,공원,,2025-10-30 10:00:00,2025-10-30 11:00:00
3129,운동,,2025-10-30 11:00:00,2025-10-30 13:00:00
3130,공부,,2025-10-30 13:00:00,2025-10-30 16:00:00
3131,공원,,2025-10-30 16:00:00,2025-10-30 18:00:00
3132,저녁식사,,2025-10-30 18:00:00,2025-10-30 19:00:00
3133,운동,,2025-10-30 19:00:00,2025-10-30 21:00:00
3134,공부,,2025-10-30 21:00:00,2025-10-30 23:00:00
3135,공원,,2025-10-30 23:00:00,2025-10-31 00:00:00
3136,점심식사,,2025-10-30 12:00:00,2025-10-30 13:00:00
3137,스포츠,,2025-10-31 08:00:00,2025-10-31 09:00:00
3138,공부,,2025-10-31 09:00:00,2025-10-31 11:00:00
3139,실내활동,,2025-10-31 11:00:00,2025-10-31 13:00:00
3140,스포츠,,2025-10-31 13:00:00,2025-10-31 16:00:00
3141,공부,,2025-10-31 16:00:00,2025-10-31 19:00:00
3142,실내활동,,2025-10-31 19:00:00,2025-10-31 21:00:00
3143,스포츠,,2025-10-31 21:00:00,2025-11-01 00:00:00
3144,점심식사,,2025-10-31 12:00:00,2025-10-31 13:00:00
3145,저녁식사,,2025-10-31 18:00:00,2025-10-31 19:00:00
3146,관람,,2025-11-01 08:00:00,2025-11-01 09:00:00
3147,운동,,2025-11-01 09:00:00,2025-11-01 11:00:00
3148,실내활동,,2025-11-01 11:00:00,2025-11-01 14:00:00
3149,관람,,2025-11-01 14:00:00,2025-11-01 17:00:00
3150,운동,,2025-11-01 17:00:00,2025-11-01 18:00:00
3151,저녁식사,,2025-11-01 18:00:00,2025-11-01 19:00:00
3152,실내활동,,2025-11-01 19:00:00,2025-11-01 22:00:00
3153,관람,,2025-11-01 22:00:00,2025-11-02 00:00:00
3154,점심식사,,2025-11-01 12:00:00,2025-11-01 13:00:00
3155,스포츠,,2025-11-02 08:00:00,2025-11-02 11:00:00
3156,공부,,2025-11-02 11:00:00,2025-11-02 12:00:00
3157,점심식사,,2025-11-02 12:00:00,2025-11-02 13:00:00
3158,실내활동,,2025-11-02 13:00:00,2025-11-02 15:00:00
3159,스포츠,,2025-11-02 15:00:00,2025-11-02 17:00:00
3160,공부,,2025-11-02 17:00:00,2025-11-02 20:00:00
3161,실내활동,,2025-11-02 20:00:00,2025-11-02 22:00:00
3162,스포츠,,2025-11-02 22:00:00,2025-11-02 23:00:00
3163,공부,,2025-11-02 23:00:00,2025-11-03 00:00:00
3164,저녁식사,,2025-11-02 18:00:00,2025-11-02 19:00:00
3165,운동,,2025-11-03 08:00:00,2025-11-03 10:00:00
3166,공부,,2025-11-03 10:00:00,2025-11-03 12:00:00
3167,점심식사,,2025-11-03 12:00:00,2025-11-03 13:00:00
3168,공원,,2025-11-03 13:00:00,2025-11-03 14:00:00
3169,운동,,2025-11-03 14:00:00,2025-11-03 16:00:00
3170,공부,,2025-11-03 16:00:00,2025-11-03 18:00:00
3171,저녁식사,,2025-11-03 18:00:00,2025-11-03 19:00:00
3172,공원,,2025-11-03 19:00:00,2025-11-03 20:00:00
3173,운동,,2025-11-03 20:00:00,2025-11-03 22:00:00
3174,공부,,2025-11-03 22:00:00,2025-11-04 00:00:00
3175,스포츠,,2025-11-04 08:00:00,2025-11-04 10:00:00
3176,공부,,2025-11-04 10:00:00,2025-11-04 12:00:00
3177,점심식사,,2025-11-04 12:00:00,2025-11-04 13:00:00
3178,실내활동,,2025-11-04 13:00:00,2025-11-04 14:00:00
3179,스포츠,,2025-11-04 14:00:00,2025-11-04 15:00:00
3180,공부,,2025-11-04 15:00:00,2025-11-04 16:00:00
3181,실내활동,,2025-11-04 16:00:00,2025-11-04 17:00:00
3182,스포츠,,2025-11-04 17:00:00,2025-11-04 20:00:00
3183,공부,,2025-11-04 20:00:00,2025-11-04 23:00:00
3184,실내활동,,2025-11-04 23:00:00,2025-11-05 00:00:00
3185,저녁식사,,2025-11-04 18:00:00,2025-11-04 19:00:00
3186,관람,,2025-11-05 08:00:00,2025-11-05 09:00:00
3187,운동,,2025-11-05 09:00:00,2025-11-05 12:00:00
3188,점심식사,,2025-11-05 12:00:00,2025-11-05 13:00:00
3189,실내활동,,2025-11-05 13:00:00,2025-11-05 15:00:00
3190,관람,,2025-11-05 15:00:00,2025-11-05 18:00:00
3191,저녁식사,,2025-11-05 18:00:00,2025-11-05 19:00:00
3192,운동,,2025-11-05 19:00:00,2025-11-05 22:00:00
3193,실내활동,,2025-11-05 22:00:00,2025-11-06 00:00:00
3194,운동,,2025-11-06 08:00:00,2025-11-06 10:00:00
3195,공부,,2025-11-06 10:00:00,2025-11-06 13:00:00
3196,공원,,2025-11-06 13:00:00,2025-11-06 16:00:00
3197,운동,,2025-11-06 16:00:00,2025-11-06 17:00:00
3198,공부,,2025-11-06 17:00:00,2025-11-06 20:00:00
3199,공원,,2025-11-06 20:00:00,2025-11-06 23:00:00
3200,운동,,2025-11-06 23:00:00,2025-11-07 00:00:00
3201,점심식사,,2025-11-06 12:00:00,2025-11-06 13:00:00
3202,저녁식사,,2025-11-06 18:00:00,2025-11-06 19:00:00
3203,스포츠,,2025-11-07 08:00:00,2025-11-07 11:00:00
3204,공부,,2025-11-07 11:00:00,2025-11-07 14:00:00
3205,실내활동,,2025-11-07 14:00:00,2025-11-07 17:00:00
3206,스포츠,,2025-11-07 17:00:00,2025-11-07 19:00:00
3207,공부,,2025-11-07 19:00:00,2025-11-07 22:00:00
3208,실내활동,,2025-11-07 22:00:00,2025-11-08 00:00:00
3209,점심식사,,2025-11-07 12:00:00,2025-11-07 13:00:00
3210,저녁식사,,2025-11-07 18:00:00,2025-11-07 19:00:00
3211,관람,,2025-11-08 08:00:00,2025-11-08 09:00:00
3212,운동,,2025-11-08 09:00:00,2025-11-08 11:00:00
3213,실내활동,,2025-11-08 11:00:00,2025-11-08 14:00:00
3214,관람,,2025-11-08 14:00:00,2025-11-08 17:00:00
3215,운동,,2025-11-08 17:00:00,2025-11-08 18:00:00
3216,저녁식사,,2025-11-08 18:00:00,2025-11-08 19:00:00
3217,실내활동,,2025-11-08 19:00:00,2025-11-08 22:00:00
3218,관람,,2025-11-08 22:00:00,2025-11-09 00:00:00
3219,점심식사,,2025-11-08 12:00:00,2025-11-08 13:00:00
3220,스포츠,,2025-11-09 08:00:00,2025-11-09 09:00:00
3221,공부,,2025-11-09 09:00:00,2025-11-09 12:00:00
3222,점심식사,,2025-11-09 12:00:00,2025-11-09 13:00:00
3223,실내활동,,2025-11-09 13:00:00,2025-11-09 15:00:00
3224,스포츠,,2025-11-09 15:00:00,2025-11-09 16:00:00
3225,공부,,2025-11-09 16:00:00,2025-11-09 19:00:00
3226,실내활동,,2025-11-09 19:00:00,2025-11-09 22:00:00
3227,스포츠,,2025-11-09 22:00:00,2025-11-10 00:00:00
3228,저녁식사,,2025-11-09 18:00:00,2025-11-09 19:00:00
3229,운동,,2025-11-10 08:00:00,2025-11-10 10:00:00
3230,공부,,2025-11-10 10:00:00,2025-11-10 13:00:00
3231,공원,,2025-11-10 13:00:00,2025-11-10 14:00:00
3232,운동,,2025-11-10 14:00:00,2025-11-10 16:00:00
3233,공부,,2025-11-10 16:00:00,2025-11-10 17:00:00
3234,공원,,2025-11-10 17:00:00,2025-11-10 19:00:00
3235,운동,,2025-11-10 19:00:00,2025-11-10 20:00:00
3236,공부,,2025-11-10 20:00:00,2025-11-10 22:00:00
3237,공원,,2025-11-10 22:00:00,2025-11-11 00:00:00
3238,점심식사,,2025-11-10 12:00:00,2025-11-10 13:00:00
3239,저녁식사,,2025-11-10 18:00:00,2025-11-10 19:00:00
3240,스포츠,,2025-11-11 08:00:00,2025-11-11 09:00:00
3241,공부,,2025-11-11 09:00:00,2025-11-11 10:00:00
3242,실내활동,,2025-11-11 10:00:00,2025-11-11 13:00:00
3243,스포츠,,2025-11-11 13:00:00,2025-11-11 14:00:00
3244,공부,,2025-11-11 14:00:00,2025-11-11 16:00:00
3245,실내활동,,2025-11-11 16:00:00,2025-11-11 19:00:00
3246,스포츠,,2025-11-11 19:00:00,2025-11-11 21:00:00
3247,공부,,2025-11-11 21:00:00,2025-11-11 22:00:00
3248,실내활동,,2025-11-11 22:00:00,2025-11-12 00:00:00
3249,점심식사,,2025-11-11 12:00:00,2025-11-11 13:00:00
3250,저녁식사,,2025-11-11 18:00:00,2025-11-11 19:00:00
3251,관람,,2025-11-12 08:00:00,2025-11-12 11:00:00
3252,운동,,2025-11-12 11:00:00,2025-11-12 14:00:00
3253,실내활동,,2025-11-12 14:00:00,2025-11-12 16:00:00
3254,관람,,2025-11-12 16:00:00,2025-11-12 19:00:00
3255,운동,,2025-11-12 19:00:00,2025-11-12 22:00:00
3256,실내활동,,2025-11-12 22:00:00,2025-11-12 23:00:00
3257,관람,,2025-11-12 23:00:00,2025-11-13 00:00:00
3258,점심식사,,2025-11-12 12:00:00,2025-11-12 13:00:00
3259,저녁식사,,2025-11-12 18:00:00,2025-11-12 19:00:00
3260,운동,,2025-11-13 08:00:00,2025-11-13 09:00:00
3261,공부,,2025-11-13 09:00:00,2025-11-13 11:00:00
3262,공원,,2025-11-13 11:00:00,2025-11-13 14:00:00
3263,운동,,2025-11-13 14:00:00,2025-11-13 16:00:00
3264,공부,,2025-11-13 16:00:00,2025-11-13 19:00:00
3265,공원,,2025-11-13 19:00:00,2025-11-13 20:00:00
3266,운동,,2025-11-13 20:00:00,2025-11-13 22:00:00
3267,공부,,2025-11-13 22:00:00,2025-11-14 00:00:00
3268,점심식사,,2025-11-13 12:00:00,2025-11-13 13:00:00
3269,저녁식사,,2025-11-13 18:00:00,2025-11-13 19:00:00
3270,스포츠,,2025-11-14 08:00:00,2025-11-14 10:00:00
3271,공부,,2025-11-14 10:00:00,2025-11-14 13:00:00
3272,실내활동,,2025-11-14 13:00:00,2025-11-14 15:00:00
3273,스포츠,,2025-11-14 15:00:00,2025-11-14 18:00:00
3274,저녁식사,,2025-11-14 18:00:00,2025-11-14 19:00:00
3275,공부,,2025-11-14 19:00:00,2025-11-14 21:00:00
3276,실내활동,,2025-11-14 21:00:00,2025-11-14 23:00:00
3277,스포츠,,2025-11-14 23:00:00,2025-11-15 00:00:00
3278,점심식사,,2025-11-14 12:00:00,2025-11-14 13:00:00
3279,관람,,2025-11-15 08:00:00,2025-11-15 11:00:00
3280,운동,,2025-11-15 11:00:00,2025-11-15 13:00:00
3281,실내활동,,2025-11-15 13:00:00,2025-11-15 14:00:00
3282,관람,,2025-11-15 14:00:00,2025-11-15 17:00:00
3283,운동,,2025-11-15 17:00:00,2025-11-15 18:00:00
3284,저녁식사,,2025-11-15 18:00:00,2025-11-15 19:00:00
3285,실내활동,,2025-11-15 19:00:00,2025-11-15 20:00:00
3286,관람,,2025-11-15 20:00:00,2025-11-15 22:00:00
3287,운동,,2025-11-15 22:00:00,2025-11-16 00:00:00
3288,점심식사,,2025-11-15 12:00:00,2025-11-15 13:00:00
3289,스포츠,,2025-11-16 08:00:00,2025-11-16 09:00:00
3290,공부,,2025-11-16 09:00:00,2025-11-16 10:00:00
3291,실내활동,,2025-11-16 10:00:00,2025-11-16 11:00:00
3292,스포츠,,2025-11-16 11:00:00,2025-11-16 13:00:00
3293,공부,,2025-11-16 13:00:00,2025-11-16 16:00:00
3294,실내활동,,2025-11-16 16:00:00,2025-11-16 18:00:00
3295,저녁식사,,2025-11-16 18:00:00,2025-11-16 19:00:00
3296,스포츠,,2025-11-16 19:00:00,2025-11-16 22:00:00
3297,공부,,2025-11-16 22:00:00,2025-11-16 23:00:00
3298,실내활동,,2025-11-16 23:00:00,2025-11-17 00:00:00
3299,점심식사,,2025-11-16 12:00:00,2025-11-16 13:00:00
3300,운동,,2025-11-17 08:00:00,2025-11-17 09:00:00
3301,공부,,2025-11-17 09:00:00,2025-11-17 11:00:00
3302,공원,,2025-11-17 11:00:00,2025-11-17 12:00:00
3303,점심식사,,2025-11-17 12:00:00,2025-11-17 13:00:00
3304,운동,,2025-11-17 13:00:00,2025-11-17 16:00:00
3305,공부,,2025-11-17 16:00:00,2025-11-17 17:00:00
3306,공원,,2025-11-17 17:00:00,2025-11-17 19:00:00
3307,운동,,2025-11-17 19:00:00,2025-11-17 20:00:00
3308,공부,,2025-11-17 20:00:00,2025-11-17 23:00:00
3309,공원,,2025-11-17 23:00:00,2025-11-18 00:00:00
3310,저녁식사,,2025-11-17 18:00:00,2025-11-17 19:00:00
3311,스포츠,,2025-11-18 08:00:00,2025-11-18 09:00:00
3312,공부,,2025-11-18 09:00:00,2025-11-18 12:00:00
3313,점심식사,,2025-11-18 12:00:00,2025-11-18 13:00:00
3314,실내활동,,2025-11-18 13:00:00,2025-11-18 16:00:00
3315,스포츠,,2025-11-18 16:00:00,2025-11-18 18:00:00
3316,저녁식사,,2025-11-18 18:00:00,2025-11-18 19:00:00
3317,공부,,2025-11-18 19:00:00,2025-11-18 20:00:00
3318,실내활동,,2025-11-18 20:00:00,2025-11-18 22:00:00
3319,스포츠,,2025-11-18 22:00:00,2025-11-18 23:00:00
3320,공부,,2025-11-18 23:00:00,2025-11-19 00:00:00
3321,관람,,2025-11-19 08:00:00,2025-11-19 11:00:00
3322,운동,,2025-11-19 11:00:00,2025-11-19 13:00:00
3323,실내활동,,2025-11-19 13:00:00,2025-11-19 14:00:00
3324,관람,,2025-11-19 14:00:00,2025-11-19 15:00:00
3325,운동,,2025-11-19 15:00:00,2025-11-19 17:00:00
3326,실내활동,,2025-11-19 17:00:00,2025-11-19 19:00:00
3327,관람,,2025-11-19 19:00:00,2025-11-19 21:00:00
3328,운동,,2025-11-19 21:00:00,2025-11-19 23:00:00
3329,실내활동,,2025-11-19 23:00:00,2025-11-20 00:00:00
3330,점심식사,,2025-11-19 12:00:00,2025-11-19 13:00:00
3331,저녁식사,,2025-11-19 18:00:00,2025-11-19 19:00:00
3332,운동,,2025-11-20 08:00:00,2025-11-20 09:00:00
3333,공부,,2025-11-20 09:00:00,2025-11-20 12:00:00
3334,점심식사,,2025-11-20 12:00:00,2025-11-20 13:00:00
3335,공원,,2025-11-20 13:00:00,2025-11-20 15:00:00
3336,운동,,2025-11-20 15:00:00,2025-11-20 17:00:00
3337,공부,,2025-11-20 17:00:00,2025-11-20 19:00:00
3338,공원,,2025-11-20 19:00:00,2025-11-20 22:00:00
3339,운동,,2025-11-20 22:00:00,2025-11-21 00:00:00
3340,저녁식사,,2025-11-20 18:00:00,2025-11-20 19:00:00
3341,스포츠,,2025-11-21 08:00:00,2025-11-21 09:00:00
3342,공부,,2025-11-21 09:00:00,2025-11-21 12:00:00
3343,점심식사,,2025-11-21 12:00:00,2025-11-21 13:00:00
3344,실내활동,,2025-11-21 13:00:00,2025-11-21 15:00:00
3345,스포츠,,2025-11-21 15:00:00,2025-11-21 17:00:00
3346,공부,,2025-11-21 17:00:00,2025-11-21 19:00:00
3347,실내활동,,2025-11-21 19:00:00,2025-11-21 21:00:00
3348,스포츠,,2025-11-21 21:00:00,2025-11-21 23:00:00
3349,공부,,2025-11-21 23:00:00,2025-11-22 00:00:00
3350,저녁식사,,2025-11-21 18:00:00,2025-11-21 19:00:00
3351,관람,,2025-11-22 08:00:00,2025-11-22 10:00:00
3352,운동,,2025-11-22 10:00:00,2025-11-22 11:00:00
3353,실내활동,,2025-11-22 11:00:00,2025-11-22 12:00:00
3354,점심식사,,2025-11-22 12:00:00,2025-11-22 13:00:00
3355,관람,,2025-11-22 13:00:00,2025-11-22 16:00:00
3356,운동,,2025-11-22 16:00:00,2025-11-22 17:00:00
3357,실내활동,,2025-11-22 17:00:00,2025-11-22 20:00:00
3358,관람,,2025-11-22 20:00:00,2025-11-22 21:00:00
3359,운동,,2025-11-22 21:00:00,2025-11-22 22:00:00
3360,실내활동,,2025-11-22 22:00:00,2025-11-23 00:00:00
3361,저녁식사,,2025-11-22 18:00:00,2025-11-22 19:00:00
3362,스포츠,,2025-11-23 08:00:00,2025-11-23 09:00:00
3363,공부,,2025-11-23 09:00:00,2025-11-23 12:00:00
3364,점심식사,,2025-11-23 12:00:00,2025-11-23 13:00:00
3365,실내활동,,2025-11-23 13:00:00,2025-11-23 14:00:00
3366,스포츠,,2025-11-23 14:00:00,2025-11-23 15:00:00
3367,공부,,2025-11-23 15:00:00,2025-11-23 17:00:00
3368,실내활동,,2025-11-23 17:00:00,2025-11-23 20:00:00
3369,스포츠,,2025-11-23 20:00:00,2025-11-23 22:00:00
3370,공부,,2025-11-23 22:00:00,2025-11-24 00:00:00
3371,저녁식사,,2025-11-23 18:00:00,2025-11-23 19:00:00
3372,운동,,2025-11-24 08:00:00,2025-11-24 11:00:00
3373,공부,,2025-11-24 11:00:00,2025-11-24 14:00:00
3374,공원,,2025-11-24 14:00:00,2025-11-24 17:00:00
3375,운동,,2025-11-24 17:00:00,2025-11-24 20:00:00
3376,공부,,2025-11-24 20:00:00,2025-11-24 23:00:00
3377,공원,,2025-11-24 23:00:00,2025-11-25 00:00:00
3378,점심식사,,2025-11-24 12:00:00,2025-11-24 13:00:00
3379,저녁식사,,2025-11-24 18:00:00,2025-11-24 19:00:00
3380,스포츠,,2025-11-25 08:00:00,2025-11-25 10:00:00
3381,공부,,2025-11-25 10:00:00,2025-11-25 12:00:00
3382,점심식사,,2025-11-25 12:00:00,2025-11-25 13:00:00
3383,실내활동,,2025-11-25 13:00:00,2025-11-25 14:00:00
3384,스포츠,,2025-11-25 14:00:00,2025-11-25 17:00:00
3385,공부,,2025-11-25 17:00:00,2025-11-25 18:00:00
3386,저녁식사,,2025-11-25 18:00:00,2025-11-25 19:00:00
3387,실내활동,,2025-11-25 19:00:00,2025-11-25 21:00:00
3388,스포츠,,2025-11-25 21:00:00,2025-11-26 00:00:00
3389,관람,,2025-11-26 08:00:00,2025-11-26 11:00:00
3390,운동,,2025-11-26 11:00:00,2025-11-26 13:00:00
3391,실내활동,,2025-11-26 13:00:00,2025-11-26 16:00:00
3392,관람,,2025-11-26 16:00:00,2025-11-26 19:00:00
3393,운동,,2025-11-26 19:00:00,2025-11-26 22:00:00
3394,실내활동,,2025-11-26 22:00:00,2025-11-27 00:00:00
3395,점심식사,,2025-11-26 12:00:00,2025-11-26 13:00:00
3396,저녁식사,,2025-11-26 18:00:00,2025-11-26 19:00:00
3397,운동,,2025-11-27 08:00:00,2025-11-27 10:00:00
3398,공부,,2025-11-27 10:00:00,2025-11-27 12:00:00
3399,점심식사,,2025-11-27 12:00:00,2025-11-27 13:00:00
3400,공원,,2025-11-27 13:00:00,2025-11-27 15:00:00
3401,운동,,2025-11-27 15:00:00,2025-11-27 16:00:00
3402,공부,,2025-11-27 16:00:00,2025-11-27 18:00:00
3403,저녁식사,,2025-11-27 18:00:00,2025-11-27 19:00:00
3404,공원,,2025-11-27 19:00:00,2025-11-27 22:00:00
3405,운동,,2025-11-27 22:00:00,2025-11-28 00:00:00
3406,스포츠,,2025-11-28 08:00:00,2025-11-28 11:00:00
3407,공부,,2025-11-28 11:00:00,2025-11-28 12:00:00
3408,점심식사,,2025-11-28 12:00:00,2025-11-28 13:00:00
3409,실내활동,,2025-11-28 13:00:00,2025-11-28 16:00:00
3410,스포츠,,2025-11-28 16:00:00,2025-11-28 18:00:00
3411,저녁식사,,2025-11-28 18:00:00,2025-11-28 19:00:00
3412,공부,,2025-11-28 19:00:00,2025-11-28 22:00:00
3413,실내활동,,2025-11-28 22:00:00,2025-11-28 23:00:00
3414,스포츠,,2025-11-28 23:00:00,2025-11-29 00:00:00
3415,관람,,2025-11-29 08:00:00,2025-11-29 11:00:00
3416,운동,,2025-11-29 11:00:00,2025-11-29 14:00:00
3417,실내활동,,2025-11-29 14:00:00,2025-11-29 16:00:00
3418,관람,,2025-11-29 16:00:00,2025-11-29 18:00:00
3419,저녁식사,,2025-11-29 18:00:00,2025-11-29 19:00:00
3420,운동,,2025-11-29 19:00:00,2025-11-29 22:00:00
3421,실내활동,,2025-11-29 22:00:00,2025-11-30 00:00:00
3422,점심식사,,2025-11-29 12:00:00,2025-11-29 13:00:00
3423,스포츠,,2025-11-30 08:00:00,2025-11-30 09:00:00
3424,공부,,2025-11-30 09:00:00,2025-11-30 12:00:00
3425,점심식사,,2025-11-30 12:00:00,2025-11-30 13:00:00
3426,실내활동,,2025-11-30 13:00:00,2025-11-30 16:00:00
3427,스포츠,,2025-11-30 16:00:00,2025-11-30 19:00:00
3428,공부,,2025-11-30 19:00:00,2025-11-30 22:00:00
3429,실내활동,,2025-11-30 22:00:00,2025-12-01 00:00:00
3430,저녁식사,,2025-11-30 18:00:00,2025-11-30 19:00:00
3431,운동,,2025-12-01 08:00:00,2025-12-01 09:00:00
3432,공부,,2025-12-01 09:00:00,2025-12-01 12:00:00
3433,점심식사,,2025-12-01 12:00:00,2025-12-01 13:00:00
3434,공원,,2025-12-01 13:00:00,2025-12-01 15:00:00
3435,운동,,2025-12-01 15:00:00,2025-12-01 17:00:00
3436,공부,,2025-12-01 17:00:00,2025-12-01 19:00:00
3437,공원,,2025-12-01 19:00:00,2025-12-01 20:00:00
3438,운동,,2025-12-01 20:00:00,2025-12-01 22:00:00
3439,공부,,2025-12-01 22:00:00,2025-12-01 23:00:00
3440,공원,,2025-12-01 23:00:00,2025-12-02 00:00:00
3441,저녁식사,,2025-12-01 18:00:00,2025-12-01 19:00:00
3442,스포츠,,2025-12-02 08:00:00,2025-12-02 10:00:00
3443,공부,,2025-12-02 10:00:00,2025-12-02 12:00:00
3444,점심식사,,2025-12-02 12:00:00,2025-12-02 13:00:00
3445,실내활동,,2025-12-02 13:00:00,2025-12-02 16:00:00
3446,스포츠,,2025-12-02 16:00:00,2025-12-02 19:00:00
3447,공부,,2025-12-02 19:00:00,2025-12-02 21:00:00
3448,실내활동,,2025-12-02 21:00:00,2025-12-02 22:00:00
3449,스포츠,,2025-12-02 22:00:00,2025-12-02 23:00:00
3450,공부,,2025-12-02 23:00:00,2025-12-03 00:00:00
3451,저녁식사,,2025-12-02 18:00:00,2025-12-02 19:00:00
3452,관람,,2025-12-03 08:00:00,2025-12-03 10:00:00
3453,운동,,2025-12-03 10:00:00,2025-12-03 12:00:00
3454,점심식사,,2025-12-03 12:00:00,2025-12-03 13:00:00
3455,실내활동,,2025-12-03 13:00:00,2025-12-03 14:00:00
3456,관람,,2025-12-03 14:00:00,2025-12-03 16:00:00
3457,운동,,2025-12-03 16:00:00,2025-12-03 19:00:00
3458,실내활동,,2025-12-03 19:00:00,2025-12-03 21:00:00
3459,관람,,2025-12-03 21:00:00,2025-12-03 23:00:00
3460,운동,,2025-12-03 23:00:00,2025-12-04 00:00:00
3461,저녁식사,,2025-12-03 18:00:00,2025-12-03 19:00:00
3462,운동,,2025-12-04 08:00:00,2025-12-04 11:00:00
3463,공부,,2025-12-04 11:00:00,2025-12-04 13:00:00
3464,공원,,2025-12-04 13:00:00,2025-12-04 16:00:00
3465,운동,,2025-12-04 16:00:00,2025-12-04 17:00:00
3466,공부,,2025-12-04 17:00:00,2025-12-04 20:00:00
3467,공원,,2025-12-04 20:00:00,2025-12-04 22:00:00
3468,운동,,2025-12-04 22:00:00,2025-12-05 00:00:00
3469,점심식사,,2025-12-04 12:00:00,2025-12-04 13:00:00
3470,저녁식사,,2025-12-04 18:00:00,2025-12-04 19:00:00
3471,스포츠,,2025-12-05 08:00:00,2025-12-05 10:00:00
3472,공부,,2025-12-05 10:00:00,2025-12-05 13:00:00
3473,실내활동,,2025-12-05 13:00:00,2025-12-05 16:00:00
3474,스포츠,,2025-12-05 16:00:00,2025-12-05 17:00:00
3475,공부,,2025-12-05 17:00:00,2025-12-05 20:00:00
3476,실내활동,,2025-12-05 20:00:00,2025-12-05 21:00:00
3477,스포츠,,2025-12-05 21:00:00,2025-12-05 22:00:00
3478,공부,,2025-12-05 22:00:00,2025-12-05 23:00:00
3479,실내활동,,2025-12-05 23:00:00,2025-12-06 00:00:00
3480,점심식사,,2025-12-05 12:00:00,2025-12-05 13:00:00
3481,저녁식사,,2025-12-05 18:00:00,2025-12-05 19:00:00
3482,관람,,2025-12-06 08:00:00,2025-12-06 11:00:00
3483,운동,,2025-12-06 11:00:00,2025-12-06 12:00:00
3484,점심식사,,2025-12-06 12:00:00,2025-12-06 13:00:00
3485,실내활동,,2025-12-06 13:00:00,2025-12-06 15:00:00
3486,관람,,2025-12-06 15:00:00,2025-12-06 16:00:00
3487,운동,,2025-12-06 16:00:00,2025-12-06 19:00:00
3488,실내활동,,2025-12-06 19:00:00,2025-12-06 20:00:00
3489,관람,,2025-12-06 20:00:00,2025-12-06 22:00:00
3490,운동,,2025-12-06 22:00:00,2025-12-07 00:00:00
3491,저녁식사,,2025-12-06 18:00:00,2025-12-06 19:00:00
3492,스포츠,,2025-12-07 08:00:00,2025-12-07 09:00:00
3493,공부,,2025-12-07 09:00:00,2025-12-07 10:00:00
3494,실내활동,,2025-12-07 10:00:00,2025-12-07 13:00:00
3495,스포츠,,2025-12-07 13:00:00,2025-12-07 16:00:00
3496,공부,,2025-12-07 16:00:00,2025-12-07 18:00:00
3497,저녁식사,,2025-12-07 18:00:00,2025-12-07 19:00:00
3498,실내활동,,2025-12-07 19:00:00,2025-12-07 20:00:00
3499,스포츠,,2025-12-07 20:00:00,2025-12-07 21:00:00
3500,공부,,2025-12-07 21:00:00,2025-12-07 22:00:00
3501,실내활동,,2025-12-07 22:00:00,2025-12-08 00:00:00
3502,점심식사,,2025-12-07 12:00:00,2025-12-07 13:00:00
3503,운동,,2025-12-08 08:00:00,2025-12-08 10:00:00
3504,공부,,2025-12-08 10:00:00,2025-12-08 11:00:00
3505,공원,,2025-12-08 11:00:00,2025-12-08 14:00:00
3506,운동,,2025-12-08 14:00:00,2025-12-08 15:00:00
3507,공부,,2025-12-08 15:00:00,2025-12-08 16:00:00
3508,공원,,2025-12-08 16:00:00,2025-12-08 19:00:00
3509,운동,,2025-12-08 19:00:00,2025-12-08 21:00:00
3510,공부,,2025-12-08 21:00:00,2025-12-09 00:00:00
3511,점심식사,,2025-12-08 12:00:00,2025-12-08 13:00:00
3512,저녁식사,,2025-12-08 18:00:00,2025-12-08 19:00:00
3513,스포츠,,2025-12-09 08:00:00,2025-12-09 11:00:00
3514,공부,,2025-12-09 11:00:00,2025-12-09 12:00:00
3515,점심식사,,2025-12-09 12:00:00,2025-12-09 13:00:00
3516,실내활동,,2025-12-09 13:00:00,2025-12-09 14:00:00
3517,스포츠,,2025-12-09 14:00:00,2025-12-09 16:00:00
3518,공부,,2025-12-09 16:00:00,2025-12-09 18:00:00
3519,저녁식사,,2025-12-09 18:00:00,2025-12-09 19:00:00
3520,실내활동,,2025-12-09 19:00:00,2025-12-09 20:00:00
3521,스포츠,,2025-12-09 20:00:00,2025-12-09 21:00:00
3522,공부,,2025-12-09 21:00:00,2025-12-10 00:00:00
3523,관람,,2025-12-10 08:00:00,2025-12-10 11:00:00
3524,운동,,2025-12-10 11:00:00,2025-12-10 12:00:00
3525,점심식사,,2025-12-10 12:00:00,2025-12-10 13:00:00
3526,실내활동,,2025-12-10 13:00:00,2025-12-10 14:00:00
3527,관람,,2025-12-10 14:00:00,2025-12-10 17:00:00
3528,운동,,2025-12-10 17:00:00,2025-12-10 18:00:00
3529,저녁식사,,2025-12-10 18:00:00,2025-12-10 19:00:00
3530,실내활동,,2025-12-10 19:00:00,2025-12-10 20:00:00
3531,관람,,2025-12-10 20:00:00,2025-12-10 23:00:00
3532,운동,,2025-12-10 23:00:00,2025-12-11 00:00:00
3533,운동,,2025-12-11 08:00:00,2025-12-11 11:00:00
3534,공부,,2025-12-11 11:00:00,2025-12-11 12:00:00
3535,점심식사,,2025-12-11 12:00:00,2025-12-11 13:00:00
3536,공원,,2025-12-11 13:00:00,2025-12-11 15:00:00
3537,운동,,2025-12-11 15:00:00,2025-12-11 17:00:00
3538,공부,,2025-12-11 17:00:00,2025-12-11 20:00:00
3539,공원,,2025-12-11 20:00:00,2025-12-11 22:00:00
3540,운동,,2025-12-11 22:00:00,2025-12-12 00:00:00
3541,저녁식사,,2025-12-11 18:00:00,2025-12-11 19:00:00
3542,스포츠,,2025-12-12 08:00:00,2025-12-12 11:00:00
3543,공부,,2025-12-12 11:00:00,2025-12-12 12:00:00
3544,점심식사,,2025-12-12 12:00:00,2025-12-12 13:00:00
3545,실내활동,,2025-12-12 13:00:00,2025-12-12 16:00:00
3546,스포츠,,2025-12-12 16:00:00,2025-12-12 18:00:00
3547,저녁식사,,2025-12-12 18:00:00,2025-12-12 19:00:00
3548,공부,,2025-12-12 19:00:00,2025-12-12 21:00:00
3549,실내활동,,2025-12-12 21:00:00,2025-12-12 23:00:00
3550,스포츠,,2025-12-12 23:00:00,2025-12-13 00:00:00
3551,관람,,2025-12-13 08:00:00,2025-12-13 11:00:00
3552,운동,,2025-12-13 11:00:00,2025-12-13 14:00:00
3553,실내활동,,2025-12-13 14:00:00,2025-12-13 17:00:00
3554,관람,,2025-12-13 17:00:00,2025-12-13 18:00:00
3555,저녁식사,,2025-12-13 18:00:00,2025-12-13 19:00:00
3556,운동,,2025-12-13 19:00:00,2025-12-13 20:00:00
3557,실내활동,,2025-12-13 20:00:00,2025-12-13 22:00:00
3558,관람,,2025-12-13 22:00:00,2025-12-13 23:00:00
3559,운동,,2025-12-13 23:00:00,2025-12-14 00:00:00
3560,점심식사,,2025-12-13 12:00:00,2025-12-13 13:00:00
3561,스포츠,,2025-12-14 08:00:00,2025-12-14 10:00:00
3562,공부,,2025-12-14 10:00:00,2025-12-14 12:00:00
3563,점심식사,,2025-12-14 12:00:00,2025-12-14 13:00:00
3564,실내활동,,2025-12-14 13:00:00,2025-12-14 16:00:00
3565,스포츠,,2025-12-14 16:00:00,2025-12-14 19:00:00
3566,공부,,2025-12-14 19:00:00,2025-12-14 20:00:00
3567,실내활동,,2025-12-14 20:00:00,2025-12-14 22:00:00
3568,스포츠,,2025-12-14 22:00:00,2025-12-15 00:00:00
3569,저녁식사,,2025-12-14 18:00:00,2025-12-14 19:00:00
3570,운동,,2025-12-15 08:00:00,2025-12-15 10:00:00
3571,공부,,2025-12-15 10:00:00,2025-12-15 11:00:00
3572,공원,,2025-12-15 11:00:00,2025-12-15 14:00:00
3573,운동,,2025-12-15 14:00:00,2025-12-15 16:00:00
3574,공부,,2025-12-15 16:00:00,2025-12-15 18:00:00
3575,저녁식사,,2025-12-15 18:00:00,2025-12-15 19:00:00
3576,공원,,2025-12-15 19:00:00,2025-12-15 21:00:00
3577,운동,,2025-12-15 21:00:00,2025-12-15 23:00:00
3578,공부,,2025-12-15 23:00:00,2025-12-16 00:00:00
3579,점심식사,,2025-12-15 12:00:00,2025-12-15 13:00:00
3580,스포츠,,2025-12-16 08:00:00,2025-12-16 11:00:00
3581,공부,,2025-12-16 11:00:00,2025-12-16 13:00:00
3582,실내활동,,2025-12-16 13:00:00,2025-12-16 16:00:00
3583,스포츠,,2025-12-16 16:00:00,2025-12-16 18:00:00
3584,저녁식사,,2025-12-16 18:00:00,2025-12-16 19:00:00
3585,공부,,2025-12-16 19:00:00,2025-12-16 20:00:00
3586,실내활동,,2025-12-16 20:00:00,2025-12-16 22:00:00
3587,스포츠,,2025-12-16 22:00:00,2025-12-17 00:00:00
3588,점심식사,,2025-12-16 12:00:00,2025-12-16 13:00:00
3589,관람,,2025-12-17 08:00:00,2025-12-17 09:00:00
3590,운동,,2025-12-17 09:00:00,2025-12-17 10:00:00
3591,실내활동,,2025-12-17 10:00:00,2025-12-17 12:00:00
3592,점심식사,,2025-12-17 12:00:00,2025-12-17 13:00:00
3593,관람,,2025-12-17 13:00:00,2025-12-17 16:00:00
3594,운동,,2025-12-17 16:00:00,2025-12-17 18:00:00
3595,저녁식사,,2025-12-17 18:00:00,2025-12-17 19:00:00
3596,실내활동,,2025-12-17 19:00:00,2025-12-17 20:00:00
3597,관람,,2025-12-17 20:00:00,2025-12-17 22:00:00
3598,운동,,2025-12-17 22:00:00,2025-12-17 23:00:00
3599,실내활동,,2025-12-17 23:00:00,2025-12-18 00:00:00
3600,운동,,2025-12-18 08:00:00,2025-12-18 11:00:00
3601,공부,,2025-12-18 11:00:00,2025-12-18 12:00:00
3602,점심식사,,2025-12-18 12:00:00,2025-12-18 13:00:00
3603,공원,,2025-12-18 13:00:00,2025-12-18 15:00:00
3604,운동,,2025-12-18 15:00:00,2025-12-18 16:00:00
3605,공부,,2025-12-18 16:00:00,2025-12-18 17:00:00
3606,공원,,2025-12-18 17:00:00,2025-12-18 20:00:00
3607,운동,,2025-12-18 20:00:00,2025-12-18 23:00:00
3608,공부,,2025-12-18 23:00:00,2025-12-19 00:00:00
3609,저녁식사,,2025-12-18 18:00:00,2025-12-18 19:00:00
3610,스포츠,,2025-12-19 08:00:00,2025-12-19 11:00:00
3611,공부,,2025-12-19 11:00:00,2025-12-19 14:00:00
3612,실내활동,,2025-12-19 14:00:00,2025-12-19 17:00:00
3613,스포츠,,2025-12-19 17:00:00,2025-12-19 20:00:00
3614,공부,,2025-12-19 20:00:00,2025-12-19 23:00:00
3615,실내활동,,2025-12-19 23:00:00,2025-12-20 00:00:00
3616,점심식사,,2025-12-19 12:00:00,2025-12-19 13:00:00
3617,저녁식사,,2025-12-19 18:00:00,2025-12-19 19:00:00
3618,관람,,2025-12-20 08:00:00,2025-12-20 09:00:00
3619,운동,,2025-12-20 09:00:00,2025-12-20 12:00:00
3620,점심식사,,2025-12-20 12:00:00,2025-12-20 13:00:00
3621,실내활동,,2025-12-20 13:00:00,2025-12-20 15:00:00
3622,관람,,2025-12-20 15:00:00,2025-12-20 16:00:00
3623,운동,,2025-12-20 16:00:00,2025-12-20 17:00:00
3624,실내활동,,2025-12-20 17:00:00,2025-12-20 19:00:00
3625,관람,,2025-12-20 19:00:00,2025-12-20 21:00:00
3626,운동,,2025-12-20 21:00:00,2025-12-21 00:00:00
3627,저녁식사,,2025-12-20 18:00:00,2025-12-20 19:00:00
3628,스포츠,,2025-12-21 08:00:00,2025-12-21 09:00:00
3629,공부,,2025-12-21 09:00:00,2025-12-21 11:00:00
3630,실내활동,,2025-12-21 11:00:00,2025-12-21 14:00:00
3631,스포츠,,2025-12-21 14:00:00,2025-12-21 17:00:00
3632,공부,,2025-12-21 17:00:00,2025-12-21 18:00:00
3633,저녁식사,,2025-12-21 18:00:00,2025-12-21 19:00:00
3634,실내활동,,2025-12-21 19:00:00,2025-12-21 21:00:00
3635,스포츠,,2025-12-21 21:00:00,2025-12-22 00:00:00
3636,점심식사,,2025-12-21 12:00:00,2025-12-21 13:00:00
3637,운동,,2025-12-22 08:00:00,2025-12-22 09:00:00
3638,공부,,2025-12-22 09:00:00,2025-12-22 11:00:00
3639,공원,,2025-12-22 11:00:00,2025-12-22 13:00:00
3640,운동,,2025-12-22 13:00:00,2025-12-22 14:00:00
3641,공부,,2025-12-22 14:00:00,2025-12-22 16:00:00
3642,공원,,2025-12-22 16:00:00,2025-12-22 19:00:00
3643,운동,,2025-12-22 19:00:00,2025-12-22 22:00:00
3644,공부,,2025-12-22 22:00:00,2025-12-23 00:00:00
3645,점심식사,,2025-12-22 12:00:00,2025-12-22 13:00:00
3646,저녁식사,,2025-12-22 18:00:00,2025-12-22 19:00:00
3647,스포츠,,2025-12-23 08:00:00,2025-12-23 11:00:00
3648,공부,,2025-12-23 11:00:00,2025-12-23 13:00:00
3649,실내활동,,2025-12-23 13:00:00,2025-12-23 16:00:00
3650,스포츠,,2025-12-23 16:00:00,2025-12-23 17:00:00
3651,공부,,2025-12-23 17:00:00,2025-12-23 19:00:00
3652,실내활동,,2025-12-23 19:00:00,2025-12-23 21:00:00
3653,스포츠,,2025-12-23 21:00:00,2025-12-24 00:00:00
3654,점심식사,,2025-12-23 12:00:00,2025-12-23 13:00:00
3655,저녁식사,,2025-12-23 18:00:00,2025-12-23 19:00:00
3656,관람,,2025-12-24 08:00:00,2025-12-24 09:00:00
3657,운동,,2025-12-24 09:00:00,2025-12-24 11:00:00
3658,실내활동,,2025-12-24 11:00:00,2025-12-24 13:00:00
3659,관람,,2025-12-24 13:00:00,2025-12-24 14:00:00
3660,운동,,2025-12-24 14:00:00,2025-12-24 16:00:00
3661,실내활동,,2025-12-24 16:00:00,2025-12-24 17:00:00
3662,관람,,2025-12-24 17:00:00,2025-12-24 20:00:00
3663,운동,,2025-12-24 20:00:00,2025-12-24 22:00:00
3664,실내활동,,2025-12-24 22:00:00,2025-12-25 00:00:00
3665,점심식사,,2025-12-24 12:00:00,2025-12-24 13:00:00
3666,저녁식사,,2025-12-24 18:00:00,2025-12-24 19:00:00
3667,운동,,2025-12-25 08:00:00,2025-12-25 11:00:00
3668,공부,,2025-12-25 11:00:00,2025-12-25 14:00:00
3669,공원,,2025-12-25 14:00:00,2025-12-25 16:00:00
3670,운동,,2025-12-25 16:00:00,2025-12-25 19:00:00
3671,공부,,2025-12-25 19:00:00,2025-12-25 20:00:00
3672,공원,,2025-12-25 20:00:00,2025-12-25 23:00:00
3673,운동,,2025-12-25 23:00:00,2025-12-26 00:00:00
3674,점심식사,,2025-12-25 12:00:00,2025-12-25 13:00:00
3675,저녁식사,,2025-12-25 18:00:00,2025-12-25 19:00:00
3676,스포츠,,2025-12-26 08:00:00,2025-12-26 10:00:00
3677,공부,,2025-12-26 10:00:00,2025-12-26 13:00:00
3678,실내활동,,2025-12-26 13:00:00,2025-12-26 14:00:00
3679,스포츠,,2025-12-26 14:00:00,2025-12-26 17:00:00
3680,공부,,2025-12-26 17:00:00,2025-12-26 20:00:00
3681,실내활동,,2025-12-26 20:00:00,2025-12-26 21:00:00
3682,스포츠,,2025-12-26 21:00:00,2025-12-26 23:00:00
3683,공부,,2025-12-26 23:00:00,2025-12-27 00:00:00
3684,점심식사,,2025-12-26 12:00:00,2025-12-26 13:00:00
3685,저녁식사,,2025-12-26 18:00:00,2025-12-26 19:00:00
3686,관람,,2025-12-27 08:00:00,2025-12-27 09:00:00
3687,운동,,2025-12-27 09:00:00,2025-12-27 12:00:00
3688,점심식사,,2025-12-27 12:00:00,2025-12-27 13:00:00
3689,실내활동,,2025-12-27 13:00:00,2025-12-27 16:00:00
3690,관람,,2025-12-27 16:00:00,2025-12-27 18:00:00
3691,저녁식사,,2025-12-27 18:00:00,2025-12-27 19:00:00
3692,운동,,2025-12-27 19:00:00,2025-12-27 20:00:00
3693,실내활동,,2025-12-27 20:00:00,2025-12-27 21:00:00
3694,관람,,2025-12-27 21:00:00,2025-12-27 22:00:00
3695,운동,,2025-12-27 22:00:00,2025-12-27 23:00:00
3696,실내활동,,2025-12-27 23:00:00,2025-12-28 00:00:00
3697,스포츠,,2025-12-28 08:00:00,2025-12-28 09:00:00
3698,공부,,2025-12-28 09:00:00,2025-12-28 12:00:00
3699,점심식사,,2025-12-28 12:00:00,2025-12-28 13:00:00
3700,실내활동,,2025-12-28 13:00:00,2025-12-28 14:00:00
3701,스포츠,,2025-12-28 14:00:00,2025-12-28 16:00:00
3702,공부,,2025-12-28 16:00:00,2025-12-28 19:00:00
3703,실내활동,,2025-12-28 19:00:00,2025-12-28 20:00:00
3704,스포츠,,2025-12-28 20:00:00,2025-12-28 21:00:00
3705,공부,,2025-12-28 21:00:00,2025-12-28 23:00:00
3706,실내활동,,2025-12-28 23:00:00,2025-12-29 00:00:00
3707,저녁식사,,2025-12-28 18:00:00,2025-12-28 19:00:00
3708,운동,,2025-12-29 08:00:00,2025-12-29 10:00:00
3709,공부,,2025-12-29 10:00:00,2025-12-29 12:00:00
3710,점심식사,,2025-12-29 12:00:00,2025-12-29 13:00:00
3711,공원,,2025-12-29 13:00:00,2025-12-29 15:00:00
3712,운동,,2025-12-29 15:00:00,2025-12-29 17:00:00
3713,공부,,2025-12-29 17:00:00,2025-12-29 18:00:00
3714,저녁식사,,2025-12-29 18:00:00,2025-12-29 19:00:00
3715,공원,,2025-12-29 19:00:00,2025-12-29 22:00:00
3716,운동,,2025-12-29 22:00:00,2025-12-29 23:00:00
3717,공부,,2025-12-29 23:00:00,2025-12-30 00:00:00
3718,스포츠,,2025-12-30 08:00:00,2025-12-30 09:00:00
3719,공부,,2025-12-30 09:00:00,2025-12-30 10:00:00
3720,실내활동,,2025-12-30 10:00:00,2025-12-30 11:00:00
3721,스포츠,,2025-12-30 11:00:00,2025-12-30 14:00:00
3722,공부,,2025-12-30 14:00:00,2025-12-30 16:00:00
3723,실내활동,,2025-12-30 16:00:00,2025-12-30 18:00:00
3724,저녁식사,,2025-12-30 18:00:00,2025-12-30 19:00:00
3725,스포츠,,2025-12-30 19:00:00,2025-12-30 20:00:00
3726,공부,,2025-12-30 20:00:00,2025-12-30 22:00:00
3727,실내활동,,2025-12-30 22:00:00,2025-12-31 00:00:00
3728,점심식사,,2025-12-30 12:00:00,2025-12-30 13:00:00
3729,관람,,2025-12-31 08:00:00,2025-12-31 11:00:00
3730,운동,,2025-12-31 11:00:00,2025-12-31 12:00:00
3731,점심식사,,2025-12-31 12:00:00,2025-12-31 13:00:00
3732,실내활동,,2025-12-31 13:00:00,2025-12-31 16:00:00
3733,관람,,2025-12-31 16:00:00,2025-12-31 19:00:00
3734,운동,,2025-12-31 19:00:00,2025-12-31 21:00:00
3735,실내활동,,2025-12-31 21:00:00,2025-12-31 22:00:00
3736,관람,,2025-12-31 22:00:00,2025-12-31 23:00:00
3737,운동,,2025-12-31 23:00:00,2026-01-01 00:00:00
3738,저녁식사,,2025-12-31 18:00:00,2025-12-31 19:00:00
3739,운동,,2026-01-01 08:00:00,2026-01-01 10:00:00
3740,공부,,2026-01-01 10:00:00,2026-01-01 11:00:00
3741,공원,,2026-01-01 11:00:00,2026-01-01 12:00:00
3742,점심식사,,2026-01-01 12:00:00,2026-01-01 13:00:00
3743,운동,,2026-01-01 13:00:00,2026-01-01 14:00:00
3744,공부,,2026-01-01 14:00:00,2026-01-01 16:00:00
3745,공원,,2026-01-01 16:00:00,2026-01-01 19:00:00
3746,운동,,2026-01-01 19:00:00,2026-01-01 22:00:00
3747,공부,,2026-01-01 22:00:00,2026-01-01 23:00:00
3748,공원,,2026-01-01 23:00:00,2026-01-02 00:00:00
3749,저녁식사,,2026-01-01 18:00:00,2026-01-01 19:00:00
3750,스포츠,,2026-01-02 08:00:00,2026-01-02 10:00:00
3751,공부,,2026-01-02 10:00:00,2026-01-02 11:00:00
3752,실내활동,,2026-01-02 11:00:00,2026-01-02 14:00:00
3753,스포츠,,2026-01-02 14:00:00,2026-01-02 16:00:00
3754,공부,,2026-01-02 16:00:00,2026-01-02 17:00:00
3755,실내활동,,2026-01-02 17:00:00,2026-01-02 19:00:00
3756,스포츠,,2026-01-02 19:00:00,2026-01-02 22:00:00
3757,공부,,2026-01-02 22:00:00,2026-01-03 00:00:00
3758,점심식사,,2026-01-02 12:00:00,2026-01-02 13:00:00
3759,저녁식사,,2026-01-02 18:00:00,2026-01-02 19:00:00
3760,관람,,2026-01-03 08:00:00,2026-01-03 11:00:00
3761,운동,,2026-01-03 11:00:00,2026-01-03 13:00:00
3762,실내활동,,2026-01-03 13:00:00,2026-01-03 14:00:00
3763,관람,,2026-01-03 14:00:00,2026-01-03 17:00:00
3764,운동,,2026-01-03 17:00:00,2026-01-03 18:00:00
3765,저녁식사,,2026-01-03 18:00:00,2026-01-03 19:00:00
3766,실내활동,,2026-01-03 19:00:00,2026-01-03 22:00:00
3767,관람,,2026-01-03 22:00:00,2026-01-04 00:00:00
3768,점심식사,,2026-01-03 12:00:00,2026-01-03 13:00:00
3769,스포츠,,2026-01-04 08:00:00,2026-01-04 10:00:00
3770,공부,,2026-01-04 10:00:00,2026-01-04 11:00:00
3771,실내활동,,2026-01-04 11:00:00,2026-01-04 12:00:00
3772,점심식사,,2026-01-04 12:00:00,2026-01-04 13:00:00
3773,스포츠,,2026-01-04 13:00:00,2026-01-04 14:00:00
3774,공부,,2026-01-04 14:00:00,2026-01-04 16:00:00
3775,실내활동,,2026-01-04 16:00:00,2026-01-04 19:00:00
3776,스포츠,,2026-01-04 19:00:00,2026-01-04 22:00:00
3777,공부,,2026-01-04 22:00:00,2026-01-05 00:00:00
3778,저녁식사,,2026-01-04 18:00:00,2026-01-04 19:00:00
3779,운동,,2026-01-05 08:00:00,2026-01-05 09:00:00
3780,공부,,2026-01-05 09:00:00,2026-01-05 10:00:00
3781,공원,,2026-01-05 10:00:00,2026-01-05 12:00:00
3782,점심식사,,2026-01-05 12:00:00,2026-01-05 13:00:00
3783,운동,,2026-01-05 13:00:00,2026-01-05 16:00:00
3784,공부,,2026-01-05 16:00:00,2026-01-05 19:00:00
3785,공원,,2026-01-05 19:00:00,2026-01-05 21:00:00
3786,운동,,2026-01-05 21:00:00,2026-01-06 00:00:00
3787,저녁식사,,2026-01-05 18:00:00,2026-01-05 19:00:00
3788,스포츠,,2026-01-06 08:00:00,2026-01-06 11:00:00
3789,공부,,2026-01-06 11:00:00,2026-01-06 12:00:00
3790,점심식사,,2026-01-06 12:00:00,2026-01-06 13:00:00
3791,실내활동,,2026-01-06 13:00:00,2026-01-06 16:00:00
3792,스포츠,,2026-01-06 16:00:00,2026-01-06 17:00:00
3793,공부,,2026-01-06 17:00:00,2026-01-06 20:00:00
3794,실내활동,,2026-01-06 20:00:00,2026-01-06 22:00:00
3795,스포츠,,2026-01-06 22:00:00,2026-01-07 00:00:00
3796,저녁식사,,2026-01-06 18:00:00,2026-01-06 19:00:00
3797,관람,,2026-01-07 08:00:00,2026-01-07 11:00:00
3798,운동,,2026-01-07 11:00:00,2026-01-07 13:00:00
3799,실내활동,,2026-01-07 13:00:00,2026-01-07 14:00:00
3800,관람,,2026-01-07 14:00:00,2026-01-07 16:00:00
3801,운동,,2026-01-07 16:00:00,2026-01-07 18:00:00
3802,저녁식사,,2026-01-07 18:00:00,2026-01-07 19:00:00
3803,실내활동,,2026-01-07 19:00:00,2026-01-07 21:00:00
3804,관람,,2026-01-07 21:00:00,2026-01-07 23:00:00
3805,운동,,2026-01-07 23:00:00,2026-01-08 00:00:00
3806,점심식사,,2026-01-07 12:00:00,2026-01-07 13:00:00
3807,운동,,2026-01-08 08:00:00,2026-01-08 11:00:00
3808,공부,,2026-01-08 11:00:00,2026-01-08 14:00:00
3809,공원,,2026-01-08 14:00:00,2026-01-08 17:00:00
3810,운동,,2026-01-08 17:00:00,2026-01-08 18:00:00
3811,저녁식사,,2026-01-08 18:00:00,2026-01-08 19:00:00
3812,공부,,2026-01-08 19:00:00,2026-01-08 22:00:00
3813,공원,,2026-01-08 22:00:00,2026-01-09 00:00:00
3814,점심식사,,2026-01-08 12:00:00,2026-01-08 13:00:00
3815,스포츠,,2026-01-09 08:00:00,2026-01-09 10:00:00
3816,공부,,2026-01-09 10:00:00,2026-01-09 11:00:00
3817,실내활동,,2026-01-09 11:00:00,2026-01-09 12:00:00
3818,점심식사,,2026-01-09 12:00:00,2026-01-09 13:00:00
3819,스포츠,,2026-01-09 13:00:00,2026-01-09 14:00:00
3820,공부,,2026-01-09 14:00:00,2026-01-09 17:00:00
3821,실내활동,,2026-01-09 17:00:00,2026-01-09 20:00:00
3822,스포츠,,2026-01-09 20:00:00,2026-01-09 21:00:00
3823,공부,,2026-01-09 21:00:00,2026-01-09 22:00:00
3824,실내활동,,2026-01-09 22:00:00,2026-01-09 23:00:00
3825,스포츠,,2026-01-09 23:00:00,2026-01-10 00:00:00
3826,저녁식사,,2026-01-09 18:00:00,2026-01-09 19:00:00
3827,관람,,2026-01-10 08:00:00,2026-01-10 11:00:00
3828,운동,,2026-01-10 11:00:00,2026-01-10 14:00:00
3829,실내활동,,2026-01-10 14:00:00,2026-01-10 15:00:00
3830,관람,,2026-01-10 15:00:00,2026-01-10 16:00:00
3831,운동,,2026-01-10 16:00:00,2026-01-10 19:00:00
3832,실내활동,,2026-01-10 19:00:00,2026-01-10 21:00:00
3833,관람,,2026-01-10 21:00:00,2026-01-11 00:00:00
3834,점심식사,,2026-01-10 12:00:00,2026-01-10 13:00:00
3835,저녁식사,,2026-01-10 18:00:00,2026-01-10 19:00:00
3836,스포츠,,2026-01-11 08:00:00,2026-01-11 11:00:00
3837,공부,,2026-01-11 11:00:00,2026-01-11 12:00:00
3838,점심식사,,2026-01-11 12:00:00,2026-01-11 13:00:00
3839,실내활동,,2026-01-11 13:00:00,2026-01-11 14:00:00
3840,스포츠,,2026-01-11 14:00:00,2026-01-11 17:00:00
3841,공부,,2026-01-11 17:00:00,2026-01-11 19:00:00
3842,실내활동,,2026-01-11 19:00:00,2026-01-11 21:00:00
3843,스포츠,,2026-01-11 21:00:00,2026-01-11 22:00:00
3844,공부,,2026-01-11 22:00:00,2026-01-12 00:00:00
3845,저녁식사,,2026-01-11 18:00:00,2026-01-11 19:00:00
3846,운동,,2026-01-12 08:00:00,2026-01-12 11:00:00
3847,공부,,2026-01-12 11:00:00,2026-01-12 12:00:00
3848,점심식사,,2026-01-12 12:00:00,2026-01-12 13:00:00
3849,공원,,2026-01-12 13:00:00,2026-01-12 14:00:00
3850,운동,,2026-01-12 14:00:00,2026-01-12 15:00:00
3851,공부,,2026-01-12 15:00:00,2026-01-12 16:00:00
3852,공원,,2026-01-12 16:00:00,2026-01-12 19:00:00
3853,운동,,2026-01-12 19:00:00,2026-01-12 21:00:00
3854,공부,,2026-01-12 21:00:00,2026-01-12 22:00:00
3855,공원,,2026-01-12 22:00:00,2026-01-13 00:00:00
3856,저녁식사,,2026-01-12 18:00:00,2026-01-12 19:00:00
3857,스포츠,,2026-01-13 08:00:00,2026-01-13 10:00:00
3858,공부,,2026-01-13 10:00:00,2026-01-13 13:00:00
3859,실내활동,,2026-01-13 13:00:00,2026-01-13 16:00:00
3860,스포츠,,2026-01-13 16:00:00,2026-01-13 17:00:00
3861,공부,,2026-01-13 17:00:00,2026-01-13 19:00:00
3862,실내활동,,2026-01-13 19:00:00,2026-01-13 21:00:00
3863,스포츠,,2026-01-13 21:00:00,2026-01-13 23:00:00
3864,공부,,2026-01-13 23:00:00,2026-01-14 00:00:00
3865,점심식사,,2026-01-13 12:00:00,2026-01-13 13:00:00
3866,저녁식사,,2026-01-13 18:00:00,2026-01-13 19:00:00
3867,관람,,2026-01-14 08:00:00,2026-01-14 10:00:00
3868,운동,,2026-01-14 10:00:00,2026-01-14 12:00:00
3869,점심식사,,2026-01-14 12:00:00,2026-01-14 13:00:00
3870,실내활동,,2026-01-14 13:00:00,2026-01-14 14:00:00
3871,관람,,2026-01-14 14:00:00,2026-01-14 17:00:00
3872,운동,,2026-01-14 17:00:00,2026-01-14 18:00:00
3873,저녁식사,,2026-01-14 18:00:00,2026-01-14 19:00:00
3874,실내활동,,2026-01-14 19:00:00,2026-01-14 22:00:00
3875,관람,,2026-01-14 22:00:00,2026-01-14 23:00:00
3876,운동,,2026-01-14 23:00:00,2026-01-15 00:00:00
3877,운동,,2026-01-15 08:00:00,2026-01-15 10:00:00
3878,공부,,2026-01-15 10:00:00,2026-01-15 13:00:00
3879,공원,,2026-01-15 13:00:00,2026-01-15 14:00:00
3880,운동,,2026-01-15 14:00:00,2026-01-15 15:00:00
3881,공부,,2026-01-15 15:00:00,2026-01-15 17:00:00
3882,공원,,2026-01-15 17:00:00,2026-01-15 20:00:00
3883,운동,,2026-01-15 20:00:00,2026-01-15 23:00:00
3884,공부,,2026-01-15 23:00:00,2026-01-16 00:00:00
3885,점심식사,,2026-01-15 12:00:00,2026-01-15 13:00:00
3886,저녁식사,,2026-01-15 18:00:00,2026-01-15 19:00:00
3887,스포츠,,2026-01-16 08:00:00,2026-01-16 09:00:00
3888,공부,,2026-01-16 09:00:00,2026-01-16 12:00:00
3889,점심식사,,2026-01-16 12:00:00,2026-01-16 13:00:00
3890,실내활동,,2026-01-16 13:00:00,2026-01-16 14:00:00
3891,스포츠,,2026-01-16 14:00:00,2026-01-16 15:00:00
3892,공부,,2026-01-16 15:00:00,2026-01-16 17:00:00
3893,실내활동,,2026-01-16 17:00:00,2026-01-16 19:00:00
3894,스포츠,,2026-01-16 19:00:00,2026-01-16 20:00:00
3895,공부,,2026-01-16 20:00:00,2026-01-16 23:00:00
3896,실내활동,,2026-01-16 23:00:00,2026-01-17 00:00:00
3897,저녁식사,,2026-01-16 18:00:00,2026-01-16 19:00:00
3898,관람,,2026-01-17 08:00:00,2026-01-17 10:00:00
3899,운동,,2026-01-17 10:00:00,2026-01-17 11:00:00
3900,실내활동,,2026-01-17 11:00:00,2026-01-17 13:00:00
3901,관람,,2026-01-17 13:00:00,2026-01-17 15:00:00
3902,운동,,2026-01-17 15:00:00,2026-01-17 16:00:00
3903,실내활동,,2026-01-17 16:00:00,2026-01-17 18:00:00
3904,저녁식사,,2026-01-17 18:00:00,2026-01-17 19:00:00
3905,관람,,2026-01-17 19:00:00,2026-01-17 20:00:00
3906,운동,,2026-01-17 20:00:00,2026-01-17 22:00:00
3907,실내활동,,2026-01-17 22:00:00,2026-01-18 00:00:00
3908,점심식사,,2026-01-17 12:00:00,2026-01-17 13:00:00
3909,스포츠,,2026-01-18 08:00:00,2026-01-18 10:00:00
3910,공부,,2026-01-18 10:00:00,2026-01-18 12:00:00
3911,점심식사,,2026-01-18 12:00:00,2026-01-18 13:00:00
3912,실내활동,,2026-01-18 13:00:00,2026-01-18 15:00:00
3913,스포츠,,2026-01-18 15:00:00,2026-01-18 18:00:00
3914,저녁식사,,2026-01-18 18:00:00,2026-01-18 19:00:00
3915,공부,,2026-01-18 19:00:00,2026-01-18 21:00:00
3916,실내활동,,2026-01-18 21:00:00,2026-01-19 00:00:00
3917,운동,,2026-01-19 08:00:00,2026-01-19 09:00:00
3918,공부,,2026-01-19 09:00:00,2026-01-19 11:00:00
3919,공원,,2026-01-19 11:00:00,2026-01-19 14:00:00
3920,운동,,2026-01-19 14:00:00,2026-01-19 15:00:00
3921,공부,,2026-01-19 15:00:00,2026-01-19 16:00:00
3922,공원,,2026-01-19 16:00:00,2026-01-19 18:00:00
3923,저녁식사,,2026-01-19 18:00:00,2026-01-19 19:00:00
3924,운동,,2026-01-19 19:00:00,2026-01-19 21:00:00
3925,공부,,2026-01-19 21:00:00,2026-01-20 00:00:00
3926,점심식사,,2026-01-19 12:00:00,2026-01-19 13:00:00
3927,스포츠,,2026-01-20 08:00:00,2026-01-20 11:00:00
3928,공부,,2026-01-20 11:00:00,2026-01-20 13:00:00
3929,실내활동,,2026-01-20 13:00:00,2026-01-20 15:00:00
3930,스포츠,,2026-01-20 15:00:00,2026-01-20 16:00:00
3931,공부,,2026-01-20 16:00:00,2026-01-20 17:00:00
3932,실내활동,,2026-01-20 17:00:00,2026-01-20 19:00:00
3933,스포츠,,2026-01-20 19:00:00,2026-01-20 21:00:00
3934,공부,,2026-01-20 21:00:00,2026-01-21 00:00:00
3935,점심식사,,2026-01-20 12:00:00,2026-01-20 13:00:00
3936,저녁식사,,2026-01-20 18:00:00,2026-01-20 19:00:00
3937,관람,,2026-01-21 08:00:00,2026-01-21 10:00:00
3938,운동,,2026-01-21 10:00:00,2026-01-21 13:00:00
3939,실내활동,,2026-01-21 13:00:00,2026-01-21 14:00:00
3940,관람,,2026-01-21 14:00:00,2026-01-21 16:00:00
3941,운동,,2026-01-21 16:00:00,2026-01-21 18:00:00
3942,저녁식사,,2026-01-21 18:00:00,2026-01-21 19:00:00
3943,실내활동,,2026-01-21 19:00:00,2026-01-21 22:00:00
3944,관람,,2026-01-21 22:00:00,2026-01-22 00:00:00
3945,점심식사,,2026-01-21 12:00:00,2026-01-21 13:00:00
3946,운동,,2026-01-22 08:00:00,2026-01-22 11:00:00
3947,공부,,2026-01-22 11:00:00,2026-01-22 12:00:00
3948,점심식사,,2026-01-22 12:00:00,2026-01-22 13:00:00
3949,공원,,2026-01-22 13:00:00,2026-01-22 15:00:00
3950,운동,,2026-01-22 15:00:00,2026-01-22 16:00:00
3951,공부,,2026-01-22 16:00:00,2026-01-22 17:00:00
3952,공원,,2026-01-22 17:00:00,2026-01-22 20:00:00
3953,운동,,2026-01-22 20:00:00,2026-01-22 21:00:00
3954,공부,,2026-01-22 21:00:00,2026-01-23 00:00:00
3955,저녁식사,,2026-01-22 18:00:00,2026-01-22 19:00:00
3956,스포츠,,2026-01-23 08:00:00,2026-01-23 09:00:00
3957,공부,,2026-01-23 09:00:00,2026-01-23 12:00:00
3958,점심식사,,2026-01-23 12:00:00,2026-01-23 13:00:00
3959,실내활동,,2026-01-23 13:00:00,2026-01-23 16:00:00
3960,스포츠,,2026-01-23 16:00:00,2026-01-23 18:00:00
3961,저녁식사,,2026-01-23 18:00:00,2026-01-23 19:00:00
3962,공부,,2026-01-23 19:00:00,2026-01-23 20:00:00
3963,실내활동,,2026-01-23 20:00:00,2026-01-23 23:00:00
3964,스포츠,,2026-01-23 23:00:00,2026-01-24 00:00:00
3965,관람,,2026-01-24 08:00:00,2026-01-24 11:00:00
3966,운동,,2026-01-24 11:00:00,2026-01-24 13:00:00
3967,실내활동,,2026-01-24 13:00:00,2026-01-24 14:00:00
3968,관람,,2026-01-24 14:00:00,2026-01-24 16:00:00
3969,운동,,2026-01-24 16:00:00,2026-01-24 19:00:00
3970,실내활동,,2026-01-24 19:00:00,2026-01-24 21:00:00
3971,관람,,2026-01-24 21:00:00,2026-01-24 23:00:00
3972,운동,,2026-01-24 23:00:00,2026-01-25 00:00:00
3973,점심식사,,2026-01-24 12:00:00,2026-01-24 13:00:00
3974,저녁식사,,2026-01-24 18:00:00,2026-01-24 19:00:00
3975,스포츠,,2026-01-25 08:00:00,2026-01-25 10:00:00
3976,공부,,2026-01-25 10:00:00,2026-01-25 13:00:00
3977,실내활동,,2026-01-25 13:00:00,2026-01-25 14:00:00
3978,스포츠,,2026-01-25 14:00:00,2026-01-25 17:00:00
3979,공부,,2026-01-25 17:00:00,2026-01-25 20:00:00
3980,실내활동,,2026-01-25 20:00:00,2026-01-25 22:00:00
3981,스포츠,,2026-01-25 22:00:00,2026-01-26 00:00:00
3982,점심식사,,2026-01-25 12:00:00,2026-01-25 13:00:00
3983,저녁식사,,2026-01-25 18:00:00,2026-01-25 19:00:00
3984,운동,,2026-01-26 08:00:00,2026-01-26 09:00:00
3985,공부,,2026-01-26 09:00:00,2026-01-26 10:00:00
3986,공원,,2026-01-26 10:00:00,2026-01-26 13:00:00
3987,운동,,2026-01-26 13:00:00,2026-01-26 15:00:00
3988,공부,,2026-01-26 15:00:00,2026-01-26 16:00:00
3989,공원,,2026-01-26 16:00:00,2026-01-26 18:00:00
3990,저녁식사,,2026-01-26 18:00:00,2026-01-26 19:00:00
3991,운동,,2026-01-26 19:00:00,2026-01-26 21:00:00
3992,공부,,2026-01-26 21:00:00,2026-01-26 23:00:00
3993,공원,,2026-01-26 23:00:00,2026-01-27 00:00:00
3994,점심식사,,2026-01-26 12:00:00,2026-01-26 13:00:00
3995,스포츠,,2026-01-27 08:00:00,2026-01-27 09:00:00
3996,공부,,2026-01-27 09:00:00,2026-01-27 10:00:00
3997,실내활동,,2026-01-27 10:00:00,2026-01-27 11:00:00
3998,스포츠,,2026-01-27 11:00:00,2026-01-27 14:00:00
3999,공부,,2026-01-27 14:00:00,2026-01-27 15:00:00
4000,실내활동,,2026-01-27 15:00:00,2026-01-27 18:00:00
4001,저녁식사,,2026-01-27 18:00:00,2026-01-27 19:00:00
4002,스포츠,,2026-01-27 19:00:00,2026-01-27 20:00:00
4003,공부,,2026-01-27 20:00:00,2026-01-27 22:00:00
4004,실내활동,,2026-01-27 22:00:00,2026-01-28 00:00:00
4005,점심식사,,2026-01-27 12:00:00,2026-01-27 13:00:00
4006,관람,,2026-01-28 08:00:00,2026-01-28 10:00:00
4007,운동,,2026-01-28 10:00:00,2026-01-28 12:00:00
4008,점심식사,,2026-01-28 12:00:00,2026-01-28 13:00:00
4009,실내활동,,2026-01-28 13:00:00,2026-01-28 16:00:00
4010,관람,,2026-01-28 16:00:00,2026-01-28 17:00:00
4011,운동,,2026-01-28 17:00:00,2026-01-28 18:00:00
4012,저녁식사,,2026-01-28 18:00:00,2026-01-28 19:00:00
4013,실내활동,,2026-01-28 19:00:00,2026-01-28 22:00:00
4014,관람,,2026-01-28 22:00:00,2026-01-29 00:00:00
4015,운동,,2026-01-29 08:00:00,2026-01-29 11:00:00
4016,공부,,2026-01-29 11:00:00,2026-01-29 14:00:00
4017,공원,,2026-01-29 14:00:00,2026-01-29 15:00:00
4018,운동,,2026-01-29 15:00:00,2026-01-29 18:00:00
4019,저녁식사,,2026-01-29 18:00:00,2026-01-29 19:00:00
4020,공부,,2026-01-29 19:00:00,2026-01-29 20:00:00
4021,공원,,2026-01-29 20:00:00,2026-01-29 22:00:00
4022,운동,,2026-01-29 22:00:00,2026-01-29 23:00:00
4023,공부,,2026-01-29 23:00:00,2026-01-30 00:00:00
4024,점심식사,,2026-01-29 12:00:00,2026-01-29 13:00:00
4025,스포츠,,2026-01-30 08:00:00,2026-01-30 09:00:00
4026,공부,,2026-01-30 09:00:00,2026-01-30 11:00:00
4027,실내활동,,2026-01-30 11:00:00,2026-01-30 13:00:00
4028,스포츠,,2026-01-30 13:00:00,2026-01-30 16:00:00
4029,공부,,2026-01-30 16:00:00,2026-01-30 18:00:00
4030,저녁식사,,2026-01-30 18:00:00,2026-01-30 19:00:00
4031,실내활동,,2026-01-30 19:00:00,2026-01-30 20:00:00
4032,스포츠,,2026-01-30 20:00:00,2026-01-30 21:00:00
4033,공부,,2026-01-30 21:00:00,2026-01-30 22:00:00
4034,실내활동,,2026-01-30 22:00:00,2026-01-31 00:00:00
4035,점심식사,,2026-01-30 12:00:00,2026-01-30 13:00:00
4036,관람,,2026-01-31 08:00:00,2026-01-31 09:00:00
4037,운동,,2026-01-31 09:00:00,2026-01-31 12:00:00
4038,점심식사,,2026-01-31 12:00:00,2026-01-31 13:00:00
4039,실내활동,,2026-01-31 13:00:00,2026-01-31 15:00:00
4040,관람,,2026-01-31 15:00:00,2026-01-31 16:00:00
4041,운동,,2026-01-31 16:00:00,2026-01-31 17:00:00
4042,실내활동,,2026-01-31 17:00:00,2026-01-31 20:00:00
4043,관람,,2026-01-31 20:00:00,2026-01-31 22:00:00
4044,운동,,2026-01-31 22:00:00,2026-02-01 00:00:00
4045,저녁식사,,2026-01-31 18:00:00,2026-01-31 19:00:00
4046,스포츠,,2026-02-01 08:00:00,2026-02-01 11:00:00
4047,공부,,2026-02-01 11:00:00,2026-02-01 13:00:00
4048,실내활동,,2026-02-01 13:00:00,2026-02-01 15:00:00
4049,스포츠,,2026-02-01 15:00:00,2026-02-01 18:00:00
4050,저녁식사,,2026-02-01 18:00:00,2026-02-01 19:00:00
4051,공부,,2026-02-01 19:00:00,2026-02-01 22:00:00
4052,실내활동,,2026-02-01 22:00:00,2026-02-01 23:00:00
4053,스포츠,,2026-02-01 23:00:00,2026-02-02 00:00:00
4054,점심식사,,2026-02-01 12:00:00,2026-02-01 13:00:00
4055,운동,,2026-02-02 08:00:00,2026-02-02 09:00:00
4056,공부,,2026-02-02 09:00:00,2026-02-02 10:00:00
4057,공원,,2026-02-02 10:00:00,2026-02-02 11:00:00
4058,운동,,2026-02-02 11:00:00,2026-02-02 13:00:00
4059,공부,,2026-02-02 13:00:00,2026-02-02 15:00:00
4060,공원,,2026-02-02 15:00:00,2026-02-02 18:00:00
4061,저녁식사,,2026-02-02 18:00:00,2026-02-02 19:00:00
4062,운동,,2026-02-02 19:00:00,2026-02-02 20:00:00
4063,공부,,2026-02-02 20:00:00,2026-02-02 21:00:00
4064,공원,,2026-02-02 21:00:00,2026-02-02 22:00:00
4065,운동,,2026-02-02 22:00:00,2026-02-02 23:00:00
4066,공부,,2026-02-02 23:00:00,2026-02-03 00:00:00
4067,점심식사,,2026-02-02 12:00:00,2026-02-02 13:00:00
4068,스포츠,,2026-02-03 08:00:00,2026-02-03 11:00:00
4069,공부,,2026-02-03 11:00:00,2026-02-03 13:00:00
4070,실내활동,,2026-02-03 13:00:00,2026-02-03 16:00:00
4071,스포츠,,2026-02-03 16:00:00,2026-02-03 19:00:00
4072,공부,,2026-02-03 19:00:00,2026-02-03 21:00:00
4073,실내활동,,2026-02-03 21:00:00,2026-02-03 23:00:00
4074,스포츠,,2026-02-03 23:00:00,2026-02-04 00:00:00
4075,점심식사,,2026-02-03 12:00:00,2026-02-03 13:00:00
4076,저녁식사,,2026-02-03 18:00:00,2026-02-03 19:00:00
4077,관람,,2026-02-04 08:00:00,2026-02-04 09:00:00
4078,운동,,2026-02-04 09:00:00,2026-02-04 10:00:00
4079,실내활동,,2026-02-04 10:00:00,2026-02-04 11:00:00
4080,관람,,2026-02-04 11:00:00,2026-02-04 12:00:00
4081,점심식사,,2026-02-04 12:00:00,2026-02-04 13:00:00
4082,운동,,2026-02-04 13:00:00,2026-02-04 15:00:00
4083,실내활동,,2026-02-04 15:00:00,2026-02-04 16:00:00
4084,관람,,2026-02-04 16:00:00,2026-02-04 17:00:00
4085,운동,,2026-02-04 17:00:00,2026-02-04 20:00:00
4086,실내활동,,2026-02-04 20:00:00,2026-02-04 22:00:00
4087,관람,,2026-02-04 22:00:00,2026-02-05 00:00:00
4088,저녁식사,,2026-02-04 18:00:00,2026-02-04 19:00:00
4089,운동,,2026-02-05 08:00:00,2026-02-05 10:00:00
4090,공부,,2026-02-05 10:00:00,2026-02-05 11:00:00
4091,공원,,2026-02-05 11:00:00,2026-02-05 12:00:00
4092,점심식사,,2026-02-05 12:00:00,2026-02-05 13:00:00
4093,운동,,2026-02-05 13:00:00,2026-02-05 15:00:00
4094,공부,,2026-02-05 15:00:00,2026-02-05 18:00:00
4095,저녁식사,,2026-02-05 18:00:00,2026-02-05 19:00:00
4096,공원,,2026-02-05 19:00:00,2026-02-05 20:00:00
4097,운동,,2026-02-05 20:00:00,2026-02-05 23:00:00
4098,공부,,2026-02-05 23:00:00,2026-02-06 00:00:00
4099,스포츠,,2026-02-06 08:00:00,2026-02-06 09:00:00
4100,공부,,2026-02-06 09:00:00,2026-02-06 12:00:00
4101,점심식사,,2026-02-06 12:00:00,2026-02-06 13:00:00
4102,실내활동,,2026-02-06 13:00:00,2026-02-06 14:00:00
4103,스포츠,,2026-02-06 14:00:00,2026-02-06 15:00:00
4104,공부,,2026-02-06 15:00:00,2026-02-06 17:00:00
4105,실내활동,,2026-02-06 17:00:00,2026-02-06 19:00:00
4106,스포츠,,2026-02-06 19:00:00,2026-02-06 21:00:00
4107,공부,,2026-02-06 21:00:00,2026-02-07 00:00:00
4108,저녁식사,,2026-02-06 18:00:00,2026-02-06 19:00:00
4109,관람,,2026-02-07 08:00:00,2026-02-07 10:00:00
4110,운동,,2026-02-07 10:00:00,2026-02-07 12:00:00
4111,점심식사,,2026-02-07 12:00:00,2026-02-07 13:00:00
4112,실내활동,,2026-02-07 13:00:00,2026-02-07 14:00:00
4113,관람,,2026-02-07 14:00:00,2026-02-07 17:00:00
4114,운동,,2026-02-07 17:00:00,2026-02-07 18:00:00
4115,저녁식사,,2026-02-07 18:00:00,2026-02-07 19:00:00
4116,실내활동,,2026-02-07 19:00:00,2026-02-07 21:00:00
4117,관람,,2026-02-07 21:00:00,2026-02-08 00:00:00
4118,스포츠,,2026-02-08 08:00:00,2026-02-08 09:00:00
4119,공부,,2026-02-08 09:00:00,2026-02-08 11:00:00
4120,실내활동,,2026-02-08 11:00:00,2026-02-08 12:00:00
4121,점심식사,,2026-02-08 12:00:00,2026-02-08 13:00:00
4122,스포츠,,2026-02-08 13:00:00,2026-02-08 16:00:00
4123,공부,,2026-02-08 16:00:00,2026-02-08 18:00:00
4124,저녁식사,,2026-02-08 18:00:00,2026-02-08 19:00:00
4125,실내활동,,2026-02-08 19:00:00,2026-02-08 20:00:00
4126,스포츠,,2026-02-08 20:00:00,2026-02-08 21:00:00
4127,공부,,2026-02-08 21:00:00,2026-02-08 23:00:00
4128,실내활동,,2026-02-08 23:00:00,2026-02-09 00:00:00
4129,운동,,2026-02-09 08:00:00,2026-02-09 10:00:00
4130,공부,,2026-02-09 10:00:00,2026-02-09 11:00:00
4131,공원,,2026-02-09 11:00:00,2026-02-09 13:00:00
4132,운동,,2026-02-09 13:00:00,2026-02-09 14:00:00
4133,공부,,2026-02-09 14:00:00,2026-02-09 15:00:00
4134,공원,,2026-02-09 15:00:00,2026-02-09 16:00:00
4135,운동,,2026-02-09 16:00:00,2026-02-09 17:00:00
4136,공부,,2026-02-09 17:00:00,2026-02-09 19:00:00
4137,공원,,2026-02-09 19:00:00,2026-02-09 22:00:00
4138,운동,,2026-02-09 22:00:00,2026-02-10 00:00:00
4139,점심식사,,2026-02-09 12:00:00,2026-02-09 13:00:00
4140,저녁식사,,2026-02-09 18:00:00,2026-02-09 19:00:00
4141,스포츠,,2026-02-10 08:00:00,2026-02-10 09:00:00
4142,공부,,2026-02-10 09:00:00,2026-02-10 12:00:00
4143,점심식사,,2026-02-10 12:00:00,2026-02-10 13:00:00
4144,실내활동,,2026-02-10 13:00:00,2026-02-10 16:00:00
4145,스포츠,,2026-02-10 16:00:00,2026-02-10 18:00:00
4146,저녁식사,,2026-02-10 18:00:00,2026-02-10 19:00:00
4147,공부,,2026-02-10 19:00:00,2026-02-10 20:00:00
4148,실내활동,,2026-02-10 20:00:00,2026-02-10 23:00:00
4149,스포츠,,2026-02-10 23:00:00,2026-02-11 00:00:00
4150,관람,,2026-02-11 08:00:00,2026-02-11 09:00:00
4151,운동,,2026-02-11 09:00:00,2026-02-11 12:00:00
4152,점심식사,,2026-02-11 12:00:00,2026-02-11 13:00:00
4153,실내활동,,2026-02-11 13:00:00,2026-02-11 16:00:00
4154,관람,,2026-02-11 16:00:00,2026-02-11 17:00:00
4155,운동,,2026-02-11 17:00:00,2026-02-11 19:00:00
4156,실내활동,,2026-02-11 19:00:00,2026-02-11 20:00:00
4157,관람,,2026-02-11 20:00:00,2026-02-11 21:00:00
4158,운동,,2026-02-11 21:00:00,2026-02-12 00:00:00
4159,저녁식사,,2026-02-11 18:00:00,2026-02-11 19:00:00
4160,운동,,2026-02-12 08:00:00,2026-02-12 10:00:00
4161,공부,,2026-02-12 10:00:00,2026-02-12 13:00:00
4162,공원,,2026-02-12 13:00:00,2026-02-12 16:00:00
4163,운동,,2026-02-12 16:00:00,2026-02-12 17:00:00
4164,공부,,2026-02-12 17:00:00,2026-02-12 19:00:00
4165,공원,,2026-02-12 19:00:00,2026-02-12 21:00:00
4166,운동,,2026-02-12 21:00:00,2026-02-13 00:00:00
4167,점심식사,,2026-02-12 12:00:00,2026-02-12 13:00:00
4168,저녁식사,,2026-02-12 18:00:00,2026-02-12 19:00:00
4169,스포츠,,2026-02-13 08:00:00,2026-02-13 09:00:00
4170,공부,,2026-02-13 09:00:00,2026-02-13 10:00:00
4171,실내활동,,2026-02-13 10:00:00,2026-02-13 12:00:00
4172,점심식사,,2026-02-13 12:00:00,2026-02-13 13:00:00
4173,스포츠,,2026-02-13 13:00:00,2026-02-13 14:00:00
4174,공부,,2026-02-13 14:00:00,2026-02-13 15:00:00
4175,실내활동,,2026-02-13 15:00:00,2026-02-13 18:00:00
4176,저녁식사,,2026-02-13 18:00:00,2026-02-13 19:00:00
4177,스포츠,,2026-02-13 19:00:00,2026-02-13 20:00:00
4178,공부,,2026-02-13 20:00:00,2026-02-13 23:00:00
4179,실내활동,,2026-02-13 23:00:00,2026-02-14 00:00:00
4180,관람,,2026-02-14 08:00:00,2026-02-14 11:00:00
4181,운동,,2026-02-14 11:00:00,2026-02-14 12:00:00
4182,점심식사,,2026-02-14 12:00:00,2026-02-14 13:00:00
4183,실내활동,,2026-02-14 13:00:00,2026-02-14 15:00:00
4184,관람,,2026-02-14 15:00:00,2026-02-14 18:00:00
4185,저녁식사,,2026-02-14 18:00:00,2026-02-14 19:00:00
4186,운동,,2026-02-14 19:00:00,2026-02-14 21:00:00
4187,실내활동,,2026-02-14 21:00:00,2026-02-14 22:00:00
4188,관람,,2026-02-14 22:00:00,2026-02-14 23:00:00
4189,운동,,2026-02-14 23:00:00,2026-02-15 00:00:00
4190,스포츠,,2026-02-15 08:00:00,2026-02-15 10:00:00
4191,공부,,2026-02-15 10:00:00,2026-02-15 11:00:00
4192,실내활동,,2026-02-15 11:00:00,2026-02-15 14:00:00
4193,스포츠,,2026-02-15 14:00:00,2026-02-15 17:00:00
4194,공부,,2026-02-15 17:00:00,2026-02-15 18:00:00
4195,저녁식사,,2026-02-15 18:00:00,2026-02-15 19:00:00
4196,실내활동,,2026-02-15 19:00:00,2026-02-15 20:00:00
4197,스포츠,,2026-02-15 20:00:00,2026-02-15 21:00:00
4198,공부,,2026-02-15 21:00:00,2026-02-16 00:00:00
4199,점심식사,,2026-02-15 12:00:00,2026-02-15 13:00:00
4200,운동,,2026-02-16 08:00:00,2026-02-16 11:00:00
4201,공부,,2026-02-16 11:00:00,2026-02-16 12:00:00
4202,점심식사,,2026-02-16 12:00:00,2026-02-16 13:00:00
4203,공원,,2026-02-16 13:00:00,2026-02-16 14:00:00
4204,운동,,2026-02-16 14:00:00,2026-02-16 15:00:00
4205,공부,,2026-02-16 15:00:00,2026-02-16 18:00:00
4206,저녁식사,,2026-02-16 18:00:00,2026-02-16 19:00:00
4207,공원,,2026-02-16 19:00:00,2026-02-16 21:00:00
4208,운동,,2026-02-16 21:00:00,2026-02-17 00:00:00
4209,스포츠,,2026-02-17 08:00:00,2026-02-17 10:00:00
4210,공부,,2026-02-17 10:00:00,2026-02-17 12:00:00
4211,점심식사,,2026-02-17 12:00:00,2026-02-17 13:00:00
4212,실내활동,,2026-02-17 13:00:00,2026-02-17 16:00:00
4213,스포츠,,2026-02-17 16:00:00,2026-02-17 19:00:00
4214,공부,,2026-02-17 19:00:00,2026-02-17 20:00:00
4215,실내활동,,2026-02-17 20:00:00,2026-02-17 22:00:00
4216,스포츠,,2026-02-17 22:00:00,2026-02-18 00:00:00
4217,저녁식사,,2026-02-17 18:00:00,2026-02-17 19:00:00
4218,관람,,2026-02-18 08:00:00,2026-02-18 11:00:00
4219,운동,,2026-02-18 11:00:00,2026-02-18 12:00:00
4220,점심식사,,2026-02-18 12:00:00,2026-02-18 13:00:00
4221,실내활동,,2026-02-18 13:00:00,2026-02-18 15:00:00
4222,관람,,2026-02-18 15:00:00,2026-02-18 17:00:00
4223,운동,,2026-02-18 17:00:00,2026-02-18 20:00:00
4224,실내활동,,2026-02-18 20:00:00,2026-02-18 22:00:00
4225,관람,,2026-02-18 22:00:00,2026-02-18 23:00:00
4226,운동,,2026-02-18 23:00:00,2026-02-19 00:00:00
4227,저녁식사,,2026-02-18 18:00:00,2026-02-18 19:00:00
4228,운동,,2026-02-19 08:00:00,2026-02-19 11:00:00
4229,공부,,2026-02-19 11:00:00,2026-02-19 12:00:00
4230,점심식사,,2026-02-19 12:00:00,2026-02-19 13:00:00
4231,공원,,2026-02-19 13:00:00,2026-02-19 15:00:00
4232,운동,,2026-02-19 15:00:00,2026-02-19 16:00:00
4233,공부,,2026-02-19 16:00:00,2026-02-19 18:00:00
4234,저녁식사,,2026-02-19 18:00:00,2026-02-19 19:00:00
4235,공원,,2026-02-19 19:00:00,2026-02-19 22:00:00
4236,운동,,2026-02-19 22:00:00,2026-02-19 23:00:00
4237,공부,,2026-02-19 23:00:00,2026-02-20 00:00:00
4238,스포츠,,2026-02-20 08:00:00,2026-02-20 09:00:00
4239,공부,,2026-02-20 09:00:00,2026-02-20 12:00:00
4240,점심식사,,2026-02-20 12:00:00,2026-02-20 13:00:00
4241,실내활동,,2026-02-20 13:00:00,2026-02-20 14:00:00
4242,스포츠,,2026-02-20 14:00:00,2026-02-20 16:00:00
4243,공부,,2026-02-20 16:00:00,2026-02-20 19:00:00
4244,실내활동,,2026-02-20 19:00:00,2026-02-20 20:00:00
4245,스포츠,,2026-02-20 20:00:00,2026-02-20 23:00:00
4246,공부,,2026-02-20 23:00:00,2026-02-21 00:00:00
4247,저녁식사,,2026-02-20 18:00:00,2026-02-20 19:00:00
4248,관람,,2026-02-21 08:00:00,2026-02-21 10:00:00
4249,운동,,2026-02-21 10:00:00,2026-02-21 12:00:00
4250,점심식사,,2026-02-21 12:00:00,2026-02-21 13:00:00
4251,실내활동,,2026-02-21 13:00:00,2026-02-21 16:00:00
4252,관람,,2026-02-21 16:00:00,2026-02-21 17:00:00
4253,운동,,2026-02-21 17:00:00,2026-02-21 20:00:00
4254,실내활동,,2026-02-21 20:00:00,2026-02-21 22:00:00
4255,관람,,2026-02-21 22:00:00,2026-02-21 23:00:00
4256,운동,,2026-02-21 23:00:00,2026-02-22 00:00:00
4257,저녁식사,,2026-02-21 18:00:00,2026-02-21 19:00:00
4258,스포츠,,2026-02-22 08:00:00,2026-02-22 09:00:00
4259,공부,,2026-02-22 09:00:00,2026-02-22 10:00:00
4260,실내활동,,2026-02-22 10:00:00,2026-02-22 12:00:00
4261,점심식사,,2026-02-22 12:00:00,2026-02-22 13:00:00
4262,스포츠,,2026-02-22 13:00:00,2026-02-22 14:00:00
4263,공부,,2026-02-22 14:00:00,2026-02-22 15:00:00
4264,실내활동,,2026-02-22 15:00:00,2026-02-22 17:00:00
4265,스포츠,,2026-02-22 17:00:00,2026-02-22 20:00:00
4266,공부,,2026-02-22 20:00:00,2026-02-22 22:00:00
4267,실내활동,,2026-02-22 22:00:00,2026-02-22 23:00:00
4268,스포츠,,2026-02-22 23:00:00,2026-02-23 00:00:00
4269,저녁식사,,2026-02-22 18:00:00,2026-02-22 19:00:00
4270,운동,,2026-02-23 08:00:00,2026-02-23 11:00:00
4271,공부,,2026-02-23 11:00:00,2026-02-23 14:00:00
4272,공원,,2026-02-23 14:00:00,2026-02-23 17:00:00
4273,운동,,2026-02-23 17:00:00,2026-02-23 19:00:00
4274,공부,,2026-02-23 19:00:00,2026-02-23 22:00:00
4275,공원,,2026-02-23 22:00:00,2026-02-24 00:00:00
4276,점심식사,,2026-02-23 12:00:00,2026-02-23 13:00:00
4277,저녁식사,,2026-02-23 18:00:00,2026-02-23 19:00:00
4278,스포츠,,2026-02-24 08:00:00,2026-02-24 10:00:00
4279,공부,,2026-02-24 10:00:00,2026-02-24 11:00:00
4280,실내활동,,2026-02-24 11:00:00,2026-02-24 14:00:00
4281,스포츠,,2026-02-24 14:00:00,2026-02-24 17:00:00
4282,공부,,2026-02-24 17:00:00,2026-02-24 20:00:00
4283,실내활동,,2026-02-24 20:00:00,2026-02-24 22:00:00
4284,스포츠,,2026-02-24 22:00:00,2026-02-25 00:00:00
4285,점심식사,,2026-02-24 12:00:00,2026-02-24 13:00:00
4286,저녁식사,,2026-02-24 18:00:00,2026-02-24 19:00:00
4287,관람,,2026-02-25 08:00:00,2026-02-25 09:00:00
4288,운동,,2026-02-25 09:00:00,2026-02-25 10:00:00
4289,실내활동,,2026-02-25 10:00:00,2026-02-25 13:00:00
4290,관람,,2026-02-25 13:00:00,2026-02-25 15:00:00
4291,운동,,2026-02-25 15:00:00,2026-02-25 16:00:00
4292,실내활동,,2026-02-25 16:00:00,2026-02-25 18:00:00
4293,저녁식사,,2026-02-25 18:00:00,2026-02-25 19:00:00
4294,관람,,2026-02-25 19:00:00,2026-02-25 21:00:00
4295,운동,,2026-02-25 21:00:00,2026-02-25 22:00:00
4296,실내활동,,2026-02-25 22:00:00,2026-02-26 00:00:00
4297,점심식사,,2026-02-25 12:00:00,2026-02-25 13:00:00
4298,운동,,2026-02-26 08:00:00,2026-02-26 10:00:00
4299,공부,,2026-02-26 10:00:00,2026-02-26 13:00:00
4300,공원,,2026-02-26 13:00:00,2026-02-26 16:00:00
4301,운동,,2026-02-26 16:00:00,2026-02-26 17:00:00
4302,공부,,2026-02-26 17:00:00,2026-02-26 19:00:00
4303,공원,,2026-02-26 19:00:00,2026-02-26 21:00:00
4304,운동,,2026-02-26 21:00:00,2026-02-27 00:00:00
4305,점심식사,,2026-02-26 12:00:00,2026-02-26 13:00:00
4306,저녁식사,,2026-02-26 18:00:00,2026-02-26 19:00:00
4307,스포츠,,2026-02-27 08:00:00,2026-02-27 09:00:00
4308,공부,,2026-02-27 09:00:00,2026-02-27 10:00:00
4309,실내활동,,2026-02-27 10:00:00,2026-02-27 11:00:00
4310,스포츠,,2026-02-27 11:00:00,2026-02-27 12:00:00
4311,점심식사,,2026-02-27 12:00:00,2026-02-27 13:00:00
4312,공부,,2026-02-27 13:00:00,2026-02-27 14:00:00
4313,실내활동,,2026-02-27 14:00:00,2026-02-27 16:00:00
4314,스포츠,,2026-02-27 16:00:00,2026-02-27 17:00:00
4315,공부,,2026-02-27 17:00:00,2026-02-27 18:00:00
4316,저녁식사,,2026-02-27 18:00:00,2026-02-27 19:00:00
4317,실내활동,,2026-02-27 19:00:00,2026-02-27 22:00:00
4318,스포츠,,2026-02-27 22:00:00,2026-02-28 00:00:00
4319,관람,,2026-02-28 08:00:00,2026-02-28 10:00:00
4320,운동,,2026-02-28 10:00:00,2026-02-28 12:00:00
4321,점심식사,,2026-02-28 12:00:00,2026-02-28 13:00:00
4322,실내활동,,2026-02-28 13:00:00,2026-02-28 15:00:00
4323,관람,,2026-02-28 15:00:00,2026-02-28 16:00:00
4324,운동,,2026-02-28 16:00:00,2026-02-28 18:00:00
4325,저녁식사,,2026-02-28 18:00:00,2026-02-28 19:00:00
4326,실내활동,,2026-02-28 19:00:00,2026-02-28 22:00:00
4327,관람,,2026-02-28 22:00:00,2026-03-01 00:00:00
4328,스포츠,,2026-03-01 08:00:00,2026-03-01 10:00:00
4329,공부,,2026-03-01 10:00:00,2026-03-01 12:00:00
4330,점심식사,,2026-03-01 12:00:00,2026-03-01 13:00:00
4331,실내활동,,2026-03-01 13:00:00,2026-03-01 16:00:00
4332,스포츠,,2026-03-01 16:00:00,2026-03-01 18:00:00
4333,저녁식사,,2026-03-01 18:00:00,2026-03-01 19:00:00
4334,공부,,2026-03-01 19:00:00,2026-03-01 22:00:00
4335,실내활동,,2026-03-01 22:00:00,2026-03-02 00:00:00
4336,운동,,2026-03-02 08:00:00,2026-03-02 10:00:00
4337,공부,,2026-03-02 10:00:00,2026-03-02 13:00:00
4338,공원,,2026-03-02 13:00:00,2026-03-02 14:00:00
4339,운동,,2026-03-02 14:00:00,2026-03-02 17:00:00
4340,공부,,2026-03-02 17:00:00,2026-03-02 19:00:00
4341,공원,,2026-03-02 19:00:00,2026-03-02 22:00:00
4342,운동,,2026-03-02 22:00:00,2026-03-03 00:00:00
4343,점심식사,,2026-03-02 12:00:00,2026-03-02 13:00:00
4344,저녁식사,,2026-03-02 18:00:00,2026-03-02 19:00:00
4345,스포츠,,2026-03-03 08:00:00,2026-03-03 11:00:00
4346,공부,,2026-03-03 11:00:00,2026-03-03 12:00:00
4347,점심식사,,2026-03-03 12:00:00,2026-03-03 13:00:00
4348,실내활동,,2026-03-03 13:00:00,2026-03-03 15:00:00
4349,스포츠,,2026-03-03 15:00:00,2026-03-03 17:00:00
4350,공부,,2026-03-03 17:00:00,2026-03-03 20:00:00
4351,실내활동,,2026-03-03 20:00:00,2026-03-03 22:00:00
4352,스포츠,,2026-03-03 22:00:00,2026-03-03 23:00:00
4353,공부,,2026-03-03 23:00:00,2026-03-04 00:00:00
4354,저녁식사,,2026-03-03 18:00:00,2026-03-03 19:00:00
4355,관람,,2026-03-04 08:00:00,2026-03-04 09:00:00
4356,운동,,2026-03-04 09:00:00,2026-03-04 12:00:00
4357,점심식사,,2026-03-04 12:00:00,2026-03-04 13:00:00
4358,실내활동,,2026-03-04 13:00:00,2026-03-04 16:00:00
4359,관람,,2026-03-04 16:00:00,2026-03-04 19:00:00
4360,운동,,2026-03-04 19:00:00,2026-03-04 20:00:00
4361,실내활동,,2026-03-04 20:00:00,2026-03-04 22:00:00
4362,관람,,2026-03-04 22:00:00,2026-03-04 23:00:00
4363,운동,,2026-03-04 23:00:00,2026-03-05 00:00:00
4364,저녁식사,,2026-03-04 18:00:00,2026-03-04 19:00:00
4365,운동,,2026-03-05 08:00:00,2026-03-05 10:00:00
4366,공부,,2026-03-05 10:00:00,2026-03-05 11:00:00
4367,공원,,2026-03-05 11:00:00,2026-03-05 13:00:00
4368,운동,,2026-03-05 13:00:00,2026-03-05 15:00:00
4369,공부,,2026-03-05 15:00:00,2026-03-05 16:00:00
4370,공원,,2026-03-05 16:00:00,2026-03-05 17:00:00
4371,운동,,2026-03-05 17:00:00,2026-03-05 18:00:00
4372,저녁식사,,2026-03-05 18:00:00,2026-03-05 19:00:00
4373,공부,,2026-03-05 19:00:00,2026-03-05 20:00:00
4374,공원,,2026-03-05 20:00:00,2026-03-05 22:00:00
4375,운동,,2026-03-05 22:00:00,2026-03-06 00:00:00
4376,점심식사,,2026-03-05 12:00:00,2026-03-05 13:00:00
4377,스포츠,,2026-03-06 08:00:00,2026-03-06 10:00:00
4378,공부,,2026-03-06 10:00:00,2026-03-06 13:00:00
4379,실내활동,,2026-03-06 13:00:00,2026-03-06 16:00:00
4380,스포츠,,2026-03-06 16:00:00,2026-03-06 17:00:00
4381,공부,,2026-03-06 17:00:00,2026-03-06 19:00:00
4382,실내활동,,2026-03-06 19:00:00,2026-03-06 22:00:00
4383,스포츠,,2026-03-06 22:00:00,2026-03-06 23:00:00
4384,공부,,2026-03-06 23:00:00,2026-03-07 00:00:00
4385,점심식사,,2026-03-06 12:00:00,2026-03-06 13:00:00
4386,저녁식사,,2026-03-06 18:00:00,2026-03-06 19:00:00
4387,관람,,2026-03-07 08:00:00,2026-03-07 10:00:00
4388,운동,,2026-03-07 10:00:00,2026-03-07 12:00:00
4389,점심식사,,2026-03-07 12:00:00,2026-03-07 13:00:00
4390,실내활동,,2026-03-07 13:00:00,2026-03-07 15:00:00
4391,관람,,2026-03-07 15:00:00,2026-03-07 18:00:00
4392,저녁식사,,2026-03-07 18:00:00,2026-03-07 19:00:00
4393,운동,,2026-03-07 19:00:00,2026-03-07 22:00:00
4394,실내활동,,2026-03-07 22:00:00,2026-03-08 00:00:00
4395,스포츠,,2026-03-08 08:00:00,2026-03-08 09:00:00
4396,공부,,2026-03-08 09:00:00,2026-03-08 10:00:00
4397,실내활동,,2026-03-08 10:00:00,2026-03-08 12:00:00
4398,점심식사,,2026-03-08 12:00:00,2026-03-08 13:00:00
4399,스포츠,,2026-03-08 13:00:00,2026-03-08 14:00:00
4400,공부,,2026-03-08 14:00:00,2026-03-08 16:00:00
4401,실내활동,,2026-03-08 16:00:00,2026-03-08 19:00:00
4402,스포츠,,2026-03-08 19:00:00,2026-03-08 22:00:00
4403,공부,,2026-03-08 22:00:00,2026-03-09 00:00:00
4404,저녁식사,,2026-03-08 18:00:00,2026-03-08 19:00:00
4405,운동,,2026-03-09 08:00:00,2026-03-09 11:00:00
4406,공부,,2026-03-09 11:00:00,2026-03-09 12:00:00
4407,점심식사,,2026-03-09 12:00:00,2026-03-09 13:00:00
4408,공원,,2026-03-09 13:00:00,2026-03-09 15:00:00
4409,운동,,2026-03-09 15:00:00,2026-03-09 16:00:00
4410,공부,,2026-03-09 16:00:00,2026-03-09 19:00:00
4411,공원,,2026-03-09 19:00:00,2026-03-09 22:00:00
4412,운동,,2026-03-09 22:00:00,2026-03-10 00:00:00
4413,저녁식사,,2026-03-09 18:00:00,2026-03-09 19:00:00
4414,스포츠,,2026-03-10 08:00:00,2026-03-10 11:00:00
4415,공부,,2026-03-10 11:00:00,2026-03-10 13:00:00
4416,실내활동,,2026-03-10 13:00:00,2026-03-10 16:00:00
4417,스포츠,,2026-03-10 16:00:00,2026-03-10 19:00:00
4418,공부,,2026-03-10 19:00:00,2026-03-10 21:00:00
4419,실내활동,,2026-03-10 21:00:00,2026-03-10 23:00:00
4420,스포츠,,2026-03-10 23:00:00,2026-03-11 00:00:00
4421,점심식사,,2026-03-10 12:00:00,2026-03-10 13:00:00
4422,저녁식사,,2026-03-10 18:00:00,2026-03-10 19:00:00
4423,관람,,2026-03-11 08:00:00,2026-03-11 10:00:00
4424,운동,,2026-03-11 10:00:00,2026-03-11 11:00:00
4425,실내활동,,2026-03-11 11:00:00,2026-03-11 13:00:00
4426,관람,,2026-03-11 13:00:00,2026-03-11 16:00:00
4427,운동,,2026-03-11 16:00:00,2026-03-11 18:00:00
4428,저녁식사,,2026-03-11 18:00:00,2026-03-11 19:00:00
4429,실내활동,,2026-03-11 19:00:00,2026-03-11 20:00:00
4430,관람,,2026-03-11 20:00:00,2026-03-11 21:00:00
4431,운동,,2026-03-11 21:00:00,2026-03-11 23:00:00
4432,실내활동,,2026-03-11 23:00:00,2026-03-12 00:00:00
4433,점심식사,,2026-03-11 12:00:00,2026-03-11 13:00:00
4434,운동,,2026-03-12 08:00:00,2026-03-12 11:00:00
4435,공부,,2026-03-12 11:00:00,2026-03-12 14:00:00
4436,공원,,2026-03-12 14:00:00,2026-03-12 16:00:00
4437,운동,,2026-03-12 16:00:00,2026-03-12 18:00:00
4438,저녁식사,,2026-03-12 18:00:00,2026-03-12 19:00:00
4439,공부,,2026-03-12 19:00:00,2026-03-12 20:00:00
4440,공원,,2026-03-12 20:00:00,2026-03-12 21:00:00
4441,운동,,2026-03-12 21:00:00,2026-03-13 00:00:00
4442,점심식사,,2026-03-12 12:00:00,2026-03-12 13:00:00
4443,스포츠,,2026-03-13 08:00:00,2026-03-13 09:00:00
4444,공부,,2026-03-13 09:00:00,2026-03-13 10:00:00
4445,실내활동,,2026-03-13 10:00:00,2026-03-13 13:00:00
4446,스포츠,,2026-03-13 13:00:00,2026-03-13 15:00:00
4447,공부,,2026-03-13 15:00:00,2026-03-13 16:00:00
4448,실내활동,,2026-03-13 16:00:00,2026-03-13 17:00:00
4449,스포츠,,2026-03-13 17:00:00,2026-03-13 18:00:00
4450,저녁식사,,2026-03-13 18:00:00,2026-03-13 19:00:00
4451,공부,,2026-03-13 19:00:00,2026-03-13 22:00:00
4452,실내활동,,2026-03-13 22:00:00,2026-03-14 00:00:00
4453,점심식사,,2026-03-13 12:00:00,2026-03-13 13:00:00
4454,관람,,2026-03-14 08:00:00,2026-03-14 10:00:00
4455,운동,,2026-03-14 10:00:00,2026-03-14 11:00:00
4456,실내활동,,2026-03-14 11:00:00,2026-03-14 14:00:00
4457,관람,,2026-03-14 14:00:00,2026-03-14 17:00:00
4458,운동,,2026-03-14 17:00:00,2026-03-14 18:00:00
4459,저녁식사,,2026-03-14 18:00:00,2026-03-14 19:00:00
4460,실내활동,,2026-03-14 19:00:00,2026-03-14 20:00:00
4461,관람,,2026-03-14 20:00:00,2026-03-14 21:00:00
4462,운동,,2026-03-14 21:00:00,2026-03-15 00:00:00
4463,점심식사,,2026-03-14 12:00:00,2026-03-14 13:00:00
4464,스포츠,,2026-03-15 08:00:00,2026-03-15 11:00:00
4465,공부,,2026-03-15 11:00:00,2026-03-15 12:00:00
4466,점심식사,,2026-03-15 12:00:00,2026-03-15 13:00:00
4467,실내활동,,2026-03-15 13:00:00,2026-03-15 16:00:00
4468,스포츠,,2026-03-15 16:00:00,2026-03-15 19:00:00
4469,공부,,2026-03-15 19:00:00,2026-03-15 20:00:00
4470,실내활동,,2026-03-15 20:00:00,2026-03-15 23:00:00
4471,스포츠,,2026-03-15 23:00:00,2026-03-16 00:00:00
4472,저녁식사,,2026-03-15 18:00:00,2026-03-15 19:00:00
4473,운동,,2026-03-16 08:00:00,2026-03-16 09:00:00
4474,공부,,2026-03-16 09:00:00,2026-03-16 10:00:00
4475,공원,,2026-03-16 10:00:00,2026-03-16 13:00:00
4476,운동,,2026-03-16 13:00:00,2026-03-16 14:00:00
4477,공부,,2026-03-16 14:00:00,2026-03-16 16:00:00
4478,공원,,2026-03-16 16:00:00,2026-03-16 18:00:00
4479,저녁식사,,2026-03-16 18:00:00,2026-03-16 19:00:00
4480,운동,,2026-03-16 19:00:00,2026-03-16 20:00:00
4481,공부,,2026-03-16 20:00:00,2026-03-16 23:00:00
4482,공원,,2026-03-16 23:00:00,2026-03-17 00:00:00
4483,점심식사,,2026-03-16 12:00:00,2026-03-16 13:00:00
4484,스포츠,,2026-03-17 08:00:00,2026-03-17 09:00:00
4485,공부,,2026-03-17 09:00:00,2026-03-17 10:00:00
4486,실내활동,,2026-03-17 10:00:00,2026-03-17 13:00:00
4487,스포츠,,2026-03-17 13:00:00,2026-03-17 15:00:00
4488,공부,,2026-03-17 15:00:00,2026-03-17 16:00:00
4489,실내활동,,2026-03-17 16:00:00,2026-03-17 18:00:00
4490,저녁식사,,2026-03-17 18:00:00,2026-03-17 19:00:00
4491,스포츠,,2026-03-17 19:00:00,2026-03-17 22:00:00
4492,공부,,2026-03-17 22:00:00,2026-03-18 00:00:00
4493,점심식사,,2026-03-17 12:00:00,2026-03-17 13:00:00
4494,관람,,2026-03-18 08:00:00,2026-03-18 11:00:00
4495,운동,,2026-03-18 11:00:00,2026-03-18 12:00:00
4496,점심식사,,2026-03-18 12:00:00,2026-03-18 13:00:00
4497,실내활동,,2026-03-18 13:00:00,2026-03-18 15:00:00
4498,관람,,2026-03-18 15:00:00,2026-03-18 17:00:00
4499,운동,,2026-03-18 17:00:00,2026-03-18 19:00:00
4500,실내활동,,2026-03-18 19:00:00,2026-03-18 22:00:00
4501,관람,,2026-03-18 22:00:00,2026-03-19 00:00:00
4502,저녁식사,,2026-03-18 18:00:00,2026-03-18 19:00:00
4503,운동,,2026-03-19 08:00:00,2026-03-19 11:00:00
4504,공부,,2026-03-19 11:00:00,2026-03-19 13:00:00
4505,공원,,2026-03-19 13:00:00,2026-03-19 14:00:00
4506,운동,,2026-03-19 14:00:00,2026-03-19 16:00:00
4507,공부,,2026-03-19 16:00:00,2026-03-19 18:00:00
4508,저녁식사,,2026-03-19 18:00:00,2026-03-19 19:00:00
4509,공원,,2026-03-19 19:00:00,2026-03-19 20:00:00
4510,운동,,2026-03-19 20:00:00,2026-03-19 21:00:00
4511,공부,,2026-03-19 21:00:00,2026-03-20 00:00:00
4512,점심식사,,2026-03-19 12:00:00,2026-03-19 13:00:00
4513,스포츠,,2026-03-20 08:00:00,2026-03-20 11:00:00
4514,공부,,2026-03-20 11:00:00,2026-03-20 13:00:00
4515,실내활동,,2026-03-20 13:00:00,2026-03-20 14:00:00
4516,스포츠,,2026-03-20 14:00:00,2026-03-20 15:00:00
4517,공부,,2026-03-20 15:00:00,2026-03-20 16:00:00
4518,실내활동,,2026-03-20 16:00:00,2026-03-20 17:00:00
4519,스포츠,,2026-03-20 17:00:00,2026-03-20 19:00:00
4520,공부,,2026-03-20 19:00:00,2026-03-20 20:00:00
4521,실내활동,,2026-03-20 20:00:00,2026-03-20 22:00:00
4522,스포츠,,2026-03-20 22:00:00,2026-03-20 23:00:00
4523,공부,,2026-03-20 23:00:00,2026-03-21 00:00:00
4524,점심식사,,2026-03-20 12:00:00,2026-03-20 13:00:00
4525,저녁식사,,2026-03-20 18:00:00,2026-03-20 19:00:00
4526,관람,,2026-03-21 08:00:00,2026-03-21 11:00:00
4527,운동,,2026-03-21 11:00:00,2026-03-21 13:00:00
4528,실내활동,,2026-03-21 13:00:00,2026-03-21 15:00:00
4529,관람,,2026-03-21 15:00:00,2026-03-21 16:00:00
4530,운동,,2026-03-21 16:00:00,2026-03-21 18:00:00
4531,저녁식사,,2026-03-21 18:00:00,2026-03-21 19:00:00
4532,실내활동,,2026-03-21 19:00:00,2026-03-21 22:00:00
4533,관람,,2026-03-21 22:00:00,2026-03-22 00:00:00
4534,점심식사,,2026-03-21 12:00:00,2026-03-21 13:00:00
4535,스포츠,,2026-03-22 08:00:00,2026-03-22 11:00:00
4536,공부,,2026-03-22 11:00:00,2026-03-22 12:00:00
4537,점심식사,,2026-03-22 12:00:00,2026-03-22 13:00:00
4538,실내활동,,2026-03-22 13:00:00,2026-03-22 16:00:00
4539,스포츠,,2026-03-22 16:00:00,2026-03-22 19:00:00
4540,공부,,2026-03-22 19:00:00,2026-03-22 21:00:00
4541,실내활동,,2026-03-22 21:00:00,2026-03-22 23:00:00
4542,스포츠,,2026-03-22 23:00:00,2026-03-23 00:00:00
4543,저녁식사,,2026-03-22 18:00:00,2026-03-22 19:00:00
4544,운동,,2026-03-23 08:00:00,2026-03-23 09:00:00
4545,공부,,2026-03-23 09:00:00,2026-03-23 10:00:00
4546,공원,,2026-03-23 10:00:00,2026-03-23 12:00:00
4547,점심식사,,2026-03-23 12:00:00,2026-03-23 13:00:00
4548,운동,,2026-03-23 13:00:00,2026-03-23 15:00:00
4549,공부,,2026-03-23 15:00:00,2026-03-23 18:00:00
4550,저녁식사,,2026-03-23 18:00:00,2026-03-23 19:00:00
4551,공원,,2026-03-23 19:00:00,2026-03-23 22:00:00
4552,운동,,2026-03-23 22:00:00,2026-03-23 23:00:00
4553,공부,,2026-03-23 23:00:00,2026-03-24 00:00:00
4554,스포츠,,2026-03-24 08:00:00,2026-03-24 10:00:00
4555,공부,,2026-03-24 10:00:00,2026-03-24 12:00:00
4556,점심식사,,2026-03-24 12:00:00,2026-03-24 13:00:00
4557,실내활동,,2026-03-24 13:00:00,2026-03-24 14:00:00
4558,스포츠,,2026-03-24 14:00:00,2026-03-24 16:00:00
4559,공부,,2026-03-24 16:00:00,2026-03-24 18:00:00
4560,저녁식사,,2026-03-24 18:00:00,2026-03-24 19:00:00
4561,실내활동,,2026-03-24 19:00:00,2026-03-24 22:00:00
4562,스포츠,,2026-03-24 22:00:00,2026-03-25 00:00:00
4563,관람,,2026-03-25 08:00:00,2026-03-25 11:00:00
4564,운동,,2026-03-25 11:00:00,2026-03-25 13:00:00
4565,실내활동,,2026-03-25 13:00:00,2026-03-25 14:00:00
4566,관람,,2026-03-25 14:00:00,2026-03-25 17:00:00
4567,운동,,2026-03-25 17:00:00,2026-03-25 18:00:00
4568,저녁식사,,2026-03-25 18:00:00,2026-03-25 19:00:00
4569,실내활동,,2026-03-25 19:00:00,2026-03-25 20:00:00
4570,관람,,2026-03-25 20:00:00,2026-03-25 21:00:00
4571,운동,,2026-03-25 21:00:00,2026-03-25 22:00:00
4572,실내활동,,2026-03-25 22:00:00,2026-03-25 23:00:00
4573,관람,,2026-03-25 23:00:00,2026-03-26 00:00:00
4574,점심식사,,2026-03-25 12:00:00,2026-03-25 13:00:00
4575,운동,,2026-03-26 08:00:00,2026-03-26 10:00:00
4576,공부,,2026-03-26 10:00:00,2026-03-26 13:00:00
4577,공원,,2026-03-26 13:00:00,2026-03-26 14:00:00
4578,운동,,2026-03-26 14:00:00,2026-03-26 16:00:00
4579,공부,,2026-03-26 16:00:00,2026-03-26 18:00:00
4580,저녁식사,,2026-03-26 18:00:00,2026-03-26 19:00:00
4581,공원,,2026-03-26 19:00:00,2026-03-26 21:00:00
4582,운동,,2026-03-26 21:00:00,2026-03-26 22:00:00
4583,공부,,2026-03-26 22:00:00,2026-03-27 00:00:00
4584,점심식사,,2026-03-26 12:00:00,2026-03-26 13:00:00
4585,스포츠,,2026-03-27 08:00:00,2026-03-27 10:00:00
4586,공부,,2026-03-27 10:00:00,2026-03-27 11:00:00
4587,실내활동,,2026-03-27 11:00:00,2026-03-27 13:00:00
4588,스포츠,,2026-03-27 13:00:00,2026-03-27 14:00:00
4589,공부,,2026-03-27 14:00:00,2026-03-27 16:00:00
4590,실내활동,,2026-03-27 16:00:00,2026-03-27 17:00:00
4591,스포츠,,2026-03-27 17:00:00,2026-03-27 18:00:00
4592,저녁식사,,2026-03-27 18:00:00,2026-03-27 19:00:00
4593,공부,,2026-03-27 19:00:00,2026-03-27 21:00:00
4594,실내활동,,2026-03-27 21:00:00,2026-03-27 22:00:00
4595,스포츠,,2026-03-27 22:00:00,2026-03-27 23:00:00
4596,공부,,2026-03-27 23:00:00,2026-03-28 00:00:00
4597,점심식사,,2026-03-27 12:00:00,2026-03-27 13:00:00
4598,관람,,2026-03-28 08:00:00,2026-03-28 10:00:00
4599,운동,,2026-03-28 10:00:00,2026-03-28 12:00:00
4600,점심식사,,2026-03-28 12:00:00,2026-03-28 13:00:00
4601,실내활동,,2026-03-28 13:00:00,2026-03-28 15:00:00
4602,관람,,2026-03-28 15:00:00,2026-03-28 18:00:00
4603,저녁식사,,2026-03-28 18:00:00,2026-03-28 19:00:00
4604,운동,,2026-03-28 19:00:00,2026-03-28 20:00:00
4605,실내활동,,2026-03-28 20:00:00,2026-03-28 22:00:00
4606,관람,,2026-03-28 22:00:00,2026-03-29 00:00:00
4607,스포츠,,2026-03-29 08:00:00,2026-03-29 11:00:00
4608,공부,,2026-03-29 11:00:00,2026-03-29 12:00:00
4609,점심식사,,2026-03-29 12:00:00,2026-03-29 13:00:00
4610,실내활동,,2026-03-29 13:00:00,2026-03-29 14:00:00
4611,스포츠,,2026-03-29 14:00:00,2026-03-29 16:00:00
4612,공부,,2026-03-29 16:00:00,2026-03-29 19:00:00
4613,실내활동,,2026-03-29 19:00:00,2026-03-29 21:00:00
4614,스포츠,,2026-03-29 21:00:00,2026-03-29 22:00:00
4615,공부,,2026-03-29 22:00:00,2026-03-29 23:00:00
4616,실내활동,,2026-03-29 23:00:00,2026-03-30 00:00:00
4617,저녁식사,,2026-03-29 18:00:00,2026-03-29 19:00:00
4618,운동,,2026-03-30 08:00:00,2026-03-30 09:00:00
4619,공부,,2026-03-30 09:00:00,2026-03-30 12:00:00
4620,점심식사,,2026-03-30 12:00:00,2026-03-30 13:00:00
4621,공원,,2026-03-30 13:00:00,2026-03-30 16:00:00
4622,운동,,2026-03-30 16:00:00,2026-03-30 19:00:00
4623,공부,,2026-03-30 19:00:00,2026-03-30 20:00:00
4624,공원,,2026-03-30 20:00:00,2026-03-30 22:00:00
4625,운동,,2026-03-30 22:00:00,2026-03-31 00:00:00
4626,저녁식사,,2026-03-30 18:00:00,2026-03-30 19:00:00
4627,스포츠,,2026-03-31 08:00:00,2026-03-31 10:00:00
4628,공부,,2026-03-31 10:00:00,2026-03-31 11:00:00
4629,실내활동,,2026-03-31 11:00:00,2026-03-31 13:00:00
4630,스포츠,,2026-03-31 13:00:00,2026-03-31 14:00:00
4631,공부,,2026-03-31 14:00:00,2026-03-31 17:00:00
4632,실내활동,,2026-03-31 17:00:00,2026-03-31 18:00:00
4633,저녁식사,,2026-03-31 18:00:00,2026-03-31 19:00:00
4634,스포츠,,2026-03-31 19:00:00,2026-03-31 21:00:00
4635,공부,,2026-03-31 21:00:00,2026-04-01 00:00:00
4636,점심식사,,2026-03-31 12:00:00,2026-03-31 13:00:00
4637,관람,,2026-04-01 08:00:00,2026-04-01 09:00:00
4638,운동,,2026-04-01 09:00:00,2026-04-01 10:00:00
4639,실내활동,,2026-04-01 10:00:00,2026-04-01 11:00:00
4640,관람,,2026-04-01 11:00:00,2026-04-01 14:00:00
4641,운동,,2026-04-01 14:00:00,2026-04-01 17:00:00
4642,실내활동,,2026-04-01 17:00:00,2026-04-01 18:00:00
4643,저녁식사,,2026-04-01 18:00:00,2026-04-01 19:00:00
4644,관람,,2026-04-01 19:00:00,2026-04-01 21:00:00
4645,운동,,2026-04-01 21:00:00,2026-04-01 23:00:00
4646,실내활동,,2026-04-01 23:00:00,2026-04-02 00:00:00
4647,점심식사,,2026-04-01 12:00:00,2026-04-01 13:00:00
4648,운동,,2026-04-02 08:00:00,2026-04-02 10:00:00
4649,공부,,2026-04-02 10:00:00,2026-04-02 12:00:00
4650,점심식사,,2026-04-02 12:00:00,2026-04-02 13:00:00
4651,공원,,2026-04-02 13:00:00,2026-04-02 15:00:00
4652,운동,,2026-04-02 15:00:00,2026-04-02 18:00:00
4653,저녁식사,,2026-04-02 18:00:00,2026-04-02 19:00:00
4654,공부,,2026-04-02 19:00:00,2026-04-02 22:00:00
4655,공원,,2026-04-02 22:00:00,2026-04-03 00:00:00
4656,스포츠,,2026-04-03 08:00:00,2026-04-03 09:00:00
4657,공부,,2026-04-03 09:00:00,2026-04-03 10:00:00
4658,실내활동,,2026-04-03 10:00:00,2026-04-03 11:00:00
4659,스포츠,,2026-04-03 11:00:00,2026-04-03 13:00:00
4660,공부,,2026-04-03 13:00:00,2026-04-03 15:00:00
4661,실내활동,,2026-04-03 15:00:00,2026-04-03 16:00:00
4662,스포츠,,2026-04-03 16:00:00,2026-04-03 19:00:00
4663,공부,,2026-04-03 19:00:00,2026-04-03 20:00:00
4664,실내활동,,2026-04-03 20:00:00,2026-04-03 23:00:00
4665,스포츠,,2026-04-03 23:00:00,2026-04-04 00:00:00
4666,점심식사,,2026-04-03 12:00:00,2026-04-03 13:00:00
4667,저녁식사,,2026-04-03 18:00:00,2026-04-03 19:00:00
4668,관람,,2026-04-04 08:00:00,2026-04-04 09:00:00
4669,운동,,2026-04-04 09:00:00,2026-04-04 11:00:00
4670,실내활동,,2026-04-04 11:00:00,2026-04-04 13:00:00
4671,관람,,2026-04-04 13:00:00,2026-04-04 14:00:00
4672,운동,,2026-04-04 14:00:00,2026-04-04 16:00:00
4673,실내활동,,2026-04-04 16:00:00,2026-04-04 19:00:00
4674,관람,,2026-04-04 19:00:00,2026-04-04 21:00:00
4675,운동,,2026-04-04 21:00:00,2026-04-04 23:00:00
4676,실내활동,,2026-04-04 23:00:00,2026-04-05 00:00:00
4677,점심식사,,2026-04-04 12:00:00,2026-04-04 13:00:00
4678,저녁식사,,2026-04-04 18:00:00,2026-04-04 19:00:00
4679,스포츠,,2026-04-05 08:00:00,2026-04-05 11:00:00
4680,공부,,2026-04-05 11:00:00,2026-04-05 12:00:00
4681,점심식사,,2026-04-05 12:00:00,2026-04-05 13:00:00
4682,실내활동,,2026-04-05 13:00:00,2026-04-05 15:00:00
4683,스포츠,,2026-04-05 15:00:00,2026-04-05 17:00:00
4684,공부,,2026-04-05 17:00:00,2026-04-05 20:00:00
4685,실내활동,,2026-04-05 20:00:00,2026-04-05 22:00:00
4686,스포츠,,2026-04-05 22:00:00,2026-04-06 00:00:00
4687,저녁식사,,2026-04-05 18:00:00,2026-04-05 19:00:00
4688,운동,,2026-04-06 08:00:00,2026-04-06 11:00:00
4689,공부,,2026-04-06 11:00:00,2026-04-06 14:00:00
4690,공원,,2026-04-06 14:00:00,2026-04-06 15:00:00
4691,운동,,2026-04-06 15:00:00,2026-04-06 16:00:00
4692,공부,,2026-04-06 16:00:00,2026-04-06 17:00:00
4693,공원,,2026-04-06 17:00:00,2026-04-06 20:00:00
4694,운동,,2026-04-06 20:00:00,2026-04-06 23:00:00
4695,공부,,2026-04-06 23:00:00,2026-04-07 00:00:00
4696,점심식사,,2026-04-06 12:00:00,2026-04-06 13:00:00
4697,저녁식사,,2026-04-06 18:00:00,2026-04-06 19:00:00
4698,스포츠,,2026-04-07 08:00:00,2026-04-07 10:00:00
4699,공부,,2026-04-07 10:00:00,2026-04-07 11:00:00
4700,실내활동,,2026-04-07 11:00:00,2026-04-07 13:00:00
4701,스포츠,,2026-04-07 13:00:00,2026-04-07 16:00:00
4702,공부,,2026-04-07 16:00:00,2026-04-07 19:00:00
4703,실내활동,,2026-04-07 19:00:00,2026-04-07 20:00:00
4704,스포츠,,2026-04-07 20:00:00,2026-04-07 22:00:00
4705,공부,,2026-04-07 22:00:00,2026-04-08 00:00:00
4706,점심식사,,2026-04-07 12:00:00,2026-04-07 13:00:00
4707,저녁식사,,2026-04-07 18:00:00,2026-04-07 19:00:00
4708,관람,,2026-04-08 08:00:00,2026-04-08 09:00:00
4709,운동,,2026-04-08 09:00:00,2026-04-08 11:00:00
4710,실내활동,,2026-04-08 11:00:00,2026-04-08 13:00:00
4711,관람,,2026-04-08 13:00:00,2026-04-08 15:00:00
4712,운동,,2026-04-08 15:00:00,2026-04-08 16:00:00
4713,실내활동,,2026-04-08 16:00:00,2026-04-08 17:00:00
4714,관람,,2026-04-08 17:00:00,2026-04-08 19:00:00
4715,운동,,2026-04-08 19:00:00,2026-04-08 20:00:00
4716,실내활동,,2026-04-08 20:00:00,2026-04-08 23:00:00
4717,관람,,2026-04-08 23:00:00,2026-04-09 00:00:00
4718,점심식사,,2026-04-08 12:00:00,2026-04-08 13:00:00
4719,저녁식사,,2026-04-08 18:00:00,2026-04-08 19:00:00
4720,운동,,2026-04-09 08:00:00,2026-04-09 10:00:00
4721,공부,,2026-04-09 10:00:00,2026-04-09 13:00:00
4722,공원,,2026-04-09 13:00:00,2026-04-09 15:00:00
4723,운동,,2026-04-09 15:00:00,2026-04-09 17:00:00
4724,공부,,2026-04-09 17:00:00,2026-04-09 18:00:00
4725,저녁식사,,2026-04-09 18:00:00,2026-04-09 19:00:00
4726,공원,,2026-04-09 19:00:00,2026-04-09 20:00:00
4727,운동,,2026-04-09 20:00:00,2026-04-09 21:00:00
4728,공부,,2026-04-09 21:00:00,2026-04-10 00:00:00
4729,점심식사,,2026-04-09 12:00:00,2026-04-09 13:00:00
4730,스포츠,,2026-04-10 08:00:00,2026-04-10 11:00:00
4731,공부,,2026-04-10 11:00:00,2026-04-10 12:00:00
4732,점심식사,,2026-04-10 12:00:00,2026-04-10 13:00:00
4733,실내활동,,2026-04-10 13:00:00,2026-04-10 15:00:00
4734,스포츠,,2026-04-10 15:00:00,2026-04-10 16:00:00
4735,공부,,2026-04-10 16:00:00,2026-04-10 18:00:00
4736,저녁식사,,2026-04-10 18:00:00,2026-04-10 19:00:00
4737,실내활동,,2026-04-10 19:00:00,2026-04-10 21:00:00
4738,스포츠,,2026-04-10 21:00:00,2026-04-11 00:00:00
4739,관람,,2026-04-11 08:00:00,2026-04-11 09:00:00
4740,운동,,2026-04-11 09:00:00,2026-04-11 11:00:00
4741,실내활동,,2026-04-11 11:00:00,2026-04-11 12:00:00
4742,점심식사,,2026-04-11 12:00:00,2026-04-11 13:00:00
4743,관람,,2026-04-11 13:00:00,2026-04-11 16:00:00
4744,운동,,2026-04-11 16:00:00,2026-04-11 18:00:00
4745,저녁식사,,2026-04-11 18:00:00,2026-04-11 19:00:00
4746,실내활동,,2026-04-11 19:00:00,2026-04-11 22:00:00
4747,관람,,2026-04-11 22:00:00,2026-04-11 23:00:00
4748,운동,,2026-04-11 23:00:00,2026-04-12 00:00:00
4749,스포츠,,2026-04-12 08:00:00,2026-04-12 10:00:00
4750,공부,,2026-04-12 10:00:00,2026-04-12 12:00:00
4751,점심식사,,2026-04-12 12:00:00,2026-04-12 13:00:00
4752,실내활동,,2026-04-12 13:00:00,2026-04-12 16:00:00
4753,스포츠,,2026-04-12 16:00:00,2026-04-12 19:00:00
4754,공부,,2026-04-12 19:00:00,2026-04-12 20:00:00
4755,실내활동,,2026-04-12 20:00:00,2026-04-12 21:00:00
4756,스포츠,,2026-04-12 21:00:00,2026-04-12 23:00:00
4757,공부,,2026-04-12 23:00:00,2026-04-13 00:00:00
4758,저녁식사,,2026-04-12 18:00:00,2026-04-12 19:00:00
4759,운동,,2026-04-13 08:00:00,2026-04-13 11:00:00
4760,공부,,2026-04-13 11:00:00,2026-04-13 14:00:00
4761,공원,,2026-04-13 14:00:00,2026-04-13 15:00:00
4762,운동,,2026-04-13 15:00:00,2026-04-13 18:00:00
4763,저녁식사,,2026-04-13 18:00:00,2026-04-13 19:00:00
4764,공부,,2026-04-13 19:00:00,2026-04-13 20:00:00
4765,공원,,2026-04-13 20:00:00,2026-04-13 22:00:00
4766,운동,,2026-04-13 22:00:00,2026-04-13 23:00:00
4767,공부,,2026-04-13 23:00:00,2026-04-14 00:00:00
4768,점심식사,,2026-04-13 12:00:00,2026-04-13 13:00:00
4769,스포츠,,2026-04-14 08:00:00,2026-04-14 11:00:00
4770,공부,,2026-04-14 11:00:00,2026-04-14 13:00:00
4771,실내활동,,2026-04-14 13:00:00,2026-04-14 15:00:00
4772,스포츠,,2026-04-14 15:00:00,2026-04-14 18:00:00
4773,저녁식사,,2026-04-14 18:00:00,2026-04-14 19:00:00
4774,공부,,2026-04-14 19:00:00,2026-04-14 22:00:00
4775,실내활동,,2026-04-14 22:00:00,2026-04-15 00:00:00
4776,점심식사,,2026-04-14 12:00:00,2026-04-14 13:00:00
4777,관람,,2026-04-15 08:00:00,2026-04-15 09:00:00
4778,운동,,2026-04-15 09:00:00,2026-04-15 11:00:00
4779,실내활동,,2026-04-15 11:00:00,2026-04-15 14:00:00
4780,관람,,2026-04-15 14:00:00,2026-04-15 17:00:00
4781,운동,,2026-04-15 17:00:00,2026-04-15 19:00:00
4782,실내활동,,2026-04-15 19:00:00,2026-04-15 21:00:00
4783,관람,,2026-04-15 21:00:00,2026-04-15 22:00:00
4784,운동,,2026-04-15 22:00:00,2026-04-16 00:00:00
4785,점심식사,,2026-04-15 12:00:00,2026-04-15 13:00:00
4786,저녁식사,,2026-04-15 18:00:00,2026-04-15 19:00:00
4787,운동,,2026-04-16 08:00:00,2026-04-16 10:00:00
4788,공부,,2026-04-16 10:00:00,2026-04-16 12:00:00
4789,점심식사,,2026-04-16 12:00:00,2026-04-16 13:00:00
4790,공원,,2026-04-16 13:00:00,2026-04-16 16:00:00
4791,운동,,2026-04-16 16:00:00,2026-04-16 17:00:00
4792,공부,,2026-04-16 17:00:00,2026-04-16 19:00:00
4793,공원,,2026-04-16 19:00:00,2026-04-16 20:00:00
4794,운동,,2026-04-16 20:00:00,2026-04-16 21:00:00
4795,공부,,2026-04-16 21:00:00,2026-04-17 00:00:00
4796,저녁식사,,2026-04-16 18:00:00,2026-04-16 19:00:00
4797,스포츠,,2026-04-17 08:00:00,2026-04-17 10:00:00
4798,공부,,2026-04-17 10:00:00,2026-04-17 11:00:00
4799,실내활동,,2026-04-17 11:00:00,2026-04-17 12:00:00
4800,점심식사,,2026-04-17 12:00:00,2026-04-17 13:00:00
4801,스포츠,,2026-04-17 13:00:00,2026-04-17 15:00:00
4802,공부,,2026-04-17 15:00:00,2026-04-17 17:00:00
4803,실내활동,,2026-04-17 17:00:00,2026-04-17 18:00:00
4804,저녁식사,,2026-04-17 18:00:00,2026-04-17 19:00:00
4805,스포츠,,2026-04-17 19:00:00,2026-04-17 20:00:00
4806,공부,,2026-04-17 20:00:00,2026-04-17 23:00:00
4807,실내활동,,2026-04-17 23:00:00,2026-04-18 00:00:00
4808,관람,,2026-04-18 08:00:00,2026-04-18 11:00:00
4809,운동,,2026-04-18 11:00:00,2026-04-18 14:00:00
4810,실내활동,,2026-04-18 14:00:00,2026-04-18 17:00:00
4811,관람,,2026-04-18 17:00:00,2026-04-18 18:00:00
4812,저녁식사,,2026-04-18 18:00:00,2026-04-18 19:00:00
4813,운동,,2026-04-18 19:00:00,2026-04-18 20:00:00
4814,실내활동,,2026-04-18 20:00:00,2026-04-18 22:00:00
4815,관람,,2026-04-18 22:00:00,2026-04-19 00:00:00
4816,점심식사,,2026-04-18 12:00:00,2026-04-18 13:00:00
4817,스포츠,,2026-04-19 08:00:00,2026-04-19 09:00:00
4818,공부,,2026-04-19 09:00:00,2026-04-19 11:00:00
4819,실내활동,,2026-04-19 11:00:00,2026-04-19 14:00:00
4820,스포츠,,2026-04-19 14:00:00,2026-04-19 15:00:00
4821,공부,,2026-04-19 15:00:00,2026-04-19 17:00:00
4822,실내활동,,2026-04-19 17:00:00,2026-04-19 18:00:00
4823,저녁식사,,2026-04-19 18:00:00,2026-04-19 19:00:00
4824,스포츠,,2026-04-19 19:00:00,2026-04-19 22:00:00
4825,공부,,2026-04-19 22:00:00,2026-04-19 23:00:00
4826,실내활동,,2026-04-19 23:00:00,2026-04-20 00:00:00
4827,점심식사,,2026-04-19 12:00:00,2026-04-19 13:00:00
4828,운동,,2026-04-20 08:00:00,2026-04-20 11:00:00
4829,공부,,2026-04-20 11:00:00,2026-04-20 13:00:00
4830,공원,,2026-04-20 13:00:00,2026-04-20 15:00:00
4831,운동,,2026-04-20 15:00:00,2026-04-20 16:00:00
4832,공부,,2026-04-20 16:00:00,2026-04-20 18:00:00
4833,저녁식사,,2026-04-20 18:00:00,2026-04-20 19:00:00
4834,공원,,2026-04-20 19:00:00,2026-04-20 20:00:00
4835,운동,,2026-04-20 20:00:00,2026-04-20 21:00:00
4836,공부,,2026-04-20 21:00:00,2026-04-20 22:00:00
4837,공원,,2026-04-20 22:00:00,2026-04-21 00:00:00
4838,점심식사,,2026-04-20 12:00:00,2026-04-20 13:00:00
4839,스포츠,,2026-04-21 08:00:00,2026-04-21 10:00:00
4840,공부,,2026-04-21 10:00:00,2026-04-21 13:00:00
4841,실내활동,,2026-04-21 13:00:00,2026-04-21 14:00:00
4842,스포츠,,2026-04-21 14:00:00,2026-04-21 15:00:00
4843,공부,,2026-04-21 15:00:00,2026-04-21 16:00:00
4844,실내활동,,2026-04-21 16:00:00,2026-04-21 17:00:00
4845,스포츠,,2026-04-21 17:00:00,2026-04-21 20:00:00
4846,공부,,2026-04-21 20:00:00,2026-04-21 21:00:00
4847,실내활동,,2026-04-21 21:00:00,2026-04-21 22:00:00
4848,스포츠,,2026-04-21 22:00:00,2026-04-21 23:00:00
4849,공부,,2026-04-21 23:00:00,2026-04-22 00:00:00
4850,점심식사,,2026-04-21 12:00:00,2026-04-21 13:00:00
4851,저녁식사,,2026-04-21 18:00:00,2026-04-21 19:00:00
4852,관람,,2026-04-22 08:00:00,2026-04-22 09:00:00
4853,운동,,2026-04-22 09:00:00,2026-04-22 12:00:00
4854,점심식사,,2026-04-22 12:00:00,2026-04-22 13:00:00
4855,실내활동,,2026-04-22 13:00:00,2026-04-22 15:00:00
4856,관람,,2026-04-22 15:00:00,2026-04-22 16:00:00
4857,운동,,2026-04-22 16:00:00,2026-04-22 18:00:00
4858,저녁식사,,2026-04-22 18:00:00,2026-04-22 19:00:00
4859,실내활동,,2026-04-22 19:00:00,2026-04-22 21:00:00
4860,관람,,2026-04-22 21:00:00,2026-04-23 00:00:00
4861,운동,,2026-04-23 08:00:00,2026-04-23 09:00:00
4862,공부,,2026-04-23 09:00:00,2026-04-23 10:00:00
4863,공원,,2026-04-23 10:00:00,2026-04-23 13:00:00
4864,운동,,2026-04-23 13:00:00,2026-04-23 15:00:00
4865,공부,,2026-04-23 15:00:00,2026-04-23 17:00:00
4866,공원,,2026-04-23 17:00:00,2026-04-23 20:00:00
4867,운동,,2026-04-23 20:00:00,2026-04-23 23:00:00
4868,공부,,2026-04-23 23:00:00,2026-04-24 00:00:00
4869,점심식사,,2026-04-23 12:00:00,2026-04-23 13:00:00
4870,저녁식사,,2026-04-23 18:00:00,2026-04-23 19:00:00
4871,스포츠,,2026-04-24 08:00:00,2026-04-24 09:00:00
4872,공부,,2026-04-24 09:00:00,2026-04-24 10:00:00
4873,실내활동,,2026-04-24 10:00:00,2026-04-24 11:00:00
4874,스포츠,,2026-04-24 11:00:00,2026-04-24 14:00:00
4875,공부,,2026-04-24 14:00:00,2026-04-24 17:00:00
4876,실내활동,,2026-04-24 17:00:00,2026-04-24 20:00:00
4877,스포츠,,2026-04-24 20:00:00,2026-04-24 22:00:00
4878,공부,,2026-04-24 22:00:00,2026-04-25 00:00:00
4879,점심식사,,2026-04-24 12:00:00,2026-04-24 13:00:00
4880,저녁식사,,2026-04-24 18:00:00,2026-04-24 19:00:00
4881,관람,,2026-04-25 08:00:00,2026-04-25 10:00:00
4882,운동,,2026-04-25 10:00:00,2026-04-25 12:00:00
4883,점심식사,,2026-04-25 12:00:00,2026-04-25 13:00:00
4884,실내활동,,2026-04-25 13:00:00,2026-04-25 16:00:00
4885,관람,,2026-04-25 16:00:00,2026-04-25 17:00:00
4886,운동,,2026-04-25 17:00:00,2026-04-25 18:00:00
4887,저녁식사,,2026-04-25 18:00:00,2026-04-25 19:00:00
4888,실내활동,,2026-04-25 19:00:00,2026-04-25 21:00:00
4889,관람,,2026-04-25 21:00:00,2026-04-26 00:00:00
4890,스포츠,,2026-04-26 08:00:00,2026-04-26 09:00:00
4891,공부,,2026-04-26 09:00:00,2026-04-26 12:00:00
4892,점심식사,,2026-04-26 12:00:00,2026-04-26 13:00:00
4893,실내활동,,2026-04-26 13:00:00,2026-04-26 16:00:00
4894,스포츠,,2026-04-26 16:00:00,2026-04-26 17:00:00
4895,공부,,2026-04-26 17:00:00,2026-04-26 20:00:00
4896,실내활동,,2026-04-26 20:00:00,2026-04-26 23:00:00
4897,스포츠,,2026-04-26 23:00:00,2026-04-27 00:00:00
4898,저녁식사,,2026-04-26 18:00:00,2026-04-26 19:00:00
4899,운동,,2026-04-27 08:00:00,2026-04-27 10:00:00
4900,공부,,2026-04-27 10:00:00,2026-04-27 13:00:00
4901,공원,,2026-04-27 13:00:00,2026-04-27 15:00:00
4902,운동,,2026-04-27 15:00:00,2026-04-27 17:00:00
4903,공부,,2026-04-27 17:00:00,2026-04-27 19:00:00
4904,공원,,2026-04-27 19:00:00,2026-04-27 22:00:00
4905,운동,,2026-04-27 22:00:00,2026-04-27 23:00:00
4906,공부,,2026-04-27 23:00:00,2026-04-28 00:00:00
4907,점심식사,,2026-04-27 12:00:00,2026-04-27 13:00:00
4908,저녁식사,,2026-04-27 18:00:00,2026-04-27 19:00:00
4909,스포츠,,2026-04-28 08:00:00,2026-04-28 09:00:00
4910,공부,,2026-04-28 09:00:00,2026-04-28 11:00:00
4911,실내활동,,2026-04-28 11:00:00,2026-04-28 12:00:00
4912,점심식사,,2026-04-28 12:00:00,2026-04-28 13:00:00
4913,스포츠,,2026-04-28 13:00:00,2026-04-28 14:00:00
4914,공부,,2026-04-28 14:00:00,2026-04-28 15:00:00
4915,실내활동,,2026-04-28 15:00:00,2026-04-28 16:00:00
4916,스포츠,,2026-04-28 16:00:00,2026-04-28 19:00:00
4917,공부,,2026-04-28 19:00:00,2026-04-28 20:00:00
4918,실내활동,,2026-04-28 20:00:00,2026-04-28 21:00:00
4919,스포츠,,2026-04-28 21:00:00,2026-04-28 22:00:00
4920,공부,,2026-04-28 22:00:00,2026-04-29 00:00:00
4921,저녁식사,,2026-04-28 18:00:00,2026-04-28 19:00:00
4922,관람,,2026-04-29 08:00:00,2026-04-29 09:00:00
4923,운동,,2026-04-29 09:00:00,2026-04-29 12:00:00
4924,점심식사,,2026-04-29 12:00:00,2026-04-29 13:00:00
4925,실내활동,,2026-04-29 13:00:00,2026-04-29 14:00:00
4926,관람,,2026-04-29 14:00:00,2026-04-29 17:00:00
4927,운동,,2026-04-29 17:00:00,2026-04-29 20:00:00
4928,실내활동,,2026-04-29 20:00:00,2026-04-29 21:00:00
4929,관람,,2026-04-29 21:00:00,2026-04-30 00:00:00
4930,저녁식사,,2026-04-29 18:00:00,2026-04-29 19:00:00
4931,운동,,2026-04-30 08:00:00,2026-04-30 11:00:00
4932,공부,,2026-04-30 11:00:00,2026-04-30 14:00:00
4933,공원,,2026-04-30 14:00:00,2026-04-30 16:00:00
4934,운동,,2026-04-30 16:00:00,2026-04-30 17:00:00
4935,공부,,2026-04-30 17:00:00,2026-04-30 19:00:00
4936,공원,,2026-04-30 19:00:00,2026-04-30 22:00:00
4937,운동,,2026-04-30 22:00:00,2026-04-30 23:00:00
4938,공부,,2026-04-30 23:00:00,2026-05-01 00:00:00
4939,점심식사,,2026-04-30 12:00:00,2026-04-30 13:00:00
4940,저녁식사,,2026-04-30 18:00:00,2026-04-30 19:00:00
4941,스포츠,,2026-05-01 08:00:00,2026-05-01 09:00:00
4942,공부,,2026-05-01 09:00:00,2026-05-01 12:00:00
4943,점심식사,,2026-05-01 12:00:00,2026-05-01 13:00:00
4944,실내활동,,2026-05-01 13:00:00,2026-05-01 14:00:00
4945,스포츠,,2026-05-01 14:00:00,2026-05-01 16:00:00
4946,공부,,2026-05-01 16:00:00,2026-05-01 18:00:00
4947,저녁식사,,2026-05-01 18:00:00,2026-05-01 19:00:00
4948,실내활동,,2026-05-01 19:00:00,2026-05-01 20:00:00
4949,스포츠,,2026-05-01 20:00:00,2026-05-01 21:00:00
4950,공부,,2026-05-01 21:00:00,2026-05-01 23:00:00
4951,실내활동,,2026-05-01 23:00:00,2026-05-02 00:00:00
4952,관람,,2026-05-02 08:00:00,2026-05-02 11:00:00
4953,운동,,2026-05-02 11:00:00,2026-05-02 13:00:00
4954,실내활동,,2026-05-02 13:00:00,2026-05-02 16:00:00
4955,관람,,2026-05-02 16:00:00,2026-05-02 18:00:00
4956,저녁식사,,2026-05-02 18:00:00,2026-05-02 19:00:00
4957,운동,,2026-05-02 19:00:00,2026-05-02 22:00:00
4958,실내활동,,2026-05-02 22:00:00,2026-05-03 00:00:00
4959,점심식사,,2026-05-02 12:00:00,2026-05-02 13:00:00
4960,스포츠,,2026-05-03 08:00:00,2026-05-03 10:00:00
4961,공부,,2026-05-03 10:00:00,2026-05-03 13:00:00
4962,실내활동,,2026-05-03 13:00:00,2026-05-03 16:00:00
4963,스포츠,,2026-05-03 16:00:00,2026-05-03 17:00:00
4964,공부,,2026-05-03 17:00:00,2026-05-03 19:00:00
4965,실내활동,,2026-05-03 19:00:00,2026-05-03 22:00:00
4966,스포츠,,2026-05-03 22:00:00,2026-05-04 00:00:00
4967,점심식사,,2026-05-03 12:00:00,2026-05-03 13:00:00
4968,저녁식사,,2026-05-03 18:00:00,2026-05-03 19:00:00
4969,운동,,2026-05-04 08:00:00,2026-05-04 11:00:00
4970,공부,,2026-05-04 11:00:00,2026-05-04 12:00:00
4971,점심식사,,2026-05-04 12:00:00,2026-05-04 13:00:00
4972,공원,,2026-05-04 13:00:00,2026-05-04 14:00:00
4973,운동,,2026-05-04 14:00:00,2026-05-04 15:00:00
4974,공부,,2026-05-04 15:00:00,2026-05-04 18:00:00
4975,저녁식사,,2026-05-04 18:00:00,2026-05-04 19:00:00
4976,공원,,2026-05-04 19:00:00,2026-05-04 21:00:00
4977,운동,,2026-05-04 21:00:00,2026-05-04 23:00:00
4978,공부,,2026-05-04 23:00:00,2026-05-05 00:00:00
4979,스포츠,,2026-05-05 08:00:00,2026-05-05 11:00:00
4980,공부,,2026-05-05 11:00:00,2026-05-05 12:00:00
4981,점심식사,,2026-05-05 12:00:00,2026-05-05 13:00:00
4982,실내활동,,2026-05-05 13:00:00,2026-05-05 16:00:00
4983,스포츠,,2026-05-05 16:00:00,2026-05-05 19:00:00
4984,공부,,2026-05-05 19:00:00,2026-05-05 20:00:00
4985,실내활동,,2026-05-05 20:00:00,2026-05-05 21:00:00
4986,스포츠,,2026-05-05 21:00:00,2026-05-06 00:00:00
4987,저녁식사,,2026-05-05 18:00:00,2026-05-05 19:00:00
4988,관람,,2026-05-06 08:00:00,2026-05-06 09:00:00
4989,운동,,2026-05-06 09:00:00,2026-05-06 10:00:00
4990,실내활동,,2026-05-06 10:00:00,2026-05-06 11:00:00
4991,관람,,2026-05-06 11:00:00,2026-05-06 12:00:00
4992,점심식사,,2026-05-06 12:00:00,2026-05-06 13:00:00
4993,운동,,2026-05-06 13:00:00,2026-05-06 15:00:00
4994,실내활동,,2026-05-06 15:00:00,2026-05-06 16:00:00
4995,관람,,2026-05-06 16:00:00,2026-05-06 19:00:00
4996,운동,,2026-05-06 19:00:00,2026-05-06 21:00:00
4997,실내활동,,2026-05-06 21:00:00,2026-05-07 00:00:00
4998,저녁식사,,2026-05-06 18:00:00,2026-05-06 19:00:00
4999,운동,,2026-05-07 08:00:00,2026-05-07 11:00:00
5000,공부,,2026-05-07 11:00:00,2026-05-07 12:00:00
5001,점심식사,,2026-05-07 12:00:00,2026-05-07 13:00:00
5002,공원,,2026-05-07 13:00:00,2026-05-07 16:00:00
5003,운동,,2026-05-07 16:00:00,2026-05-07 17:00:00
5004,공부,,2026-05-07 17:00:00,2026-05-07 18:00:00
5005,저녁식사,,2026-05-07 18:00:00,2026-05-07 19:00:00
5006,공원,,2026-05-07 19:00:00,2026-05-07 20:00:00
5007,운동,,2026-05-07 20:00:00,2026-05-07 21:00:00
5008,공부,,2026-05-07 21:00:00,2026-05-07 23:00:00
5009,공원,,2026-05-07 23:00:00,2026-05-08 00:00:00
5010,스포츠,,2026-05-08 08:00:00,2026-05-08 10:00:00
5011,공부,,2026-05-08 10:00:00,2026-05-08 12:00:00
5012,점심식사,,2026-05-08 12:00:00,2026-05-08 13:00:00
5013,실내활동,,2026-05-08 13:00:00,2026-05-08 15:00:00
5014,스포츠,,2026-05-08 15:00:00,2026-05-08 17:00:00
5015,공부,,2026-05-08 17:00:00,2026-05-08 18:00:00
5016,저녁식사,,2026-05-08 18:00:00,2026-05-08 19:00:00
5017,실내활동,,2026-05-08 19:00:00,2026-05-08 21:00:00
5018,스포츠,,2026-05-08 21:00:00,2026-05-09 00:00:00
5019,관람,,2026-05-09 08:00:00,2026-05-09 11:00:00
5020,운동,,2026-05-09 11:00:00,2026-05-09 12:00:00
5021,점심식사,,2026-05-09 12:00:00,2026-05-09 13:00:00
5022,실내활동,,2026-05-09 13:00:00,2026-05-09 16:00:00
5023,관람,,2026-05-09 16:00:00,2026-05-09 18:00:00
5024,저녁식사,,2026-05-09 18:00:00,2026-05-09 19:00:00
5025,운동,,2026-05-09 19:00:00,2026-05-09 22:00:00
5026,실내활동,,2026-05-09 22:00:00,2026-05-10 00:00:00
5027,스포츠,,2026-05-10 08:00:00,2026-05-10 10:00:00
5028,공부,,2026-05-10 10:00:00,2026-05-10 13:00:00
5029,실내활동,,2026-05-10 13:00:00,2026-05-10 16:00:00
5030,스포츠,,2026-05-10 16:00:00,2026-05-10 19:00:00
5031,공부,,2026-05-10 19:00:00,2026-05-10 21:00:00
5032,실내활동,,2026-05-10 21:00:00,2026-05-10 22:00:00
5033,스포츠,,2026-05-10 22:00:00,2026-05-11 00:00:00
5034,점심식사,,2026-05-10 12:00:00,2026-05-10 13:00:00
5035,저녁식사,,2026-05-10 18:00:00,2026-05-10 19:00:00
5036,운동,,2026-05-11 08:00:00,2026-05-11 11:00:00
5037,공부,,2026-05-11 11:00:00,2026-05-11 14:00:00
5038,공원,,2026-05-11 14:00:00,2026-05-11 17:00:00
5039,운동,,2026-05-11 17:00:00,2026-05-11 20:00:00
5040,공부,,2026-05-11 20:00:00,2026-05-11 22:00:00
5041,공원,,2026-05-11 22:00:00,2026-05-11 23:00:00
5042,운동,,2026-05-11 23:00:00,2026-05-12 00:00:00
5043,점심식사,,2026-05-11 12:00:00,2026-05-11 13:00:00
5044,저녁식사,,2026-05-11 18:00:00,2026-05-11 19:00:00
5045,스포츠,,2026-05-12 08:00:00,2026-05-12 10:00:00
5046,공부,,2026-05-12 10:00:00,2026-05-12 13:00:00
5047,실내활동,,2026-05-12 13:00:00,2026-05-12 14:00:00
5048,스포츠,,2026-05-12 14:00:00,2026-05-12 16:00:00
5049,공부,,2026-05-12 16:00:00,2026-05-12 19:00:00
5050,실내활동,,2026-05-12 19:00:00,2026-05-12 20:00:00
5051,스포츠,,2026-05-12 20:00:00,2026-05-12 21:00:00
5052,공부,,2026-05-12 21:00:00,2026-05-12 23:00:00
5053,실내활동,,2026-05-12 23:00:00,2026-05-13 00:00:00
5054,점심식사,,2026-05-12 12:00:00,2026-05-12 13:00:00
5055,저녁식사,,2026-05-12 18:00:00,2026-05-12 19:00:00
5056,관람,,2026-05-13 08:00:00,2026-05-13 11:00:00
5057,운동,,2026-05-13 11:00:00,2026-05-13 14:00:00
5058,실내활동,,2026-05-13 14:00:00,2026-05-13 16:00:00
5059,관람,,2026-05-13 16:00:00,2026-05-13 19:00:00
5060,운동,,2026-05-13 19:00:00,2026-05-13 20:00:00
5061,실내활동,,2026-05-13 20:00:00,2026-05-13 21:00:00
5062,관람,,2026-05-13 21:00:00,2026-05-14 00:00:00
5063,점심식사,,2026-05-13 12:00:00,2026-05-13 13:00:00
5064,저녁식사,,2026-05-13 18:00:00,2026-05-13 19:00:00
5065,운동,,2026-05-14 08:00:00,2026-05-14 10:00:00
5066,공부,,2026-05-14 10:00:00,2026-05-14 12:00:00
5067,점심식사,,2026-05-14 12:00:00,2026-05-14 13:00:00
5068,공원,,2026-05-14 13:00:00,2026-05-14 15:00:00
5069,운동,,2026-05-14 15:00:00,2026-05-14 16:00:00
5070,공부,,2026-05-14 16:00:00,2026-05-14 17:00:00
5071,공원,,2026-05-14 17:00:00,2026-05-14 19:00:00
5072,운동,,2026-05-14 19:00:00,2026-05-14 20:00:00
5073,공부,,2026-05-14 20:00:00,2026-05-14 22:00:00
5074,공원,,2026-05-14 22:00:00,2026-05-14 23:00:00
5075,운동,,2026-05-14 23:00:00,2026-05-15 00:00:00
5076,저녁식사,,2026-05-14 18:00:00,2026-05-14 19:00:00
5077,스포츠,,2026-05-15 08:00:00,2026-05-15 11:00:00
5078,공부,,2026-05-15 11:00:00,2026-05-15 13:00:00
5079,실내활동,,2026-05-15 13:00:00,2026-05-15 16:00:00
5080,스포츠,,2026-05-15 16:00:00,2026-05-15 19:00:00
5081,공부,,2026-05-15 19:00:00,2026-05-15 20:00:00
5082,실내활동,,2026-05-15 20:00:00,2026-05-15 21:00:00
5083,스포츠,,2026-05-15 21:00:00,2026-05-15 23:00:00
5084,공부,,2026-05-15 23:00:00,2026-05-16 00:00:00
5085,점심식사,,2026-05-15 12:00:00,2026-05-15 13:00:00
5086,저녁식사,,2026-05-15 18:00:00,2026-05-15 19:00:00
5087,관람,,2026-05-16 08:00:00,2026-05-16 09:00:00
5088,운동,,2026-05-16 09:00:00,2026-05-16 12:00:00
5089,점심식사,,2026-05-16 12:00:00,2026-05-16 13:00:00
5090,실내활동,,2026-05-16 13:00:00,2026-05-16 14:00:00
5091,관람,,2026-05-16 14:00:00,2026-05-16 17:00:00
5092,운동,,2026-05-16 17:00:00,2026-05-16 18:00:00
5093,저녁식사,,2026-05-16 18:00:00,2026-05-16 19:00:00
5094,실내활동,,2026-05-16 19:00:00,2026-05-16 22:00:00
5095,관람,,2026-05-16 22:00:00,2026-05-17 00:00:00
5096,스포츠,,2026-05-17 08:00:00,2026-05-17 10:00:00
5097,공부,,2026-05-17 10:00:00,2026-05-17 12:00:00
5098,점심식사,,2026-05-17 12:00:00,2026-05-17 13:00:00
5099,실내활동,,2026-05-17 13:00:00,2026-05-17 14:00:00
5100,스포츠,,2026-05-17 14:00:00,2026-05-17 15:00:00
5101,공부,,2026-05-17 15:00:00,2026-05-17 16:00:00
5102,실내활동,,2026-05-17 16:00:00,2026-05-17 19:00:00
5103,스포츠,,2026-05-17 19:00:00,2026-05-17 22:00:00
5104,공부,,2026-05-17 22:00:00,2026-05-18 00:00:00
5105,저녁식사,,2026-05-17 18:00:00,2026-05-17 19:00:00
5106,운동,,2026-05-18 08:00:00,2026-05-18 09:00:00
5107,공부,,2026-05-18 09:00:00,2026-05-18 12:00:00
5108,점심식사,,2026-05-18 12:00:00,2026-05-18 13:00:00
5109,공원,,2026-05-18 13:00:00,2026-05-18 16:00:00
5110,운동,,2026-05-18 16:00:00,2026-05-18 17:00:00
5111,공부,,2026-05-18 17:00:00,2026-05-18 20:00:00
5112,공원,,2026-05-18 20:00:00,2026-05-18 22:00:00
5113,운동,,2026-05-18 22:00:00,2026-05-18 23:00:00
5114,공부,,2026-05-18 23:00:00,2026-05-19 00:00:00
5115,저녁식사,,2026-05-18 18:00:00,2026-05-18 19:00:00
5116,스포츠,,2026-05-19 08:00:00,2026-05-19 09:00:00
5117,공부,,2026-05-19 09:00:00,2026-05-19 11:00:00
5118,실내활동,,2026-05-19 11:00:00,2026-05-19 13:00:00
5119,스포츠,,2026-05-19 13:00:00,2026-05-19 16:00:00
5120,공부,,2026-05-19 16:00:00,2026-05-19 17:00:00
5121,실내활동,,2026-05-19 17:00:00,2026-05-19 19:00:00
5122,스포츠,,2026-05-19 19:00:00,2026-05-19 21:00:00
5123,공부,,2026-05-19 21:00:00,2026-05-19 23:00:00
5124,실내활동,,2026-05-19 23:00:00,2026-05-20 00:00:00
5125,점심식사,,2026-05-19 12:00:00,2026-05-19 13:00:00
5126,저녁식사,,2026-05-19 18:00:00,2026-05-19 19:00:00
5127,관람,,2026-05-20 08:00:00,2026-05-20 10:00:00
5128,운동,,2026-05-20 10:00:00,2026-05-20 13:00:00
5129,실내활동,,2026-05-20 13:00:00,2026-05-20 14:00:00
5130,관람,,2026-05-20 14:00:00,2026-05-20 16:00:00
5131,운동,,2026-05-20 16:00:00,2026-05-20 18:00:00
5132,저녁식사,,2026-05-20 18:00:00,2026-05-20 19:00:00
5133,실내활동,,2026-05-20 19:00:00,2026-05-20 20:00:00
5134,관람,,2026-05-20 20:00:00,2026-05-20 21:00:00
5135,운동,,2026-05-20 21:00:00,2026-05-20 22:00:00
5136,실내활동,,2026-05-20 22:00:00,2026-05-20 23:00:00
5137,관람,,2026-05-20 23:00:00,2026-05-21 00:00:00
5138,점심식사,,2026-05-20 12:00:00,2026-05-20 13:00:00
5139,운동,,2026-05-21 08:00:00,2026-05-21 10:00:00
5140,공부,,2026-05-21 10:00:00,2026-05-21 12:00:00
5141,점심식사,,2026-05-21 12:00:00,2026-05-21 13:00:00
5142,공원,,2026-05-21 13:00:00,2026-05-21 16:00:00
5143,운동,,2026-05-21 16:00:00,2026-05-21 17:00:00
5144,공부,,2026-05-21 17:00:00,2026-05-21 19:00:00
5145,공원,,2026-05-21 19:00:00,2026-05-21 22:00:00
5146,운동,,2026-05-21 22:00:00,2026-05-22 00:00:00
5147,저녁식사,,2026-05-21 18:00:00,2026-05-21 19:00:00
5148,스포츠,,2026-05-22 08:00:00,2026-05-22 11:00:00
5149,공부,,2026-05-22 11:00:00,2026-05-22 12:00:00
5150,점심식사,,2026-05-22 12:00:00,2026-05-22 13:00:00
5151,실내활동,,2026-05-22 13:00:00,2026-05-22 15:00:00
5152,스포츠,,2026-05-22 15:00:00,2026-05-22 18:00:00
5153,저녁식사,,2026-05-22 18:00:00,2026-05-22 19:00:00
5154,공부,,2026-05-22 19:00:00,2026-05-22 22:00:00
5155,실내활동,,2026-05-22 22:00:00,2026-05-23 00:00:00
5156,관람,,2026-05-23 08:00:00,2026-05-23 09:00:00
5157,운동,,2026-05-23 09:00:00,2026-05-23 11:00:00
5158,실내활동,,2026-05-23 11:00:00,2026-05-23 14:00:00
5159,관람,,2026-05-23 14:00:00,2026-05-23 16:00:00
5160,운동,,2026-05-23 16:00:00,2026-05-23 17:00:00
5161,실내활동,,2026-05-23 17:00:00,2026-05-23 20:00:00
5162,관람,,2026-05-23 20:00:00,2026-05-23 22:00:00
5163,운동,,2026-05-23 22:00:00,2026-05-23 23:00:00
5164,실내활동,,2026-05-23 23:00:00,2026-05-24 00:00:00
5165,점심식사,,2026-05-23 12:00:00,2026-05-23 13:00:00
5166,저녁식사,,2026-05-23 18:00:00,2026-05-23 19:00:00
5167,스포츠,,2026-05-24 08:00:00,2026-05-24 11:00:00
5168,공부,,2026-05-24 11:00:00,2026-05-24 12:00:00
5169,점심식사,,2026-05-24 12:00:00,2026-05-24 13:00:00
5170,실내활동,,2026-05-24 13:00:00,2026-05-24 15:00:00
5171,스포츠,,2026-05-24 15:00:00,2026-05-24 18:00:00
5172,저녁식사,,2026-05-24 18:00:00,2026-05-24 19:00:00
5173,공부,,2026-05-24 19:00:00,2026-05-24 22:00:00
5174,실내활동,,2026-05-24 22:00:00,2026-05-24 23:00:00
5175,스포츠,,2026-05-24 23:00:00,2026-05-25 00:00:00
5176,운동,,2026-05-25 08:00:00,2026-05-25 11:00:00
5177,공부,,2026-05-25 11:00:00,2026-05-25 14:00:00
5178,공원,,2026-05-25 14:00:00,2026-05-25 16:00:00
5179,운동,,2026-05-25 16:00:00,2026-05-25 18:00:00
5180,저녁식사,,2026-05-25 18:00:00,2026-05-25 19:00:00
5181,공부,,2026-05-25 19:00:00,2026-05-25 21:00:00
5182,공원,,2026-05-25 21:00:00,2026-05-26 00:00:00
5183,점심식사,,2026-05-25 12:00:00,2026-05-25 13:00:00
5184,스포츠,,2026-05-26 08:00:00,2026-05-26 11:00:00
5185,공부,,2026-05-26 11:00:00,2026-05-26 14:00:00
5186,실내활동,,2026-05-26 14:00:00,2026-05-26 16:00:00
5187,스포츠,,2026-05-26 16:00:00,2026-05-26 18:00:00
5188,저녁식사,,2026-05-26 18:00:00,2026-05-26 19:00:00
5189,공부,,2026-05-26 19:00:00,2026-05-26 20:00:00
5190,실내활동,,2026-05-26 20:00:00,2026-05-26 23:00:00
5191,스포츠,,2026-05-26 23:00:00,2026-05-27 00:00:00
5192,점심식사,,2026-05-26 12:00:00,2026-05-26 13:00:00
5193,관람,,2026-05-27 08:00:00,2026-05-27 09:00:00
5194,운동,,2026-05-27 09:00:00,2026-05-27 12:00:00
5195,점심식사,,2026-05-27 12:00:00,2026-05-27 13:00:00
5196,실내활동,,2026-05-27 13:00:00,2026-05-27 15:00:00
5197,관람,,2026-05-27 15:00:00,2026-05-27 16:00:00
5198,운동,,2026-05-27 16:00:00,2026-05-27 17:00:00
5199,실내활동,,2026-05-27 17:00:00,2026-05-27 20:00:00
5200,관람,,2026-05-27 20:00:00,2026-05-27 23:00:00
5201,운동,,2026-05-27 23:00:00,2026-05-28 00:00:00
5202,저녁식사,,2026-05-27 18:00:00,2026-05-27 19:00:00
5203,운동,,2026-05-28 08:00:00,2026-05-28 09:00:00
5204,공부,,2026-05-28 09:00:00,2026-05-28 11:00:00
5205,공원,,2026-05-28 11:00:00,2026-05-28 12:00:00
5206,점심식사,,2026-05-28 12:00:00,2026-05-28 13:00:00
5207,운동,,2026-05-28 13:00:00,2026-05-28 15:00:00
5208,공부,,2026-05-28 15:00:00,2026-05-28 18:00:00
5209,저녁식사,,2026-05-28 18:00:00,2026-05-28 19:00:00
5210,공원,,2026-05-28 19:00:00,2026-05-28 22:00:00
5211,운동,,2026-05-28 22:00:00,2026-05-29 00:00:00
5212,스포츠,,2026-05-29 08:00:00,2026-05-29 09:00:00
5213,공부,,2026-05-29 09:00:00,2026-05-29 11:00:00
5214,실내활동,,2026-05-29 11:00:00,2026-05-29 12:00:00
5215,점심식사,,2026-05-29 12:00:00,2026-05-29 13:00:00
5216,스포츠,,2026-05-29 13:00:00,2026-05-29 16:00:00
5217,공부,,2026-05-29 16:00:00,2026-05-29 17:00:00
5218,실내활동,,2026-05-29 17:00:00,2026-05-29 19:00:00
5219,스포츠,,2026-05-29 19:00:00,2026-05-29 22:00:00
5220,공부,,2026-05-29 22:00:00,2026-05-29 23:00:00
5221,실내활동,,2026-05-29 23:00:00,2026-05-30 00:00:00
5222,저녁식사,,2026-05-29 18:00:00,2026-05-29 19:00:00
5223,관람,,2026-05-30 08:00:00,2026-05-30 09:00:00
5224,운동,,2026-05-30 09:00:00,2026-05-30 11:00:00
5225,실내활동,,2026-05-30 11:00:00,2026-05-30 14:00:00
5226,관람,,2026-05-30 14:00:00,2026-05-30 15:00:00
5227,운동,,2026-05-30 15:00:00,2026-05-30 16:00:00
5228,실내활동,,2026-05-30 16:00:00,2026-05-30 19:00:00
5229,관람,,2026-05-30 19:00:00,2026-05-30 22:00:00
5230,운동,,2026-05-30 22:00:00,2026-05-31 00:00:00
5231,점심식사,,2026-05-30 12:00:00,2026-05-30 13:00:00
5232,저녁식사,,2026-05-30 18:00:00,2026-05-30 19:00:00
5233,스포츠,,2026-05-31 08:00:00,2026-05-31 10:00:00
5234,공부,,2026-05-31 10:00:00,2026-05-31 12:00:00
5235,점심식사,,2026-05-31 12:00:00,2026-05-31 13:00:00
5236,실내활동,,2026-05-31 13:00:00,2026-05-31 16:00:00
5237,스포츠,,2026-05-31 16:00:00,2026-05-31 18:00:00
5238,저녁식사,,2026-05-31 18:00:00,2026-05-31 19:00:00
5239,공부,,2026-05-31 19:00:00,2026-05-31 22:00:00
5240,실내활동,,2026-05-31 22:00:00,2026-05-31 23:00:00
5241,스포츠,,2026-05-31 23:00:00,2026-06-01 00:00:00
5242,운동,,2026-06-01 08:00:00,2026-06-01 11:00:00
5243,공부,,2026-06-01 11:00:00,2026-06-01 13:00:00
5244,공원,,2026-06-01 13:00:00,2026-06-01 16:00:00
5245,운동,,2026-06-01 16:00:00,2026-06-01 17:00:00
5246,공부,,2026-06-01 17:00:00,2026-06-01 19:00:00
5247,공원,,2026-06-01 19:00:00,2026-06-01 21:00:00
5248,운동,,2026-06-01 21:00:00,2026-06-01 23:00:00
5249,공부,,2026-06-01 23:00:00,2026-06-02 00:00:00
5250,점심식사,,2026-06-01 12:00:00,2026-06-01 13:00:00
5251,저녁식사,,2026-06-01 18:00:00,2026-06-01 19:00:00
5252,스포츠,,2026-06-02 08:00:00,2026-06-02 09:00:00
5253,공부,,2026-06-02 09:00:00,2026-06-02 12:00:00
5254,점심식사,,2026-06-02 12:00:00,2026-06-02 13:00:00
5255,실내활동,,2026-06-02 13:00:00,2026-06-02 16:00:00
5256,스포츠,,2026-06-02 16:00:00,2026-06-02 18:00:00
5257,저녁식사,,2026-06-02 18:00:00,2026-06-02 19:00:00
5258,공부,,2026-06-02 19:00:00,2026-06-02 20:00:00
5259,실내활동,,2026-06-02 20:00:00,2026-06-02 21:00:00
5260,스포츠,,2026-06-02 21:00:00,2026-06-02 22:00:00
5261,공부,,2026-06-02 22:00:00,2026-06-02 23:00:00
5262,실내활동,,2026-06-02 23:00:00,2026-06-03 00:00:00
5263,관람,,2026-06-03 08:00:00,2026-06-03 11:00:00
5264,운동,,2026-06-03 11:00:00,2026-06-03 12:00:00
5265,점심식사,,2026-06-03 12:00:00,2026-06-03 13:00:00
5266,실내활동,,2026-06-03 13:00:00,2026-06-03 15:00:00
5267,관람,,2026-06-03 15:00:00,2026-06-03 17:00:00
5268,운동,,2026-06-03 17:00:00,2026-06-03 18:00:00
5269,저녁식사,,2026-06-03 18:00:00,2026-06-03 19:00:00
5270,실내활동,,2026-06-03 19:00:00,2026-06-03 22:00:00
5271,관람,,2026-06-03 22:00:00,2026-06-03 23:00:00
5272,운동,,2026-06-03 23:00:00,2026-06-04 00:00:00
5273,운동,,2026-06-04 08:00:00,2026-06-04 09:00:00
5274,공부,,2026-06-04 09:00:00,2026-06-04 11:00:00
5275,공원,,2026-06-04 11:00:00,2026-06-04 12:00:00
5276,점심식사,,2026-06-04 12:00:00,2026-06-04 13:00:00
5277,운동,,2026-06-04 13:00:00,2026-06-04 14:00:00
5278,공부,,2026-06-04 14:00:00,2026-06-04 17:00:00
5279,공원,,2026-06-04 17:00:00,2026-06-04 18:00:00
5280,저녁식사,,2026-06-04 18:00:00,2026-06-04 19:00:00
5281,운동,,2026-06-04 19:00:00,2026-06-04 22:00:00
5282,공부,,2026-06-04 22:00:00,2026-06-04 23:00:00
5283,공원,,2026-06-04 23:00:00,2026-06-05 00:00:00
5284,스포츠,,2026-06-05 08:00:00,2026-06-05 10:00:00
5285,공부,,2026-06-05 10:00:00,2026-06-05 12:00:00
5286,점심식사,,2026-06-05 12:00:00,2026-06-05 13:00:00
5287,실내활동,,2026-06-05 13:00:00,2026-06-05 16:00:00
5288,스포츠,,2026-06-05 16:00:00,2026-06-05 18:00:00
5289,저녁식사,,2026-06-05 18:00:00,2026-06-05 19:00:00
5290,공부,,2026-06-05 19:00:00,2026-06-05 21:00:00
5291,실내활동,,2026-06-05 21:00:00,2026-06-05 22:00:00
5292,스포츠,,2026-06-05 22:00:00,2026-06-05 23:00:00
5293,공부,,2026-06-05 23:00:00,2026-06-06 00:00:00
5294,관람,,2026-06-06 08:00:00,2026-06-06 10:00:00
5295,운동,,2026-06-06 10:00:00,2026-06-06 12:00:00
5296,점심식사,,2026-06-06 12:00:00,2026-06-06 13:00:00
5297,실내활동,,2026-06-06 13:00:00,2026-06-06 14:00:00
5298,관람,,2026-06-06 14:00:00,2026-06-06 16:00:00
5299,운동,,2026-06-06 16:00:00,2026-06-06 19:00:00
5300,실내활동,,2026-06-06 19:00:00,2026-06-06 22:00:00
5301,관람,,2026-06-06 22:00:00,2026-06-06 23:00:00
5302,운동,,2026-06-06 23:00:00,2026-06-07 00:00:00
5303,저녁식사,,2026-06-06 18:00:00,2026-06-06 19:00:00
5304,스포츠,,2026-06-07 08:00:00,2026-06-07 09:00:00
5305,공부,,2026-06-07 09:00:00,2026-06-07 10:00:00
5306,실내활동,,2026-06-07 10:00:00,2026-06-07 12:00:00
5307,점심식사,,2026-06-07 12:00:00,2026-06-07 13:00:00
5308,스포츠,,2026-06-07 13:00:00,2026-06-07 15:00:00
5309,공부,,2026-06-07 15:00:00,2026-06-07 17:00:00
5310,실내활동,,2026-06-07 17:00:00,2026-06-07 18:00:00
5311,저녁식사,,2026-06-07 18:00:00,2026-06-07 19:00:00
5312,스포츠,,2026-06-07 19:00:00,2026-06-07 21:00:00
5313,공부,,2026-06-07 21:00:00,2026-06-08 00:00:00
5314,운동,,2026-06-08 08:00:00,2026-06-08 10:00:00
5315,공부,,2026-06-08 10:00:00,2026-06-08 11:00:00
5316,공원,,2026-06-08 11:00:00,2026-06-08 12:00:00
5317,점심식사,,2026-06-08 12:00:00,2026-06-08 13:00:00
5318,운동,,2026-06-08 13:00:00,2026-06-08 15:00:00
5319,공부,,2026-06-08 15:00:00,2026-06-08 16:00:00
5320,공원,,2026-06-08 16:00:00,2026-06-08 19:00:00
5321,운동,,2026-06-08 19:00:00,2026-06-08 20:00:00
5322,공부,,2026-06-08 20:00:00,2026-06-08 23:00:00
5323,공원,,2026-06-08 23:00:00,2026-06-09 00:00:00
5324,저녁식사,,2026-06-08 18:00:00,2026-06-08 19:00:00
5325,스포츠,,2026-06-09 08:00:00,2026-06-09 09:00:00
5326,공부,,2026-06-09 09:00:00,2026-06-09 10:00:00
5327,실내활동,,2026-06-09 10:00:00,2026-06-09 13:00:00
5328,스포츠,,2026-06-09 13:00:00,2026-06-09 15:00:00
5329,공부,,2026-06-09 15:00:00,2026-06-09 17:00:00
5330,실내활동,,2026-06-09 17:00:00,2026-06-09 18:00:00
5331,저녁식사,,2026-06-09 18:00:00,2026-06-09 19:00:00
5332,스포츠,,2026-06-09 19:00:00,2026-06-09 20:00:00
5333,공부,,2026-06-09 20:00:00,2026-06-09 22:00:00
5334,실내활동,,2026-06-09 22:00:00,2026-06-10 00:00:00
5335,점심식사,,2026-06-09 12:00:00,2026-06-09 13:00:00
5336,관람,,2026-06-10 08:00:00,2026-06-10 11:00:00
5337,운동,,2026-06-10 11:00:00,2026-06-10 14:00:00
5338,실내활동,,2026-06-10 14:00:00,2026-06-10 16:00:00
5339,관람,,2026-06-10 16:00:00,2026-06-10 18:00:00
5340,저녁식사,,2026-06-10 18:00:00,2026-06-10 19:00:00
5341,운동,,2026-06-10 19:00:00,2026-06-10 21:00:00
5342,실내활동,,2026-06-10 21:00:00,2026-06-11 00:00:00
5343,점심식사,,2026-06-10 12:00:00,2026-06-10 13:00:00
5344,운동,,2026-06-11 08:00:00,2026-06-11 09:00:00
5345,공부,,2026-06-11 09:00:00,2026-06-11 12:00:00
5346,점심식사,,2026-06-11 12:00:00,2026-06-11 13:00:00
5347,공원,,2026-06-11 13:00:00,2026-06-11 16:00:00
5348,운동,,2026-06-11 16:00:00,2026-06-11 17:00:00
5349,공부,,2026-06-11 17:00:00,2026-06-11 19:00:00
5350,공원,,2026-06-11 19:00:00,2026-06-11 21:00:00
5351,운동,,2026-06-11 21:00:00,2026-06-11 22:00:00
5352,공부,,2026-06-11 22:00:00,2026-06-12 00:00:00
5353,저녁식사,,2026-06-11 18:00:00,2026-06-11 19:00:00
5354,스포츠,,2026-06-12 08:00:00,2026-06-12 10:00:00
5355,공부,,2026-06-12 10:00:00,2026-06-12 12:00:00
5356,점심식사,,2026-06-12 12:00:00,2026-06-12 13:00:00
5357,실내활동,,2026-06-12 13:00:00,2026-06-12 15:00:00
5358,스포츠,,2026-06-12 15:00:00,2026-06-12 17:00:00
5359,공부,,2026-06-12 17:00:00,2026-06-12 19:00:00
5360,실내활동,,2026-06-12 19:00:00,2026-06-12 22:00:00
5361,스포츠,,2026-06-12 22:00:00,2026-06-13 00:00:00
5362,저녁식사,,2026-06-12 18:00:00,2026-06-12 19:00:00
5363,관람,,2026-06-13 08:00:00,2026-06-13 10:00:00
5364,운동,,2026-06-13 10:00:00,2026-06-13 12:00:00
5365,점심식사,,2026-06-13 12:00:00,2026-06-13 13:00:00
5366,실내활동,,2026-06-13 13:00:00,2026-06-13 14:00:00
5367,관람,,2026-06-13 14:00:00,2026-06-13 17:00:00
5368,운동,,2026-06-13 17:00:00,2026-06-13 20:00:00
5369,실내활동,,2026-06-13 20:00:00,2026-06-13 22:00:00
5370,관람,,2026-06-13 22:00:00,2026-06-14 00:00:00
5371,저녁식사,,2026-06-13 18:00:00,2026-06-13 19:00:00
5372,스포츠,,2026-06-14 08:00:00,2026-06-14 10:00:00
5373,공부,,2026-06-14 10:00:00,2026-06-14 11:00:00
5374,실내활동,,2026-06-14 11:00:00,2026-06-14 12:00:00
5375,점심식사,,2026-06-14 12:00:00,2026-06-14 13:00:00
5376,스포츠,,2026-06-14 13:00:00,2026-06-14 14:00:00
5377,공부,,2026-06-14 14:00:00,2026-06-14 15:00:00
5378,실내활동,,2026-06-14 15:00:00,2026-06-14 16:00:00
5379,스포츠,,2026-06-14 16:00:00,2026-06-14 18:00:00
5380,저녁식사,,2026-06-14 18:00:00,2026-06-14 19:00:00
5381,공부,,2026-06-14 19:00:00,2026-06-14 22:00:00
5382,실내활동,,2026-06-14 22:00:00,2026-06-15 00:00:00
5383,운동,,2026-06-15 08:00:00,2026-06-15 09:00:00
5384,공부,,2026-06-15 09:00:00,2026-06-15 11:00:00
5385,공원,,2026-06-15 11:00:00,2026-06-15 13:00:00
5386,운동,,2026-06-15 13:00:00,2026-06-15 14:00:00
5387,공부,,2026-06-15 14:00:00,2026-06-15 16:00:00
5388,공원,,2026-06-15 16:00:00,2026-06-15 18:00:00
5389,저녁식사,,2026-06-15 18:00:00,2026-06-15 19:00:00
5390,운동,,2026-06-15 19:00:00,2026-06-15 20:00:00
5391,공부,,2026-06-15 20:00:00,2026-06-15 23:00:00
5392,공원,,2026-06-15 23:00:00,2026-06-16 00:00:00
5393,점심식사,,2026-06-15 12:00:00,2026-06-15 13:00:00
5394,스포츠,,2026-06-16 08:00:00,2026-06-16 09:00:00
5395,공부,,2026-06-16 09:00:00,2026-06-16 11:00:00
5396,실내활동,,2026-06-16 11:00:00,2026-06-16 12:00:00
5397,점심식사,,2026-06-16 12:00:00,2026-06-16 13:00:00
5398,스포츠,,2026-06-16 13:00:00,2026-06-16 15:00:00
5399,공부,,2026-06-16 15:00:00,2026-06-16 16:00:00
5400,실내활동,,2026-06-16 16:00:00,2026-06-16 17:00:00
5401,스포츠,,2026-06-16 17:00:00,2026-06-16 20:00:00
5402,공부,,2026-06-16 20:00:00,2026-06-16 22:00:00
5403,실내활동,,2026-06-16 22:00:00,2026-06-17 00:00:00
5404,저녁식사,,2026-06-16 18:00:00,2026-06-16 19:00:00
5405,관람,,2026-06-17 08:00:00,2026-06-17 10:00:00
5406,운동,,2026-06-17 10:00:00,2026-06-17 11:00:00
5407,실내활동,,2026-06-17 11:00:00,2026-06-17 14:00:00
5408,관람,,2026-06-17 14:00:00,2026-06-17 17:00:00
5409,운동,,2026-06-17 17:00:00,2026-06-17 19:00:00
5410,실내활동,,2026-06-17 19:00:00,2026-06-17 22:00:00
5411,관람,,2026-06-17 22:00:00,2026-06-18 00:00:00
5412,점심식사,,2026-06-17 12:00:00,2026-06-17 13:00:00
5413,저녁식사,,2026-06-17 18:00:00,2026-06-17 19:00:00
5414,운동,,2026-06-18 08:00:00,2026-06-18 11:00:00
5415,공부,,2026-06-18 11:00:00,2026-06-18 13:00:00
5416,공원,,2026-06-18 13:00:00,2026-06-18 14:00:00
5417,운동,,2026-06-18 14:00:00,2026-06-18 15:00:00
5418,공부,,2026-06-18 15:00:00,2026-06-18 16:00:00
5419,공원,,2026-06-18 16:00:00,2026-06-18 18:00:00
5420,저녁식사,,2026-06-18 18:00:00,2026-06-18 19:00:00
5421,운동,,2026-06-18 19:00:00,2026-06-18 20:00:00
5422,공부,,2026-06-18 20:00:00,2026-06-18 22:00:00
5423,공원,,2026-06-18 22:00:00,2026-06-18 23:00:00
5424,운동,,2026-06-18 23:00:00,2026-06-19 00:00:00
5425,점심식사,,2026-06-18 12:00:00,2026-06-18 13:00:00
5426,스포츠,,2026-06-19 08:00:00,2026-06-19 10:00:00
5427,공부,,2026-06-19 10:00:00,2026-06-19 11:00:00
5428,실내활동,,2026-06-19 11:00:00,2026-06-19 12:00:00
5429,점심식사,,2026-06-19 12:00:00,2026-06-19 13:00:00
5430,스포츠,,2026-06-19 13:00:00,2026-06-19 15:00:00
5431,공부,,2026-06-19 15:00:00,2026-06-19 16:00:00
5432,실내활동,,2026-06-19 16:00:00,2026-06-19 17:00:00
5433,스포츠,,2026-06-19 17:00:00,2026-06-19 19:00:00
5434,공부,,2026-06-19 19:00:00,2026-06-19 20:00:00
5435,실내활동,,2026-06-19 20:00:00,2026-06-19 23:00:00
5436,스포츠,,2026-06-19 23:00:00,2026-06-20 00:00:00
5437,저녁식사,,2026-06-19 18:00:00,2026-06-19 19:00:00
5438,관람,,2026-06-20 08:00:00,2026-06-20 11:00:00
5439,운동,,2026-06-20 11:00:00,2026-06-20 13:00:00
5440,실내활동,,2026-06-20 13:00:00,2026-06-20 16:00:00
5441,관람,,2026-06-20 16:00:00,2026-06-20 18:00:00
5442,저녁식사,,2026-06-20 18:00:00,2026-06-20 19:00:00
5443,운동,,2026-06-20 19:00:00,2026-06-20 20:00:00
5444,실내활동,,2026-06-20 20:00:00,2026-06-20 23:00:00
5445,관람,,2026-06-20 23:00:00,2026-06-21 00:00:00
5446,점심식사,,2026-06-20 12:00:00,2026-06-20 13:00:00
5447,스포츠,,2026-06-21 08:00:00,2026-06-21 10:00:00
5448,공부,,2026-06-21 10:00:00,2026-06-21 11:00:00
5449,실내활동,,2026-06-21 11:00:00,2026-06-21 12:00:00
5450,점심식사,,2026-06-21 12:00:00,2026-06-21 13:00:00
5451,스포츠,,2026-06-21 13:00:00,2026-06-21 16:00:00
5452,공부,,2026-06-21 16:00:00,2026-06-21 17:00:00
5453,실내활동,,2026-06-21 17:00:00,2026-06-21 18:00:00
5454,저녁식사,,2026-06-21 18:00:00,2026-06-21 19:00:00
5455,스포츠,,2026-06-21 19:00:00,2026-06-21 22:00:00
5456,공부,,2026-06-21 22:00:00,2026-06-22 00:00:00
5457,운동,,2026-06-22 08:00:00,2026-06-22 10:00:00
5458,공부,,2026-06-22 10:00:00,2026-06-22 13:00:00
5459,공원,,2026-06-22 13:00:00,2026-06-22 14:00:00
5460,운동,,2026-06-22 14:00:00,2026-06-22 17:00:00
5461,공부,,2026-06-22 17:00:00,2026-06-22 19:00:00
5462,공원,,2026-06-22 19:00:00,2026-06-22 20:00:00
5463,운동,,2026-06-22 20:00:00,2026-06-22 22:00:00
5464,공부,,2026-06-22 22:00:00,2026-06-23 00:00:00
5465,점심식사,,2026-06-22 12:00:00,2026-06-22 13:00:00
5466,저녁식사,,2026-06-22 18:00:00,2026-06-22 19:00:00
5467,스포츠,,2026-06-23 08:00:00,2026-06-23 10:00:00
5468,공부,,2026-06-23 10:00:00,2026-06-23 13:00:00
5469,실내활동,,2026-06-23 13:00:00,2026-06-23 15:00:00
5470,스포츠,,2026-06-23 15:00:00,2026-06-23 18:00:00
5471,저녁식사,,2026-06-23 18:00:00,2026-06-23 19:00:00
5472,공부,,2026-06-23 19:00:00,2026-06-23 20:00:00
5473,실내활동,,2026-06-23 20:00:00,2026-06-23 21:00:00
5474,스포츠,,2026-06-23 21:00:00,2026-06-24 00:00:00
5475,점심식사,,2026-06-23 12:00:00,2026-06-23 13:00:00
5476,관람,,2026-06-24 08:00:00,2026-06-24 10:00:00
5477,운동,,2026-06-24 10:00:00,2026-06-24 13:00:00
5478,실내활동,,2026-06-24 13:00:00,2026-06-24 16:00:00
5479,관람,,2026-06-24 16:00:00,2026-06-24 19:00:00
5480,운동,,2026-06-24 19:00:00,2026-06-24 22:00:00
5481,실내활동,,2026-06-24 22:00:00,2026-06-25 00:00:00
5482,점심식사,,2026-06-24 12:00:00,2026-06-24 13:00:00
5483,저녁식사,,2026-06-24 18:00:00,2026-06-24 19:00:00
5484,운동,,2026-06-25 08:00:00,2026-06-25 10:00:00
5485,공부,,2026-06-25 10:00:00,2026-06-25 12:00:00
5486,점심식사,,2026-06-25 12:00:00,2026-06-25 13:00:00
5487,공원,,2026-06-25 13:00:00,2026-06-25 16:00:00
5488,운동,,2026-06-25 16:00:00,2026-06-25 18:00:00
5489,저녁식사,,2026-06-25 18:00:00,2026-06-25 19:00:00
5490,공부,,2026-06-25 19:00:00,2026-06-25 20:00:00
5491,공원,,2026-06-25 20:00:00,2026-06-25 21:00:00
5492,운동,,2026-06-25 21:00:00,2026-06-26 00:00:00
5493,스포츠,,2026-06-26 08:00:00,2026-06-26 10:00:00
5494,공부,,2026-06-26 10:00:00,2026-06-26 13:00:00
5495,실내활동,,2026-06-26 13:00:00,2026-06-26 14:00:00
5496,스포츠,,2026-06-26 14:00:00,2026-06-26 16:00:00
5497,공부,,2026-06-26 16:00:00,2026-06-26 17:00:00
5498,실내활동,,2026-06-26 17:00:00,2026-06-26 19:00:00
5499,스포츠,,2026-06-26 19:00:00,2026-06-26 20:00:00
5500,공부,,2026-06-26 20:00:00,2026-06-26 23:00:00
5501,실내활동,,2026-06-26 23:00:00,2026-06-27 00:00:00
5502,점심식사,,2026-06-26 12:00:00,2026-06-26 13:00:00
5503,저녁식사,,2026-06-26 18:00:00,2026-06-26 19:00:00
5504,관람,,2026-06-27 08:00:00,2026-06-27 11:00:00
5505,운동,,2026-06-27 11:00:00,2026-06-27 14:00:00
5506,실내활동,,2026-06-27 14:00:00,2026-06-27 16:00:00
5507,관람,,2026-06-27 16:00:00,2026-06-27 18:00:00
5508,저녁식사,,2026-06-27 18:00:00,2026-06-27 19:00:00
5509,운동,,2026-06-27 19:00:00,2026-06-27 22:00:00
5510,실내활동,,2026-06-27 22:00:00,2026-06-28 00:00:00
5511,점심식사,,2026-06-27 12:00:00,2026-06-27 13:00:00
5512,스포츠,,2026-06-28 08:00:00,2026-06-28 09:00:00
5513,공부,,2026-06-28 09:00:00,2026-06-28 11:00:00
5514,실내활동,,2026-06-28 11:00:00,2026-06-28 12:00:00
5515,점심식사,,2026-06-28 12:00:00,2026-06-28 13:00:00
5516,스포츠,,2026-06-28 13:00:00,2026-06-28 15:00:00
5517,공부,,2026-06-28 15:00:00,2026-06-28 18:00:00
5518,저녁식사,,2026-06-28 18:00:00,2026-06-28 19:00:00
5519,실내활동,,2026-06-28 19:00:00,2026-06-28 20:00:00
5520,스포츠,,2026-06-28 20:00:00,2026-06-28 23:00:00
5521,공부,,2026-06-28 23:00:00,2026-06-29 00:00:00
5522,운동,,2026-06-29 08:00:00,2026-06-29 11:00:00
5523,공부,,2026-06-29 11:00:00,2026-06-29 12:00:00
5524,점심식사,,2026-06-29 12:00:00,2026-06-29 13:00:00
5525,공원,,2026-06-29 13:00:00,2026-06-29 14:00:00
5526,운동,,2026-06-29 14:00:00,2026-06-29 17:00:00
5527,공부,,2026-06-29 17:00:00,2026-06-29 20:00:00
5528,공원,,2026-06-29 20:00:00,2026-06-29 21:00:00
5529,운동,,2026-06-29 21:00:00,2026-06-29 22:00:00
5530,공부,,2026-06-29 22:00:00,2026-06-30 00:00:00
5531,저녁식사,,2026-06-29 18:00:00,2026-06-29 19:00:00
5532,스포츠,,2026-06-30 08:00:00,2026-06-30 09:00:00
5533,공부,,2026-06-30 09:00:00,2026-06-30 11:00:00
5534,실내활동,,2026-06-30 11:00:00,2026-06-30 13:00:00
5535,스포츠,,2026-06-30 13:00:00,2026-06-30 16:00:00
5536,공부,,2026-06-30 16:00:00,2026-06-30 17:00:00
5537,실내활동,,2026-06-30 17:00:00,2026-06-30 19:00:00
5538,스포츠,,2026-06-30 19:00:00,2026-06-30 21:00:00
5539,공부,,2026-06-30 21:00:00,2026-07-01 00:00:00
5540,점심식사,,2026-06-30 12:00:00,2026-06-30 13:00:00
5541,저녁식사,,2026-06-30 18:00:00,2026-06-30 19:00:00
5542,관람,,2026-07-01 08:00:00,2026-07-01 09:00:00
5543,운동,,2026-07-01 09:00:00,2026-07-01 11:00:00
5544,실내활동,,2026-07-01 11:00:00,2026-07-01 13:00:00
5545,관람,,2026-07-01 13:00:00,2026-07-01 16:00:00
5546,운동,,2026-07-01 16:00:00,2026-07-01 17:00:00
5547,실내활동,,2026-07-01 17:00:00,2026-07-01 18:00:00
5548,저녁식사,,2026-07-01 18:00:00,2026-07-01 19:00:00
5549,관람,,2026-07-01 19:00:00,2026-07-01 22:00:00
5550,운동,,2026-07-01 22:00:00,2026-07-01 23:00:00
5551,실내활동,,2026-07-01 23:00:00,2026-07-02 00:00:00
5552,점심식사,,2026-07-01 12:00:00,2026-07-01 13:00:00
5553,운동,,2026-07-02 08:00:00,2026-07-02 09:00:00
5554,공부,,2026-07-02 09:00:00,2026-07-02 10:00:00
5555,공원,,2026-07-02 10:00:00,2026-07-02 11:00:00
5556,운동,,2026-07-02 11:00:00,2026-07-02 14:00:00
5557,공부,,2026-07-02 14:00:00,2026-07-02 15:00:00
5558,공원,,2026-07-02 15:00:00,2026-07-02 17:00:00
5559,운동,,2026-07-02 17:00:00,2026-07-02 18:00:00
5560,저녁식사,,2026-07-02 18:00:00,2026-07-02 19:00:00
5561,공부,,2026-07-02 19:00:00,2026-07-02 20:00:00
5562,공원,,2026-07-02 20:00:00,2026-07-02 21:00:00
5563,운동,,2026-07-02 21:00:00,2026-07-02 22:00:00
5564,공부,,2026-07-02 22:00:00,2026-07-03 00:00:00
5565,점심식사,,2026-07-02 12:00:00,2026-07-02 13:00:00
5566,스포츠,,2026-07-03 08:00:00,2026-07-03 09:00:00
5567,공부,,2026-07-03 09:00:00,2026-07-03 11:00:00
5568,실내활동,,2026-07-03 11:00:00,2026-07-03 12:00:00
5569,점심식사,,2026-07-03 12:00:00,2026-07-03 13:00:00
5570,스포츠,,2026-07-03 13:00:00,2026-07-03 14:00:00
5571,공부,,2026-07-03 14:00:00,2026-07-03 15:00:00
5572,실내활동,,2026-07-03 15:00:00,2026-07-03 16:00:00
5573,스포츠,,2026-07-03 16:00:00,2026-07-03 19:00:00
5574,공부,,2026-07-03 19:00:00,2026-07-03 21:00:00
5575,실내활동,,2026-07-03 21:00:00,2026-07-03 22:00:00
5576,스포츠,,2026-07-03 22:00:00,2026-07-03 23:00:00
5577,공부,,2026-07-03 23:00:00,2026-07-04 00:00:00
5578,저녁식사,,2026-07-03 18:00:00,2026-07-03 19:00:00
5579,관람,,2026-07-04 08:00:00,2026-07-04 09:00:00
5580,운동,,2026-07-04 09:00:00,2026-07-04 12:00:00
5581,점심식사,,2026-07-04 12:00:00,2026-07-04 13:00:00
5582,실내활동,,2026-07-04 13:00:00,2026-07-04 15:00:00
5583,관람,,2026-07-04 15:00:00,2026-07-04 18:00:00
5584,저녁식사,,2026-07-04 18:00:00,2026-07-04 19:00:00
5585,운동,,2026-07-04 19:00:00,2026-07-04 22:00:00
5586,실내활동,,2026-07-04 22:00:00,2026-07-05 00:00:00
5587,스포츠,,2026-07-05 08:00:00,2026-07-05 10:00:00
5588,공부,,2026-07-05 10:00:00,2026-07-05 13:00:00
5589,실내활동,,2026-07-05 13:00:00,2026-07-05 14:00:00
5590,스포츠,,2026-07-05 14:00:00,2026-07-05 17:00:00
5591,공부,,2026-07-05 17:00:00,2026-07-05 18:00:00
5592,저녁식사,,2026-07-05 18:00:00,2026-07-05 19:00:00
5593,실내활동,,2026-07-05 19:00:00,2026-07-05 21:00:00
5594,스포츠,,2026-07-05 21:00:00,2026-07-06 00:00:00
5595,점심식사,,2026-07-05 12:00:00,2026-07-05 13:00:00
5596,운동,,2026-07-06 08:00:00,2026-07-06 11:00:00
5597,공부,,2026-07-06 11:00:00,2026-07-06 14:00:00
5598,공원,,2026-07-06 14:00:00,2026-07-06 15:00:00
5599,운동,,2026-07-06 15:00:00,2026-07-06 17:00:00
5600,공부,,2026-07-06 17:00:00,2026-07-06 20:00:00
5601,공원,,2026-07-06 20:00:00,2026-07-06 23:00:00
5602,운동,,2026-07-06 23:00:00,2026-07-07 00:00:00
5603,점심식사,,2026-07-06 12:00:00,2026-07-06 13:00:00
5604,저녁식사,,2026-07-06 18:00:00,2026-07-06 19:00:00
5605,스포츠,,2026-07-07 08:00:00,2026-07-07 10:00:00
5606,공부,,2026-07-07 10:00:00,2026-07-07 13:00:00
5607,실내활동,,2026-07-07 13:00:00,2026-07-07 15:00:00
5608,스포츠,,2026-07-07 15:00:00,2026-07-07 16:00:00
5609,공부,,2026-07-07 16:00:00,2026-07-07 19:00:00
5610,실내활동,,2026-07-07 19:00:00,2026-07-07 21:00:00
5611,스포츠,,2026-07-07 21:00:00,2026-07-08 00:00:00
5612,점심식사,,2026-07-07 12:00:00,2026-07-07 13:00:00
5613,저녁식사,,2026-07-07 18:00:00,2026-07-07 19:00:00
5614,관람,,2026-07-08 08:00:00,2026-07-08 10:00:00
5615,운동,,2026-07-08 10:00:00,2026-07-08 13:00:00
5616,실내활동,,2026-07-08 13:00:00,2026-07-08 15:00:00
5617,관람,,2026-07-08 15:00:00,2026-07-08 17:00:00
5618,운동,,2026-07-08 17:00:00,2026-07-08 19:00:00
5619,실내활동,,2026-07-08 19:00:00,2026-07-08 20:00:00
5620,관람,,2026-07-08 20:00:00,2026-07-08 23:00:00
5621,운동,,2026-07-08 23:00:00,2026-07-09 00:00:00
5622,점심식사,,2026-07-08 12:00:00,2026-07-08 13:00:00
5623,저녁식사,,2026-07-08 18:00:00,2026-07-08 19:00:00
5624,운동,,2026-07-09 08:00:00,2026-07-09 10:00:00
5625,공부,,2026-07-09 10:00:00,2026-07-09 11:00:00
5626,공원,,2026-07-09 11:00:00,2026-07-09 13:00:00
5627,운동,,2026-07-09 13:00:00,2026-07-09 15:00:00
5628,공부,,2026-07-09 15:00:00,2026-07-09 18:00:00
5629,저녁식사,,2026-07-09 18:00:00,2026-07-09 19:00:00
5630,공원,,2026-07-09 19:00:00,2026-07-09 21:00:00
5631,운동,,2026-07-09 21:00:00,2026-07-09 22:00:00
5632,공부,,2026-07-09 22:00:00,2026-07-10 00:00:00
5633,점심식사,,2026-07-09 12:00:00,2026-07-09 13:00:00
5634,스포츠,,2026-07-10 08:00:00,2026-07-10 09:00:00
5635,공부,,2026-07-10 09:00:00,2026-07-10 12:00:00
5636,점심식사,,2026-07-10 12:00:00,2026-07-10 13:00:00
5637,실내활동,,2026-07-10 13:00:00,2026-07-10 14:00:00
5638,스포츠,,2026-07-10 14:00:00,2026-07-10 16:00:00
5639,공부,,2026-07-10 16:00:00,2026-07-10 18:00:00
5640,저녁식사,,2026-07-10 18:00:00,2026-07-10 19:00:00
5641,실내활동,,2026-07-10 19:00:00,2026-07-10 22:00:00
5642,스포츠,,2026-07-10 22:00:00,2026-07-11 00:00:00
5643,관람,,2026-07-11 08:00:00,2026-07-11 11:00:00
5644,운동,,2026-07-11 11:00:00,2026-07-11 14:00:00
5645,실내활동,,2026-07-11 14:00:00,2026-07-11 16:00:00
5646,관람,,2026-07-11 16:00:00,2026-07-11 17:00:00
5647,운동,,2026-07-11 17:00:00,2026-07-11 19:00:00
5648,실내활동,,2026-07-11 19:00:00,2026-07-11 20:00:00
5649,관람,,2026-07-11 20:00:00,2026-07-11 21:00:00
5650,운동,,2026-07-11 21:00:00,2026-07-11 23:00:00
5651,실내활동,,2026-07-11 23:00:00,2026-07-12 00:00:00
5652,점심식사,,2026-07-11 12:00:00,2026-07-11 13:00:00
5653,저녁식사,,2026-07-11 18:00:00,2026-07-11 19:00:00
5654,스포츠,,2026-07-12 08:00:00,2026-07-12 11:00:00
5655,공부,,2026-07-12 11:00:00,2026-07-12 13:00:00
5656,실내활동,,2026-07-12 13:00:00,2026-07-12 16:00:00
5657,스포츠,,2026-07-12 16:00:00,2026-07-12 17:00:00
5658,공부,,2026-07-12 17:00:00,2026-07-12 18:00:00
5659,저녁식사,,2026-07-12 18:00:00,2026-07-12 19:00:00
5660,실내활동,,2026-07-12 19:00:00,2026-07-12 20:00:00
5661,스포츠,,2026-07-12 20:00:00,2026-07-12 22:00:00
5662,공부,,2026-07-12 22:00:00,2026-07-13 00:00:00
5663,점심식사,,2026-07-12 12:00:00,2026-07-12 13:00:00
5664,운동,,2026-07-13 08:00:00,2026-07-13 11:00:00
5665,공부,,2026-07-13 11:00:00,2026-07-13 14:00:00
5666,공원,,2026-07-13 14:00:00,2026-07-13 16:00:00
5667,운동,,2026-07-13 16:00:00,2026-07-13 18:00:00
5668,저녁식사,,2026-07-13 18:00:00,2026-07-13 19:00:00
5669,공부,,2026-07-13 19:00:00,2026-07-13 21:00:00
5670,공원,,2026-07-13 21:00:00,2026-07-13 23:00:00
5671,운동,,2026-07-13 23:00:00,2026-07-14 00:00:00
5672,점심식사,,2026-07-13 12:00:00,2026-07-13 13:00:00
5673,스포츠,,2026-07-14 08:00:00,2026-07-14 09:00:00
5674,공부,,2026-07-14 09:00:00,2026-07-14 11:00:00
5675,실내활동,,2026-07-14 11:00:00,2026-07-14 14:00:00
5676,스포츠,,2026-07-14 14:00:00,2026-07-14 15:00:00
5677,공부,,2026-07-14 15:00:00,2026-07-14 16:00:00
5678,실내활동,,2026-07-14 16:00:00,2026-07-14 18:00:00
5679,저녁식사,,2026-07-14 18:00:00,2026-07-14 19:00:00
5680,스포츠,,2026-07-14 19:00:00,2026-07-14 20:00:00
5681,공부,,2026-07-14 20:00:00,2026-07-14 22:00:00
5682,실내활동,,2026-07-14 22:00:00,2026-07-14 23:00:00
5683,스포츠,,2026-07-14 23:00:00,2026-07-15 00:00:00
5684,점심식사,,2026-07-14 12:00:00,2026-07-14 13:00:00
5685,관람,,2026-07-15 08:00:00,2026-07-15 09:00:00
5686,운동,,2026-07-15 09:00:00,2026-07-15 11:00:00
5687,실내활동,,2026-07-15 11:00:00,2026-07-15 14:00:00
5688,관람,,2026-07-15 14:00:00,2026-07-15 16:00:00
5689,운동,,2026-07-15 16:00:00,2026-07-15 17:00:00
5690,실내활동,,2026-07-15 17:00:00,2026-07-15 18:00:00
5691,저녁식사,,2026-07-15 18:00:00,2026-07-15 19:00:00
5692,관람,,2026-07-15 19:00:00,2026-07-15 20:00:00
5693,운동,,2026-07-15 20:00:00,2026-07-15 22:00:00
5694,실내활동,,2026-07-15 22:00:00,2026-07-15 23:00:00
5695,관람,,2026-07-15 23:00:00,2026-07-16 00:00:00
5696,점심식사,,2026-07-15 12:00:00,2026-07-15 13:00:00
5697,운동,,2026-07-16 08:00:00,2026-07-16 09:00:00
5698,공부,,2026-07-16 09:00:00,2026-07-16 10:00:00
5699,공원,,2026-07-16 10:00:00,2026-07-16 11:00:00
5700,운동,,2026-07-16 11:00:00,2026-07-16 13:00:00
5701,공부,,2026-07-16 13:00:00,2026-07-16 14:00:00
5702,공원,,2026-07-16 14:00:00,2026-07-16 16:00:00
5703,운동,,2026-07-16 16:00:00,2026-07-16 17:00:00
5704,공부,,2026-07-16 17:00:00,2026-07-16 19:00:00
5705,공원,,2026-07-16 19:00:00,2026-07-16 21:00:00
5706,운동,,2026-07-16 21:00:00,2026-07-17 00:00:00
5707,점심식사,,2026-07-16 12:00:00,2026-07-16 13:00:00
5708,저녁식사,,2026-07-16 18:00:00,2026-07-16 19:00:00
5709,스포츠,,2026-07-17 08:00:00,2026-07-17 10:00:00
5710,공부,,2026-07-17 10:00:00,2026-07-17 12:00:00
5711,점심식사,,2026-07-17 12:00:00,2026-07-17 13:00:00
5712,실내활동,,2026-07-17 13:00:00,2026-07-17 15:00:00
5713,스포츠,,2026-07-17 15:00:00,2026-07-17 16:00:00
5714,공부,,2026-07-17 16:00:00,2026-07-17 18:00:00
5715,저녁식사,,2026-07-17 18:00:00,2026-07-17 19:00:00
5716,실내활동,,2026-07-17 19:00:00,2026-07-17 22:00:00
5717,스포츠,,2026-07-17 22:00:00,2026-07-18 00:00:00
5718,관람,,2026-07-18 08:00:00,2026-07-18 10:00:00
5719,운동,,2026-07-18 10:00:00,2026-07-18 12:00:00
5720,점심식사,,2026-07-18 12:00:00,2026-07-18 13:00:00
5721,실내활동,,2026-07-18 13:00:00,2026-07-18 15:00:00
5722,관람,,2026-07-18 15:00:00,2026-07-18 16:00:00
5723,운동,,2026-07-18 16:00:00,2026-07-18 18:00:00
5724,저녁식사,,2026-07-18 18:00:00,2026-07-18 19:00:00
5725,실내활동,,2026-07-18 19:00:00,2026-07-18 22:00:00
5726,관람,,2026-07-18 22:00:00,2026-07-18 23:00:00
5727,운동,,2026-07-18 23:00:00,2026-07-19 00:00:00
5728,스포츠,,2026-07-19 08:00:00,2026-07-19 10:00:00
5729,공부,,2026-07-19 10:00:00,2026-07-19 12:00:00
5730,점심식사,,2026-07-19 12:00:00,2026-07-19 13:00:00
5731,실내활동,,2026-07-19 13:00:00,2026-07-19 16:00:00
5732,스포츠,,2026-07-19 16:00:00,2026-07-19 19:00:00
5733,공부,,2026-07-19 19:00:00,2026-07-19 22:00:00
5734,실내활동,,2026-07-19 22:00:00,2026-07-20 00:00:00
5735,저녁식사,,2026-07-19 18:00:00,2026-07-19 19:00:00
5736,운동,,2026-07-20 08:00:00,2026-07-20 09:00:00
5737,공부,,2026-07-20 09:00:00,2026-07-20 11:00:00
5738,공원,,2026-07-20 11:00:00,2026-07-20 12:00:00
5739,점심식사,,2026-07-20 12:00:00,2026-07-20 13:00:00
5740,운동,,2026-07-20 13:00:00,2026-07-20 15:00:00
5741,공부,,2026-07-20 15:00:00,2026-07-20 17:00:00
5742,공원,,2026-07-20 17:00:00,2026-07-20 18:00:00
5743,저녁식사,,2026-07-20 18:00:00,2026-07-20 19:00:00
5744,운동,,2026-07-20 19:00:00,2026-07-20 20:00:00
5745,공부,,2026-07-20 20:00:00,2026-07-20 22:00:00
5746,공원,,2026-07-20 22:00:00,2026-07-21 00:00:00
5747,스포츠,,2026-07-21 08:00:00,2026-07-21 11:00:00
5748,공부,,2026-07-21 11:00:00,2026-07-21 12:00:00
5749,점심식사,,2026-07-21 12:00:00,2026-07-21 13:00:00
5750,실내활동,,2026-07-21 13:00:00,2026-07-21 15:00:00
5751,스포츠,,2026-07-21 15:00:00,2026-07-21 16:00:00
5752,공부,,2026-07-21 16:00:00,2026-07-21 17:00:00
5753,실내활동,,2026-07-21 17:00:00,2026-07-21 19:00:00
5754,스포츠,,2026-07-21 19:00:00,2026-07-21 20:00:00
5755,공부,,2026-07-21 20:00:00,2026-07-21 21:00:00
5756,실내활동,,2026-07-21 21:00:00,2026-07-21 22:00:00
5757,스포츠,,2026-07-21 22:00:00,2026-07-22 00:00:00
5758,저녁식사,,2026-07-21 18:00:00,2026-07-21 19:00:00
5759,관람,,2026-07-22 08:00:00,2026-07-22 11:00:00
5760,운동,,2026-07-22 11:00:00,2026-07-22 12:00:00
5761,점심식사,,2026-07-22 12:00:00,2026-07-22 13:00:00
5762,실내활동,,2026-07-22 13:00:00,2026-07-22 14:00:00
5763,관람,,2026-07-22 14:00:00,2026-07-22 16:00:00
5764,운동,,2026-07-22 16:00:00,2026-07-22 17:00:00
5765,실내활동,,2026-07-22 17:00:00,2026-07-22 18:00:00
5766,저녁식사,,2026-07-22 18:00:00,2026-07-22 19:00:00
5767,관람,,2026-07-22 19:00:00,2026-07-22 21:00:00
5768,운동,,2026-07-22 21:00:00,2026-07-22 23:00:00
5769,실내활동,,2026-07-22 23:00:00,2026-07-23 00:00:00
5770,운동,,2026-07-23 08:00:00,2026-07-23 11:00:00
5771,공부,,2026-07-23 11:00:00,2026-07-23 12:00:00
5772,점심식사,,2026-07-23 12:00:00,2026-07-23 13:00:00
5773,공원,,2026-07-23 13:00:00,2026-07-23 14:00:00
5774,운동,,2026-07-23 14:00:00,2026-07-23 17:00:00
5775,공부,,2026-07-23 17:00:00,2026-07-23 19:00:00
5776,공원,,2026-07-23 19:00:00,2026-07-23 21:00:00
5777,운동,,2026-07-23 21:00:00,2026-07-23 22:00:00
5778,공부,,2026-07-23 22:00:00,2026-07-23 23:00:00
5779,공원,,2026-07-23 23:00:00,2026-07-24 00:00:00
5780,저녁식사,,2026-07-23 18:00:00,2026-07-23 19:00:00
5781,스포츠,,2026-07-24 08:00:00,2026-07-24 11:00:00
5782,공부,,2026-07-24 11:00:00,2026-07-24 12:00:00
5783,점심식사,,2026-07-24 12:00:00,2026-07-24 13:00:00
5784,실내활동,,2026-07-24 13:00:00,2026-07-24 14:00:00
5785,스포츠,,2026-07-24 14:00:00,2026-07-24 15:00:00
5786,공부,,2026-07-24 15:00:00,2026-07-24 17:00:00
5787,실내활동,,2026-07-24 17:00:00,2026-07-24 18:00:00
5788,저녁식사,,2026-07-24 18:00:00,2026-07-24 19:00:00
5789,스포츠,,2026-07-24 19:00:00,2026-07-24 22:00:00
5790,공부,,2026-07-24 22:00:00,2026-07-25 00:00:00
5791,관람,,2026-07-25 08:00:00,2026-07-25 11:00:00
5792,운동,,2026-07-25 11:00:00,2026-07-25 13:00:00
5793,실내활동,,2026-07-25 13:00:00,2026-07-25 14:00:00
5794,관람,,2026-07-25 14:00:00,2026-07-25 16:00:00
5795,운동,,2026-07-25 16:00:00,2026-07-25 19:00:00
5796,실내활동,,2026-07-25 19:00:00,2026-07-25 22:00:00
5797,관람,,2026-07-25 22:00:00,2026-07-26 00:00:00
5798,점심식사,,2026-07-25 12:00:00,2026-07-25 13:00:00
5799,저녁식사,,2026-07-25 18:00:00,2026-07-25 19:00:00
5800,스포츠,,2026-07-26 08:00:00,2026-07-26 10:00:00
5801,공부,,2026-07-26 10:00:00,2026-07-26 12:00:00
5802,점심식사,,2026-07-26 12:00:00,2026-07-26 13:00:00
5803,실내활동,,2026-07-26 13:00:00,2026-07-26 14:00:00
5804,스포츠,,2026-07-26 14:00:00,2026-07-26 16:00:00
5805,공부,,2026-07-26 16:00:00,2026-07-26 19:00:00
5806,실내활동,,2026-07-26 19:00:00,2026-07-26 20:00:00
5807,스포츠,,2026-07-26 20:00:00,2026-07-26 22:00:00
5808,공부,,2026-07-26 22:00:00,2026-07-26 23:00:00
5809,실내활동,,2026-07-26 23:00:00,2026-07-27 00:00:00
5810,저녁식사,,2026-07-26 18:00:00,2026-07-26 19:00:00
5811,운동,,2026-07-27 08:00:00,2026-07-27 09:00:00
5812,공부,,2026-07-27 09:00:00,2026-07-27 10:00:00
5813,공원,,2026-07-27 10:00:00,2026-07-27 11:00:00
5814,운동,,2026-07-27 11:00:00,2026-07-27 13:00:00
5815,공부,,2026-07-27 13:00:00,2026-07-27 15:00:00
5816,공원,,2026-07-27 15:00:00,2026-07-27 18:00:00
5817,저녁식사,,2026-07-27 18:00:00,2026-07-27 19:00:00
5818,운동,,2026-07-27 19:00:00,2026-07-27 21:00:00
5819,공부,,2026-07-27 21:00:00,2026-07-27 22:00:00
5820,공원,,2026-07-27 22:00:00,2026-07-28 00:00:00
5821,점심식사,,2026-07-27 12:00:00,2026-07-27 13:00:00
5822,스포츠,,2026-07-28 08:00:00,2026-07-28 10:00:00
5823,공부,,2026-07-28 10:00:00,2026-07-28 13:00:00
5824,실내활동,,2026-07-28 13:00:00,2026-07-28 15:00:00
5825,스포츠,,2026-07-28 15:00:00,2026-07-28 16:00:00
5826,공부,,2026-07-28 16:00:00,2026-07-28 18:00:00
5827,저녁식사,,2026-07-28 18:00:00,2026-07-28 19:00:00
5828,실내활동,,2026-07-28 19:00:00,2026-07-28 22:00:00
5829,스포츠,,2026-07-28 22:00:00,2026-07-29 00:00:00
5830,점심식사,,2026-07-28 12:00:00,2026-07-28 13:00:00
5831,관람,,2026-07-29 08:00:00,2026-07-29 10:00:00
5832,운동,,2026-07-29 10:00:00,2026-07-29 13:00:00
5833,실내활동,,2026-07-29 13:00:00,2026-07-29 14:00:00
5834,관람,,2026-07-29 14:00:00,2026-07-29 15:00:00
5835,운동,,2026-07-29 15:00:00,2026-07-29 16:00:00
5836,실내활동,,2026-07-29 16:00:00,2026-07-29 17:00:00
5837,관람,,2026-07-29 17:00:00,2026-07-29 20:00:00
5838,운동,,2026-07-29 20:00:00,2026-07-29 23:00:00
5839,실내활동,,2026-07-29 23:00:00,2026-07-30 00:00:00
5840,점심식사,,2026-07-29 12:00:00,2026-07-29 13:00:00
5841,저녁식사,,2026-07-29 18:00:00,2026-07-29 19:00:00
5842,운동,,2026-07-30 08:00:00,2026-07-30 09:00:00
5843,공부,,2026-07-30 09:00:00,2026-07-30 10:00:00
5844,공원,,2026-07-30 10:00:00,2026-07-30 11:00:00
5845,운동,,2026-07-30 11:00:00,2026-07-30 12:00:00
5846,점심식사,,2026-07-30 12:00:00,2026-07-30 13:00:00
5847,공부,,2026-07-30 13:00:00,2026-07-30 15:00:00
5848,공원,,2026-07-30 15:00:00,2026-07-30 18:00:00
5849,저녁식사,,2026-07-30 18:00:00,2026-07-30 19:00:00
5850,운동,,2026-07-30 19:00:00,2026-07-30 22:00:00
5851,공부,,2026-07-30 22:00:00,2026-07-31 00:00:00
5852,스포츠,,2026-07-31 08:00:00,2026-07-31 09:00:00
5853,공부,,2026-07-31 09:00:00,2026-07-31 10:00:00
5854,실내활동,,2026-07-31 10:00:00,2026-07-31 12:00:00
5855,점심식사,,2026-07-31 12:00:00,2026-07-31 13:00:00
5856,스포츠,,2026-07-31 13:00:00,2026-07-31 15:00:00
5857,공부,,2026-07-31 15:00:00,2026-07-31 16:00:00
5858,실내활동,,2026-07-31 16:00:00,2026-07-31 19:00:00
5859,스포츠,,2026-07-31 19:00:00,2026-07-31 21:00:00
5860,공부,,2026-07-31 21:00:00,2026-07-31 22:00:00
5861,실내활동,,2026-07-31 22:00:00,2026-08-01 00:00:00
5862,저녁식사,,2026-07-31 18:00:00,2026-07-31 19:00:00
5863,관람,,2026-08-01 08:00:00,2026-08-01 10:00:00
5864,운동,,2026-08-01 10:00:00,2026-08-01 12:00:00
5865,점심식사,,2026-08-01 12:00:00,2026-08-01 13:00:00
5866,실내활동,,2026-08-01 13:00:00,2026-08-01 16:00:00
5867,관람,,2026-08-01 16:00:00,2026-08-01 19:00:00
5868,운동,,2026-08-01 19:00:00,2026-08-01 21:00:00
5869,실내활동,,2026-08-01 21:00:00,2026-08-02 00:00:00
5870,저녁식사,,2026-08-01 18:00:00,2026-08-01 19:00:00
5871,스포츠,,2026-08-02 08:00:00,2026-08-02 10:00:00
5872,공부,,2026-08-02 10:00:00,2026-08-02 12:00:00
5873,점심식사,,2026-08-02 12:00:00,2026-08-02 13:00:00
5874,실내활동,,2026-08-02 13:00:00,2026-08-02 14:00:00
5875,스포츠,,2026-08-02 14:00:00,2026-08-02 15:00:00
5876,공부,,2026-08-02 15:00:00,2026-08-02 17:00:00
5877,실내활동,,2026-08-02 17:00:00,2026-08-02 18:00:00
5878,저녁식사,,2026-08-02 18:00:00,2026-08-02 19:00:00
5879,스포츠,,2026-08-02 19:00:00,2026-08-02 20:00:00
5880,공부,,2026-08-02 20:00:00,2026-08-02 21:00:00
5881,실내활동,,2026-08-02 21:00:00,2026-08-02 23:00:00
5882,스포츠,,2026-08-02 23:00:00,2026-08-03 00:00:00
5883,운동,,2026-08-03 08:00:00,2026-08-03 10:00:00
5884,공부,,2026-08-03 10:00:00,2026-08-03 12:00:00
5885,점심식사,,2026-08-03 12:00:00,2026-08-03 13:00:00
5886,공원,,2026-08-03 13:00:00,2026-08-03 16:00:00
5887,운동,,2026-08-03 16:00:00,2026-08-03 19:00:00
5888,공부,,2026-08-03 19:00:00,2026-08-03 21:00:00
5889,공원,,2026-08-03 21:00:00,2026-08-03 22:00:00
5890,운동,,2026-08-03 22:00:00,2026-08-04 00:00:00
5891,저녁식사,,2026-08-03 18:00:00,2026-08-03 19:00:00
5892,스포츠,,2026-08-04 08:00:00,2026-08-04 10:00:00
5893,공부,,2026-08-04 10:00:00,2026-08-04 11:00:00
5894,실내활동,,2026-08-04 11:00:00,2026-08-04 13:00:00
5895,스포츠,,2026-08-04 13:00:00,2026-08-04 15:00:00
5896,공부,,2026-08-04 15:00:00,2026-08-04 17:00:00
5897,실내활동,,2026-08-04 17:00:00,2026-08-04 18:00:00
5898,저녁식사,,2026-08-04 18:00:00,2026-08-04 19:00:00
5899,스포츠,,2026-08-04 19:00:00,2026-08-04 22:00:00
5900,공부,,2026-08-04 22:00:00,2026-08-05 00:00:00
5901,점심식사,,2026-08-04 12:00:00,2026-08-04 13:00:00
5902,관람,,2026-08-05 08:00:00,2026-08-05 10:00:00
5903,운동,,2026-08-05 10:00:00,2026-08-05 11:00:00
5904,실내활동,,2026-08-05 11:00:00,2026-08-05 14:00:00
5905,관람,,2026-08-05 14:00:00,2026-08-05 17:00:00
5906,운동,,2026-08-05 17:00:00,2026-08-05 19:00:00
5907,실내활동,,2026-08-05 19:00:00,2026-08-05 21:00:00
5908,관람,,2026-08-05 21:00:00,2026-08-05 22:00:00
5909,운동,,2026-08-05 22:00:00,2026-08-06 00:00:00
5910,점심식사,,2026-08-05 12:00:00,2026-08-05 13:00:00
5911,저녁식사,,2026-08-05 18:00:00,2026-08-05 19:00:00
5912,운동,,2026-08-06 08:00:00,2026-08-06 11:00:00
5913,공부,,2026-08-06 11:00:00,2026-08-06 12:00:00
5914,점심식사,,2026-08-06 12:00:00,2026-08-06 13:00:00
5915,공원,,2026-08-06 13:00:00,2026-08-06 15:00:00
5916,운동,,2026-08-06 15:00:00,2026-08-06 17:00:00
5917,공부,,2026-08-06 17:00:00,2026-08-06 18:00:00
5918,저녁식사,,2026-08-06 18:00:00,2026-08-06 19:00:00
5919,공원,,2026-08-06 19:00:00,2026-08-06 21:00:00
5920,운동,,2026-08-06 21:00:00,2026-08-07 00:00:00
5921,스포츠,,2026-08-07 08:00:00,2026-08-07 11:00:00
5922,공부,,2026-08-07 11:00:00,2026-08-07 13:00:00
5923,실내활동,,2026-08-07 13:00:00,2026-08-07 14:00:00
5924,스포츠,,2026-08-07 14:00:00,2026-08-07 17:00:00
5925,공부,,2026-08-07 17:00:00,2026-08-07 19:00:00
5926,실내활동,,2026-08-07 19:00:00,2026-08-07 21:00:00
5927,스포츠,,2026-08-07 21:00:00,2026-08-07 22:00:00
5928,공부,,2026-08-07 22:00:00,2026-08-08 00:00:00
5929,점심식사,,2026-08-07 12:00:00,2026-08-07 13:00:00
5930,저녁식사,,2026-08-07 18:00:00,2026-08-07 19:00:00
5931,관람,,2026-08-08 08:00:00,2026-08-08 09:00:00
5932,운동,,2026-08-08 09:00:00,2026-08-08 12:00:00
5933,점심식사,,2026-08-08 12:00:00,2026-08-08 13:00:00
5934,실내활동,,2026-08-08 13:00:00,2026-08-08 14:00:00
5935,관람,,2026-08-08 14:00:00,2026-08-08 15:00:00
5936,운동,,2026-08-08 15:00:00,2026-08-08 18:00:00
5937,저녁식사,,2026-08-08 18:00:00,2026-08-08 19:00:00
5938,실내활동,,2026-08-08 19:00:00,2026-08-08 22:00:00
5939,관람,,2026-08-08 22:00:00,2026-08-09 00:00:00
5940,스포츠,,2026-08-09 08:00:00,2026-08-09 09:00:00
5941,공부,,2026-08-09 09:00:00,2026-08-09 10:00:00
5942,실내활동,,2026-08-09 10:00:00,2026-08-09 13:00:00
5943,스포츠,,2026-08-09 13:00:00,2026-08-09 14:00:00
5944,공부,,2026-08-09 14:00:00,2026-08-09 16:00:00
5945,실내활동,,2026-08-09 16:00:00,2026-08-09 19:00:00
5946,스포츠,,2026-08-09 19:00:00,2026-08-09 22:00:00
5947,공부,,2026-08-09 22:00:00,2026-08-10 00:00:00
5948,점심식사,,2026-08-09 12:00:00,2026-08-09 13:00:00
5949,저녁식사,,2026-08-09 18:00:00,2026-08-09 19:00:00
5950,운동,,2026-08-10 08:00:00,2026-08-10 11:00:00
5951,공부,,2026-08-10 11:00:00,2026-08-10 14:00:00
5952,공원,,2026-08-10 14:00:00,2026-08-10 16:00:00
5953,운동,,2026-08-10 16:00:00,2026-08-10 17:00:00
5954,공부,,2026-08-10 17:00:00,2026-08-10 19:00:00
5955,공원,,2026-08-10 19:00:00,2026-08-10 20:00:00
5956,운동,,2026-08-10 20:00:00,2026-08-10 23:00:00
5957,공부,,2026-08-10 23:00:00,2026-08-11 00:00:00
5958,점심식사,,2026-08-10 12:00:00,2026-08-10 13:00:00
5959,저녁식사,,2026-08-10 18:00:00,2026-08-10 19:00:00
5960,스포츠,,2026-08-11 08:00:00,2026-08-11 10:00:00
5961,공부,,2026-08-11 10:00:00,2026-08-11 11:00:00
5962,실내활동,,2026-08-11 11:00:00,2026-08-11 14:00:00
5963,스포츠,,2026-08-11 14:00:00,2026-08-11 17:00:00
5964,공부,,2026-08-11 17:00:00,2026-08-11 19:00:00
5965,실내활동,,2026-08-11 19:00:00,2026-08-11 20:00:00
5966,스포츠,,2026-08-11 20:00:00,2026-08-11 21:00:00
5967,공부,,2026-08-11 21:00:00,2026-08-12 00:00:00
5968,점심식사,,2026-08-11 12:00:00,2026-08-11 13:00:00
5969,저녁식사,,2026-08-11 18:00:00,2026-08-11 19:00:00
5970,관람,,2026-08-12 08:00:00,2026-08-12 11:00:00
5971,운동,,2026-08-12 11:00:00,2026-08-12 12:00:00
5972,점심식사,,2026-08-12 12:00:00,2026-08-12 13:00:00
5973,실내활동,,2026-08-12 13:00:00,2026-08-12 16:00:00
5974,관람,,2026-08-12 16:00:00,2026-08-12 19:00:00
5975,운동,,2026-08-12 19:00:00,2026-08-12 21:00:00
5976,실내활동,,2026-08-12 21:00:00,2026-08-12 22:00:00
5977,관람,,2026-08-12 22:00:00,2026-08-12 23:00:00
5978,운동,,2026-08-12 23:00:00,2026-08-13 00:00:00
5979,저녁식사,,2026-08-12 18:00:00,2026-08-12 19:00:00
5980,운동,,2026-08-13 08:00:00,2026-08-13 11:00:00
5981,공부,,2026-08-13 11:00:00,2026-08-13 14:00:00
5982,공원,,2026-08-13 14:00:00,2026-08-13 16:00:00
5983,운동,,2026-08-13 16:00:00,2026-08-13 18:00:00
5984,저녁식사,,2026-08-13 18:00:00,2026-08-13 19:00:00
5985,공부,,2026-08-13 19:00:00,2026-08-13 22:00:00
5986,공원,,2026-08-13 22:00:00,2026-08-14 00:00:00
5987,점심식사,,2026-08-13 12:00:00,2026-08-13 13:00:00
5988,스포츠,,2026-08-14 08:00:00,2026-08-14 10:00:00
5989,공부,,2026-08-14 10:00:00,2026-08-14 11:00:00
5990,실내활동,,2026-08-14 11:00:00,2026-08-14 13:00:00
5991,스포츠,,2026-08-14 13:00:00,2026-08-14 16:00:00
5992,공부,,2026-08-14 16:00:00,2026-08-14 17:00:00
5993,실내활동,,2026-08-14 17:00:00,2026-08-14 19:00:00
5994,스포츠,,2026-08-14 19:00:00,2026-08-14 20:00:00
5995,공부,,2026-08-14 20:00:00,2026-08-14 22:00:00
5996,실내활동,,2026-08-14 22:00:00,2026-08-15 00:00:00
5997,점심식사,,2026-08-14 12:00:00,2026-08-14 13:00:00
5998,저녁식사,,2026-08-14 18:00:00,2026-08-14 19:00:00
5999,관람,,2026-08-15 08:00:00,2026-08-15 09:00:00
6000,운동,,2026-08-15 09:00:00,2026-08-15 10:00:00
6001,실내활동,,2026-08-15 10:00:00,2026-08-15 13:00:00
6002,관람,,2026-08-15 13:00:00,2026-08-15 15:00:00
6003,운동,,2026-08-15 15:00:00,2026-08-15 16:00:00
6004,실내활동,,2026-08-15 16:00:00,2026-08-15 18:00:00
6005,저녁식사,,2026-08-15 18:00:00,2026-08-15 19:00:00
6006,관람,,2026-08-15 19:00:00,2026-08-15 20:00:00
6007,운동,,2026-08-15 20:00:00,2026-08-15 22:00:00
6008,실내활동,,2026-08-15 22:00:00,2026-08-15 23:00:00
6009,관람,,2026-08-15 23:00:00,2026-08-16 00:00:00
6010,점심식사,,2026-08-15 12:00:00,2026-08-15 13:00:00
6011,스포츠,,2026-08-16 08:00:00,2026-08-16 09:00:00
6012,공부,,2026-08-16 09:00:00,2026-08-16 12:00:00
6013,점심식사,,2026-08-16 12:00:00,2026-08-16 13:00:00
6014,실내활동,,2026-08-16 13:00:00,2026-08-16 15:00:00
6015,스포츠,,2026-08-16 15:00:00,2026-08-16 16:00:00
6016,공부,,2026-08-16 16:00:00,2026-08-16 18:00:00
6017,저녁식사,,2026-08-16 18:00:00,2026-08-16 19:00:00
6018,실내활동,,2026-08-16 19:00:00,2026-08-16 21:00:00
6019,스포츠,,2026-08-16 21:00:00,2026-08-16 22:00:00
6020,공부,,2026-08-16 22:00:00,2026-08-17 00:00:00
6021,운동,,2026-08-17 08:00:00,2026-08-17 10:00:00
6022,공부,,2026-08-17 10:00:00,2026-08-17 13:00:00
6023,공원,,2026-08-17 13:00:00,2026-08-17 15:00:00
6024,운동,,2026-08-17 15:00:00,2026-08-17 17:00:00
6025,공부,,2026-08-17 17:00:00,2026-08-17 20:00:00
6026,공원,,2026-08-17 20:00:00,2026-08-17 21:00:00
6027,운동,,2026-08-17 21:00:00,2026-08-17 22:00:00
6028,공부,,2026-08-17 22:00:00,2026-08-18 00:00:00
6029,점심식사,,2026-08-17 12:00:00,2026-08-17 13:00:00
6030,저녁식사,,2026-08-17 18:00:00,2026-08-17 19:00:00
6031,스포츠,,2026-08-18 08:00:00,2026-08-18 09:00:00
6032,공부,,2026-08-18 09:00:00,2026-08-18 10:00:00
6033,실내활동,,2026-08-18 10:00:00,2026-08-18 11:00:00
6034,스포츠,,2026-08-18 11:00:00,2026-08-18 14:00:00
6035,공부,,2026-08-18 14:00:00,2026-08-18 15:00:00
6036,실내활동,,2026-08-18 15:00:00,2026-08-18 17:00:00
6037,스포츠,,2026-08-18 17:00:00,2026-08-18 18:00:00
6038,저녁식사,,2026-08-18 18:00:00,2026-08-18 19:00:00
6039,공부,,2026-08-18 19:00:00,2026-08-18 21:00:00
6040,실내활동,,2026-08-18 21:00:00,2026-08-19 00:00:00
6041,점심식사,,2026-08-18 12:00:00,2026-08-18 13:00:00
6042,관람,,2026-08-19 08:00:00,2026-08-19 10:00:00
6043,운동,,2026-08-19 10:00:00,2026-08-19 11:00:00
6044,실내활동,,2026-08-19 11:00:00,2026-08-19 12:00:00
6045,점심식사,,2026-08-19 12:00:00,2026-08-19 13:00:00
6046,관람,,2026-08-19 13:00:00,2026-08-19 14:00:00
6047,운동,,2026-08-19 14:00:00,2026-08-19 15:00:00
6048,실내활동,,2026-08-19 15:00:00,2026-08-19 18:00:00
6049,저녁식사,,2026-08-19 18:00:00,2026-08-19 19:00:00
6050,관람,,2026-08-19 19:00:00,2026-08-19 20:00:00
6051,운동,,2026-08-19 20:00:00,2026-08-19 23:00:00
6052,실내활동,,2026-08-19 23:00:00,2026-08-20 00:00:00
6053,운동,,2026-08-20 08:00:00,2026-08-20 11:00:00
6054,공부,,2026-08-20 11:00:00,2026-08-20 14:00:00
6055,공원,,2026-08-20 14:00:00,2026-08-20 16:00:00
6056,운동,,2026-08-20 16:00:00,2026-08-20 18:00:00
6057,저녁식사,,2026-08-20 18:00:00,2026-08-20 19:00:00
6058,공부,,2026-08-20 19:00:00,2026-08-20 22:00:00
6059,공원,,2026-08-20 22:00:00,2026-08-21 00:00:00
6060,점심식사,,2026-08-20 12:00:00,2026-08-20 13:00:00
6061,스포츠,,2026-08-21 08:00:00,2026-08-21 09:00:00
6062,공부,,2026-08-21 09:00:00,2026-08-21 11:00:00
6063,실내활동,,2026-08-21 11:00:00,2026-08-21 13:00:00
6064,스포츠,,2026-08-21 13:00:00,2026-08-21 14:00:00
6065,공부,,2026-08-21 14:00:00,2026-08-21 17:00:00
6066,실내활동,,2026-08-21 17:00:00,2026-08-21 18:00:00
6067,저녁식사,,2026-08-21 18:00:00,2026-08-21 19:00:00
6068,스포츠,,2026-08-21 19:00:00,2026-08-21 21:00:00
6069,공부,,2026-08-21 21:00:00,2026-08-21 23:00:00
6070,실내활동,,2026-08-21 23:00:00,2026-08-22 00:00:00
6071,점심식사,,2026-08-21 12:00:00,2026-08-21 13:00:00
6072,관람,,2026-08-22 08:00:00,2026-08-22 09:00:00
6073,운동,,2026-08-22 09:00:00,2026-08-22 10:00:00
6074,실내활동,,2026-08-22 10:00:00,2026-08-22 11:00:00
6075,관람,,2026-08-22 11:00:00,2026-08-22 12:00:00
6076,점심식사,,2026-08-22 12:00:00,2026-08-22 13:00:00
6077,운동,,2026-08-22 13:00:00,2026-08-22 14:00:00
6078,실내활동,,2026-08-22 14:00:00,2026-08-22 15:00:00
6079,관람,,2026-08-22 15:00:00,2026-08-22 18:00:00
6080,저녁식사,,2026-08-22 18:00:00,2026-08-22 19:00:00
6081,운동,,2026-08-22 19:00:00,2026-08-22 20:00:00
6082,실내활동,,2026-08-22 20:00:00,2026-08-22 22:00:00
6083,관람,,2026-08-22 22:00:00,2026-08-23 00:00:00
6084,스포츠,,2026-08-23 08:00:00,2026-08-23 11:00:00
6085,공부,,2026-08-23 11:00:00,2026-08-23 14:00:00
6086,실내활동,,2026-08-23 14:00:00,2026-08-23 15:00:00
6087,스포츠,,2026-08-23 15:00:00,2026-08-23 17:00:00
6088,공부,,2026-08-23 17:00:00,2026-08-23 19:00:00
6089,실내활동,,2026-08-23 19:00:00,2026-08-23 22:00:00
6090,스포츠,,2026-08-23 22:00:00,2026-08-24 00:00:00
6091,점심식사,,2026-08-23 12:00:00,2026-08-23 13:00:00
6092,저녁식사,,2026-08-23 18:00:00,2026-08-23 19:00:00
6093,운동,,2026-08-24 08:00:00,2026-08-24 11:00:00
6094,공부,,2026-08-24 11:00:00,2026-08-24 13:00:00
6095,공원,,2026-08-24 13:00:00,2026-08-24 16:00:00
6096,운동,,2026-08-24 16:00:00,2026-08-24 17:00:00
6097,공부,,2026-08-24 17:00:00,2026-08-24 20:00:00
6098,공원,,2026-08-24 20:00:00,2026-08-24 22:00:00
6099,운동,,2026-08-24 22:00:00,2026-08-25 00:00:00
6100,점심식사,,2026-08-24 12:00:00,2026-08-24 13:00:00
6101,저녁식사,,2026-08-24 18:00:00,2026-08-24 19:00:00
6102,스포츠,,2026-08-25 08:00:00,2026-08-25 10:00:00
6103,공부,,2026-08-25 10:00:00,2026-08-25 12:00:00
6104,점심식사,,2026-08-25 12:00:00,2026-08-25 13:00:00
6105,실내활동,,2026-08-25 13:00:00,2026-08-25 14:00:00
6106,스포츠,,2026-08-25 14:00:00,2026-08-25 16:00:00
6107,공부,,2026-08-25 16:00:00,2026-08-25 17:00:00
6108,실내활동,,2026-08-25 17:00:00,2026-08-25 18:00:00
6109,저녁식사,,2026-08-25 18:00:00,2026-08-25 19:00:00
6110,스포츠,,2026-08-25 19:00:00,2026-08-25 20:00:00
6111,공부,,2026-08-25 20:00:00,2026-08-25 22:00:00
6112,실내활동,,2026-08-25 22:00:00,2026-08-26 00:00:00
6113,관람,,2026-08-26 08:00:00,2026-08-26 09:00:00
6114,운동,,2026-08-26 09:00:00,2026-08-26 11:00:00
6115,실내활동,,2026-08-26 11:00:00,2026-08-26 13:00:00
6116,관람,,2026-08-26 13:00:00,2026-08-26 15:00:00
6117,운동,,2026-08-26 15:00:00,2026-08-26 18:00:00
6118,저녁식사,,2026-08-26 18:00:00,2026-08-26 19:00:00
6119,실내활동,,2026-08-26 19:00:00,2026-08-26 20:00:00
6120,관람,,2026-08-26 20:00:00,2026-08-26 21:00:00
6121,운동,,2026-08-26 21:00:00,2026-08-26 22:00:00
6122,실내활동,,2026-08-26 22:00:00,2026-08-27 00:00:00
6123,점심식사,,2026-08-26 12:00:00,2026-08-26 13:00:00
6124,운동,,2026-08-27 08:00:00,2026-08-27 11:00:00
6125,공부,,2026-08-27 11:00:00,2026-08-27 14:00:00
6126,공원,,2026-08-27 14:00:00,2026-08-27 17:00:00
6127,운동,,2026-08-27 17:00:00,2026-08-27 18:00:00
6128,저녁식사,,2026-08-27 18:00:00,2026-08-27 19:00:00
6129,공부,,2026-08-27 19:00:00,2026-08-27 20:00:00
6130,공원,,2026-08-27 20:00:00,2026-08-27 23:00:00
6131,운동,,2026-08-27 23:00:00,2026-08-28 00:00:00
6132,점심식사,,2026-08-27 12:00:00,2026-08-27 13:00:00
6133,스포츠,,2026-08-28 08:00:00,2026-08-28 10:00:00
6134,공부,,2026-08-28 10:00:00,2026-08-28 12:00:00
6135,점심식사,,2026-08-28 12:00:00,2026-08-28 13:00:00
6136,실내활동,,2026-08-28 13:00:00,2026-08-28 14:00:00
6137,스포츠,,2026-08-28 14:00:00,2026-08-28 17:00:00
6138,공부,,2026-08-28 17:00:00,2026-08-28 19:00:00
6139,실내활동,,2026-08-28 19:00:00,2026-08-28 22:00:00
6140,스포츠,,2026-08-28 22:00:00,2026-08-29 00:00:00
6141,저녁식사,,2026-08-28 18:00:00,2026-08-28 19:00:00
6142,관람,,2026-08-29 08:00:00,2026-08-29 10:00:00
6143,운동,,2026-08-29 10:00:00,2026-08-29 13:00:00
6144,실내활동,,2026-08-29 13:00:00,2026-08-29 16:00:00
6145,관람,,2026-08-29 16:00:00,2026-08-29 17:00:00
6146,운동,,2026-08-29 17:00:00,2026-08-29 20:00:00
6147,실내활동,,2026-08-29 20:00:00,2026-08-29 22:00:00
6148,관람,,2026-08-29 22:00:00,2026-08-29 23:00:00
6149,운동,,2026-08-29 23:00:00,2026-08-30 00:00:00
6150,점심식사,,2026-08-29 12:00:00,2026-08-29 13:00:00
6151,저녁식사,,2026-08-29 18:00:00,2026-08-29 19:00:00
6152,스포츠,,2026-08-30 08:00:00,2026-08-30 09:00:00
6153,공부,,2026-08-30 09:00:00,2026-08-30 11:00:00
6154,실내활동,,2026-08-30 11:00:00,2026-08-30 14:00:00
6155,스포츠,,2026-08-30 14:00:00,2026-08-30 15:00:00
6156,공부,,2026-08-30 15:00:00,2026-08-30 17:00:00
6157,실내활동,,2026-08-30 17:00:00,2026-08-30 19:00:00
6158,스포츠,,2026-08-30 19:00:00,2026-08-30 22:00:00
6159,공부,,2026-08-30 22:00:00,2026-08-31 00:00:00
6160,점심식사,,2026-08-30 12:00:00,2026-08-30 13:00:00
6161,저녁식사,,2026-08-30 18:00:00,2026-08-30 19:00:00
6162,운동,,2026-08-31 08:00:00,2026-08-31 09:00:00
6163,공부,,2026-08-31 09:00:00,2026-08-31 10:00:00
6164,공원,,2026-08-31 10:00:00,2026-08-31 12:00:00
6165,점심식사,,2026-08-31 12:00:00,2026-08-31 13:00:00
6166,운동,,2026-08-31 13:00:00,2026-08-31 15:00:00
6167,공부,,2026-08-31 15:00:00,2026-08-31 17:00:00
6168,공원,,2026-08-31 17:00:00,2026-08-31 19:00:00
6169,운동,,2026-08-31 19:00:00,2026-08-31 21:00:00
6170,공부,,2026-08-31 21:00:00,2026-08-31 22:00:00
6171,공원,,2026-08-31 22:00:00,2026-09-01 00:00:00
6172,저녁식사,,2026-08-31 18:00:00,2026-08-31 19:00:00
6173,스포츠,,2026-09-01 08:00:00,2026-09-01 09:00:00
6174,공부,,2026-09-01 09:00:00,2026-09-01 12:00:00
6175,점심식사,,2026-09-01 12:00:00,2026-09-01 13:00:00
6176,실내활동,,2026-09-01 13:00:00,2026-09-01 14:00:00
6177,스포츠,,2026-09-01 14:00:00,2026-09-01 17:00:00
6178,공부,,2026-09-01 17:00:00,2026-09-01 20:00:00
6179,실내활동,,2026-09-01 20:00:00,2026-09-01 22:00:00
6180,스포츠,,2026-09-01 22:00:00,2026-09-01 23:00:00
6181,공부,,2026-09-01 23:00:00,2026-09-02 00:00:00
6182,저녁식사,,2026-09-01 18:00:00,2026-09-01 19:00:00
6183,관람,,2026-09-02 08:00:00,2026-09-02 10:00:00
6184,운동,,2026-09-02 10:00:00,2026-09-02 13:00:00
6185,실내활동,,2026-09-02 13:00:00,2026-09-02 15:00:00
6186,관람,,2026-09-02 15:00:00,2026-09-02 16:00:00
6187,운동,,2026-09-02 16:00:00,2026-09-02 17:00:00
6188,실내활동,,2026-09-02 17:00:00,2026-09-02 20:00:00
6189,관람,,2026-09-02 20:00:00,2026-09-02 23:00:00
6190,운동,,2026-09-02 23:00:00,2026-09-03 00:00:00
6191,점심식사,,2026-09-02 12:00:00,2026-09-02 13:00:00
6192,저녁식사,,2026-09-02 18:00:00,2026-09-02 19:00:00
6193,운동,,2026-09-03 08:00:00,2026-09-03 09:00:00
6194,공부,,2026-09-03 09:00:00,2026-09-03 11:00:00
6195,공원,,2026-09-03 11:00:00,2026-09-03 14:00:00
6196,운동,,2026-09-03 14:00:00,2026-09-03 16:00:00
6197,공부,,2026-09-03 16:00:00,2026-09-03 17:00:00
6198,공원,,2026-09-03 17:00:00,2026-09-03 18:00:00
6199,저녁식사,,2026-09-03 18:00:00,2026-09-03 19:00:00
6200,운동,,2026-09-03 19:00:00,2026-09-03 21:00:00
6201,공부,,2026-09-03 21:00:00,2026-09-04 00:00:00
6202,점심식사,,2026-09-03 12:00:00,2026-09-03 13:00:00
6203,스포츠,,2026-09-04 08:00:00,2026-09-04 11:00:00
6204,공부,,2026-09-04 11:00:00,2026-09-04 14:00:00
6205,실내활동,,2026-09-04 14:00:00,2026-09-04 16:00:00
6206,스포츠,,2026-09-04 16:00:00,2026-09-04 19:00:00
6207,공부,,2026-09-04 19:00:00,2026-09-04 21:00:00
6208,실내활동,,2026-09-04 21:00:00,2026-09-04 22:00:00
6209,스포츠,,2026-09-04 22:00:00,2026-09-05 00:00:00
6210,점심식사,,2026-09-04 12:00:00,2026-09-04 13:00:00
6211,저녁식사,,2026-09-04 18:00:00,2026-09-04 19:00:00
6212,관람,,2026-09-05 08:00:00,2026-09-05 11:00:00
6213,운동,,2026-09-05 11:00:00,2026-09-05 13:00:00
6214,실내활동,,2026-09-05 13:00:00,2026-09-05 16:00:00
6215,관람,,2026-09-05 16:00:00,2026-09-05 19:00:00
6216,운동,,2026-09-05 19:00:00,2026-09-05 21:00:00
6217,실내활동,,2026-09-05 21:00:00,2026-09-05 22:00:00
6218,관람,,2026-09-05 22:00:00,2026-09-06 00:00:00
6219,점심식사,,2026-09-05 12:00:00,2026-09-05 13:00:00
6220,저녁식사,,2026-09-05 18:00:00,2026-09-05 19:00:00
6221,스포츠,,2026-09-06 08:00:00,2026-09-06 09:00:00
6222,공부,,2026-09-06 09:00:00,2026-09-06 11:00:00
6223,실내활동,,2026-09-06 11:00:00,2026-09-06 14:00:00
6224,스포츠,,2026-09-06 14:00:00,2026-09-06 15:00:00
6225,공부,,2026-09-06 15:00:00,2026-09-06 16:00:00
6226,실내활동,,2026-09-06 16:00:00,2026-09-06 18:00:00
6227,저녁식사,,2026-09-06 18:00:00,2026-09-06 19:00:00
6228,스포츠,,2026-09-06 19:00:00,2026-09-06 21:00:00
6229,공부,,2026-09-06 21:00:00,2026-09-07 00:00:00
6230,점심식사,,2026-09-06 12:00:00,2026-09-06 13:00:00
6231,운동,,2026-09-07 08:00:00,2026-09-07 11:00:00
6232,공부,,2026-09-07 11:00:00,2026-09-07 14:00:00
6233,공원,,2026-09-07 14:00:00,2026-09-07 16:00:00
6234,운동,,2026-09-07 16:00:00,2026-09-07 18:00:00
6235,저녁식사,,2026-09-07 18:00:00,2026-09-07 19:00:00
6236,공부,,2026-09-07 19:00:00,2026-09-07 21:00:00
6237,공원,,2026-09-07 21:00:00,2026-09-07 23:00:00
6238,운동,,2026-09-07 23:00:00,2026-09-08 00:00:00
6239,점심식사,,2026-09-07 12:00:00,2026-09-07 13:00:00
6240,스포츠,,2026-09-08 08:00:00,2026-09-08 09:00:00
6241,공부,,2026-09-08 09:00:00,2026-09-08 12:00:00
6242,점심식사,,2026-09-08 12:00:00,2026-09-08 13:00:00
6243,실내활동,,2026-09-08 13:00:00,2026-09-08 15:00:00
6244,스포츠,,2026-09-08 15:00:00,2026-09-08 16:00:00
6245,공부,,2026-09-08 16:00:00,2026-09-08 18:00:00
6246,저녁식사,,2026-09-08 18:00:00,2026-09-08 19:00:00
6247,실내활동,,2026-09-08 19:00:00,2026-09-08 22:00:00
6248,스포츠,,2026-09-08 22:00:00,2026-09-09 00:00:00
6249,관람,,2026-09-09 08:00:00,2026-09-09 09:00:00
6250,운동,,2026-09-09 09:00:00,2026-09-09 10:00:00
6251,실내활동,,2026-09-09 10:00:00,2026-09-09 11:00:00
6252,관람,,2026-09-09 11:00:00,2026-09-09 12:00:00
6253,점심식사,,2026-09-09 12:00:00,2026-09-09 13:00:00
6254,운동,,2026-09-09 13:00:00,2026-09-09 15:00:00
6255,실내활동,,2026-09-09 15:00:00,2026-09-09 16:00:00
6256,관람,,2026-09-09 16:00:00,2026-09-09 19:00:00
6257,운동,,2026-09-09 19:00:00,2026-09-09 21:00:00
6258,실내활동,,2026-09-09 21:00:00,2026-09-09 22:00:00
6259,관람,,2026-09-09 22:00:00,2026-09-10 00:00:00
6260,저녁식사,,2026-09-09 18:00:00,2026-09-09 19:00:00
6261,운동,,2026-09-10 08:00:00,2026-09-10 10:00:00
6262,공부,,2026-09-10 10:00:00,2026-09-10 13:00:00
6263,공원,,2026-09-10 13:00:00,2026-09-10 16:00:00
6264,운동,,2026-09-10 16:00:00,2026-09-10 18:00:00
6265,저녁식사,,2026-09-10 18:00:00,2026-09-10 19:00:00
6266,공부,,2026-09-10 19:00:00,2026-09-10 22:00:00
6267,공원,,2026-09-10 22:00:00,2026-09-10 23:00:00
6268,운동,,2026-09-10 23:00:00,2026-09-11 00:00:00
6269,점심식사,,2026-09-10 12:00:00,2026-09-10 13:00:00
6270,스포츠,,2026-09-11 08:00:00,2026-09-11 11:00:00
6271,공부,,2026-09-11 11:00:00,2026-09-11 13:00:00
6272,실내활동,,2026-09-11 13:00:00,2026-09-11 15:00:00
6273,스포츠,,2026-09-11 15:00:00,2026-09-11 16:00:00
6274,공부,,2026-09-11 16:00:00,2026-09-11 18:00:00
6275,저녁식사,,2026-09-11 18:00:00,2026-09-11 19:00:00
6276,실내활동,,2026-09-11 19:00:00,2026-09-11 22:00:00
6277,스포츠,,2026-09-11 22:00:00,2026-09-12 00:00:00
6278,점심식사,,2026-09-11 12:00:00,2026-09-11 13:00:00
6279,관람,,2026-09-12 08:00:00,2026-09-12 09:00:00
6280,운동,,2026-09-12 09:00:00,2026-09-12 11:00:00
6281,실내활동,,2026-09-12 11:00:00,2026-09-12 13:00:00
6282,관람,,2026-09-12 13:00:00,2026-09-12 16:00:00
6283,운동,,2026-09-12 16:00:00,2026-09-12 17:00:00
6284,실내활동,,2026-09-12 17:00:00,2026-09-12 19:00:00
6285,관람,,2026-09-12 19:00:00,2026-09-12 22:00:00
6286,운동,,2026-09-12 22:00:00,2026-09-13 00:00:00
6287,점심식사,,2026-09-12 12:00:00,2026-09-12 13:00:00
6288,저녁식사,,2026-09-12 18:00:00,2026-09-12 19:00:00
6289,스포츠,,2026-09-13 08:00:00,2026-09-13 10:00:00
6290,공부,,2026-09-13 10:00:00,2026-09-13 11:00:00
6291,실내활동,,2026-09-13 11:00:00,2026-09-13 13:00:00
6292,스포츠,,2026-09-13 13:00:00,2026-09-13 14:00:00
6293,공부,,2026-09-13 14:00:00,2026-09-13 15:00:00
6294,실내활동,,2026-09-13 15:00:00,2026-09-13 18:00:00
6295,저녁식사,,2026-09-13 18:00:00,2026-09-13 19:00:00
6296,스포츠,,2026-09-13 19:00:00,2026-09-13 20:00:00
6297,공부,,2026-09-13 20:00:00,2026-09-13 23:00:00
6298,실내활동,,2026-09-13 23:00:00,2026-09-14 00:00:00
6299,점심식사,,2026-09-13 12:00:00,2026-09-13 13:00:00
6300,운동,,2026-09-14 08:00:00,2026-09-14 10:00:00
6301,공부,,2026-09-14 10:00:00,2026-09-14 12:00:00
6302,점심식사,,2026-09-14 12:00:00,2026-09-14 13:00:00
6303,공원,,2026-09-14 13:00:00,2026-09-14 14:00:00
6304,운동,,2026-09-14 14:00:00,2026-09-14 17:00:00
6305,공부,,2026-09-14 17:00:00,2026-09-14 20:00:00
6306,공원,,2026-09-14 20:00:00,2026-09-14 22:00:00
6307,운동,,2026-09-14 22:00:00,2026-09-15 00:00:00
6308,저녁식사,,2026-09-14 18:00:00,2026-09-14 19:00:00
6309,스포츠,,2026-09-15 08:00:00,2026-09-15 11:00:00
6310,공부,,2026-09-15 11:00:00,2026-09-15 13:00:00
6311,실내활동,,2026-09-15 13:00:00,2026-09-15 15:00:00
6312,스포츠,,2026-09-15 15:00:00,2026-09-15 17:00:00
6313,공부,,2026-09-15 17:00:00,2026-09-15 19:00:00
6314,실내활동,,2026-09-15 19:00:00,2026-09-15 21:00:00
6315,스포츠,,2026-09-15 21:00:00,2026-09-15 22:00:00
6316,공부,,2026-09-15 22:00:00,2026-09-15 23:00:00
6317,실내활동,,2026-09-15 23:00:00,2026-09-16 00:00:00
6318,점심식사,,2026-09-15 12:00:00,2026-09-15 13:00:00
6319,저녁식사,,2026-09-15 18:00:00,2026-09-15 19:00:00
6320,관람,,2026-09-16 08:00:00,2026-09-16 10:00:00
6321,운동,,2026-09-16 10:00:00,2026-09-16 11:00:00
6322,실내활동,,2026-09-16 11:00:00,2026-09-16 12:00:00
6323,점심식사,,2026-09-16 12:00:00,2026-09-16 13:00:00
6324,관람,,2026-09-16 13:00:00,2026-09-16 14:00:00
6325,운동,,2026-09-16 14:00:00,2026-09-16 15:00:00
6326,실내활동,,2026-09-16 15:00:00,2026-09-16 16:00:00
6327,관람,,2026-09-16 16:00:00,2026-09-16 17:00:00
6328,운동,,2026-09-16 17:00:00,2026-09-16 19:00:00
6329,실내활동,,2026-09-16 19:00:00,2026-09-16 22:00:00
6330,관람,,2026-09-16 22:00:00,2026-09-17 00:00:00
6331,저녁식사,,2026-09-16 18:00:00,2026-09-16 19:00:00
6332,운동,,2026-09-17 08:00:00,2026-09-17 11:00:00
6333,공부,,2026-09-17 11:00:00,2026-09-17 12:00:00
6334,점심식사,,2026-09-17 12:00:00,2026-09-17 13:00:00
6335,공원,,2026-09-17 13:00:00,2026-09-17 14:00:00
6336,운동,,2026-09-17 14:00:00,2026-09-17 17:00:00
6337,공부,,2026-09-17 17:00:00,2026-09-17 20:00:00
6338,공원,,2026-09-17 20:00:00,2026-09-17 21:00:00
6339,운동,,2026-09-17 21:00:00,2026-09-18 00:00:00
6340,저녁식사,,2026-09-17 18:00:00,2026-09-17 19:00:00
6341,스포츠,,2026-09-18 08:00:00,2026-09-18 10:00:00
6342,공부,,2026-09-18 10:00:00,2026-09-18 13:00:00
6343,실내활동,,2026-09-18 13:00:00,2026-09-18 14:00:00
6344,스포츠,,2026-09-18 14:00:00,2026-09-18 16:00:00
6345,공부,,2026-09-18 16:00:00,2026-09-18 18:00:00
6346,저녁식사,,2026-09-18 18:00:00,2026-09-18 19:00:00
6347,실내활동,,2026-09-18 19:00:00,2026-09-18 22:00:00
6348,스포츠,,2026-09-18 22:00:00,2026-09-19 00:00:00
6349,점심식사,,2026-09-18 12:00:00,2026-09-18 13:00:00
6350,관람,,2026-09-19 08:00:00,2026-09-19 11:00:00
6351,운동,,2026-09-19 11:00:00,2026-09-19 13:00:00
6352,실내활동,,2026-09-19 13:00:00,2026-09-19 14:00:00
6353,관람,,2026-09-19 14:00:00,2026-09-19 17:00:00
6354,운동,,2026-09-19 17:00:00,2026-09-19 18:00:00
6355,저녁식사,,2026-09-19 18:00:00,2026-09-19 19:00:00
6356,실내활동,,2026-09-19 19:00:00,2026-09-19 20:00:00
6357,관람,,2026-09-19 20:00:00,2026-09-19 22:00:00
6358,운동,,2026-09-19 22:00:00,2026-09-20 00:00:00
6359,점심식사,,2026-09-19 12:00:00,2026-09-19 13:00:00
6360,스포츠,,2026-09-20 08:00:00,2026-09-20 09:00:00
6361,공부,,2026-09-20 09:00:00,2026-09-20 10:00:00
6362,실내활동,,2026-09-20 10:00:00,2026-09-20 12:00:00
6363,점심식사,,2026-09-20 12:00:00,2026-09-20 13:00:00
6364,스포츠,,2026-09-20 13:00:00,2026-09-20 14:00:00
6365,공부,,2026-09-20 14:00:00,2026-09-20 17:00:00
6366,실내활동,,2026-09-20 17:00:00,2026-09-20 20:00:00
6367,스포츠,,2026-09-20 20:00:00,2026-09-20 23:00:00
6368,공부,,2026-09-20 23:00:00,2026-09-21 00:00:00
6369,저녁식사,,2026-09-20 18:00:00,2026-09-20 19:00:00
6370,운동,,2026-09-21 08:00:00,2026-09-21 11:00:00
6371,공부,,2026-09-21 11:00:00,2026-09-21 12:00:00
6372,점심식사,,2026-09-21 12:00:00,2026-09-21 13:00:00
6373,공원,,2026-09-21 13:00:00,2026-09-21 14:00:00
6374,운동,,2026-09-21 14:00:00,2026-09-21 15:00:00
6375,공부,,2026-09-21 15:00:00,2026-09-21 16:00:00
6376,공원,,2026-09-21 16:00:00,2026-09-21 17:00:00
6377,운동,,2026-09-21 17:00:00,2026-09-21 19:00:00
6378,공부,,2026-09-21 19:00:00,2026-09-21 20:00:00
6379,공원,,2026-09-21 20:00:00,2026-09-21 21:00:00
6380,운동,,2026-09-21 21:00:00,2026-09-21 22:00:00
6381,공부,,2026-09-21 22:00:00,2026-09-22 00:00:00
6382,저녁식사,,2026-09-21 18:00:00,2026-09-21 19:00:00
6383,스포츠,,2026-09-22 08:00:00,2026-09-22 09:00:00
6384,공부,,2026-09-22 09:00:00,2026-09-22 10:00:00
6385,실내활동,,2026-09-22 10:00:00,2026-09-22 13:00:00
6386,스포츠,,2026-09-22 13:00:00,2026-09-22 14:00:00
6387,공부,,2026-09-22 14:00:00,2026-09-22 15:00:00
6388,실내활동,,2026-09-22 15:00:00,2026-09-22 16:00:00
6389,스포츠,,2026-09-22 16:00:00,2026-09-22 18:00:00
6390,저녁식사,,2026-09-22 18:00:00,2026-09-22 19:00:00
6391,공부,,2026-09-22 19:00:00,2026-09-22 20:00:00
6392,실내활동,,2026-09-22 20:00:00,2026-09-22 23:00:00
6393,스포츠,,2026-09-22 23:00:00,2026-09-23 00:00:00
6394,점심식사,,2026-09-22 12:00:00,2026-09-22 13:00:00
6395,관람,,2026-09-23 08:00:00,2026-09-23 09:00:00
6396,운동,,2026-09-23 09:00:00,2026-09-23 11:00:00
6397,실내활동,,2026-09-23 11:00:00,2026-09-23 14:00:00
6398,관람,,2026-09-23 14:00:00,2026-09-23 17:00:00
6399,운동,,2026-09-23 17:00:00,2026-09-23 19:00:00
6400,실내활동,,2026-09-23 19:00:00,2026-09-23 20:00:00
6401,관람,,2026-09-23 20:00:00,2026-09-23 21:00:00
6402,운동,,2026-09-23 21:00:00,2026-09-24 00:00:00
6403,점심식사,,2026-09-23 12:00:00,2026-09-23 13:00:00
6404,저녁식사,,2026-09-23 18:00:00,2026-09-23 19:00:00
6405,운동,,2026-09-24 08:00:00,2026-09-24 11:00:00
6406,공부,,2026-09-24 11:00:00,2026-09-24 13:00:00
6407,공원,,2026-09-24 13:00:00,2026-09-24 15:00:00
6408,운동,,2026-09-24 15:00:00,2026-09-24 18:00:00
6409,저녁식사,,2026-09-24 18:00:00,2026-09-24 19:00:00
6410,공부,,2026-09-24 19:00:00,2026-09-24 22:00:00
6411,공원,,2026-09-24 22:00:00,2026-09-25 00:00:00
6412,점심식사,,2026-09-24 12:00:00,2026-09-24 13:00:00
6413,스포츠,,2026-09-25 08:00:00,2026-09-25 10:00:00
6414,공부,,2026-09-25 10:00:00,2026-09-25 12:00:00
6415,점심식사,,2026-09-25 12:00:00,2026-09-25 13:00:00
6416,실내활동,,2026-09-25 13:00:00,2026-09-25 16:00:00
6417,스포츠,,2026-09-25 16:00:00,2026-09-25 18:00:00
6418,저녁식사,,2026-09-25 18:00:00,2026-09-25 19:00:00
6419,공부,,2026-09-25 19:00:00,2026-09-25 21:00:00
6420,실내활동,,2026-09-25 21:00:00,2026-09-26 00:00:00
6421,관람,,2026-09-26 08:00:00,2026-09-26 10:00:00
6422,운동,,2026-09-26 10:00:00,2026-09-26 13:00:00
6423,실내활동,,2026-09-26 13:00:00,2026-09-26 16:00:00
6424,관람,,2026-09-26 16:00:00,2026-09-26 18:00:00
6425,저녁식사,,2026-09-26 18:00:00,2026-09-26 19:00:00
6426,운동,,2026-09-26 19:00:00,2026-09-26 21:00:00
6427,실내활동,,2026-09-26 21:00:00,2026-09-26 23:00:00
6428,관람,,2026-09-26 23:00:00,2026-09-27 00:00:00
6429,점심식사,,2026-09-26 12:00:00,2026-09-26 13:00:00
6430,스포츠,,2026-09-27 08:00:00,2026-09-27 09:00:00
6431,공부,,2026-09-27 09:00:00,2026-09-27 12:00:00
6432,점심식사,,2026-09-27 12:00:00,2026-09-27 13:00:00
6433,실내활동,,2026-09-27 13:00:00,2026-09-27 14:00:00
6434,스포츠,,2026-09-27 14:00:00,2026-09-27 17:00:00
6435,공부,,2026-09-27 17:00:00,2026-09-27 19:00:00
6436,실내활동,,2026-09-27 19:00:00,2026-09-27 22:00:00
6437,스포츠,,2026-09-27 22:00:00,2026-09-28 00:00:00
6438,저녁식사,,2026-09-27 18:00:00,2026-09-27 19:00:00
6439,운동,,2026-09-28 08:00:00,2026-09-28 11:00:00
6440,공부,,2026-09-28 11:00:00,2026-09-28 14:00:00
6441,공원,,2026-09-28 14:00:00,2026-09-28 17:00:00
6442,운동,,2026-09-28 17:00:00,2026-09-28 20:00:00
6443,공부,,2026-09-28 20:00:00,2026-09-28 23:00:00
6444,공원,,2026-09-28 23:00:00,2026-09-29 00:00:00
6445,점심식사,,2026-09-28 12:00:00,2026-09-28 13:00:00
6446,저녁식사,,2026-09-28 18:00:00,2026-09-28 19:00:00
6447,스포츠,,2026-09-29 08:00:00,2026-09-29 11:00:00
6448,공부,,2026-09-29 11:00:00,2026-09-29 13:00:00
6449,실내활동,,2026-09-29 13:00:00,2026-09-29 14:00:00
6450,스포츠,,2026-09-29 14:00:00,2026-09-29 16:00:00
6451,공부,,2026-09-29 16:00:00,2026-09-29 18:00:00
6452,저녁식사,,2026-09-29 18:00:00,2026-09-29 19:00:00
6453,실내활동,,2026-09-29 19:00:00,2026-09-29 22:00:00
6454,스포츠,,2026-09-29 22:00:00,2026-09-30 00:00:00
6455,점심식사,,2026-09-29 12:00:00,2026-09-29 13:00:00
6456,관람,,2026-09-30 08:00:00,2026-09-30 09:00:00
6457,운동,,2026-09-30 09:00:00,2026-09-30 12:00:00
6458,점심식사,,2026-09-30 12:00:00,2026-09-30 13:00:00
6459,실내활동,,2026-09-30 13:00:00,2026-09-30 16:00:00
6460,관람,,2026-09-30 16:00:00,2026-09-30 18:00:00
6461,저녁식사,,2026-09-30 18:00:00,2026-09-30 19:00:00
6462,운동,,2026-09-30 19:00:00,2026-09-30 22:00:00
6463,실내활동,,2026-09-30 22:00:00,2026-09-30 23:00:00
6464,관람,,2026-09-30 23:00:00,2026-10-01 00:00:00
6465,운동,,2026-10-01 08:00:00,2026-10-01 11:00:00
6466,공부,,2026-10-01 11:00:00,2026-10-01 14:00:00
6467,공원,,2026-10-01 14:00:00,2026-10-01 16:00:00
6468,운동,,2026-10-01 16:00:00,2026-10-01 18:00:00
6469,저녁식사,,2026-10-01 18:00:00,2026-10-01 19:00:00
6470,공부,,2026-10-01 19:00:00,2026-10-01 22:00:00
6471,공원,,2026-10-01 22:00:00,2026-10-02 00:00:00
6472,점심식사,,2026-10-01 12:00:00,2026-10-01 13:00:00
6473,스포츠,,2026-10-02 08:00:00,2026-10-02 09:00:00
6474,공부,,2026-10-02 09:00:00,2026-10-02 10:00:00
6475,실내활동,,2026-10-02 10:00:00,2026-10-02 13:00:00
6476,스포츠,,2026-10-02 13:00:00,2026-10-02 16:00:00
6477,공부,,2026-10-02 16:00:00,2026-10-02 19:00:00
6478,실내활동,,2026-10-02 19:00:00,2026-10-02 22:00:00
6479,스포츠,,2026-10-02 22:00:00,2026-10-03 00:00:00
6480,점심식사,,2026-10-02 12:00:00,2026-10-02 13:00:00
6481,저녁식사,,2026-10-02 18:00:00,2026-10-02 19:00:00
6482,관람,,2026-10-03 08:00:00,2026-10-03 11:00:00
6483,운동,,2026-10-03 11:00:00,2026-10-03 12:00:00
6484,점심식사,,2026-10-03 12:00:00,2026-10-03 13:00:00
6485,실내활동,,2026-10-03 13:00:00,2026-10-03 15:00:00
6486,관람,,2026-10-03 15:00:00,2026-10-03 16:00:00
6487,운동,,2026-10-03 16:00:00,2026-10-03 18:00:00
6488,저녁식사,,2026-10-03 18:00:00,2026-10-03 19:00:00
6489,실내활동,,2026-10-03 19:00:00,2026-10-03 20:00:00
6490,관람,,2026-10-03 20:00:00,2026-10-03 21:00:00
6491,운동,,2026-10-03 21:00:00,2026-10-03 23:00:00
6492,실내활동,,2026-10-03 23:00:00,2026-10-04 00:00:00
6493,스포츠,,2026-10-04 08:00:00,2026-10-04 11:00:00
6494,공부,,2026-10-04 11:00:00,2026-10-04 13:00:00
6495,실내활동,,2026-10-04 13:00:00,2026-10-04 14:00:00
6496,스포츠,,2026-10-04 14:00:00,2026-10-04 15:00:00
6497,공부,,2026-10-04 15:00:00,2026-10-04 18:00:00
6498,저녁식사,,2026-10-04 18:00:00,2026-10-04 19:00:00
6499,실내활동,,2026-10-04 19:00:00,2026-10-04 22:00:00
6500,스포츠,,2026-10-04 22:00:00,2026-10-05 00:00:00
6501,점심식사,,2026-10-04 12:00:00,2026-10-04 13:00:00
6502,운동,,2026-10-05 08:00:00,2026-10-05 09:00:00
6503,공부,,2026-10-05 09:00:00,2026-10-05 10:00:00
6504,공원,,2026-10-05 10:00:00,2026-10-05 12:00:00
6505,점심식사,,2026-10-05 12:00:00,2026-10-05 13:00:00
6506,운동,,2026-10-05 13:00:00,2026-10-05 16:00:00
6507,공부,,2026-10-05 16:00:00,2026-10-05 19:00:00
6508,공원,,2026-10-05 19:00:00,2026-10-05 20:00:00
6509,운동,,2026-10-05 20:00:00,2026-10-05 23:00:00
6510,공부,,2026-10-05 23:00:00,2026-10-06 00:00:00
6511,저녁식사,,2026-10-05 18:00:00,2026-10-05 19:00:00
6512,스포츠,,2026-10-06 08:00:00,2026-10-06 09:00:00
6513,공부,,2026-10-06 09:00:00,2026-10-06 12:00:00
6514,점심식사,,2026-10-06 12:00:00,2026-10-06 13:00:00
6515,실내활동,,2026-10-06 13:00:00,2026-10-06 16:00:00
6516,스포츠,,2026-10-06 16:00:00,2026-10-06 19:00:00
6517,공부,,2026-10-06 19:00:00,2026-10-06 20:00:00
6518,실내활동,,2026-10-06 20:00:00,2026-10-06 23:00:00
6519,스포츠,,2026-10-06 23:00:00,2026-10-07 00:00:00
6520,저녁식사,,2026-10-06 18:00:00,2026-10-06 19:00:00
6521,관람,,2026-10-07 08:00:00,2026-10-07 10:00:00
6522,운동,,2026-10-07 10:00:00,2026-10-07 11:00:00
6523,실내활동,,2026-10-07 11:00:00,2026-10-07 14:00:00
6524,관람,,2026-10-07 14:00:00,2026-10-07 15:00:00
6525,운동,,2026-10-07 15:00:00,2026-10-07 16:00:00
6526,실내활동,,2026-10-07 16:00:00,2026-10-07 19:00:00
6527,관람,,2026-10-07 19:00:00,2026-10-07 21:00:00
6528,운동,,2026-10-07 21:00:00,2026-10-07 22:00:00
6529,실내활동,,2026-10-07 22:00:00,2026-10-07 23:00:00
6530,관람,,2026-10-07 23:00:00,2026-10-08 00:00:00
6531,점심식사,,2026-10-07 12:00:00,2026-10-07 13:00:00
6532,저녁식사,,2026-10-07 18:00:00,2026-10-07 19:00:00
6533,운동,,2026-10-08 08:00:00,2026-10-08 09:00:00
6534,공부,,2026-10-08 09:00:00,2026-10-08 11:00:00
6535,공원,,2026-10-08 11:00:00,2026-10-08 12:00:00
6536,점심식사,,2026-10-08 12:00:00,2026-10-08 13:00:00
6537,운동,,2026-10-08 13:00:00,2026-10-08 14:00:00
6538,공부,,2026-10-08 14:00:00,2026-10-08 17:00:00
6539,공원,,2026-10-08 17:00:00,2026-10-08 20:00:00
6540,운동,,2026-10-08 20:00:00,2026-10-08 22:00:00
6541,공부,,2026-10-08 22:00:00,2026-10-08 23:00:00
6542,공원,,2026-10-08 23:00:00,2026-10-09 00:00:00
6543,저녁식사,,2026-10-08 18:00:00,2026-10-08 19:00:00
6544,스포츠,,2026-10-09 08:00:00,2026-10-09 09:00:00
6545,공부,,2026-10-09 09:00:00,2026-10-09 12:00:00
6546,점심식사,,2026-10-09 12:00:00,2026-10-09 13:00:00
6547,실내활동,,2026-10-09 13:00:00,2026-10-09 16:00:00
6548,스포츠,,2026-10-09 16:00:00,2026-10-09 18:00:00
6549,저녁식사,,2026-10-09 18:00:00,2026-10-09 19:00:00
6550,공부,,2026-10-09 19:00:00,2026-10-09 20:00:00
6551,실내활동,,2026-10-09 20:00:00,2026-10-09 22:00:00
6552,스포츠,,2026-10-09 22:00:00,2026-10-10 00:00:00
6553,관람,,2026-10-10 08:00:00,2026-10-10 11:00:00
6554,운동,,2026-10-10 11:00:00,2026-10-10 13:00:00
6555,실내활동,,2026-10-10 13:00:00,2026-10-10 15:00:00
6556,관람,,2026-10-10 15:00:00,2026-10-10 17:00:00
6557,운동,,2026-10-10 17:00:00,2026-10-10 18:00:00
6558,저녁식사,,2026-10-10 18:00:00,2026-10-10 19:00:00
6559,실내활동,,2026-10-10 19:00:00,2026-10-10 22:00:00
6560,관람,,2026-10-10 22:00:00,2026-10-11 00:00:00
6561,점심식사,,2026-10-10 12:00:00,2026-10-10 13:00:00
6562,스포츠,,2026-10-11 08:00:00,2026-10-11 11:00:00
6563,공부,,2026-10-11 11:00:00,2026-10-11 14:00:00
6564,실내활동,,2026-10-11 14:00:00,2026-10-11 17:00:00
6565,스포츠,,2026-10-11 17:00:00,2026-10-11 20:00:00
6566,공부,,2026-10-11 20:00:00,2026-10-11 21:00:00
6567,실내활동,,2026-10-11 21:00:00,2026-10-12 00:00:00
6568,점심식사,,2026-10-11 12:00:00,2026-10-11 13:00:00
6569,저녁식사,,2026-10-11 18:00:00,2026-10-11 19:00:00
6570,운동,,2026-10-12 08:00:00,2026-10-12 09:00:00
6571,공부,,2026-10-12 09:00:00,2026-10-12 12:00:00
6572,점심식사,,2026-10-12 12:00:00,2026-10-12 13:00:00
6573,공원,,2026-10-12 13:00:00,2026-10-12 16:00:00
6574,운동,,2026-10-12 16:00:00,2026-10-12 18:00:00
6575,저녁식사,,2026-10-12 18:00:00,2026-10-12 19:00:00
6576,공부,,2026-10-12 19:00:00,2026-10-12 20:00:00
6577,공원,,2026-10-12 20:00:00,2026-10-12 23:00:00
6578,운동,,2026-10-12 23:00:00,2026-10-13 00:00:00
6579,스포츠,,2026-10-13 08:00:00,2026-10-13 10:00:00
6580,공부,,2026-10-13 10:00:00,2026-10-13 13:00:00
6581,실내활동,,2026-10-13 13:00:00,2026-10-13 14:00:00
6582,스포츠,,2026-10-13 14:00:00,2026-10-13 16:00:00
6583,공부,,2026-10-13 16:00:00,2026-10-13 18:00:00
6584,저녁식사,,2026-10-13 18:00:00,2026-10-13 19:00:00
6585,실내활동,,2026-10-13 19:00:00,2026-10-13 20:00:00
6586,스포츠,,2026-10-13 20:00:00,2026-10-13 22:00:00
6587,공부,,2026-10-13 22:00:00,2026-10-13 23:00:00
6588,실내활동,,2026-10-13 23:00:00,2026-10-14 00:00:00
6589,점심식사,,2026-10-13 12:00:00,2026-10-13 13:00:00
6590,관람,,2026-10-14 08:00:00,2026-10-14 09:00:00
6591,운동,,2026-10-14 09:00:00,2026-10-14 11:00:00
6592,실내활동,,2026-10-14 11:00:00,2026-10-14 13:00:00
6593,관람,,2026-10-14 13:00:00,2026-10-14 14:00:00
6594,운동,,2026-10-14 14:00:00,2026-10-14 16:00:00
6595,실내활동,,2026-10-14 16:00:00,2026-10-14 17:00:00
6596,관람,,2026-10-14 17:00:00,2026-10-14 18:00:00
6597,저녁식사,,2026-10-14 18:00:00,2026-10-14 19:00:00
6598,운동,,2026-10-14 19:00:00,2026-10-14 21:00:00
6599,실내활동,,2026-10-14 21:00:00,2026-10-14 22:00:00
6600,관람,,2026-10-14 22:00:00,2026-10-14 23:00:00
6601,운동,,2026-10-14 23:00:00,2026-10-15 00:00:00
6602,점심식사,,2026-10-14 12:00:00,2026-10-14 13:00:00
6603,운동,,2026-10-15 08:00:00,2026-10-15 10:00:00
6604,공부,,2026-10-15 10:00:00,2026-10-15 12:00:00
6605,점심식사,,2026-10-15 12:00:00,2026-10-15 13:00:00
6606,공원,,2026-10-15 13:00:00,2026-10-15 15:00:00
6607,운동,,2026-10-15 15:00:00,2026-10-15 16:00:00
6608,공부,,2026-10-15 16:00:00,2026-10-15 18:00:00
6609,저녁식사,,2026-10-15 18:00:00,2026-10-15 19:00:00
6610,공원,,2026-10-15 19:00:00,2026-10-15 21:00:00
6611,운동,,2026-10-15 21:00:00,2026-10-15 22:00:00
6612,공부,,2026-10-15 22:00:00,2026-10-15 23:00:00
6613,공원,,2026-10-15 23:00:00,2026-10-16 00:00:00
6614,스포츠,,2026-10-16 08:00:00,2026-10-16 11:00:00
6615,공부,,2026-10-16 11:00:00,2026-10-16 14:00:00
6616,실내활동,,2026-10-16 14:00:00,2026-10-16 15:00:00
6617,스포츠,,2026-10-16 15:00:00,2026-10-16 17:00:00
6618,공부,,2026-10-16 17:00:00,2026-10-16 18:00:00
6619,저녁식사,,2026-10-16 18:00:00,2026-10-16 19:00:00
6620,실내활동,,2026-10-16 19:00:00,2026-10-16 21:00:00
6621,스포츠,,2026-10-16 21:00:00,2026-10-16 23:00:00
6622,공부,,2026-10-16 23:00:00,2026-10-17 00:00:00
6623,점심식사,,2026-10-16 12:00:00,2026-10-16 13:00:00
6624,관람,,2026-10-17 08:00:00,2026-10-17 09:00:00
6625,운동,,2026-10-17 09:00:00,2026-10-17 11:00:00
6626,실내활동,,2026-10-17 11:00:00,2026-10-17 13:00:00
6627,관람,,2026-10-17 13:00:00,2026-10-17 16:00:00
6628,운동,,2026-10-17 16:00:00,2026-10-17 17:00:00
6629,실내활동,,2026-10-17 17:00:00,2026-10-17 19:00:00
6630,관람,,2026-10-17 19:00:00,2026-10-17 21:00:00
6631,운동,,2026-10-17 21:00:00,2026-10-18 00:00:00
6632,점심식사,,2026-10-17 12:00:00,2026-10-17 13:00:00
6633,저녁식사,,2026-10-17 18:00:00,2026-10-17 19:00:00
6634,스포츠,,2026-10-18 08:00:00,2026-10-18 11:00:00
6635,공부,,2026-10-18 11:00:00,2026-10-18 13:00:00
6636,실내활동,,2026-10-18 13:00:00,2026-10-18 16:00:00
6637,스포츠,,2026-10-18 16:00:00,2026-10-18 18:00:00
6638,저녁식사,,2026-10-18 18:00:00,2026-10-18 19:00:00
6639,공부,,2026-10-18 19:00:00,2026-10-18 21:00:00
6640,실내활동,,2026-10-18 21:00:00,2026-10-18 23:00:00
6641,스포츠,,2026-10-18 23:00:00,2026-10-19 00:00:00
6642,점심식사,,2026-10-18 12:00:00,2026-10-18 13:00:00
6643,운동,,2026-10-19 08:00:00,2026-10-19 11:00:00
6644,공부,,2026-10-19 11:00:00,2026-10-19 12:00:00
6645,점심식사,,2026-10-19 12:00:00,2026-10-19 13:00:00
6646,공원,,2026-10-19 13:00:00,2026-10-19 15:00:00
6647,운동,,2026-10-19 15:00:00,2026-10-19 16:00:00
6648,공부,,2026-10-19 16:00:00,2026-10-19 19:00:00
6649,공원,,2026-10-19 19:00:00,2026-10-19 21:00:00
6650,운동,,2026-10-19 21:00:00,2026-10-20 00:00:00
6651,저녁식사,,2026-10-19 18:00:00,2026-10-19 19:00:00
6652,스포츠,,2026-10-20 08:00:00,2026-10-20 10:00:00
6653,공부,,2026-10-20 10:00:00,2026-10-20 11:00:00
6654,실내활동,,2026-10-20 11:00:00,2026-10-20 12:00:00
6655,점심식사,,2026-10-20 12:00:00,2026-10-20 13:00:00
6656,스포츠,,2026-10-20 13:00:00,2026-10-20 14:00:00
6657,공부,,2026-10-20 14:00:00,2026-10-20 15:00:00
6658,실내활동,,2026-10-20 15:00:00,2026-10-20 17:00:00
6659,스포츠,,2026-10-20 17:00:00,2026-10-20 19:00:00
6660,공부,,2026-10-20 19:00:00,2026-10-20 20:00:00
6661,실내활동,,2026-10-20 20:00:00,2026-10-20 21:00:00
6662,스포츠,,2026-10-20 21:00:00,2026-10-20 23:00:00
6663,공부,,2026-10-20 23:00:00,2026-10-21 00:00:00
6664,저녁식사,,2026-10-20 18:00:00,2026-10-20 19:00:00
6665,관람,,2026-10-21 08:00:00,2026-10-21 11:00:00
6666,운동,,2026-10-21 11:00:00,2026-10-21 14:00:00
6667,실내활동,,2026-10-21 14:00:00,2026-10-21 16:00:00
6668,관람,,2026-10-21 16:00:00,2026-10-21 19:00:00
6669,운동,,2026-10-21 19:00:00,2026-10-21 21:00:00
6670,실내활동,,2026-10-21 21:00:00,2026-10-21 22:00:00
6671,관람,,2026-10-21 22:00:00,2026-10-22 00:00:00
6672,점심식사,,2026-10-21 12:00:00,2026-10-21 13:00:00
6673,저녁식사,,2026-10-21 18:00:00,2026-10-21 19:00:00
6674,운동,,2026-10-22 08:00:00,2026-10-22 09:00:00
6675,공부,,2026-10-22 09:00:00,2026-10-22 11:00:00
6676,공원,,2026-10-22 11:00:00,2026-10-22 12:00:00
6677,점심식사,,2026-10-22 12:00:00,2026-10-22 13:00:00
6678,운동,,2026-10-22 13:00:00,2026-10-22 15:00:00
6679,공부,,2026-10-22 15:00:00,2026-10-22 17:00:00
6680,공원,,2026-10-22 17:00:00,2026-10-22 20:00:00
6681,운동,,2026-10-22 20:00:00,2026-10-22 23:00:00
6682,공부,,2026-10-22 23:00:00,2026-10-23 00:00:00
6683,저녁식사,,2026-10-22 18:00:00,2026-10-22 19:00:00
6684,스포츠,,2026-10-23 08:00:00,2026-10-23 11:00:00
6685,공부,,2026-10-23 11:00:00,2026-10-23 13:00:00
6686,실내활동,,2026-10-23 13:00:00,2026-10-23 14:00:00
6687,스포츠,,2026-10-23 14:00:00,2026-10-23 15:00:00
6688,공부,,2026-10-23 15:00:00,2026-10-23 18:00:00
6689,저녁식사,,2026-10-23 18:00:00,2026-10-23 19:00:00
6690,실내활동,,2026-10-23 19:00:00,2026-10-23 20:00:00
6691,스포츠,,2026-10-23 20:00:00,2026-10-23 22:00:00
6692,공부,,2026-10-23 22:00:00,2026-10-24 00:00:00
6693,점심식사,,2026-10-23 12:00:00,2026-10-23 13:00:00
6694,관람,,2026-10-24 08:00:00,2026-10-24 09:00:00
6695,운동,,2026-10-24 09:00:00,2026-10-24 11:00:00
6696,실내활동,,2026-10-24 11:00:00,2026-10-24 14:00:00
6697,관람,,2026-10-24 14:00:00,2026-10-24 15:00:00
6698,운동,,2026-10-24 15:00:00,2026-10-24 16:00:00
6699,실내활동,,2026-10-24 16:00:00,2026-10-24 18:00:00
6700,저녁식사,,2026-10-24 18:00:00,2026-10-24 19:00:00
6701,관람,,2026-10-24 19:00:00,2026-10-24 21:00:00
6702,운동,,2026-10-24 21:00:00,2026-10-25 00:00:00
6703,점심식사,,2026-10-24 12:00:00,2026-10-24 13:00:00
6704,스포츠,,2026-10-25 08:00:00,2026-10-25 11:00:00
6705,공부,,2026-10-25 11:00:00,2026-10-25 14:00:00
6706,실내활동,,2026-10-25 14:00:00,2026-10-25 15:00:00
6707,스포츠,,2026-10-25 15:00:00,2026-10-25 17:00:00
6708,공부,,2026-10-25 17:00:00,2026-10-25 20:00:00
6709,실내활동,,2026-10-25 20:00:00,2026-10-25 22:00:00
6710,스포츠,,2026-10-25 22:00:00,2026-10-26 00:00:00
6711,점심식사,,2026-10-25 12:00:00,2026-10-25 13:00:00
6712,저녁식사,,2026-10-25 18:00:00,2026-10-25 19:00:00
6713,운동,,2026-10-26 08:00:00,2026-10-26 09:00:00
6714,공부,,2026-10-26 09:00:00,2026-10-26 12:00:00
6715,점심식사,,2026-10-26 12:00:00,2026-10-26 13:00:00
6716,공원,,2026-10-26 13:00:00,2026-10-26 16:00:00
6717,운동,,2026-10-26 16:00:00,2026-10-26 18:00:00
6718,저녁식사,,2026-10-26 18:00:00,2026-10-26 19:00:00
6719,공부,,2026-10-26 19:00:00,2026-10-26 21:00:00
6720,공원,,2026-10-26 21:00:00,2026-10-27 00:00:00
6721,스포츠,,2026-10-27 08:00:00,2026-10-27 09:00:00
6722,공부,,2026-10-27 09:00:00,2026-10-27 11:00:00
6723,실내활동,,2026-10-27 11:00:00,2026-10-27 13:00:00
6724,스포츠,,2026-10-27 13:00:00,2026-10-27 14:00:00
6725,공부,,2026-10-27 14:00:00,2026-10-27 15:00:00
6726,실내활동,,2026-10-27 15:00:00,2026-10-27 17:00:00
6727,스포츠,,2026-10-27 17:00:00,2026-10-27 18:00:00
6728,저녁식사,,2026-10-27 18:00:00,2026-10-27 19:00:00
6729,공부,,2026-10-27 19:00:00,2026-10-27 21:00:00
6730,실내활동,,2026-10-27 21:00:00,2026-10-27 23:00:00
6731,스포츠,,2026-10-27 23:00:00,2026-10-28 00:00:00
6732,점심식사,,2026-10-27 12:00:00,2026-10-27 13:00:00
6733,관람,,2026-10-28 08:00:00,2026-10-28 10:00:00
6734,운동,,2026-10-28 10:00:00,2026-10-28 12:00:00
6735,점심식사,,2026-10-28 12:00:00,2026-10-28 13:00:00
6736,실내활동,,2026-10-28 13:00:00,2026-10-28 16:00:00
6737,관람,,2026-10-28 16:00:00,2026-10-28 17:00:00
6738,운동,,2026-10-28 17:00:00,2026-10-28 19:00:00
6739,실내활동,,2026-10-28 19:00:00,2026-10-28 20:00:00
6740,관람,,2026-10-28 20:00:00,2026-10-28 21:00:00
6741,운동,,2026-10-28 21:00:00,2026-10-28 22:00:00
6742,실내활동,,2026-10-28 22:00:00,2026-10-29 00:00:00
6743,저녁식사,,2026-10-28 18:00:00,2026-10-28 19:00:00
6744,운동,,2026-10-29 08:00:00,2026-10-29 11:00:00
6745,공부,,2026-10-29 11:00:00,2026-10-29 14:00:00
6746,공원,,2026-10-29 14:00:00,2026-10-29 17:00:00
6747,운동,,2026-10-29 17:00:00,2026-10-29 18:00:00
6748,저녁식사,,2026-10-29 18:00:00,2026-10-29 19:00:00
6749,공부,,2026-10-29 19:00:00,2026-10-29 22:00:00
6750,공원,,2026-10-29 22:00:00,2026-10-29 23:00:00
6751,운동,,2026-10-29 23:00:00,2026-10-30 00:00:00
6752,점심식사,,2026-10-29 12:00:00,2026-10-29 13:00:00
6753,스포츠,,2026-10-30 08:00:00,2026-10-30 09:00:00
6754,공부,,2026-10-30 09:00:00,2026-10-30 10:00:00
6755,실내활동,,2026-10-30 10:00:00,2026-10-30 13:00:00
6756,스포츠,,2026-10-30 13:00:00,2026-10-30 15:00:00
6757,공부,,2026-10-30 15:00:00,2026-10-30 17:00:00
6758,실내활동,,2026-10-30 17:00:00,2026-10-30 20:00:00
6759,스포츠,,2026-10-30 20:00:00,2026-10-30 22:00:00
6760,공부,,2026-10-30 22:00:00,2026-10-30 23:00:00
6761,실내활동,,2026-10-30 23:00:00,2026-10-31 00:00:00
6762,점심식사,,2026-10-30 12:00:00,2026-10-30 13:00:00
6763,저녁식사,,2026-10-30 18:00:00,2026-10-30 19:00:00
6764,관람,,2026-10-31 08:00:00,2026-10-31 11:00:00
6765,운동,,2026-10-31 11:00:00,2026-10-31 14:00:00
6766,실내활동,,2026-10-31 14:00:00,2026-10-31 17:00:00
6767,관람,,2026-10-31 17:00:00,2026-10-31 18:00:00
6768,저녁식사,,2026-10-31 18:00:00,2026-10-31 19:00:00
6769,운동,,2026-10-31 19:00:00,2026-10-31 20:00:00
6770,실내활동,,2026-10-31 20:00:00,2026-10-31 23:00:00
6771,관람,,2026-10-31 23:00:00,2026-11-01 00:00:00
6772,점심식사,,2026-10-31 12:00:00,2026-10-31 13:00:00
6773,스포츠,,2026-11-01 08:00:00,2026-11-01 09:00:00
6774,공부,,2026-11-01 09:00:00,2026-11-01 12:00:00
6775,점심식사,,2026-11-01 12:00:00,2026-11-01 13:00:00
6776,실내활동,,2026-11-01 13:00:00,2026-11-01 15:00:00
6777,스포츠,,2026-11-01 15:00:00,2026-11-01 16:00:00
6778,공부,,2026-11-01 16:00:00,2026-11-01 17:00:00
6779,실내활동,,2026-11-01 17:00:00,2026-11-01 20:00:00
6780,스포츠,,2026-11-01 20:00:00,2026-11-01 22:00:00
6781,공부,,2026-11-01 22:00:00,2026-11-02 00:00:00
6782,저녁식사,,2026-11-01 18:00:00,2026-11-01 19:00:00
6783,운동,,2026-11-02 08:00:00,2026-11-02 09:00:00
6784,공부,,2026-11-02 09:00:00,2026-11-02 11:00:00
6785,공원,,2026-11-02 11:00:00,2026-11-02 13:00:00
6786,운동,,2026-11-02 13:00:00,2026-11-02 15:00:00
6787,공부,,2026-11-02 15:00:00,2026-11-02 18:00:00
6788,저녁식사,,2026-11-02 18:00:00,2026-11-02 19:00:00
6789,공원,,2026-11-02 19:00:00,2026-11-02 22:00:00
6790,운동,,2026-11-02 22:00:00,2026-11-03 00:00:00
6791,점심식사,,2026-11-02 12:00:00,2026-11-02 13:00:00
6792,스포츠,,2026-11-03 08:00:00,2026-11-03 09:00:00
6793,공부,,2026-11-03 09:00:00,2026-11-03 10:00:00
6794,실내활동,,2026-11-03 10:00:00,2026-11-03 11:00:00
6795,스포츠,,2026-11-03 11:00:00,2026-11-03 14:00:00
6796,공부,,2026-11-03 14:00:00,2026-11-03 17:00:00
6797,실내활동,,2026-11-03 17:00:00,2026-11-03 20:00:00
6798,스포츠,,2026-11-03 20:00:00,2026-11-03 23:00:00
6799,공부,,2026-11-03 23:00:00,2026-11-04 00:00:00
6800,점심식사,,2026-11-03 12:00:00,2026-11-03 13:00:00
6801,저녁식사,,2026-11-03 18:00:00,2026-11-03 19:00:00
6802,관람,,2026-11-04 08:00:00,2026-11-04 10:00:00
6803,운동,,2026-11-04 10:00:00,2026-11-04 12:00:00
6804,점심식사,,2026-11-04 12:00:00,2026-11-04 13:00:00
6805,실내활동,,2026-11-04 13:00:00,2026-11-04 16:00:00
6806,관람,,2026-11-04 16:00:00,2026-11-04 19:00:00
6807,운동,,2026-11-04 19:00:00,2026-11-04 20:00:00
6808,실내활동,,2026-11-04 20:00:00,2026-11-04 23:00:00
6809,관람,,2026-11-04 23:00:00,2026-11-05 00:00:00
6810,저녁식사,,2026-11-04 18:00:00,2026-11-04 19:00:00
6811,운동,,2026-11-05 08:00:00,2026-11-05 10:00:00
6812,공부,,2026-11-05 10:00:00,2026-11-05 11:00:00
6813,공원,,2026-11-05 11:00:00,2026-11-05 12:00:00
6814,점심식사,,2026-11-05 12:00:00,2026-11-05 13:00:00
6815,운동,,2026-11-05 13:00:00,2026-11-05 16:00:00
6816,공부,,2026-11-05 16:00:00,2026-11-05 18:00:00
6817,저녁식사,,2026-11-05 18:00:00,2026-11-05 19:00:00
6818,공원,,2026-11-05 19:00:00,2026-11-05 21:00:00
6819,운동,,2026-11-05 21:00:00,2026-11-06 00:00:00
6820,스포츠,,2026-11-06 08:00:00,2026-11-06 09:00:00
6821,공부,,2026-11-06 09:00:00,2026-11-06 12:00:00
6822,점심식사,,2026-11-06 12:00:00,2026-11-06 13:00:00
6823,실내활동,,2026-11-06 13:00:00,2026-11-06 16:00:00
6824,스포츠,,2026-11-06 16:00:00,2026-11-06 19:00:00
6825,공부,,2026-11-06 19:00:00,2026-11-06 22:00:00
6826,실내활동,,2026-11-06 22:00:00,2026-11-07 00:00:00
6827,저녁식사,,2026-11-06 18:00:00,2026-11-06 19:00:00
6828,관람,,2026-11-07 08:00:00,2026-11-07 10:00:00
6829,운동,,2026-11-07 10:00:00,2026-11-07 13:00:00
6830,실내활동,,2026-11-07 13:00:00,2026-11-07 16:00:00
6831,관람,,2026-11-07 16:00:00,2026-11-07 19:00:00
6832,운동,,2026-11-07 19:00:00,2026-11-07 22:00:00
6833,실내활동,,2026-11-07 22:00:00,2026-11-08 00:00:00
6834,점심식사,,2026-11-07 12:00:00,2026-11-07 13:00:00
6835,저녁식사,,2026-11-07 18:00:00,2026-11-07 19:00:00
6836,스포츠,,2026-11-08 08:00:00,2026-11-08 11:00:00
6837,공부,,2026-11-08 11:00:00,2026-11-08 13:00:00
6838,실내활동,,2026-11-08 13:00:00,2026-11-08 15:00:00
6839,스포츠,,2026-11-08 15:00:00,2026-11-08 17:00:00
6840,공부,,2026-11-08 17:00:00,2026-11-08 18:00:00
6841,저녁식사,,2026-11-08 18:00:00,2026-11-08 19:00:00
6842,실내활동,,2026-11-08 19:00:00,2026-11-08 20:00:00
6843,스포츠,,2026-11-08 20:00:00,2026-11-08 22:00:00
6844,공부,,2026-11-08 22:00:00,2026-11-08 23:00:00
6845,실내활동,,2026-11-08 23:00:00,2026-11-09 00:00:00
6846,점심식사,,2026-11-08 12:00:00,2026-11-08 13:00:00
6847,운동,,2026-11-09 08:00:00,2026-11-09 10:00:00
6848,공부,,2026-11-09 10:00:00,2026-11-09 11:00:00
6849,공원,,2026-11-09 11:00:00,2026-11-09 14:00:00
6850,운동,,2026-11-09 14:00:00,2026-11-09 16:00:00
6851,공부,,2026-11-09 16:00:00,2026-11-09 18:00:00
6852,저녁식사,,2026-11-09 18:00:00,2026-11-09 19:00:00
6853,공원,,2026-11-09 19:00:00,2026-11-09 20:00:00
6854,운동,,2026-11-09 20:00:00,2026-11-09 23:00:00
6855,공부,,2026-11-09 23:00:00,2026-11-10 00:00:00
6856,점심식사,,2026-11-09 12:00:00,2026-11-09 13:00:00
6857,스포츠,,2026-11-10 08:00:00,2026-11-10 11:00:00
6858,공부,,2026-11-10 11:00:00,2026-11-10 12:00:00
6859,점심식사,,2026-11-10 12:00:00,2026-11-10 13:00:00
6860,실내활동,,2026-11-10 13:00:00,2026-11-10 14:00:00
6861,스포츠,,2026-11-10 14:00:00,2026-11-10 17:00:00
6862,공부,,2026-11-10 17:00:00,2026-11-10 20:00:00
6863,실내활동,,2026-11-10 20:00:00,2026-11-10 22:00:00
6864,스포츠,,2026-11-10 22:00:00,2026-11-11 00:00:00
6865,저녁식사,,2026-11-10 18:00:00,2026-11-10 19:00:00
6866,관람,,2026-11-11 08:00:00,2026-11-11 10:00:00
6867,운동,,2026-11-11 10:00:00,2026-11-11 11:00:00
6868,실내활동,,2026-11-11 11:00:00,2026-11-11 13:00:00
6869,관람,,2026-11-11 13:00:00,2026-11-11 15:00:00
6870,운동,,2026-11-11 15:00:00,2026-11-11 18:00:00
6871,저녁식사,,2026-11-11 18:00:00,2026-11-11 19:00:00
6872,실내활동,,2026-11-11 19:00:00,2026-11-11 20:00:00
6873,관람,,2026-11-11 20:00:00,2026-11-11 21:00:00
6874,운동,,2026-11-11 21:00:00,2026-11-12 00:00:00
6875,점심식사,,2026-11-11 12:00:00,2026-11-11 13:00:00
6876,운동,,2026-11-12 08:00:00,2026-11-12 09:00:00
6877,공부,,2026-11-12 09:00:00,2026-11-12 11:00:00
6878,공원,,2026-11-12 11:00:00,2026-11-12 14:00:00
6879,운동,,2026-11-12 14:00:00,2026-11-12 15:00:00
6880,공부,,2026-11-12 15:00:00,2026-11-12 18:00:00
6881,저녁식사,,2026-11-12 18:00:00,2026-11-12 19:00:00
6882,공원,,2026-11-12 19:00:00,2026-11-12 22:00:00
6883,운동,,2026-11-12 22:00:00,2026-11-13 00:00:00
6884,점심식사,,2026-11-12 12:00:00,2026-11-12 13:00:00
6885,스포츠,,2026-11-13 08:00:00,2026-11-13 11:00:00
6886,공부,,2026-11-13 11:00:00,2026-11-13 13:00:00
6887,실내활동,,2026-11-13 13:00:00,2026-11-13 16:00:00
6888,스포츠,,2026-11-13 16:00:00,2026-11-13 19:00:00
6889,공부,,2026-11-13 19:00:00,2026-11-13 21:00:00
6890,실내활동,,2026-11-13 21:00:00,2026-11-13 22:00:00
6891,스포츠,,2026-11-13 22:00:00,2026-11-13 23:00:00
6892,공부,,2026-11-13 23:00:00,2026-11-14 00:00:00
6893,점심식사,,2026-11-13 12:00:00,2026-11-13 13:00:00
6894,저녁식사,,2026-11-13 18:00:00,2026-11-13 19:00:00
6895,관람,,2026-11-14 08:00:00,2026-11-14 11:00:00
6896,운동,,2026-11-14 11:00:00,2026-11-14 12:00:00
6897,점심식사,,2026-11-14 12:00:00,2026-11-14 13:00:00
6898,실내활동,,2026-11-14 13:00:00,2026-11-14 16:00:00
6899,관람,,2026-11-14 16:00:00,2026-11-14 17:00:00
6900,운동,,2026-11-14 17:00:00,2026-11-14 20:00:00
6901,실내활동,,2026-11-14 20:00:00,2026-11-14 23:00:00
6902,관람,,2026-11-14 23:00:00,2026-11-15 00:00:00
6903,저녁식사,,2026-11-14 18:00:00,2026-11-14 19:00:00
6904,스포츠,,2026-11-15 08:00:00,2026-11-15 09:00:00
6905,공부,,2026-11-15 09:00:00,2026-11-15 10:00:00
6906,실내활동,,2026-11-15 10:00:00,2026-11-15 11:00:00
6907,스포츠,,2026-11-15 11:00:00,2026-11-15 12:00:00
6908,점심식사,,2026-11-15 12:00:00,2026-11-15 13:00:00
6909,공부,,2026-11-15 13:00:00,2026-11-15 15:00:00
6910,실내활동,,2026-11-15 15:00:00,2026-11-15 16:00:00
6911,스포츠,,2026-11-15 16:00:00,2026-11-15 17:00:00
6912,공부,,2026-11-15 17:00:00,2026-11-15 19:00:00
6913,실내활동,,2026-11-15 19:00:00,2026-11-15 20:00:00
6914,스포츠,,2026-11-15 20:00:00,2026-11-15 22:00:00
6915,공부,,2026-11-15 22:00:00,2026-11-15 23:00:00
6916,실내활동,,2026-11-15 23:00:00,2026-11-16 00:00:00
6917,저녁식사,,2026-11-15 18:00:00,2026-11-15 19:00:00
6918,운동,,2026-11-16 08:00:00,2026-11-16 11:00:00
6919,공부,,2026-11-16 11:00:00,2026-11-16 12:00:00
6920,점심식사,,2026-11-16 12:00:00,2026-11-16 13:00:00
6921,공원,,2026-11-16 13:00:00,2026-11-16 14:00:00
6922,운동,,2026-11-16 14:00:00,2026-11-16 17:00:00
6923,공부,,2026-11-16 17:00:00,2026-11-16 20:00:00
6924,공원,,2026-11-16 20:00:00,2026-11-16 22:00:00
6925,운동,,2026-11-16 22:00:00,2026-11-17 00:00:00
6926,저녁식사,,2026-11-16 18:00:00,2026-11-16 19:00:00
6927,스포츠,,2026-11-17 08:00:00,2026-11-17 09:00:00
6928,공부,,2026-11-17 09:00:00,2026-11-17 12:00:00
6929,점심식사,,2026-11-17 12:00:00,2026-11-17 13:00:00
6930,실내활동,,2026-11-17 13:00:00,2026-11-17 16:00:00
6931,스포츠,,2026-11-17 16:00:00,2026-11-17 18:00:00
6932,저녁식사,,2026-11-17 18:00:00,2026-11-17 19:00:00
6933,공부,,2026-11-17 19:00:00,2026-11-17 22:00:00
6934,실내활동,,2026-11-17 22:00:00,2026-11-18 00:00:00
6935,관람,,2026-11-18 08:00:00,2026-11-18 10:00:00
6936,운동,,2026-11-18 10:00:00,2026-11-18 13:00:00
6937,실내활동,,2026-11-18 13:00:00,2026-11-18 15:00:00
6938,관람,,2026-11-18 15:00:00,2026-11-18 17:00:00
6939,운동,,2026-11-18 17:00:00,2026-11-18 18:00:00
6940,저녁식사,,2026-11-18 18:00:00,2026-11-18 19:00:00
6941,실내활동,,2026-11-18 19:00:00,2026-11-18 22:00:00
6942,관람,,2026-11-18 22:00:00,2026-11-18 23:00:00
6943,운동,,2026-11-18 23:00:00,2026-11-19 00:00:00
6944,점심식사,,2026-11-18 12:00:00,2026-11-18 13:00:00
6945,운동,,2026-11-19 08:00:00,2026-11-19 09:00:00
6946,공부,,2026-11-19 09:00:00,2026-11-19 10:00:00
6947,공원,,2026-11-19 10:00:00,2026-11-19 13:00:00
6948,운동,,2026-11-19 13:00:00,2026-11-19 16:00:00
6949,공부,,2026-11-19 16:00:00,2026-11-19 18:00:00
6950,저녁식사,,2026-11-19 18:00:00,2026-11-19 19:00:00
6951,공원,,2026-11-19 19:00:00,2026-11-19 20:00:00
6952,운동,,2026-11-19 20:00:00,2026-11-19 23:00:00
6953,공부,,2026-11-19 23:00:00,2026-11-20 00:00:00
6954,점심식사,,2026-11-19 12:00:00,2026-11-19 13:00:00
6955,스포츠,,2026-11-20 08:00:00,2026-11-20 09:00:00
6956,공부,,2026-11-20 09:00:00,2026-11-20 11:00:00
6957,실내활동,,2026-11-20 11:00:00,2026-11-20 14:00:00
6958,스포츠,,2026-11-20 14:00:00,2026-11-20 16:00:00
6959,공부,,2026-11-20 16:00:00,2026-11-20 18:00:00
6960,저녁식사,,2026-11-20 18:00:00,2026-11-20 19:00:00
6961,실내활동,,2026-11-20 19:00:00,2026-11-20 21:00:00
6962,스포츠,,2026-11-20 21:00:00,2026-11-21 00:00:00
6963,점심식사,,2026-11-20 12:00:00,2026-11-20 13:00:00
6964,관람,,2026-11-21 08:00:00,2026-11-21 10:00:00
6965,운동,,2026-11-21 10:00:00,2026-11-21 13:00:00
6966,실내활동,,2026-11-21 13:00:00,2026-11-21 16:00:00
6967,관람,,2026-11-21 16:00:00,2026-11-21 18:00:00
6968,저녁식사,,2026-11-21 18:00:00,2026-11-21 19:00:00
6969,운동,,2026-11-21 19:00:00,2026-11-21 22:00:00
6970,실내활동,,2026-11-21 22:00:00,2026-11-22 00:00:00
6971,점심식사,,2026-11-21 12:00:00,2026-11-21 13:00:00
6972,스포츠,,2026-11-22 08:00:00,2026-11-22 09:00:00
6973,공부,,2026-11-22 09:00:00,2026-11-22 12:00:00
6974,점심식사,,2026-11-22 12:00:00,2026-11-22 13:00:00
6975,실내활동,,2026-11-22 13:00:00,2026-11-22 16:00:00
6976,스포츠,,2026-11-22 16:00:00,2026-11-22 18:00:00
6977,저녁식사,,2026-11-22 18:00:00,2026-11-22 19:00:00
6978,공부,,2026-11-22 19:00:00,2026-11-22 22:00:00
6979,실내활동,,2026-11-22 22:00:00,2026-11-23 00:00:00
6980,운동,,2026-11-23 08:00:00,2026-11-23 10:00:00
6981,공부,,2026-11-23 10:00:00,2026-11-23 13:00:00
6982,공원,,2026-11-23 13:00:00,2026-11-23 16:00:00
6983,운동,,2026-11-23 16:00:00,2026-11-23 17:00:00
6984,공부,,2026-11-23 17:00:00,2026-11-23 18:00:00
6985,저녁식사,,2026-11-23 18:00:00,2026-11-23 19:00:00
6986,공원,,2026-11-23 19:00:00,2026-11-23 21:00:00
6987,운동,,2026-11-23 21:00:00,2026-11-23 22:00:00
6988,공부,,2026-11-23 22:00:00,2026-11-24 00:00:00
6989,점심식사,,2026-11-23 12:00:00,2026-11-23 13:00:00
6990,스포츠,,2026-11-24 08:00:00,2026-11-24 09:00:00
6991,공부,,2026-11-24 09:00:00,2026-11-24 11:00:00
6992,실내활동,,2026-11-24 11:00:00,2026-11-24 13:00:00
6993,스포츠,,2026-11-24 13:00:00,2026-11-24 15:00:00
6994,공부,,2026-11-24 15:00:00,2026-11-24 16:00:00
6995,실내활동,,2026-11-24 16:00:00,2026-11-24 18:00:00
6996,저녁식사,,2026-11-24 18:00:00,2026-11-24 19:00:00
6997,스포츠,,2026-11-24 19:00:00,2026-11-24 20:00:00
6998,공부,,2026-11-24 20:00:00,2026-11-24 21:00:00
6999,실내활동,,2026-11-24 21:00:00,2026-11-25 00:00:00
7000,점심식사,,2026-11-24 12:00:00,2026-11-24 13:00:00
7001,관람,,2026-11-25 08:00:00,2026-11-25 10:00:00
7002,운동,,2026-11-25 10:00:00,2026-11-25 13:00:00
7003,실내활동,,2026-11-25 13:00:00,2026-11-25 15:00:00
7004,관람,,2026-11-25 15:00:00,2026-11-25 17:00:00
7005,운동,,2026-11-25 17:00:00,2026-11-25 18:00:00
7006,저녁식사,,2026-11-25 18:00:00,2026-11-25 19:00:00
7007,실내활동,,2026-11-25 19:00:00,2026-11-25 22:00:00
7008,관람,,2026-11-25 22:00:00,2026-11-26 00:00:00
7009,점심식사,,2026-11-25 12:00:00,2026-11-25 13:00:00
7010,운동,,2026-11-26 08:00:00,2026-11-26 09:00:00
7011,공부,,2026-11-26 09:00:00,2026-11-26 11:00:00
7012,공원,,2026-11-26 11:00:00,2026-11-26 14:00:00
7013,운동,,2026-11-26 14:00:00,2026-11-26 17:00:00
7014,공부,,2026-11-26 17:00:00,2026-11-26 20:00:00
7015,공원,,2026-11-26 20:00:00,2026-11-26 21:00:00
7016,운동,,2026-11-26 21:00:00,2026-11-26 23:00:00
7017,공부,,2026-11-26 23:00:00,2026-11-27 00:00:00
7018,점심식사,,2026-11-26 12:00:00,2026-11-26 13:00:00
7019,저녁식사,,2026-11-26 18:00:00,2026-11-26 19:00:00
7020,스포츠,,2026-11-27 08:00:00,2026-11-27 09:00:00
7021,공부,,2026-11-27 09:00:00,2026-11-27 10:00:00
7022,실내활동,,2026-11-27 10:00:00,2026-11-27 11:00:00
7023,스포츠,,2026-11-27 11:00:00,2026-11-27 12:00:00
7024,점심식사,,2026-11-27 12:00:00,2026-11-27 13:00:00
7025,공부,,2026-11-27 13:00:00,2026-11-27 15:00:00
7026,실내활동,,2026-11-27 15:00:00,2026-11-27 17:00:00
7027,스포츠,,2026-11-27 17:00:00,2026-11-27 19:00:00
7028,공부,,2026-11-27 19:00:00,2026-11-27 21:00:00
7029,실내활동,,2026-11-27 21:00:00,2026-11-28 00:00:00
7030,저녁식사,,2026-11-27 18:00:00,2026-11-27 19:00:00
7031,관람,,2026-11-28 08:00:00,2026-11-28 10:00:00
7032,운동,,2026-11-28 10:00:00,2026-11-28 11:00:00
7033,실내활동,,2026-11-28 11:00:00,2026-11-28 14:00:00
7034,관람,,2026-11-28 14:00:00,2026-11-28 17:00:00
7035,운동,,2026-11-28 17:00:00,2026-11-28 18:00:00
7036,저녁식사,,2026-11-28 18:00:00,2026-11-28 19:00:00
7037,실내활동,,2026-11-28 19:00:00,2026-11-28 21:00:00
7038,관람,,2026-11-28 21:00:00,2026-11-28 23:00:00
7039,운동,,2026-11-28 23:00:00,2026-11-29 00:00:00
7040,점심식사,,2026-11-28 12:00:00,2026-11-28 13:00:00
7041,스포츠,,2026-11-29 08:00:00,2026-11-29 10:00:00
7042,공부,,2026-11-29 10:00:00,2026-11-29 13:00:00
7043,실내활동,,2026-11-29 13:00:00,2026-11-29 16:00:00
7044,스포츠,,2026-11-29 16:00:00,2026-11-29 18:00:00
7045,저녁식사,,2026-11-29 18:00:00,2026-11-29 19:00:00
7046,공부,,2026-11-29 19:00:00,2026-11-29 20:00:00
7047,실내활동,,2026-11-29 20:00:00,2026-11-29 22:00:00
7048,스포츠,,2026-11-29 22:00:00,2026-11-30 00:00:00
7049,점심식사,,2026-11-29 12:00:00,2026-11-29 13:00:00
7050,운동,,2026-11-30 08:00:00,2026-11-30 10:00:00
7051,공부,,2026-11-30 10:00:00,2026-11-30 11:00:00
7052,공원,,2026-11-30 11:00:00,2026-11-30 14:00:00
7053,운동,,2026-11-30 14:00:00,2026-11-30 15:00:00
7054,공부,,2026-11-30 15:00:00,2026-11-30 16:00:00
7055,공원,,2026-11-30 16:00:00,2026-11-30 17:00:00
7056,운동,,2026-11-30 17:00:00,2026-11-30 20:00:00
7057,공부,,2026-11-30 20:00:00,2026-11-30 23:00:00
7058,공원,,2026-11-30 23:00:00,2026-12-01 00:00:00
7059,점심식사,,2026-11-30 12:00:00,2026-11-30 13:00:00
7060,저녁식사,,2026-11-30 18:00:00,2026-11-30 19:00:00
7061,스포츠,,2026-12-01 08:00:00,2026-12-01 11:00:00
7062,공부,,2026-12-01 11:00:00,2026-12-01 12:00:00
7063,점심식사,,2026-12-01 12:00:00,2026-12-01 13:00:00
7064,실내활동,,2026-12-01 13:00:00,2026-12-01 16:00:00
7065,스포츠,,2026-12-01 16:00:00,2026-12-01 19:00:00
7066,공부,,2026-12-01 19:00:00,2026-12-01 22:00:00
7067,실내활동,,2026-12-01 22:00:00,2026-12-02 00:00:00
7068,저녁식사,,2026-12-01 18:00:00,2026-12-01 19:00:00
7069,관람,,2026-12-02 08:00:00,2026-12-02 11:00:00
7070,운동,,2026-12-02 11:00:00,2026-12-02 12:00:00
7071,점심식사,,2026-12-02 12:00:00,2026-12-02 13:00:00
7072,실내활동,,2026-12-02 13:00:00,2026-12-02 15:00:00
7073,관람,,2026-12-02 15:00:00,2026-12-02 16:00:00
7074,운동,,2026-12-02 16:00:00,2026-12-02 18:00:00
7075,저녁식사,,2026-12-02 18:00:00,2026-12-02 19:00:00
7076,실내활동,,2026-12-02 19:00:00,2026-12-02 22:00:00
7077,관람,,2026-12-02 22:00:00,2026-12-02 23:00:00
7078,운동,,2026-12-02 23:00:00,2026-12-03 00:00:00
7079,운동,,2026-12-03 08:00:00,2026-12-03 10:00:00
7080,공부,,2026-12-03 10:00:00,2026-12-03 13:00:00
7081,공원,,2026-12-03 13:00:00,2026-12-03 16:00:00
7082,운동,,2026-12-03 16:00:00,2026-12-03 19:00:00
7083,공부,,2026-12-03 19:00:00,2026-12-03 20:00:00
7084,공원,,2026-12-03 20:00:00,2026-12-03 22:00:00
7085,운동,,2026-12-03 22:00:00,2026-12-03 23:00:00
7086,공부,,2026-12-03 23:00:00,2026-12-04 00:00:00
7087,점심식사,,2026-12-03 12:00:00,2026-12-03 13:00:00
7088,저녁식사,,2026-12-03 18:00:00,2026-12-03 19:00:00
7089,스포츠,,2026-12-04 08:00:00,2026-12-04 10:00:00
7090,공부,,2026-12-04 10:00:00,2026-12-04 12:00:00
7091,점심식사,,2026-12-04 12:00:00,2026-12-04 13:00:00
7092,실내활동,,2026-12-04 13:00:00,2026-12-04 16:00:00
7093,스포츠,,2026-12-04 16:00:00,2026-12-04 19:00:00
7094,공부,,2026-12-04 19:00:00,2026-12-04 21:00:00
7095,실내활동,,2026-12-04 21:00:00,2026-12-04 22:00:00
7096,스포츠,,2026-12-04 22:00:00,2026-12-05 00:00:00
7097,저녁식사,,2026-12-04 18:00:00,2026-12-04 19:00:00
7098,관람,,2026-12-05 08:00:00,2026-12-05 11:00:00
7099,운동,,2026-12-05 11:00:00,2026-12-05 12:00:00
7100,점심식사,,2026-12-05 12:00:00,2026-12-05 13:00:00
7101,실내활동,,2026-12-05 13:00:00,2026-12-05 15:00:00
7102,관람,,2026-12-05 15:00:00,2026-12-05 16:00:00
7103,운동,,2026-12-05 16:00:00,2026-12-05 19:00:00
7104,실내활동,,2026-12-05 19:00:00,2026-12-05 20:00:00
7105,관람,,2026-12-05 20:00:00,2026-12-05 22:00:00
7106,운동,,2026-12-05 22:00:00,2026-12-06 00:00:00
7107,저녁식사,,2026-12-05 18:00:00,2026-12-05 19:00:00
7108,스포츠,,2026-12-06 08:00:00,2026-12-06 10:00:00
7109,공부,,2026-12-06 10:00:00,2026-12-06 13:00:00
7110,실내활동,,2026-12-06 13:00:00,2026-12-06 16:00:00
7111,스포츠,,2026-12-06 16:00:00,2026-12-06 17:00:00
7112,공부,,2026-12-06 17:00:00,2026-12-06 18:00:00
7113,저녁식사,,2026-12-06 18:00:00,2026-12-06 19:00:00
7114,실내활동,,2026-12-06 19:00:00,2026-12-06 22:00:00
7115,스포츠,,2026-12-06 22:00:00,2026-12-07 00:00:00
7116,점심식사,,2026-12-06 12:00:00,2026-12-06 13:00:00
7117,운동,,2026-12-07 08:00:00,2026-12-07 09:00:00
7118,공부,,2026-12-07 09:00:00,2026-12-07 12:00:00
7119,점심식사,,2026-12-07 12:00:00,2026-12-07 13:00:00
7120,공원,,2026-12-07 13:00:00,2026-12-07 15:00:00
7121,운동,,2026-12-07 15:00:00,2026-12-07 17:00:00
7122,공부,,2026-12-07 17:00:00,2026-12-07 18:00:00
7123,저녁식사,,2026-12-07 18:00:00,2026-12-07 19:00:00
7124,공원,,2026-12-07 19:00:00,2026-12-07 21:00:00
7125,운동,,2026-12-07 21:00:00,2026-12-07 23:00:00
7126,공부,,2026-12-07 23:00:00,2026-12-08 00:00:00
7127,스포츠,,2026-12-08 08:00:00,2026-12-08 11:00:00
7128,공부,,2026-12-08 11:00:00,2026-12-08 13:00:00
7129,실내활동,,2026-12-08 13:00:00,2026-12-08 16:00:00
7130,스포츠,,2026-12-08 16:00:00,2026-12-08 19:00:00
7131,공부,,2026-12-08 19:00:00,2026-12-08 20:00:00
7132,실내활동,,2026-12-08 20:00:00,2026-12-08 21:00:00
7133,스포츠,,2026-12-08 21:00:00,2026-12-08 22:00:00
7134,공부,,2026-12-08 22:00:00,2026-12-08 23:00:00
7135,실내활동,,2026-12-08 23:00:00,2026-12-09 00:00:00
7136,점심식사,,2026-12-08 12:00:00,2026-12-08 13:00:00
7137,저녁식사,,2026-12-08 18:00:00,2026-12-08 19:00:00
7138,관람,,2026-12-09 08:00:00,2026-12-09 11:00:00
7139,운동,,2026-12-09 11:00:00,2026-12-09 14:00:00
7140,실내활동,,2026-12-09 14:00:00,2026-12-09 16:00:00
7141,관람,,2026-12-09 16:00:00,2026-12-09 17:00:00
7142,운동,,2026-12-09 17:00:00,2026-12-09 20:00:00
7143,실내활동,,2026-12-09 20:00:00,2026-12-09 22:00:00
7144,관람,,2026-12-09 22:00:00,2026-12-10 00:00:00
7145,점심식사,,2026-12-09 12:00:00,2026-12-09 13:00:00
7146,저녁식사,,2026-12-09 18:00:00,2026-12-09 19:00:00
7147,운동,,2026-12-10 08:00:00,2026-12-10 09:00:00
7148,공부,,2026-12-10 09:00:00,2026-12-10 12:00:00
7149,점심식사,,2026-12-10 12:00:00,2026-12-10 13:00:00
7150,공원,,2026-12-10 13:00:00,2026-12-10 15:00:00
7151,운동,,2026-12-10 15:00:00,2026-12-10 16:00:00
7152,공부,,2026-12-10 16:00:00,2026-12-10 19:00:00
7153,공원,,2026-12-10 19:00:00,2026-12-10 22:00:00
7154,운동,,2026-12-10 22:00:00,2026-12-11 00:00:00
7155,저녁식사,,2026-12-10 18:00:00,2026-12-10 19:00:00
7156,스포츠,,2026-12-11 08:00:00,2026-12-11 09:00:00
7157,공부,,2026-12-11 09:00:00,2026-12-11 12:00:00
7158,점심식사,,2026-12-11 12:00:00,2026-12-11 13:00:00
7159,실내활동,,2026-12-11 13:00:00,2026-12-11 14:00:00
7160,스포츠,,2026-12-11 14:00:00,2026-12-11 15:00:00
7161,공부,,2026-12-11 15:00:00,2026-12-11 17:00:00
7162,실내활동,,2026-12-11 17:00:00,2026-12-11 19:00:00
7163,스포츠,,2026-12-11 19:00:00,2026-12-11 20:00:00
7164,공부,,2026-12-11 20:00:00,2026-12-11 21:00:00
7165,실내활동,,2026-12-11 21:00:00,2026-12-11 22:00:00
7166,스포츠,,2026-12-11 22:00:00,2026-12-12 00:00:00
7167,저녁식사,,2026-12-11 18:00:00,2026-12-11 19:00:00
7168,관람,,2026-12-12 08:00:00,2026-12-12 11:00:00
7169,운동,,2026-12-12 11:00:00,2026-12-12 13:00:00
7170,실내활동,,2026-12-12 13:00:00,2026-12-12 15:00:00
7171,관람,,2026-12-12 15:00:00,2026-12-12 17:00:00
7172,운동,,2026-12-12 17:00:00,2026-12-12 20:00:00
7173,실내활동,,2026-12-12 20:00:00,2026-12-12 21:00:00
7174,관람,,2026-12-12 21:00:00,2026-12-12 23:00:00
7175,운동,,2026-12-12 23:00:00,2026-12-13 00:00:00
7176,점심식사,,2026-12-12 12:00:00,2026-12-12 13:00:00
7177,저녁식사,,2026-12-12 18:00:00,2026-12-12 19:00:00
7178,스포츠,,2026-12-13 08:00:00,2026-12-13 10:00:00
7179,공부,,2026-12-13 10:00:00,2026-12-13 11:00:00
7180,실내활동,,2026-12-13 11:00:00,2026-12-13 12:00:00
7181,점심식사,,2026-12-13 12:00:00,2026-12-13 13:00:00
7182,스포츠,,2026-12-13 13:00:00,2026-12-13 16:00:00
7183,공부,,2026-12-13 16:00:00,2026-12-13 18:00:00
7184,저녁식사,,2026-12-13 18:00:00,2026-12-13 19:00:00
7185,실내활동,,2026-12-13 19:00:00,2026-12-13 22:00:00
7186,스포츠,,2026-12-13 22:00:00,2026-12-14 00:00:00
7187,운동,,2026-12-14 08:00:00,2026-12-14 09:00:00
7188,공부,,2026-12-14 09:00:00,2026-12-14 12:00:00
7189,점심식사,,2026-12-14 12:00:00,2026-12-14 13:00:00
7190,공원,,2026-12-14 13:00:00,2026-12-14 16:00:00
7191,운동,,2026-12-14 16:00:00,2026-12-14 18:00:00
7192,저녁식사,,2026-12-14 18:00:00,2026-12-14 19:00:00
7193,공부,,2026-12-14 19:00:00,2026-12-14 20:00:00
7194,공원,,2026-12-14 20:00:00,2026-12-14 22:00:00
7195,운동,,2026-12-14 22:00:00,2026-12-15 00:00:00
7196,스포츠,,2026-12-15 08:00:00,2026-12-15 09:00:00
7197,공부,,2026-12-15 09:00:00,2026-12-15 11:00:00
7198,실내활동,,2026-12-15 11:00:00,2026-12-15 13:00:00
7199,스포츠,,2026-12-15 13:00:00,2026-12-15 15:00:00
7200,공부,,2026-12-15 15:00:00,2026-12-15 17:00:00
7201,실내활동,,2026-12-15 17:00:00,2026-12-15 18:00:00
7202,저녁식사,,2026-12-15 18:00:00,2026-12-15 19:00:00
7203,스포츠,,2026-12-15 19:00:00,2026-12-15 21:00:00
7204,공부,,2026-12-15 21:00:00,2026-12-16 00:00:00
7205,점심식사,,2026-12-15 12:00:00,2026-12-15 13:00:00
7206,관람,,2026-12-16 08:00:00,2026-12-16 09:00:00
7207,운동,,2026-12-16 09:00:00,2026-12-16 12:00:00
7208,점심식사,,2026-12-16 12:00:00,2026-12-16 13:00:00
7209,실내활동,,2026-12-16 13:00:00,2026-12-16 16:00:00
7210,관람,,2026-12-16 16:00:00,2026-12-16 19:00:00
7211,운동,,2026-12-16 19:00:00,2026-12-16 20:00:00
7212,실내활동,,2026-12-16 20:00:00,2026-12-16 21:00:00
7213,관람,,2026-12-16 21:00:00,2026-12-16 22:00:00
7214,운동,,2026-12-16 22:00:00,2026-12-17 00:00:00
7215,저녁식사,,2026-12-16 18:00:00,2026-12-16 19:00:00
7216,운동,,2026-12-17 08:00:00,2026-12-17 09:00:00
7217,공부,,2026-12-17 09:00:00,2026-12-17 11:00:00
7218,공원,,2026-12-17 11:00:00,2026-12-17 12:00:00
7219,점심식사,,2026-12-17 12:00:00,2026-12-17 13:00:00
7220,운동,,2026-12-17 13:00:00,2026-12-17 14:00:00
7221,공부,,2026-12-17 14:00:00,2026-12-17 16:00:00
7222,공원,,2026-12-17 16:00:00,2026-12-17 18:00:00
7223,저녁식사,,2026-12-17 18:00:00,2026-12-17 19:00:00
7224,운동,,2026-12-17 19:00:00,2026-12-17 21:00:00
7225,공부,,2026-12-17 21:00:00,2026-12-18 00:00:00
7226,스포츠,,2026-12-18 08:00:00,2026-12-18 10:00:00
7227,공부,,2026-12-18 10:00:00,2026-12-18 13:00:00
7228,실내활동,,2026-12-18 13:00:00,2026-12-18 14:00:00
7229,스포츠,,2026-12-18 14:00:00,2026-12-18 17:00:00
7230,공부,,2026-12-18 17:00:00,2026-12-18 20:00:00
7231,실내활동,,2026-12-18 20:00:00,2026-12-18 21:00:00
7232,스포츠,,2026-12-18 21:00:00,2026-12-18 23:00:00
7233,공부,,2026-12-18 23:00:00,2026-12-19 00:00:00
7234,점심식사,,2026-12-18 12:00:00,2026-12-18 13:00:00
7235,저녁식사,,2026-12-18 18:00:00,2026-12-18 19:00:00
7236,관람,,2026-12-19 08:00:00,2026-12-19 10:00:00
7237,운동,,2026-12-19 10:00:00,2026-12-19 13:00:00
7238,실내활동,,2026-12-19 13:00:00,2026-12-19 14:00:00
7239,관람,,2026-12-19 14:00:00,2026-12-19 16:00:00
7240,운동,,2026-12-19 16:00:00,2026-12-19 19:00:00
7241,실내활동,,2026-12-19 19:00:00,2026-12-19 20:00:00
7242,관람,,2026-12-19 20:00:00,2026-12-19 23:00:00
7243,운동,,2026-12-19 23:00:00,2026-12-20 00:00:00
7244,점심식사,,2026-12-19 12:00:00,2026-12-19 13:00:00
7245,저녁식사,,2026-12-19 18:00:00,2026-12-19 19:00:00
7246,스포츠,,2026-12-20 08:00:00,2026-12-20 11:00:00
7247,공부,,2026-12-20 11:00:00,2026-12-20 12:00:00
7248,점심식사,,2026-12-20 12:00:00,2026-12-20 13:00:00
7249,실내활동,,2026-12-20 13:00:00,2026-12-20 16:00:00
7250,스포츠,,2026-12-20 16:00:00,2026-12-20 17:00:00
7251,공부,,2026-12-20 17:00:00,2026-12-20 18:00:00
7252,저녁식사,,2026-12-20 18:00:00,2026-12-20 19:00:00
7253,실내활동,,2026-12-20 19:00:00,2026-12-20 22:00:00
7254,스포츠,,2026-12-20 22:00:00,2026-12-20 23:00:00
7255,공부,,2026-12-20 23:00:00,2026-12-21 00:00:00
7256,운동,,2026-12-21 08:00:00,2026-12-21 11:00:00
7257,공부,,2026-12-21 11:00:00,2026-12-21 14:00:00
7258,공원,,2026-12-21 14:00:00,2026-12-21 16:00:00
7259,운동,,2026-12-21 16:00:00,2026-12-21 17:00:00
7260,공부,,2026-12-21 17:00:00,2026-12-21 18:00:00
7261,저녁식사,,2026-12-21 18:00:00,2026-12-21 19:00:00
7262,공원,,2026-12-21 19:00:00,2026-12-21 21:00:00
7263,운동,,2026-12-21 21:00:00,2026-12-21 23:00:00
7264,공부,,2026-12-21 23:00:00,2026-12-22 00:00:00
7265,점심식사,,2026-12-21 12:00:00,2026-12-21 13:00:00
7266,스포츠,,2026-12-22 08:00:00,2026-12-22 09:00:00
7267,공부,,2026-12-22 09:00:00,2026-12-22 10:00:00
7268,실내활동,,2026-12-22 10:00:00,2026-12-22 13:00:00
7269,스포츠,,2026-12-22 13:00:00,2026-12-22 15:00:00
7270,공부,,2026-12-22 15:00:00,2026-12-22 18:00:00
7271,저녁식사,,2026-12-22 18:00:00,2026-12-22 19:00:00
7272,실내활동,,2026-12-22 19:00:00,2026-12-22 22:00:00
7273,스포츠,,2026-12-22 22:00:00,2026-12-23 00:00:00
7274,점심식사,,2026-12-22 12:00:00,2026-12-22 13:00:00
7275,관람,,2026-12-23 08:00:00,2026-12-23 11:00:00
7276,운동,,2026-12-23 11:00:00,2026-12-23 14:00:00
7277,실내활동,,2026-12-23 14:00:00,2026-12-23 15:00:00
7278,관람,,2026-12-23 15:00:00,2026-12-23 16:00:00
7279,운동,,2026-12-23 16:00:00,2026-12-23 18:00:00
7280,저녁식사,,2026-12-23 18:00:00,2026-12-23 19:00:00
7281,실내활동,,2026-12-23 19:00:00,2026-12-23 20:00:00
7282,관람,,2026-12-23 20:00:00,2026-12-23 23:00:00
7283,운동,,2026-12-23 23:00:00,2026-12-24 00:00:00
7284,점심식사,,2026-12-23 12:00:00,2026-12-23 13:00:00
7285,운동,,2026-12-24 08:00:00,2026-12-24 11:00:00
7286,공부,,2026-12-24 11:00:00,2026-12-24 14:00:00
7287,공원,,2026-12-24 14:00:00,2026-12-24 15:00:00
7288,운동,,2026-12-24 15:00:00,2026-12-24 17:00:00
7289,공부,,2026-12-24 17:00:00,2026-12-24 18:00:00
7290,저녁식사,,2026-12-24 18:00:00,2026-12-24 19:00:00
7291,공원,,2026-12-24 19:00:00,2026-12-24 20:00:00
7292,운동,,2026-12-24 20:00:00,2026-12-24 23:00:00
7293,공부,,2026-12-24 23:00:00,2026-12-25 00:00:00
7294,점심식사,,2026-12-24 12:00:00,2026-12-24 13:00:00
7295,스포츠,,2026-12-25 08:00:00,2026-12-25 09:00:00
7296,공부,,2026-12-25 09:00:00,2026-12-25 11:00:00
7297,실내활동,,2026-12-25 11:00:00,2026-12-25 12:00:00
7298,점심식사,,2026-12-25 12:00:00,2026-12-25 13:00:00
7299,스포츠,,2026-12-25 13:00:00,2026-12-25 16:00:00
7300,공부,,2026-12-25 16:00:00,2026-12-25 18:00:00
7301,저녁식사,,2026-12-25 18:00:00,2026-12-25 19:00:00
7302,실내활동,,2026-12-25 19:00:00,2026-12-25 20:00:00
7303,스포츠,,2026-12-25 20:00:00,2026-12-25 21:00:00
7304,공부,,2026-12-25 21:00:00,2026-12-25 23:00:00
7305,실내활동,,2026-12-25 23:00:00,2026-12-26 00:00:00
7306,관람,,2026-12-26 08:00:00,2026-12-26 10:00:00
7307,운동,,2026-12-26 10:00:00,2026-12-26 11:00:00
7308,실내활동,,2026-12-26 11:00:00,2026-12-26 14:00:00
7309,관람,,2026-12-26 14:00:00,2026-12-26 17:00:00
7310,운동,,2026-12-26 17:00:00,2026-12-26 19:00:00
7311,실내활동,,2026-12-26 19:00:00,2026-12-26 21:00:00
7312,관람,,2026-12-26 21:00:00,2026-12-26 22:00:00
7313,운동,,2026-12-26 22:00:00,2026-12-27 00:00:00
7314,점심식사,,2026-12-26 12:00:00,2026-12-26 13:00:00
7315,저녁식사,,2026-12-26 18:00:00,2026-12-26 19:00:00
7316,스포츠,,2026-12-27 08:00:00,2026-12-27 11:00:00
7317,공부,,2026-12-27 11:00:00,2026-12-27 14:00:00
7318,실내활동,,2026-12-27 14:00:00,2026-12-27 17:00:00
7319,스포츠,,2026-12-27 17:00:00,2026-12-27 18:00:00
7320,저녁식사,,2026-12-27 18:00:00,2026-12-27 19:00:00
7321,공부,,2026-12-27 19:00:00,2026-12-27 21:00:00
7322,실내활동,,2026-12-27 21:00:00,2026-12-27 22:00:00
7323,스포츠,,2026-12-27 22:00:00,2026-12-28 00:00:00
7324,점심식사,,2026-12-27 12:00:00,2026-12-27 13:00:00
7325,운동,,2026-12-28 08:00:00,2026-12-28 10:00:00
7326,공부,,2026-12-28 10:00:00,2026-12-28 13:00:00
7327,공원,,2026-12-28 13:00:00,2026-12-28 15:00:00
7328,운동,,2026-12-28 15:00:00,2026-12-28 17:00:00
7329,공부,,2026-12-28 17:00:00,2026-12-28 19:00:00
7330,공원,,2026-12-28 19:00:00,2026-12-28 20:00:00
7331,운동,,2026-12-28 20:00:00,2026-12-28 23:00:00
7332,공부,,2026-12-28 23:00:00,2026-12-29 00:00:00
7333,점심식사,,2026-12-28 12:00:00,2026-12-28 13:00:00
7334,저녁식사,,2026-12-28 18:00:00,2026-12-28 19:00:00
7335,스포츠,,2026-12-29 08:00:00,2026-12-29 09:00:00
7336,공부,,2026-12-29 09:00:00,2026-12-29 11:00:00
7337,실내활동,,2026-12-29 11:00:00,2026-12-29 13:00:00
7338,스포츠,,2026-12-29 13:00:00,2026-12-29 16:00:00
7339,공부,,2026-12-29 16:00:00,2026-12-29 18:00:00
7340,저녁식사,,2026-12-29 18:00:00,2026-12-29 19:00:00
7341,실내활동,,2026-12-29 19:00:00,2026-12-29 21:00:00
7342,스포츠,,2026-12-29 21:00:00,2026-12-29 23:00:00
7343,공부,,2026-12-29 23:00:00,2026-12-30 00:00:00
7344,점심식사,,2026-12-29 12:00:00,2026-12-29 13:00:00
7345,관람,,2026-12-30 08:00:00,2026-12-30 11:00:00
7346,운동,,2026-12-30 11:00:00,2026-12-30 12:00:00
7347,점심식사,,2026-12-30 12:00:00,2026-12-30 13:00:00
7348,실내활동,,2026-12-30 13:00:00,2026-12-30 15:00:00
7349,관람,,2026-12-30 15:00:00,2026-12-30 16:00:00
7350,운동,,2026-12-30 16:00:00,2026-12-30 18:00:00
7351,저녁식사,,2026-12-30 18:00:00,2026-12-30 19:00:00
7352,실내활동,,2026-12-30 19:00:00,2026-12-30 22:00:00
7353,관람,,2026-12-30 22:00:00,2026-12-31 00:00:00
7354,운동,,2026-12-31 08:00:00,2026-12-31 11:00:00
7355,공부,,2026-12-31 11:00:00,2026-12-31 13:00:00
7356,공원,,2026-12-31 13:00:00,2026-12-31 14:00:00
7357,운동,,2026-12-31 14:00:00,2026-12-31 17:00:00
7358,공부,,2026-12-31 17:00:00,2026-12-31 18:00:00
7359,저녁식사,,2026-12-31 18:00:00,2026-12-31 19:00:00
7360,공원,,2026-12-31 19:00:00,2026-12-31 22:00:00
7361,운동,,2026-12-31 22:00:00,2026-12-31 23:00:00
7362,공부,,2026-12-31 23:00:00,2027-01-01 00:00:00
7363,점심식사,,2026-12-31 12:00:00,2026-12-31 13:00:00
7364,스포츠,,2027-01-01 08:00:00,2027-01-01 11:00:00
7365,공부,,2027-01-01 11:00:00,2027-01-01 12:00:00
7366,점심식사,,2027-01-01 12:00:00,2027-01-01 13:00:00
7367,실내활동,,2027-01-01 13:00:00,2027-01-01 16:00:00
7368,스포츠,,2027-01-01 16:00:00,2027-01-01 18:00:00
7369,저녁식사,,2027-01-01 18:00:00,2027-01-01 19:00:00
7370,공부,,2027-01-01 19:00:00,2027-01-01 22:00:00
7371,실내활동,,2027-01-01 22:00:00,2027-01-01 23:00:00
7372,스포츠,,2027-01-01 23:00:00,2027-01-02 00:00:00
7373,관람,,2027-01-02 08:00:00,2027-01-02 09:00:00
7374,운동,,2027-01-02 09:00:00,2027-01-02 10:00:00
7375,실내활동,,2027-01-02 10:00:00,2027-01-02 13:00:00
7376,관람,,2027-01-02 13:00:00,2027-01-02 16:00:00
7377,운동,,2027-01-02 16:00:00,2027-01-02 19:00:00
7378,실내활동,,2027-01-02 19:00:00,2027-01-02 21:00:00
7379,관람,,2027-01-02 21:00:00,2027-01-02 22:00:00
7380,운동,,2027-01-02 22:00:00,2027-01-02 23:00:00
7381,실내활동,,2027-01-02 23:00:00,2027-01-03 00:00:00
7382,점심식사,,2027-01-02 12:00:00,2027-01-02 13:00:00
7383,저녁식사,,2027-01-02 18:00:00,2027-01-02 19:00:00
7384,스포츠,,2027-01-03 08:00:00,2027-01-03 10:00:00
7385,공부,,2027-01-03 10:00:00,2027-01-03 13:00:00
7386,실내활동,,2027-01-03 13:00:00,2027-01-03 15:00:00
7387,스포츠,,2027-01-03 15:00:00,2027-01-03 17:00:00
7388,공부,,2027-01-03 17:00:00,2027-01-03 20:00:00
7389,실내활동,,2027-01-03 20:00:00,2027-01-03 21:00:00
7390,스포츠,,2027-01-03 21:00:00,2027-01-03 23:00:00
7391,공부,,2027-01-03 23:00:00,2027-01-04 00:00:00
7392,점심식사,,2027-01-03 12:00:00,2027-01-03 13:00:00
7393,저녁식사,,2027-01-03 18:00:00,2027-01-03 19:00:00
7394,운동,,2027-01-04 08:00:00,2027-01-04 09:00:00
7395,공부,,2027-01-04 09:00:00,2027-01-04 12:00:00
7396,점심식사,,2027-01-04 12:00:00,2027-01-04 13:00:00
7397,공원,,2027-01-04 13:00:00,2027-01-04 15:00:00
7398,운동,,2027-01-04 15:00:00,2027-01-04 18:00:00
7399,저녁식사,,2027-01-04 18:00:00,2027-01-04 19:00:00
7400,공부,,2027-01-04 19:00:00,2027-01-04 21:00:00
7401,공원,,2027-01-04 21:00:00,2027-01-04 23:00:00
7402,운동,,2027-01-04 23:00:00,2027-01-05 00:00:00
7403,스포츠,,2027-01-05 08:00:00,2027-01-05 09:00:00
7404,공부,,2027-01-05 09:00:00,2027-01-05 11:00:00
7405,실내활동,,2027-01-05 11:00:00,2027-01-05 12:00:00
7406,점심식사,,2027-01-05 12:00:00,2027-01-05 13:00:00
7407,스포츠,,2027-01-05 13:00:00,2027-01-05 15:00:00
7408,공부,,2027-01-05 15:00:00,2027-01-05 16:00:00
7409,실내활동,,2027-01-05 16:00:00,2027-01-05 19:00:00
7410,스포츠,,2027-01-05 19:00:00,2027-01-05 20:00:00
7411,공부,,2027-01-05 20:00:00,2027-01-05 21:00:00
7412,실내활동,,2027-01-05 21:00:00,2027-01-06 00:00:00
7413,저녁식사,,2027-01-05 18:00:00,2027-01-05 19:00:00
7414,관람,,2027-01-06 08:00:00,2027-01-06 11:00:00
7415,운동,,2027-01-06 11:00:00,2027-01-06 13:00:00
7416,실내활동,,2027-01-06 13:00:00,2027-01-06 16:00:00
7417,관람,,2027-01-06 16:00:00,2027-01-06 17:00:00
7418,운동,,2027-01-06 17:00:00,2027-01-06 19:00:00
7419,실내활동,,2027-01-06 19:00:00,2027-01-06 20:00:00
7420,관람,,2027-01-06 20:00:00,2027-01-06 22:00:00
7421,운동,,2027-01-06 22:00:00,2027-01-07 00:00:00
7422,점심식사,,2027-01-06 12:00:00,2027-01-06 13:00:00
7423,저녁식사,,2027-01-06 18:00:00,2027-01-06 19:00:00
7424,운동,,2027-01-07 08:00:00,2027-01-07 10:00:00
7425,공부,,2027-01-07 10:00:00,2027-01-07 13:00:00
7426,공원,,2027-01-07 13:00:00,2027-01-07 15:00:00
7427,운동,,2027-01-07 15:00:00,2027-01-07 17:00:00
7428,공부,,2027-01-07 17:00:00,2027-01-07 18:00:00
7429,저녁식사,,2027-01-07 18:00:00,2027-01-07 19:00:00
7430,공원,,2027-01-07 19:00:00,2027-01-07 20:00:00
7431,운동,,2027-01-07 20:00:00,2027-01-07 21:00:00
7432,공부,,2027-01-07 21:00:00,2027-01-08 00:00:00
7433,점심식사,,2027-01-07 12:00:00,2027-01-07 13:00:00
7434,스포츠,,2027-01-08 08:00:00,2027-01-08 11:00:00
7435,공부,,2027-01-08 11:00:00,2027-01-08 12:00:00
7436,점심식사,,2027-01-08 12:00:00,2027-01-08 13:00:00
7437,실내활동,,2027-01-08 13:00:00,2027-01-08 15:00:00
7438,스포츠,,2027-01-08 15:00:00,2027-01-08 18:00:00
7439,저녁식사,,2027-01-08 18:00:00,2027-01-08 19:00:00
7440,공부,,2027-01-08 19:00:00,2027-01-08 22:00:00
7441,실내활동,,2027-01-08 22:00:00,2027-01-09 00:00:00
7442,관람,,2027-01-09 08:00:00,2027-01-09 09:00:00
7443,운동,,2027-01-09 09:00:00,2027-01-09 10:00:00
7444,실내활동,,2027-01-09 10:00:00,2027-01-09 11:00:00
7445,관람,,2027-01-09 11:00:00,2027-01-09 13:00:00
7446,운동,,2027-01-09 13:00:00,2027-01-09 14:00:00
7447,실내활동,,2027-01-09 14:00:00,2027-01-09 17:00:00
7448,관람,,2027-01-09 17:00:00,2027-01-09 19:00:00
7449,운동,,2027-01-09 19:00:00,2027-01-09 21:00:00
7450,실내활동,,2027-01-09 21:00:00,2027-01-09 22:00:00
7451,관람,,2027-01-09 22:00:00,2027-01-09 23:00:00
7452,운동,,2027-01-09 23:00:00,2027-01-10 00:00:00
7453,점심식사,,2027-01-09 12:00:00,2027-01-09 13:00:00
7454,저녁식사,,2027-01-09 18:00:00,2027-01-09 19:00:00
7455,스포츠,,2027-01-10 08:00:00,2027-01-10 11:00:00
7456,공부,,2027-01-10 11:00:00,2027-01-10 12:00:00
7457,점심식사,,2027-01-10 12:00:00,2027-01-10 13:00:00
7458,실내활동,,2027-01-10 13:00:00,2027-01-10 15:00:00
7459,스포츠,,2027-01-10 15:00:00,2027-01-10 17:00:00
7460,공부,,2027-01-10 17:00:00,2027-01-10 18:00:00
7461,저녁식사,,2027-01-10 18:00:00,2027-01-10 19:00:00
7462,실내활동,,2027-01-10 19:00:00,2027-01-10 22:00:00
7463,스포츠,,2027-01-10 22:00:00,2027-01-10 23:00:00
7464,공부,,2027-01-10 23:00:00,2027-01-11 00:00:00
7465,운동,,2027-01-11 08:00:00,2027-01-11 09:00:00
7466,공부,,2027-01-11 09:00:00,2027-01-11 10:00:00
7467,공원,,2027-01-11 10:00:00,2027-01-11 13:00:00
7468,운동,,2027-01-11 13:00:00,2027-01-11 14:00:00
7469,공부,,2027-01-11 14:00:00,2027-01-11 15:00:00
7470,공원,,2027-01-11 15:00:00,2027-01-11 18:00:00
7471,저녁식사,,2027-01-11 18:00:00,2027-01-11 19:00:00
7472,운동,,2027-01-11 19:00:00,2027-01-11 22:00:00
7473,공부,,2027-01-11 22:00:00,2027-01-12 00:00:00
7474,점심식사,,2027-01-11 12:00:00,2027-01-11 13:00:00
7475,스포츠,,2027-01-12 08:00:00,2027-01-12 09:00:00
7476,공부,,2027-01-12 09:00:00,2027-01-12 12:00:00
7477,점심식사,,2027-01-12 12:00:00,2027-01-12 13:00:00
7478,실내활동,,2027-01-12 13:00:00,2027-01-12 15:00:00
7479,스포츠,,2027-01-12 15:00:00,2027-01-12 17:00:00
7480,공부,,2027-01-12 17:00:00,2027-01-12 18:00:00
7481,저녁식사,,2027-01-12 18:00:00,2027-01-12 19:00:00
7482,실내활동,,2027-01-12 19:00:00,2027-01-12 21:00:00
7483,스포츠,,2027-01-12 21:00:00,2027-01-12 22:00:00
7484,공부,,2027-01-12 22:00:00,2027-01-12 23:00:00
7485,실내활동,,2027-01-12 23:00:00,2027-01-13 00:00:00
7486,관람,,2027-01-13 08:00:00,2027-01-13 11:00:00
7487,운동,,2027-01-13 11:00:00,2027-01-13 12:00:00
7488,점심식사,,2027-01-13 12:00:00,2027-01-13 13:00:00
7489,실내활동,,2027-01-13 13:00:00,2027-01-13 16:00:00
7490,관람,,2027-01-13 16:00:00,2027-01-13 18:00:00
7491,저녁식사,,2027-01-13 18:00:00,2027-01-13 19:00:00
7492,운동,,2027-01-13 19:00:00,2027-01-13 22:00:00
7493,실내활동,,2027-01-13 22:00:00,2027-01-14 00:00:00
7494,운동,,2027-01-14 08:00:00,2027-01-14 10:00:00
7495,공부,,2027-01-14 10:00:00,2027-01-14 11:00:00
7496,공원,,2027-01-14 11:00:00,2027-01-14 13:00:00
7497,운동,,2027-01-14 13:00:00,2027-01-14 16:00:00
7498,공부,,2027-01-14 16:00:00,2027-01-14 17:00:00
7499,공원,,2027-01-14 17:00:00,2027-01-14 20:00:00
7500,운동,,2027-01-14 20:00:00,2027-01-14 21:00:00
7501,공부,,2027-01-14 21:00:00,2027-01-14 23:00:00
7502,공원,,2027-01-14 23:00:00,2027-01-15 00:00:00
7503,점심식사,,2027-01-14 12:00:00,2027-01-14 13:00:00
7504,저녁식사,,2027-01-14 18:00:00,2027-01-14 19:00:00
7505,스포츠,,2027-01-15 08:00:00,2027-01-15 11:00:00
7506,공부,,2027-01-15 11:00:00,2027-01-15 14:00:00
7507,실내활동,,2027-01-15 14:00:00,2027-01-15 17:00:00
7508,스포츠,,2027-01-15 17:00:00,2027-01-15 18:00:00
7509,저녁식사,,2027-01-15 18:00:00,2027-01-15 19:00:00
7510,공부,,2027-01-15 19:00:00,2027-01-15 20:00:00
7511,실내활동,,2027-01-15 20:00:00,2027-01-15 23:00:00
7512,스포츠,,2027-01-15 23:00:00,2027-01-16 00:00:00
7513,점심식사,,2027-01-15 12:00:00,2027-01-15 13:00:00
7514,관람,,2027-01-16 08:00:00,2027-01-16 09:00:00
7515,운동,,2027-01-16 09:00:00,2027-01-16 12:00:00
7516,점심식사,,2027-01-16 12:00:00,2027-01-16 13:00:00
7517,실내활동,,2027-01-16 13:00:00,2027-01-16 16:00:00
7518,관람,,2027-01-16 16:00:00,2027-01-16 17:00:00
7519,운동,,2027-01-16 17:00:00,2027-01-16 18:00:00
7520,저녁식사,,2027-01-16 18:00:00,2027-01-16 19:00:00
7521,실내활동,,2027-01-16 19:00:00,2027-01-16 20:00:00
7522,관람,,2027-01-16 20:00:00,2027-01-16 23:00:00
7523,운동,,2027-01-16 23:00:00,2027-01-17 00:00:00
7524,스포츠,,2027-01-17 08:00:00,2027-01-17 09:00:00
7525,공부,,2027-01-17 09:00:00,2027-01-17 10:00:00
7526,실내활동,,2027-01-17 10:00:00,2027-01-17 13:00:00
7527,스포츠,,2027-01-17 13:00:00,2027-01-17 15:00:00
7528,공부,,2027-01-17 15:00:00,2027-01-17 18:00:00
7529,저녁식사,,2027-01-17 18:00:00,2027-01-17 19:00:00
7530,실내활동,,2027-01-17 19:00:00,2027-01-17 22:00:00
7531,스포츠,,2027-01-17 22:00:00,2027-01-18 00:00:00
7532,점심식사,,2027-01-17 12:00:00,2027-01-17 13:00:00
7533,운동,,2027-01-18 08:00:00,2027-01-18 10:00:00
7534,공부,,2027-01-18 10:00:00,2027-01-18 11:00:00
7535,공원,,2027-01-18 11:00:00,2027-01-18 13:00:00
7536,운동,,2027-01-18 13:00:00,2027-01-18 16:00:00
7537,공부,,2027-01-18 16:00:00,2027-01-18 17:00:00
7538,공원,,2027-01-18 17:00:00,2027-01-18 19:00:00
7539,운동,,2027-01-18 19:00:00,2027-01-18 22:00:00
7540,공부,,2027-01-18 22:00:00,2027-01-19 00:00:00
7541,점심식사,,2027-01-18 12:00:00,2027-01-18 13:00:00
7542,저녁식사,,2027-01-18 18:00:00,2027-01-18 19:00:00
7543,스포츠,,2027-01-19 08:00:00,2027-01-19 09:00:00
7544,공부,,2027-01-19 09:00:00,2027-01-19 11:00:00
7545,실내활동,,2027-01-19 11:00:00,2027-01-19 13:00:00
7546,스포츠,,2027-01-19 13:00:00,2027-01-19 14:00:00
7547,공부,,2027-01-19 14:00:00,2027-01-19 17:00:00
7548,실내활동,,2027-01-19 17:00:00,2027-01-19 20:00:00
7549,스포츠,,2027-01-19 20:00:00,2027-01-19 21:00:00
7550,공부,,2027-01-19 21:00:00,2027-01-20 00:00:00
7551,점심식사,,2027-01-19 12:00:00,2027-01-19 13:00:00
7552,저녁식사,,2027-01-19 18:00:00,2027-01-19 19:00:00
7553,관람,,2027-01-20 08:00:00,2027-01-20 10:00:00
7554,운동,,2027-01-20 10:00:00,2027-01-20 13:00:00
7555,실내활동,,2027-01-20 13:00:00,2027-01-20 16:00:00
7556,관람,,2027-01-20 16:00:00,2027-01-20 18:00:00
7557,저녁식사,,2027-01-20 18:00:00,2027-01-20 19:00:00
7558,운동,,2027-01-20 19:00:00,2027-01-20 21:00:00
7559,실내활동,,2027-01-20 21:00:00,2027-01-20 23:00:00
7560,관람,,2027-01-20 23:00:00,2027-01-21 00:00:00
7561,점심식사,,2027-01-20 12:00:00,2027-01-20 13:00:00
7562,운동,,2027-01-21 08:00:00,2027-01-21 11:00:00
7563,공부,,2027-01-21 11:00:00,2027-01-21 13:00:00
7564,공원,,2027-01-21 13:00:00,2027-01-21 15:00:00
7565,운동,,2027-01-21 15:00:00,2027-01-21 16:00:00
7566,공부,,2027-01-21 16:00:00,2027-01-21 17:00:00
7567,공원,,2027-01-21 17:00:00,2027-01-21 19:00:00
7568,운동,,2027-01-21 19:00:00,2027-01-21 20:00:00
7569,공부,,2027-01-21 20:00:00,2027-01-21 23:00:00
7570,공원,,2027-01-21 23:00:00,2027-01-22 00:00:00
7571,점심식사,,2027-01-21 12:00:00,2027-01-21 13:00:00
7572,저녁식사,,2027-01-21 18:00:00,2027-01-21 19:00:00
7573,스포츠,,2027-01-22 08:00:00,2027-01-22 09:00:00
7574,공부,,2027-01-22 09:00:00,2027-01-22 12:00:00
7575,점심식사,,2027-01-22 12:00:00,2027-01-22 13:00:00
7576,실내활동,,2027-01-22 13:00:00,2027-01-22 16:00:00
7577,스포츠,,2027-01-22 16:00:00,2027-01-22 17:00:00
7578,공부,,2027-01-22 17:00:00,2027-01-22 20:00:00
7579,실내활동,,2027-01-22 20:00:00,2027-01-22 22:00:00
7580,스포츠,,2027-01-22 22:00:00,2027-01-23 00:00:00
7581,저녁식사,,2027-01-22 18:00:00,2027-01-22 19:00:00
7582,관람,,2027-01-23 08:00:00,2027-01-23 11:00:00
7583,운동,,2027-01-23 11:00:00,2027-01-23 12:00:00
7584,점심식사,,2027-01-23 12:00:00,2027-01-23 13:00:00
7585,실내활동,,2027-01-23 13:00:00,2027-01-23 14:00:00
7586,관람,,2027-01-23 14:00:00,2027-01-23 15:00:00
7587,운동,,2027-01-23 15:00:00,2027-01-23 18:00:00
7588,저녁식사,,2027-01-23 18:00:00,2027-01-23 19:00:00
7589,실내활동,,2027-01-23 19:00:00,2027-01-23 21:00:00
7590,관람,,2027-01-23 21:00:00,2027-01-24 00:00:00
7591,스포츠,,2027-01-24 08:00:00,2027-01-24 10:00:00
7592,공부,,2027-01-24 10:00:00,2027-01-24 13:00:00
7593,실내활동,,2027-01-24 13:00:00,2027-01-24 15:00:00
7594,스포츠,,2027-01-24 15:00:00,2027-01-24 16:00:00
7595,공부,,2027-01-24 16:00:00,2027-01-24 18:00:00
7596,저녁식사,,2027-01-24 18:00:00,2027-01-24 19:00:00
7597,실내활동,,2027-01-24 19:00:00,2027-01-24 21:00:00
7598,스포츠,,2027-01-24 21:00:00,2027-01-24 23:00:00
7599,공부,,2027-01-24 23:00:00,2027-01-25 00:00:00
7600,점심식사,,2027-01-24 12:00:00,2027-01-24 13:00:00
7601,운동,,2027-01-25 08:00:00,2027-01-25 11:00:00
7602,공부,,2027-01-25 11:00:00,2027-01-25 12:00:00
7603,점심식사,,2027-01-25 12:00:00,2027-01-25 13:00:00
7604,공원,,2027-01-25 13:00:00,2027-01-25 14:00:00
7605,운동,,2027-01-25 14:00:00,2027-01-25 16:00:00
7606,공부,,2027-01-25 16:00:00,2027-01-25 18:00:00
7607,저녁식사,,2027-01-25 18:00:00,2027-01-25 19:00:00
7608,공원,,2027-01-25 19:00:00,2027-01-25 20:00:00
7609,운동,,2027-01-25 20:00:00,2027-01-25 23:00:00
7610,공부,,2027-01-25 23:00:00,2027-01-26 00:00:00
7611,스포츠,,2027-01-26 08:00:00,2027-01-26 10:00:00
7612,공부,,2027-01-26 10:00:00,2027-01-26 13:00:00
7613,실내활동,,2027-01-26 13:00:00,2027-01-26 14:00:00
7614,스포츠,,2027-01-26 14:00:00,2027-01-26 16:00:00
7615,공부,,2027-01-26 16:00:00,2027-01-26 19:00:00
7616,실내활동,,2027-01-26 19:00:00,2027-01-26 21:00:00
7617,스포츠,,2027-01-26 21:00:00,2027-01-26 23:00:00
7618,공부,,2027-01-26 23:00:00,2027-01-27 00:00:00
7619,점심식사,,2027-01-26 12:00:00,2027-01-26 13:00:00
7620,저녁식사,,2027-01-26 18:00:00,2027-01-26 19:00:00
7621,관람,,2027-01-27 08:00:00,2027-01-27 09:00:00
7622,운동,,2027-01-27 09:00:00,2027-01-27 10:00:00
7623,실내활동,,2027-01-27 10:00:00,2027-01-27 11:00:00
7624,관람,,2027-01-27 11:00:00,2027-01-27 12:00:00
7625,점심식사,,2027-01-27 12:00:00,2027-01-27 13:00:00
7626,운동,,2027-01-27 13:00:00,2027-01-27 16:00:00
7627,실내활동,,2027-01-27 16:00:00,2027-01-27 17:00:00
7628,관람,,2027-01-27 17:00:00,2027-01-27 20:00:00
7629,운동,,2027-01-27 20:00:00,2027-01-27 23:00:00
7630,실내활동,,2027-01-27 23:00:00,2027-01-28 00:00:00
7631,저녁식사,,2027-01-27 18:00:00,2027-01-27 19:00:00
7632,운동,,2027-01-28 08:00:00,2027-01-28 10:00:00
7633,공부,,2027-01-28 10:00:00,2027-01-28 12:00:00
7634,점심식사,,2027-01-28 12:00:00,2027-01-28 13:00:00
7635,공원,,2027-01-28 13:00:00,2027-01-28 14:00:00
7636,운동,,2027-01-28 14:00:00,2027-01-28 16:00:00
7637,공부,,2027-01-28 16:00:00,2027-01-28 18:00:00
7638,저녁식사,,2027-01-28 18:00:00,2027-01-28 19:00:00
7639,공원,,2027-01-28 19:00:00,2027-01-28 20:00:00
7640,운동,,2027-01-28 20:00:00,2027-01-28 22:00:00
7641,공부,,2027-01-28 22:00:00,2027-01-28 23:00:00
7642,공원,,2027-01-28 23:00:00,2027-01-29 00:00:00
7643,스포츠,,2027-01-29 08:00:00,2027-01-29 10:00:00
7644,공부,,2027-01-29 10:00:00,2027-01-29 12:00:00
7645,점심식사,,2027-01-29 12:00:00,2027-01-29 13:00:00
7646,실내활동,,2027-01-29 13:00:00,2027-01-29 15:00:00
7647,스포츠,,2027-01-29 15:00:00,2027-01-29 16:00:00
7648,공부,,2027-01-29 16:00:00,2027-01-29 18:00:00
7649,저녁식사,,2027-01-29 18:00:00,2027-01-29 19:00:00
7650,실내활동,,2027-01-29 19:00:00,2027-01-29 22:00:00
7651,스포츠,,2027-01-29 22:00:00,2027-01-30 00:00:00
7652,관람,,2027-01-30 08:00:00,2027-01-30 09:00:00
7653,운동,,2027-01-30 09:00:00,2027-01-30 10:00:00
7654,실내활동,,2027-01-30 10:00:00,2027-01-30 12:00:00
7655,점심식사,,2027-01-30 12:00:00,2027-01-30 13:00:00
7656,관람,,2027-01-30 13:00:00,2027-01-30 15:00:00
7657,운동,,2027-01-30 15:00:00,2027-01-30 16:00:00
7658,실내활동,,2027-01-30 16:00:00,2027-01-30 17:00:00
7659,관람,,2027-01-30 17:00:00,2027-01-30 19:00:00
7660,운동,,2027-01-30 19:00:00,2027-01-30 21:00:00
7661,실내활동,,2027-01-30 21:00:00,2027-01-31 00:00:00
7662,저녁식사,,2027-01-30 18:00:00,2027-01-30 19:00:00
7663,스포츠,,2027-01-31 08:00:00,2027-01-31 10:00:00
7664,공부,,2027-01-31 10:00:00,2027-01-31 12:00:00
7665,점심식사,,2027-01-31 12:00:00,2027-01-31 13:00:00
7666,실내활동,,2027-01-31 13:00:00,2027-01-31 15:00:00
7667,스포츠,,2027-01-31 15:00:00,2027-01-31 16:00:00
7668,공부,,2027-01-31 16:00:00,2027-01-31 17:00:00
7669,실내활동,,2027-01-31 17:00:00,2027-01-31 18:00:00
7670,저녁식사,,2027-01-31 18:00:00,2027-01-31 19:00:00
7671,스포츠,,2027-01-31 19:00:00,2027-01-31 22:00:00
7672,공부,,2027-01-31 22:00:00,2027-01-31 23:00:00
7673,실내활동,,2027-01-31 23:00:00,2027-02-01 00:00:00
7674,운동,,2027-02-01 08:00:00,2027-02-01 11:00:00
7675,공부,,2027-02-01 11:00:00,2027-02-01 13:00:00
7676,공원,,2027-02-01 13:00:00,2027-02-01 16:00:00
7677,운동,,2027-02-01 16:00:00,2027-02-01 18:00:00
7678,저녁식사,,2027-02-01 18:00:00,2027-02-01 19:00:00
7679,공부,,2027-02-01 19:00:00,2027-02-01 20:00:00
7680,공원,,2027-02-01 20:00:00,2027-02-01 22:00:00
7681,운동,,2027-02-01 22:00:00,2027-02-02 00:00:00
7682,점심식사,,2027-02-01 12:00:00,2027-02-01 13:00:00
7683,스포츠,,2027-02-02 08:00:00,2027-02-02 10:00:00
7684,공부,,2027-02-02 10:00:00,2027-02-02 11:00:00
7685,실내활동,,2027-02-02 11:00:00,2027-02-02 13:00:00
7686,스포츠,,2027-02-02 13:00:00,2027-02-02 15:00:00
7687,공부,,2027-02-02 15:00:00,2027-02-02 17:00:00
7688,실내활동,,2027-02-02 17:00:00,2027-02-02 19:00:00
7689,스포츠,,2027-02-02 19:00:00,2027-02-02 22:00:00
7690,공부,,2027-02-02 22:00:00,2027-02-02 23:00:00
7691,실내활동,,2027-02-02 23:00:00,2027-02-03 00:00:00
7692,점심식사,,2027-02-02 12:00:00,2027-02-02 13:00:00
7693,저녁식사,,2027-02-02 18:00:00,2027-02-02 19:00:00
7694,관람,,2027-02-03 08:00:00,2027-02-03 11:00:00
7695,운동,,2027-02-03 11:00:00,2027-02-03 14:00:00
7696,실내활동,,2027-02-03 14:00:00,2027-02-03 15:00:00
7697,관람,,2027-02-03 15:00:00,2027-02-03 18:00:00
7698,저녁식사,,2027-02-03 18:00:00,2027-02-03 19:00:00
7699,운동,,2027-02-03 19:00:00,2027-02-03 21:00:00
7700,실내활동,,2027-02-03 21:00:00,2027-02-03 23:00:00
7701,관람,,2027-02-03 23:00:00,2027-02-04 00:00:00
7702,점심식사,,2027-02-03 12:00:00,2027-02-03 13:00:00
7703,운동,,2027-02-04 08:00:00,2027-02-04 11:00:00
7704,공부,,2027-02-04 11:00:00,2027-02-04 13:00:00
7705,공원,,2027-02-04 13:00:00,2027-02-04 15:00:00
7706,운동,,2027-02-04 15:00:00,2027-02-04 16:00:00
7707,공부,,2027-02-04 16:00:00,2027-02-04 18:00:00
7708,저녁식사,,2027-02-04 18:00:00,2027-02-04 19:00:00
7709,공원,,2027-02-04 19:00:00,2027-02-04 22:00:00
7710,운동,,2027-02-04 22:00:00,2027-02-05 00:00:00
7711,점심식사,,2027-02-04 12:00:00,2027-02-04 13:00:00
7712,스포츠,,2027-02-05 08:00:00,2027-02-05 09:00:00
7713,공부,,2027-02-05 09:00:00,2027-02-05 12:00:00
7714,점심식사,,2027-02-05 12:00:00,2027-02-05 13:00:00
7715,실내활동,,2027-02-05 13:00:00,2027-02-05 15:00:00
7716,스포츠,,2027-02-05 15:00:00,2027-02-05 18:00:00
7717,저녁식사,,2027-02-05 18:00:00,2027-02-05 19:00:00
7718,공부,,2027-02-05 19:00:00,2027-02-05 20:00:00
7719,실내활동,,2027-02-05 20:00:00,2027-02-05 23:00:00
7720,스포츠,,2027-02-05 23:00:00,2027-02-06 00:00:00
7721,관람,,2027-02-06 08:00:00,2027-02-06 09:00:00
7722,운동,,2027-02-06 09:00:00,2027-02-06 12:00:00
7723,점심식사,,2027-02-06 12:00:00,2027-02-06 13:00:00
7724,실내활동,,2027-02-06 13:00:00,2027-02-06 15:00:00
7725,관람,,2027-02-06 15:00:00,2027-02-06 17:00:00
7726,운동,,2027-02-06 17:00:00,2027-02-06 19:00:00
7727,실내활동,,2027-02-06 19:00:00,2027-02-06 22:00:00
7728,관람,,2027-02-06 22:00:00,2027-02-07 00:00:00
7729,저녁식사,,2027-02-06 18:00:00,2027-02-06 19:00:00
7730,스포츠,,2027-02-07 08:00:00,2027-02-07 09:00:00
7731,공부,,2027-02-07 09:00:00,2027-02-07 12:00:00
7732,점심식사,,2027-02-07 12:00:00,2027-02-07 13:00:00
7733,실내활동,,2027-02-07 13:00:00,2027-02-07 14:00:00
7734,스포츠,,2027-02-07 14:00:00,2027-02-07 15:00:00
7735,공부,,2027-02-07 15:00:00,2027-02-07 18:00:00
7736,저녁식사,,2027-02-07 18:00:00,2027-02-07 19:00:00
7737,실내활동,,2027-02-07 19:00:00,2027-02-07 21:00:00
7738,스포츠,,2027-02-07 21:00:00,2027-02-08 00:00:00
7739,운동,,2027-02-08 08:00:00,2027-02-08 10:00:00
7740,공부,,2027-02-08 10:00:00,2027-02-08 11:00:00
7741,공원,,2027-02-08 11:00:00,2027-02-08 13:00:00
7742,운동,,2027-02-08 13:00:00,2027-02-08 14:00:00
7743,공부,,2027-02-08 14:00:00,2027-02-08 17:00:00
7744,공원,,2027-02-08 17:00:00,2027-02-08 20:00:00
7745,운동,,2027-02-08 20:00:00,2027-02-08 21:00:00
7746,공부,,2027-02-08 21:00:00,2027-02-09 00:00:00
7747,점심식사,,2027-02-08 12:00:00,2027-02-08 13:00:00
7748,저녁식사,,2027-02-08 18:00:00,2027-02-08 19:00:00
7749,스포츠,,2027-02-09 08:00:00,2027-02-09 10:00:00
7750,공부,,2027-02-09 10:00:00,2027-02-09 11:00:00
7751,실내활동,,2027-02-09 11:00:00,2027-02-09 12:00:00
7752,점심식사,,2027-02-09 12:00:00,2027-02-09 13:00:00
7753,스포츠,,2027-02-09 13:00:00,2027-02-09 14:00:00
7754,공부,,2027-02-09 14:00:00,2027-02-09 15:00:00
7755,실내활동,,2027-02-09 15:00:00,2027-02-09 17:00:00
7756,스포츠,,2027-02-09 17:00:00,2027-02-09 18:00:00
7757,저녁식사,,2027-02-09 18:00:00,2027-02-09 19:00:00
7758,공부,,2027-02-09 19:00:00,2027-02-09 22:00:00
7759,실내활동,,2027-02-09 22:00:00,2027-02-10 00:00:00
7760,관람,,2027-02-10 08:00:00,2027-02-10 11:00:00
7761,운동,,2027-02-10 11:00:00,2027-02-10 12:00:00
7762,점심식사,,2027-02-10 12:00:00,2027-02-10 13:00:00
7763,실내활동,,2027-02-10 13:00:00,2027-02-10 16:00:00
7764,관람,,2027-02-10 16:00:00,2027-02-10 17:00:00
7765,운동,,2027-02-10 17:00:00,2027-02-10 19:00:00
7766,실내활동,,2027-02-10 19:00:00,2027-02-10 20:00:00
7767,관람,,2027-02-10 20:00:00,2027-02-10 21:00:00
7768,운동,,2027-02-10 21:00:00,2027-02-10 22:00:00
7769,실내활동,,2027-02-10 22:00:00,2027-02-10 23:00:00
7770,관람,,2027-02-10 23:00:00,2027-02-11 00:00:00
7771,저녁식사,,2027-02-10 18:00:00,2027-02-10 19:00:00
7772,운동,,2027-02-11 08:00:00,2027-02-11 11:00:00
7773,공부,,2027-02-11 11:00:00,2027-02-11 13:00:00
7774,공원,,2027-02-11 13:00:00,2027-02-11 16:00:00
7775,운동,,2027-02-11 16:00:00,2027-02-11 17:00:00
7776,공부,,2027-02-11 17:00:00,2027-02-11 19:00:00
7777,공원,,2027-02-11 19:00:00,2027-02-11 22:00:00
7778,운동,,2027-02-11 22:00:00,2027-02-12 00:00:00
7779,점심식사,,2027-02-11 12:00:00,2027-02-11 13:00:00
7780,저녁식사,,2027-02-11 18:00:00,2027-02-11 19:00:00
7781,스포츠,,2027-02-12 08:00:00,2027-02-12 09:00:00
7782,공부,,2027-02-12 09:00:00,2027-02-12 10:00:00
7783,실내활동,,2027-02-12 10:00:00,2027-02-12 12:00:00
7784,점심식사,,2027-02-12 12:00:00,2027-02-12 13:00:00
7785,스포츠,,2027-02-12 13:00:00,2027-02-12 16:00:00
7786,공부,,2027-02-12 16:00:00,2027-02-12 17:00:00
7787,실내활동,,2027-02-12 17:00:00,2027-02-12 19:00:00
7788,스포츠,,2027-02-12 19:00:00,2027-02-12 20:00:00
7789,공부,,2027-02-12 20:00:00,2027-02-12 21:00:00
7790,실내활동,,2027-02-12 21:00:00,2027-02-13 00:00:00
7791,저녁식사,,2027-02-12 18:00:00,2027-02-12 19:00:00
7792,관람,,2027-02-13 08:00:00,2027-02-13 11:00:00
7793,운동,,2027-02-13 11:00:00,2027-02-13 13:00:00
7794,실내활동,,2027-02-13 13:00:00,2027-02-13 16:00:00
7795,관람,,2027-02-13 16:00:00,2027-02-13 18:00:00
7796,저녁식사,,2027-02-13 18:00:00,2027-02-13 19:00:00
7797,운동,,2027-02-13 19:00:00,2027-02-13 22:00:00
7798,실내활동,,2027-02-13 22:00:00,2027-02-13 23:00:00
7799,관람,,2027-02-13 23:00:00,2027-02-14 00:00:00
7800,점심식사,,2027-02-13 12:00:00,2027-02-13 13:00:00
7801,스포츠,,2027-02-14 08:00:00,2027-02-14 09:00:00
7802,공부,,2027-02-14 09:00:00,2027-02-14 12:00:00
7803,점심식사,,2027-02-14 12:00:00,2027-02-14 13:00:00
7804,실내활동,,2027-02-14 13:00:00,2027-02-14 14:00:00
7805,스포츠,,2027-02-14 14:00:00,2027-02-14 17:00:00
7806,공부,,2027-02-14 17:00:00,2027-02-14 18:00:00
7807,저녁식사,,2027-02-14 18:00:00,2027-02-14 19:00:00
7808,실내활동,,2027-02-14 19:00:00,2027-02-14 20:00:00
7809,스포츠,,2027-02-14 20:00:00,2027-02-14 22:00:00
7810,공부,,2027-02-14 22:00:00,2027-02-14 23:00:00
7811,실내활동,,2027-02-14 23:00:00,2027-02-15 00:00:00
7812,운동,,2027-02-15 08:00:00,2027-02-15 09:00:00
7813,공부,,2027-02-15 09:00:00,2027-02-15 12:00:00
7814,점심식사,,2027-02-15 12:00:00,2027-02-15 13:00:00
7815,공원,,2027-02-15 13:00:00,2027-02-15 14:00:00
7816,운동,,2027-02-15 14:00:00,2027-02-15 16:00:00
7817,공부,,2027-02-15 16:00:00,2027-02-15 19:00:00
7818,공원,,2027-02-15 19:00:00,2027-02-15 21:00:00
7819,운동,,2027-02-15 21:00:00,2027-02-15 22:00:00
7820,공부,,2027-02-15 22:00:00,2027-02-15 23:00:00
7821,공원,,2027-02-15 23:00:00,2027-02-16 00:00:00
7822,저녁식사,,2027-02-15 18:00:00,2027-02-15 19:00:00
7823,스포츠,,2027-02-16 08:00:00,2027-02-16 11:00:00
7824,공부,,2027-02-16 11:00:00,2027-02-16 14:00:00
7825,실내활동,,2027-02-16 14:00:00,2027-02-16 15:00:00
7826,스포츠,,2027-02-16 15:00:00,2027-02-16 17:00:00
7827,공부,,2027-02-16 17:00:00,2027-02-16 19:00:00
7828,실내활동,,2027-02-16 19:00:00,2027-02-16 20:00:00
7829,스포츠,,2027-02-16 20:00:00,2027-02-16 23:00:00
7830,공부,,2027-02-16 23:00:00,2027-02-17 00:00:00
7831,점심식사,,2027-02-16 12:00:00,2027-02-16 13:00:00
7832,저녁식사,,2027-02-16 18:00:00,2027-02-16 19:00:00
7833,관람,,2027-02-17 08:00:00,2027-02-17 11:00:00
7834,운동,,2027-02-17 11:00:00,2027-02-17 12:00:00
7835,점심식사,,2027-02-17 12:00:00,2027-02-17 13:00:00
7836,실내활동,,2027-02-17 13:00:00,2027-02-17 16:00:00
7837,관람,,2027-02-17 16:00:00,2027-02-17 17:00:00
7838,운동,,2027-02-17 17:00:00,2027-02-17 20:00:00
7839,실내활동,,2027-02-17 20:00:00,2027-02-17 23:00:00
7840,관람,,2027-02-17 23:00:00,2027-02-18 00:00:00
7841,저녁식사,,2027-02-17 18:00:00,2027-02-17 19:00:00
7842,운동,,2027-02-18 08:00:00,2027-02-18 11:00:00
7843,공부,,2027-02-18 11:00:00,2027-02-18 14:00:00
7844,공원,,2027-02-18 14:00:00,2027-02-18 16:00:00
7845,운동,,2027-02-18 16:00:00,2027-02-18 18:00:00
7846,저녁식사,,2027-02-18 18:00:00,2027-02-18 19:00:00
7847,공부,,2027-02-18 19:00:00,2027-02-18 20:00:00
7848,공원,,2027-02-18 20:00:00,2027-02-18 22:00:00
7849,운동,,2027-02-18 22:00:00,2027-02-19 00:00:00
7850,점심식사,,2027-02-18 12:00:00,2027-02-18 13:00:00
7851,스포츠,,2027-02-19 08:00:00,2027-02-19 09:00:00
7852,공부,,2027-02-19 09:00:00,2027-02-19 12:00:00
7853,점심식사,,2027-02-19 12:00:00,2027-02-19 13:00:00
7854,실내활동,,2027-02-19 13:00:00,2027-02-19 15:00:00
7855,스포츠,,2027-02-19 15:00:00,2027-02-19 16:00:00
7856,공부,,2027-02-19 16:00:00,2027-02-19 17:00:00
7857,실내활동,,2027-02-19 17:00:00,2027-02-19 18:00:00
7858,저녁식사,,2027-02-19 18:00:00,2027-02-19 19:00:00
7859,스포츠,,2027-02-19 19:00:00,2027-02-19 22:00:00
7860,공부,,2027-02-19 22:00:00,2027-02-20 00:00:00
7861,관람,,2027-02-20 08:00:00,2027-02-20 11:00:00
7862,운동,,2027-02-20 11:00:00,2027-02-20 13:00:00
7863,실내활동,,2027-02-20 13:00:00,2027-02-20 15:00:00
7864,관람,,2027-02-20 15:00:00,2027-02-20 16:00:00
7865,운동,,2027-02-20 16:00:00,2027-02-20 19:00:00
7866,실내활동,,2027-02-20 19:00:00,2027-02-20 22:00:00
7867,관람,,2027-02-20 22:00:00,2027-02-20 23:00:00
7868,운동,,2027-02-20 23:00:00,2027-02-21 00:00:00
7869,점심식사,,2027-02-20 12:00:00,2027-02-20 13:00:00
7870,저녁식사,,2027-02-20 18:00:00,2027-02-20 19:00:00
7871,스포츠,,2027-02-21 08:00:00,2027-02-21 11:00:00
7872,공부,,2027-02-21 11:00:00,2027-02-21 12:00:00
7873,점심식사,,2027-02-21 12:00:00,2027-02-21 13:00:00
7874,실내활동,,2027-02-21 13:00:00,2027-02-21 14:00:00
7875,스포츠,,2027-02-21 14:00:00,2027-02-21 15:00:00
7876,공부,,2027-02-21 15:00:00,2027-02-21 18:00:00
7877,저녁식사,,2027-02-21 18:00:00,2027-02-21 19:00:00
7878,실내활동,,2027-02-21 19:00:00,2027-02-21 22:00:00
7879,스포츠,,2027-02-21 22:00:00,2027-02-22 00:00:00
7880,운동,,2027-02-22 08:00:00,2027-02-22 10:00:00
7881,공부,,2027-02-22 10:00:00,2027-02-22 13:00:00
7882,공원,,2027-02-22 13:00:00,2027-02-22 15:00:00
7883,운동,,2027-02-22 15:00:00,2027-02-22 17:00:00
7884,공부,,2027-02-22 17:00:00,2027-02-22 18:00:00
7885,저녁식사,,2027-02-22 18:00:00,2027-02-22 19:00:00
7886,공원,,2027-02-22 19:00:00,2027-02-22 21:00:00
7887,운동,,2027-02-22 21:00:00,2027-02-22 22:00:00
7888,공부,,2027-02-22 22:00:00,2027-02-22 23:00:00
7889,공원,,2027-02-22 23:00:00,2027-02-23 00:00:00
7890,점심식사,,2027-02-22 12:00:00,2027-02-22 13:00:00
7891,스포츠,,2027-02-23 08:00:00,2027-02-23 11:00:00
7892,공부,,2027-02-23 11:00:00,2027-02-23 13:00:00
7893,실내활동,,2027-02-23 13:00:00,2027-02-23 15:00:00
7894,스포츠,,2027-02-23 15:00:00,2027-02-23 16:00:00
7895,공부,,2027-02-23 16:00:00,2027-02-23 19:00:00
7896,실내활동,,2027-02-23 19:00:00,2027-02-23 21:00:00
7897,스포츠,,2027-02-23 21:00:00,2027-02-24 00:00:00
7898,점심식사,,2027-02-23 12:00:00,2027-02-23 13:00:00
7899,저녁식사,,2027-02-23 18:00:00,2027-02-23 19:00:00
7900,관람,,2027-02-24 08:00:00,2027-02-24 11:00:00
7901,운동,,2027-02-24 11:00:00,2027-02-24 13:00:00
7902,실내활동,,2027-02-24 13:00:00,2027-02-24 15:00:00
7903,관람,,2027-02-24 15:00:00,2027-02-24 16:00:00
7904,운동,,2027-02-24 16:00:00,2027-02-24 18:00:00
7905,저녁식사,,2027-02-24 18:00:00,2027-02-24 19:00:00
7906,실내활동,,2027-02-24 19:00:00,2027-02-24 20:00:00
7907,관람,,2027-02-24 20:00:00,2027-02-24 22:00:00
7908,운동,,2027-02-24 22:00:00,2027-02-25 00:00:00
7909,점심식사,,2027-02-24 12:00:00,2027-02-24 13:00:00
7910,운동,,2027-02-25 08:00:00,2027-02-25 10:00:00
7911,공부,,2027-02-25 10:00:00,2027-02-25 13:00:00
7912,공원,,2027-02-25 13:00:00,2027-02-25 16:00:00
7913,운동,,2027-02-25 16:00:00,2027-02-25 18:00:00
7914,저녁식사,,2027-02-25 18:00:00,2027-02-25 19:00:00
7915,공부,,2027-02-25 19:00:00,2027-02-25 22:00:00
7916,공원,,2027-02-25 22:00:00,2027-02-26 00:00:00
7917,점심식사,,2027-02-25 12:00:00,2027-02-25 13:00:00
7918,스포츠,,2027-02-26 08:00:00,2027-02-26 09:00:00
7919,공부,,2027-02-26 09:00:00,2027-02-26 10:00:00
7920,실내활동,,2027-02-26 10:00:00,2027-02-26 12:00:00
7921,점심식사,,2027-02-26 12:00:00,2027-02-26 13:00:00
7922,스포츠,,2027-02-26 13:00:00,2027-02-26 16:00:00
7923,공부,,2027-02-26 16:00:00,2027-02-26 17:00:00
7924,실내활동,,2027-02-26 17:00:00,2027-02-26 18:00:00
7925,저녁식사,,2027-02-26 18:00:00,2027-02-26 19:00:00
7926,스포츠,,2027-02-26 19:00:00,2027-02-26 20:00:00
7927,공부,,2027-02-26 20:00:00,2027-02-26 21:00:00
7928,실내활동,,2027-02-26 21:00:00,2027-02-26 22:00:00
7929,스포츠,,2027-02-26 22:00:00,2027-02-27 00:00:00
7930,관람,,2027-02-27 08:00:00,2027-02-27 09:00:00
7931,운동,,2027-02-27 09:00:00,2027-02-27 12:00:00
7932,점심식사,,2027-02-27 12:00:00,2027-02-27 13:00:00
7933,실내활동,,2027-02-27 13:00:00,2027-02-27 16:00:00
7934,관람,,2027-02-27 16:00:00,2027-02-27 17:00:00
7935,운동,,2027-02-27 17:00:00,2027-02-27 18:00:00
7936,저녁식사,,2027-02-27 18:00:00,2027-02-27 19:00:00
7937,실내활동,,2027-02-27 19:00:00,2027-02-27 21:00:00
7938,관람,,2027-02-27 21:00:00,2027-02-28 00:00:00
7939,스포츠,,2027-02-28 08:00:00,2027-02-28 10:00:00
7940,공부,,2027-02-28 10:00:00,2027-02-28 11:00:00
7941,실내활동,,2027-02-28 11:00:00,2027-02-28 14:00:00
7942,스포츠,,2027-02-28 14:00:00,2027-02-28 16:00:00
7943,공부,,2027-02-28 16:00:00,2027-02-28 18:00:00
7944,저녁식사,,2027-02-28 18:00:00,2027-02-28 19:00:00
7945,실내활동,,2027-02-28 19:00:00,2027-02-28 22:00:00
7946,스포츠,,2027-02-28 22:00:00,2027-03-01 00:00:00
7947,점심식사,,2027-02-28 12:00:00,2027-02-28 13:00:00
7948,운동,,2027-03-01 08:00:00,2027-03-01 10:00:00
7949,공부,,2027-03-01 10:00:00,2027-03-01 13:00:00
7950,공원,,2027-03-01 13:00:00,2027-03-01 16:00:00
7951,운동,,2027-03-01 16:00:00,2027-03-01 18:00:00
7952,저녁식사,,2027-03-01 18:00:00,2027-03-01 19:00:00
7953,공부,,2027-03-01 19:00:00,2027-03-01 21:00:00
7954,공원,,2027-03-01 21:00:00,2027-03-01 22:00:00
7955,운동,,2027-03-01 22:00:00,2027-03-02 00:00:00
7956,점심식사,,2027-03-01 12:00:00,2027-03-01 13:00:00
7957,스포츠,,2027-03-02 08:00:00,2027-03-02 10:00:00
7958,공부,,2027-03-02 10:00:00,2027-03-02 11:00:00
7959,실내활동,,2027-03-02 11:00:00,2027-03-02 13:00:00
7960,스포츠,,2027-03-02 13:00:00,2027-03-02 15:00:00
7961,공부,,2027-03-02 15:00:00,2027-03-02 18:00:00
7962,저녁식사,,2027-03-02 18:00:00,2027-03-02 19:00:00
7963,실내활동,,2027-03-02 19:00:00,2027-03-02 21:00:00
7964,스포츠,,2027-03-02 21:00:00,2027-03-02 22:00:00
7965,공부,,2027-03-02 22:00:00,2027-03-03 00:00:00
7966,점심식사,,2027-03-02 12:00:00,2027-03-02 13:00:00
7967,관람,,2027-03-03 08:00:00,2027-03-03 11:00:00
7968,운동,,2027-03-03 11:00:00,2027-03-03 13:00:00
7969,실내활동,,2027-03-03 13:00:00,2027-03-03 14:00:00
7970,관람,,2027-03-03 14:00:00,2027-03-03 17:00:00
7971,운동,,2027-03-03 17:00:00,2027-03-03 18:00:00
7972,저녁식사,,2027-03-03 18:00:00,2027-03-03 19:00:00
7973,실내활동,,2027-03-03 19:00:00,2027-03-03 22:00:00
7974,관람,,2027-03-03 22:00:00,2027-03-03 23:00:00
7975,운동,,2027-03-03 23:00:00,2027-03-04 00:00:00
7976,점심식사,,2027-03-03 12:00:00,2027-03-03 13:00:00
7977,운동,,2027-03-04 08:00:00,2027-03-04 10:00:00
7978,공부,,2027-03-04 10:00:00,2027-03-04 12:00:00
7979,점심식사,,2027-03-04 12:00:00,2027-03-04 13:00:00
7980,공원,,2027-03-04 13:00:00,2027-03-04 14:00:00
7981,운동,,2027-03-04 14:00:00,2027-03-04 17:00:00
7982,공부,,2027-03-04 17:00:00,2027-03-04 18:00:00
7983,저녁식사,,2027-03-04 18:00:00,2027-03-04 19:00:00
7984,공원,,2027-03-04 19:00:00,2027-03-04 21:00:00
7985,운동,,2027-03-04 21:00:00,2027-03-04 23:00:00
7986,공부,,2027-03-04 23:00:00,2027-03-05 00:00:00
7987,스포츠,,2027-03-05 08:00:00,2027-03-05 10:00:00
7988,공부,,2027-03-05 10:00:00,2027-03-05 11:00:00
7989,실내활동,,2027-03-05 11:00:00,2027-03-05 13:00:00
7990,스포츠,,2027-03-05 13:00:00,2027-03-05 15:00:00
7991,공부,,2027-03-05 15:00:00,2027-03-05 17:00:00
7992,실내활동,,2027-03-05 17:00:00,2027-03-05 18:00:00
7993,저녁식사,,2027-03-05 18:00:00,2027-03-05 19:00:00
7994,스포츠,,2027-03-05 19:00:00,2027-03-05 22:00:00
7995,공부,,2027-03-05 22:00:00,2027-03-06 00:00:00
7996,점심식사,,2027-03-05 12:00:00,2027-03-05 13:00:00
7997,관람,,2027-03-06 08:00:00,2027-03-06 11:00:00
7998,운동,,2027-03-06 11:00:00,2027-03-06 14:00:00
7999,실내활동,,2027-03-06 14:00:00,2027-03-06 16:00:00
8000,관람,,2027-03-06 16:00:00,2027-03-06 19:00:00
8001,운동,,2027-03-06 19:00:00,2027-03-06 21:00:00
8002,실내활동,,2027-03-06 21:00:00,2027-03-06 23:00:00
8003,관람,,2027-03-06 23:00:00,2027-03-07 00:00:00
8004,점심식사,,2027-03-06 12:00:00,2027-03-06 13:00:00
8005,저녁식사,,2027-03-06 18:00:00,2027-03-06 19:00:00
8006,스포츠,,2027-03-07 08:00:00,2027-03-07 10:00:00
8007,공부,,2027-03-07 10:00:00,2027-03-07 13:00:00
8008,실내활동,,2027-03-07 13:00:00,2027-03-07 16:00:00
8009,스포츠,,2027-03-07 16:00:00,2027-03-07 18:00:00
8010,저녁식사,,2027-03-07 18:00:00,2027-03-07 19:00:00
8011,공부,,2027-03-07 19:00:00,2027-03-07 20:00:00
8012,실내활동,,2027-03-07 20:00:00,2027-03-07 23:00:00
8013,스포츠,,2027-03-07 23:00:00,2027-03-08 00:00:00
8014,점심식사,,2027-03-07 12:00:00,2027-03-07 13:00:00
8015,운동,,2027-03-08 08:00:00,2027-03-08 09:00:00
8016,공부,,2027-03-08 09:00:00,2027-03-08 11:00:00
8017,공원,,2027-03-08 11:00:00,2027-03-08 14:00:00
8018,운동,,2027-03-08 14:00:00,2027-03-08 16:00:00
8019,공부,,2027-03-08 16:00:00,2027-03-08 17:00:00
8020,공원,,2027-03-08 17:00:00,2027-03-08 20:00:00
8021,운동,,2027-03-08 20:00:00,2027-03-08 21:00:00
8022,공부,,2027-03-08 21:00:00,2027-03-08 22:00:00
8023,공원,,2027-03-08 22:00:00,2027-03-09 00:00:00
8024,점심식사,,2027-03-08 12:00:00,2027-03-08 13:00:00
8025,저녁식사,,2027-03-08 18:00:00,2027-03-08 19:00:00
8026,스포츠,,2027-03-09 08:00:00,2027-03-09 10:00:00
8027,공부,,2027-03-09 10:00:00,2027-03-09 12:00:00
8028,점심식사,,2027-03-09 12:00:00,2027-03-09 13:00:00
8029,실내활동,,2027-03-09 13:00:00,2027-03-09 14:00:00
8030,스포츠,,2027-03-09 14:00:00,2027-03-09 15:00:00
8031,공부,,2027-03-09 15:00:00,2027-03-09 16:00:00
8032,실내활동,,2027-03-09 16:00:00,2027-03-09 18:00:00
8033,저녁식사,,2027-03-09 18:00:00,2027-03-09 19:00:00
8034,스포츠,,2027-03-09 19:00:00,2027-03-09 22:00:00
8035,공부,,2027-03-09 22:00:00,2027-03-09 23:00:00
8036,실내활동,,2027-03-09 23:00:00,2027-03-10 00:00:00
8037,관람,,2027-03-10 08:00:00,2027-03-10 09:00:00
8038,운동,,2027-03-10 09:00:00,2027-03-10 11:00:00
8039,실내활동,,2027-03-10 11:00:00,2027-03-10 13:00:00
8040,관람,,2027-03-10 13:00:00,2027-03-10 16:00:00
8041,운동,,2027-03-10 16:00:00,2027-03-10 17:00:00
8042,실내활동,,2027-03-10 17:00:00,2027-03-10 20:00:00
8043,관람,,2027-03-10 20:00:00,2027-03-10 21:00:00
8044,운동,,2027-03-10 21:00:00,2027-03-10 23:00:00
8045,실내활동,,2027-03-10 23:00:00,2027-03-11 00:00:00
8046,점심식사,,2027-03-10 12:00:00,2027-03-10 13:00:00
8047,저녁식사,,2027-03-10 18:00:00,2027-03-10 19:00:00
8048,운동,,2027-03-11 08:00:00,2027-03-11 10:00:00
8049,공부,,2027-03-11 10:00:00,2027-03-11 12:00:00
8050,점심식사,,2027-03-11 12:00:00,2027-03-11 13:00:00
8051,공원,,2027-03-11 13:00:00,2027-03-11 15:00:00
8052,운동,,2027-03-11 15:00:00,2027-03-11 18:00:00
8053,저녁식사,,2027-03-11 18:00:00,2027-03-11 19:00:00
8054,공부,,2027-03-11 19:00:00,2027-03-11 22:00:00
8055,공원,,2027-03-11 22:00:00,2027-03-12 00:00:00
8056,스포츠,,2027-03-12 08:00:00,2027-03-12 11:00:00
8057,공부,,2027-03-12 11:00:00,2027-03-12 13:00:00
8058,실내활동,,2027-03-12 13:00:00,2027-03-12 14:00:00
8059,스포츠,,2027-03-12 14:00:00,2027-03-12 16:00:00
8060,공부,,2027-03-12 16:00:00,2027-03-12 19:00:00
8061,실내활동,,2027-03-12 19:00:00,2027-03-12 22:00:00
8062,스포츠,,2027-03-12 22:00:00,2027-03-12 23:00:00
8063,공부,,2027-03-12 23:00:00,2027-03-13 00:00:00
8064,점심식사,,2027-03-12 12:00:00,2027-03-12 13:00:00
8065,저녁식사,,2027-03-12 18:00:00,2027-03-12 19:00:00
8066,관람,,2027-03-13 08:00:00,2027-03-13 09:00:00
8067,운동,,2027-03-13 09:00:00,2027-03-13 11:00:00
8068,실내활동,,2027-03-13 11:00:00,2027-03-13 13:00:00
8069,관람,,2027-03-13 13:00:00,2027-03-13 16:00:00
8070,운동,,2027-03-13 16:00:00,2027-03-13 18:00:00
8071,저녁식사,,2027-03-13 18:00:00,2027-03-13 19:00:00
8072,실내활동,,2027-03-13 19:00:00,2027-03-13 21:00:00
8073,관람,,2027-03-13 21:00:00,2027-03-13 23:00:00
8074,운동,,2027-03-13 23:00:00,2027-03-14 00:00:00
8075,점심식사,,2027-03-13 12:00:00,2027-03-13 13:00:00
8076,스포츠,,2027-03-14 08:00:00,2027-03-14 09:00:00
8077,공부,,2027-03-14 09:00:00,2027-03-14 10:00:00
8078,실내활동,,2027-03-14 10:00:00,2027-03-14 13:00:00
8079,스포츠,,2027-03-14 13:00:00,2027-03-14 14:00:00
8080,공부,,2027-03-14 14:00:00,2027-03-14 15:00:00
8081,실내활동,,2027-03-14 15:00:00,2027-03-14 18:00:00
8082,저녁식사,,2027-03-14 18:00:00,2027-03-14 19:00:00
8083,스포츠,,2027-03-14 19:00:00,2027-03-14 20:00:00
8084,공부,,2027-03-14 20:00:00,2027-03-14 22:00:00
8085,실내활동,,2027-03-14 22:00:00,2027-03-14 23:00:00
8086,스포츠,,2027-03-14 23:00:00,2027-03-15 00:00:00
8087,점심식사,,2027-03-14 12:00:00,2027-03-14 13:00:00
8088,운동,,2027-03-15 08:00:00,2027-03-15 10:00:00
8089,공부,,2027-03-15 10:00:00,2027-03-15 13:00:00
8090,공원,,2027-03-15 13:00:00,2027-03-15 15:00:00
8091,운동,,2027-03-15 15:00:00,2027-03-15 17:00:00
8092,공부,,2027-03-15 17:00:00,2027-03-15 18:00:00
8093,저녁식사,,2027-03-15 18:00:00,2027-03-15 19:00:00
8094,공원,,2027-03-15 19:00:00,2027-03-15 20:00:00
8095,운동,,2027-03-15 20:00:00,2027-03-15 21:00:00
8096,공부,,2027-03-15 21:00:00,2027-03-15 22:00:00
8097,공원,,2027-03-15 22:00:00,2027-03-15 23:00:00
8098,운동,,2027-03-15 23:00:00,2027-03-16 00:00:00
8099,점심식사,,2027-03-15 12:00:00,2027-03-15 13:00:00
8100,스포츠,,2027-03-16 08:00:00,2027-03-16 09:00:00
8101,공부,,2027-03-16 09:00:00,2027-03-16 10:00:00
8102,실내활동,,2027-03-16 10:00:00,2027-03-16 11:00:00
8103,스포츠,,2027-03-16 11:00:00,2027-03-16 13:00:00
8104,공부,,2027-03-16 13:00:00,2027-03-16 15:00:00
8105,실내활동,,2027-03-16 15:00:00,2027-03-16 17:00:00
8106,스포츠,,2027-03-16 17:00:00,2027-03-16 18:00:00
8107,저녁식사,,2027-03-16 18:00:00,2027-03-16 19:00:00
8108,공부,,2027-03-16 19:00:00,2027-03-16 20:00:00
8109,실내활동,,2027-03-16 20:00:00,2027-03-16 23:00:00
8110,스포츠,,2027-03-16 23:00:00,2027-03-17 00:00:00
8111,점심식사,,2027-03-16 12:00:00,2027-03-16 13:00:00
8112,관람,,2027-03-17 08:00:00,2027-03-17 09:00:00
8113,운동,,2027-03-17 09:00:00,2027-03-17 10:00:00
8114,실내활동,,2027-03-17 10:00:00,2027-03-17 12:00:00
8115,점심식사,,2027-03-17 12:00:00,2027-03-17 13:00:00
8116,관람,,2027-03-17 13:00:00,2027-03-17 16:00:00
8117,운동,,2027-03-17 16:00:00,2027-03-17 18:00:00
8118,저녁식사,,2027-03-17 18:00:00,2027-03-17 19:00:00
8119,실내활동,,2027-03-17 19:00:00,2027-03-17 20:00:00
8120,관람,,2027-03-17 20:00:00,2027-03-17 22:00:00
8121,운동,,2027-03-17 22:00:00,2027-03-18 00:00:00
8122,운동,,2027-03-18 08:00:00,2027-03-18 11:00:00
8123,공부,,2027-03-18 11:00:00,2027-03-18 12:00:00
8124,점심식사,,2027-03-18 12:00:00,2027-03-18 13:00:00
8125,공원,,2027-03-18 13:00:00,2027-03-18 16:00:00
8126,운동,,2027-03-18 16:00:00,2027-03-18 17:00:00
8127,공부,,2027-03-18 17:00:00,2027-03-18 18:00:00
8128,저녁식사,,2027-03-18 18:00:00,2027-03-18 19:00:00
8129,공원,,2027-03-18 19:00:00,2027-03-18 21:00:00
8130,운동,,2027-03-18 21:00:00,2027-03-18 23:00:00
8131,공부,,2027-03-18 23:00:00,2027-03-19 00:00:00
8132,스포츠,,2027-03-19 08:00:00,2027-03-19 09:00:00
8133,공부,,2027-03-19 09:00:00,2027-03-19 10:00:00
8134,실내활동,,2027-03-19 10:00:00,2027-03-19 13:00:00
8135,스포츠,,2027-03-19 13:00:00,2027-03-19 15:00:00
8136,공부,,2027-03-19 15:00:00,2027-03-19 18:00:00
8137,저녁식사,,2027-03-19 18:00:00,2027-03-19 19:00:00
8138,실내활동,,2027-03-19 19:00:00,2027-03-19 20:00:00
8139,스포츠,,2027-03-19 20:00:00,2027-03-19 22:00:00
8140,공부,,2027-03-19 22:00:00,2027-03-20 00:00:00
8141,점심식사,,2027-03-19 12:00:00,2027-03-19 13:00:00
8142,관람,,2027-03-20 08:00:00,2027-03-20 09:00:00
8143,운동,,2027-03-20 09:00:00,2027-03-20 10:00:00
8144,실내활동,,2027-03-20 10:00:00,2027-03-20 13:00:00
8145,관람,,2027-03-20 13:00:00,2027-03-20 16:00:00
8146,운동,,2027-03-20 16:00:00,2027-03-20 19:00:00
8147,실내활동,,2027-03-20 19:00:00,2027-03-20 22:00:00
8148,관람,,2027-03-20 22:00:00,2027-03-20 23:00:00
8149,운동,,2027-03-20 23:00:00,2027-03-21 00:00:00
8150,점심식사,,2027-03-20 12:00:00,2027-03-20 13:00:00
8151,저녁식사,,2027-03-20 18:00:00,2027-03-20 19:00:00
8152,스포츠,,2027-03-21 08:00:00,2027-03-21 11:00:00
8153,공부,,2027-03-21 11:00:00,2027-03-21 14:00:00
8154,실내활동,,2027-03-21 14:00:00,2027-03-21 16:00:00
8155,스포츠,,2027-03-21 16:00:00,2027-03-21 19:00:00
8156,공부,,2027-03-21 19:00:00,2027-03-21 22:00:00
8157,실내활동,,2027-03-21 22:00:00,2027-03-21 23:00:00
8158,스포츠,,2027-03-21 23:00:00,2027-03-22 00:00:00
8159,점심식사,,2027-03-21 12:00:00,2027-03-21 13:00:00
8160,저녁식사,,2027-03-21 18:00:00,2027-03-21 19:00:00
8161,운동,,2027-03-22 08:00:00,2027-03-22 10:00:00
8162,공부,,2027-03-22 10:00:00,2027-03-22 13:00:00
8163,공원,,2027-03-22 13:00:00,2027-03-22 14:00:00
8164,운동,,2027-03-22 14:00:00,2027-03-22 17:00:00
8165,공부,,2027-03-22 17:00:00,2027-03-22 20:00:00
8166,공원,,2027-03-22 20:00:00,2027-03-22 21:00:00
8167,운동,,2027-03-22 21:00:00,2027-03-22 22:00:00
8168,공부,,2027-03-22 22:00:00,2027-03-22 23:00:00
8169,공원,,2027-03-22 23:00:00,2027-03-23 00:00:00
8170,점심식사,,2027-03-22 12:00:00,2027-03-22 13:00:00
8171,저녁식사,,2027-03-22 18:00:00,2027-03-22 19:00:00
8172,스포츠,,2027-03-23 08:00:00,2027-03-23 11:00:00
8173,공부,,2027-03-23 11:00:00,2027-03-23 12:00:00
8174,점심식사,,2027-03-23 12:00:00,2027-03-23 13:00:00
8175,실내활동,,2027-03-23 13:00:00,2027-03-23 14:00:00
8176,스포츠,,2027-03-23 14:00:00,2027-03-23 15:00:00
8177,공부,,2027-03-23 15:00:00,2027-03-23 17:00:00
8178,실내활동,,2027-03-23 17:00:00,2027-03-23 20:00:00
8179,스포츠,,2027-03-23 20:00:00,2027-03-23 22:00:00
8180,공부,,2027-03-23 22:00:00,2027-03-23 23:00:00
8181,실내활동,,2027-03-23 23:00:00,2027-03-24 00:00:00
8182,저녁식사,,2027-03-23 18:00:00,2027-03-23 19:00:00
8183,관람,,2027-03-24 08:00:00,2027-03-24 09:00:00
8184,운동,,2027-03-24 09:00:00,2027-03-24 10:00:00
8185,실내활동,,2027-03-24 10:00:00,2027-03-24 11:00:00
8186,관람,,2027-03-24 11:00:00,2027-03-24 12:00:00
8187,점심식사,,2027-03-24 12:00:00,2027-03-24 13:00:00
8188,운동,,2027-03-24 13:00:00,2027-03-24 16:00:00
8189,실내활동,,2027-03-24 16:00:00,2027-03-24 17:00:00
8190,관람,,2027-03-24 17:00:00,2027-03-24 20:00:00
8191,운동,,2027-03-24 20:00:00,2027-03-24 22:00:00
8192,실내활동,,2027-03-24 22:00:00,2027-03-25 00:00:00
8193,저녁식사,,2027-03-24 18:00:00,2027-03-24 19:00:00
8194,운동,,2027-03-25 08:00:00,2027-03-25 11:00:00
8195,공부,,2027-03-25 11:00:00,2027-03-25 14:00:00
8196,공원,,2027-03-25 14:00:00,2027-03-25 17:00:00
8197,운동,,2027-03-25 17:00:00,2027-03-25 20:00:00
8198,공부,,2027-03-25 20:00:00,2027-03-25 23:00:00
8199,공원,,2027-03-25 23:00:00,2027-03-26 00:00:00
8200,점심식사,,2027-03-25 12:00:00,2027-03-25 13:00:00
8201,저녁식사,,2027-03-25 18:00:00,2027-03-25 19:00:00
8202,스포츠,,2027-03-26 08:00:00,2027-03-26 11:00:00
8203,공부,,2027-03-26 11:00:00,2027-03-26 12:00:00
8204,점심식사,,2027-03-26 12:00:00,2027-03-26 13:00:00
8205,실내활동,,2027-03-26 13:00:00,2027-03-26 16:00:00
8206,스포츠,,2027-03-26 16:00:00,2027-03-26 17:00:00
8207,공부,,2027-03-26 17:00:00,2027-03-26 20:00:00
8208,실내활동,,2027-03-26 20:00:00,2027-03-26 22:00:00
8209,스포츠,,2027-03-26 22:00:00,2027-03-26 23:00:00
8210,공부,,2027-03-26 23:00:00,2027-03-27 00:00:00
8211,저녁식사,,2027-03-26 18:00:00,2027-03-26 19:00:00
8212,관람,,2027-03-27 08:00:00,2027-03-27 09:00:00
8213,운동,,2027-03-27 09:00:00,2027-03-27 12:00:00
8214,점심식사,,2027-03-27 12:00:00,2027-03-27 13:00:00
8215,실내활동,,2027-03-27 13:00:00,2027-03-27 14:00:00
8216,관람,,2027-03-27 14:00:00,2027-03-27 15:00:00
8217,운동,,2027-03-27 15:00:00,2027-03-27 16:00:00
8218,실내활동,,2027-03-27 16:00:00,2027-03-27 17:00:00
8219,관람,,2027-03-27 17:00:00,2027-03-27 20:00:00
8220,운동,,2027-03-27 20:00:00,2027-03-27 22:00:00
8221,실내활동,,2027-03-27 22:00:00,2027-03-28 00:00:00
8222,저녁식사,,2027-03-27 18:00:00,2027-03-27 19:00:00
8223,스포츠,,2027-03-28 08:00:00,2027-03-28 09:00:00
8224,공부,,2027-03-28 09:00:00,2027-03-28 12:00:00
8225,점심식사,,2027-03-28 12:00:00,2027-03-28 13:00:00
8226,실내활동,,2027-03-28 13:00:00,2027-03-28 14:00:00
8227,스포츠,,2027-03-28 14:00:00,2027-03-28 16:00:00
8228,공부,,2027-03-28 16:00:00,2027-03-28 17:00:00
8229,실내활동,,2027-03-28 17:00:00,2027-03-28 18:00:00
8230,저녁식사,,2027-03-28 18:00:00,2027-03-28 19:00:00
8231,스포츠,,2027-03-28 19:00:00,2027-03-28 20:00:00
8232,공부,,2027-03-28 20:00:00,2027-03-28 23:00:00
8233,실내활동,,2027-03-28 23:00:00,2027-03-29 00:00:00
8234,운동,,2027-03-29 08:00:00,2027-03-29 10:00:00
8235,공부,,2027-03-29 10:00:00,2027-03-29 12:00:00
8236,점심식사,,2027-03-29 12:00:00,2027-03-29 13:00:00
8237,공원,,2027-03-29 13:00:00,2027-03-29 16:00:00
8238,운동,,2027-03-29 16:00:00,2027-03-29 18:00:00
8239,저녁식사,,2027-03-29 18:00:00,2027-03-29 19:00:00
8240,공부,,2027-03-29 19:00:00,2027-03-29 21:00:00
8241,공원,,2027-03-29 21:00:00,2027-03-29 23:00:00
8242,운동,,2027-03-29 23:00:00,2027-03-30 00:00:00
8243,스포츠,,2027-03-30 08:00:00,2027-03-30 09:00:00
8244,공부,,2027-03-30 09:00:00,2027-03-30 10:00:00
8245,실내활동,,2027-03-30 10:00:00,2027-03-30 13:00:00
8246,스포츠,,2027-03-30 13:00:00,2027-03-30 14:00:00
8247,공부,,2027-03-30 14:00:00,2027-03-30 15:00:00
8248,실내활동,,2027-03-30 15:00:00,2027-03-30 18:00:00
8249,저녁식사,,2027-03-30 18:00:00,2027-03-30 19:00:00
8250,스포츠,,2027-03-30 19:00:00,2027-03-30 21:00:00
8251,공부,,2027-03-30 21:00:00,2027-03-30 22:00:00
8252,실내활동,,2027-03-30 22:00:00,2027-03-31 00:00:00
8253,점심식사,,2027-03-30 12:00:00,2027-03-30 13:00:00
8254,관람,,2027-03-31 08:00:00,2027-03-31 11:00:00
8255,운동,,2027-03-31 11:00:00,2027-03-31 12:00:00
8256,점심식사,,2027-03-31 12:00:00,2027-03-31 13:00:00
8257,실내활동,,2027-03-31 13:00:00,2027-03-31 16:00:00
8258,관람,,2027-03-31 16:00:00,2027-03-31 19:00:00
8259,운동,,2027-03-31 19:00:00,2027-03-31 21:00:00
8260,실내활동,,2027-03-31 21:00:00,2027-04-01 00:00:00
8261,저녁식사,,2027-03-31 18:00:00,2027-03-31 19:00:00
8262,운동,,2027-04-01 08:00:00,2027-04-01 11:00:00
8263,공부,,2027-04-01 11:00:00,2027-04-01 12:00:00
8264,점심식사,,2027-04-01 12:00:00,2027-04-01 13:00:00
8265,공원,,2027-04-01 13:00:00,2027-04-01 15:00:00
8266,운동,,2027-04-01 15:00:00,2027-04-01 17:00:00
8267,공부,,2027-04-01 17:00:00,2027-04-01 20:00:00
8268,공원,,2027-04-01 20:00:00,2027-04-01 23:00:00
8269,운동,,2027-04-01 23:00:00,2027-04-02 00:00:00
8270,저녁식사,,2027-04-01 18:00:00,2027-04-01 19:00:00
8271,스포츠,,2027-04-02 08:00:00,2027-04-02 11:00:00
8272,공부,,2027-04-02 11:00:00,2027-04-02 12:00:00
8273,점심식사,,2027-04-02 12:00:00,2027-04-02 13:00:00
8274,실내활동,,2027-04-02 13:00:00,2027-04-02 15:00:00
8275,스포츠,,2027-04-02 15:00:00,2027-04-02 18:00:00
8276,저녁식사,,2027-04-02 18:00:00,2027-04-02 19:00:00
8277,공부,,2027-04-02 19:00:00,2027-04-02 22:00:00
8278,실내활동,,2027-04-02 22:00:00,2027-04-02 23:00:00
8279,스포츠,,2027-04-02 23:00:00,2027-04-03 00:00:00
8280,관람,,2027-04-03 08:00:00,2027-04-03 09:00:00
8281,운동,,2027-04-03 09:00:00,2027-04-03 10:00:00
8282,실내활동,,2027-04-03 10:00:00,2027-04-03 11:00:00
8283,관람,,2027-04-03 11:00:00,2027-04-03 13:00:00
8284,운동,,2027-04-03 13:00:00,2027-04-03 15:00:00
8285,실내활동,,2027-04-03 15:00:00,2027-04-03 16:00:00
8286,관람,,2027-04-03 16:00:00,2027-04-03 19:00:00
8287,운동,,2027-04-03 19:00:00,2027-04-03 21:00:00
8288,실내활동,,2027-04-03 21:00:00,2027-04-03 23:00:00
8289,관람,,2027-04-03 23:00:00,2027-04-04 00:00:00
8290,점심식사,,2027-04-03 12:00:00,2027-04-03 13:00:00
8291,저녁식사,,2027-04-03 18:00:00,2027-04-03 19:00:00
8292,스포츠,,2027-04-04 08:00:00,2027-04-04 11:00:00
8293,공부,,2027-04-04 11:00:00,2027-04-04 12:00:00
8294,점심식사,,2027-04-04 12:00:00,2027-04-04 13:00:00
8295,실내활동,,2027-04-04 13:00:00,2027-04-04 14:00:00
8296,스포츠,,2027-04-04 14:00:00,2027-04-04 16:00:00
8297,공부,,2027-04-04 16:00:00,2027-04-04 17:00:00
8298,실내활동,,2027-04-04 17:00:00,2027-04-04 20:00:00
8299,스포츠,,2027-04-04 20:00:00,2027-04-04 22:00:00
8300,공부,,2027-04-04 22:00:00,2027-04-04 23:00:00
8301,실내활동,,2027-04-04 23:00:00,2027-04-05 00:00:00
8302,저녁식사,,2027-04-04 18:00:00,2027-04-04 19:00:00
8303,운동,,2027-04-05 08:00:00,2027-04-05 10:00:00
8304,공부,,2027-04-05 10:00:00,2027-04-05 12:00:00
8305,점심식사,,2027-04-05 12:00:00,2027-04-05 13:00:00
8306,공원,,2027-04-05 13:00:00,2027-04-05 16:00:00
8307,운동,,2027-04-05 16:00:00,2027-04-05 17:00:00
8308,공부,,2027-04-05 17:00:00,2027-04-05 20:00:00
8309,공원,,2027-04-05 20:00:00,2027-04-05 23:00:00
8310,운동,,2027-04-05 23:00:00,2027-04-06 00:00:00
8311,저녁식사,,2027-04-05 18:00:00,2027-04-05 19:00:00
8312,스포츠,,2027-04-06 08:00:00,2027-04-06 09:00:00
8313,공부,,2027-04-06 09:00:00,2027-04-06 10:00:00
8314,실내활동,,2027-04-06 10:00:00,2027-04-06 12:00:00
8315,점심식사,,2027-04-06 12:00:00,2027-04-06 13:00:00
8316,스포츠,,2027-04-06 13:00:00,2027-04-06 16:00:00
8317,공부,,2027-04-06 16:00:00,2027-04-06 19:00:00
8318,실내활동,,2027-04-06 19:00:00,2027-04-06 20:00:00
8319,스포츠,,2027-04-06 20:00:00,2027-04-06 22:00:00
8320,공부,,2027-04-06 22:00:00,2027-04-07 00:00:00
8321,저녁식사,,2027-04-06 18:00:00,2027-04-06 19:00:00
8322,관람,,2027-04-07 08:00:00,2027-04-07 10:00:00
8323,운동,,2027-04-07 10:00:00,2027-04-07 13:00:00
8324,실내활동,,2027-04-07 13:00:00,2027-04-07 14:00:00
8325,관람,,2027-04-07 14:00:00,2027-04-07 15:00:00
8326,운동,,2027-04-07 15:00:00,2027-04-07 16:00:00
8327,실내활동,,2027-04-07 16:00:00,2027-04-07 18:00:00
8328,저녁식사,,2027-04-07 18:00:00,2027-04-07 19:00:00
8329,관람,,2027-04-07 19:00:00,2027-04-07 20:00:00
8330,운동,,2027-04-07 20:00:00,2027-04-07 22:00:00
8331,실내활동,,2027-04-07 22:00:00,2027-04-07 23:00:00
8332,관람,,2027-04-07 23:00:00,2027-04-08 00:00:00
8333,점심식사,,2027-04-07 12:00:00,2027-04-07 13:00:00
8334,운동,,2027-04-08 08:00:00,2027-04-08 10:00:00
8335,공부,,2027-04-08 10:00:00,2027-04-08 13:00:00
8336,공원,,2027-04-08 13:00:00,2027-04-08 14:00:00
8337,운동,,2027-04-08 14:00:00,2027-04-08 16:00:00
8338,공부,,2027-04-08 16:00:00,2027-04-08 17:00:00
8339,공원,,2027-04-08 17:00:00,2027-04-08 19:00:00
8340,운동,,2027-04-08 19:00:00,2027-04-08 22:00:00
8341,공부,,2027-04-08 22:00:00,2027-04-09 00:00:00
8342,점심식사,,2027-04-08 12:00:00,2027-04-08 13:00:00
8343,저녁식사,,2027-04-08 18:00:00,2027-04-08 19:00:00
8344,스포츠,,2027-04-09 08:00:00,2027-04-09 09:00:00
8345,공부,,2027-04-09 09:00:00,2027-04-09 11:00:00
8346,실내활동,,2027-04-09 11:00:00,2027-04-09 13:00:00
8347,스포츠,,2027-04-09 13:00:00,2027-04-09 16:00:00
8348,공부,,2027-04-09 16:00:00,2027-04-09 18:00:00
8349,저녁식사,,2027-04-09 18:00:00,2027-04-09 19:00:00
8350,실내활동,,2027-04-09 19:00:00,2027-04-09 22:00:00
8351,스포츠,,2027-04-09 22:00:00,2027-04-10 00:00:00
8352,점심식사,,2027-04-09 12:00:00,2027-04-09 13:00:00
8353,관람,,2027-04-10 08:00:00,2027-04-10 09:00:00
8354,운동,,2027-04-10 09:00:00,2027-04-10 12:00:00
8355,점심식사,,2027-04-10 12:00:00,2027-04-10 13:00:00
8356,실내활동,,2027-04-10 13:00:00,2027-04-10 14:00:00
8357,관람,,2027-04-10 14:00:00,2027-04-10 16:00:00
8358,운동,,2027-04-10 16:00:00,2027-04-10 19:00:00
8359,실내활동,,2027-04-10 19:00:00,2027-04-10 20:00:00
8360,관람,,2027-04-10 20:00:00,2027-04-10 23:00:00
8361,운동,,2027-04-10 23:00:00,2027-04-11 00:00:00
8362,저녁식사,,2027-04-10 18:00:00,2027-04-10 19:00:00
8363,스포츠,,2027-04-11 08:00:00,2027-04-11 10:00:00
8364,공부,,2027-04-11 10:00:00,2027-04-11 13:00:00
8365,실내활동,,2027-04-11 13:00:00,2027-04-11 14:00:00
8366,스포츠,,2027-04-11 14:00:00,2027-04-11 15:00:00
8367,공부,,2027-04-11 15:00:00,2027-04-11 16:00:00
8368,실내활동,,2027-04-11 16:00:00,2027-04-11 17:00:00
8369,스포츠,,2027-04-11 17:00:00,2027-04-11 19:00:00
8370,공부,,2027-04-11 19:00:00,2027-04-11 20:00:00
8371,실내활동,,2027-04-11 20:00:00,2027-04-11 23:00:00
8372,스포츠,,2027-04-11 23:00:00,2027-04-12 00:00:00
8373,점심식사,,2027-04-11 12:00:00,2027-04-11 13:00:00
8374,저녁식사,,2027-04-11 18:00:00,2027-04-11 19:00:00
8375,운동,,2027-04-12 08:00:00,2027-04-12 09:00:00
8376,공부,,2027-04-12 09:00:00,2027-04-12 11:00:00
8377,공원,,2027-04-12 11:00:00,2027-04-12 12:00:00
8378,점심식사,,2027-04-12 12:00:00,2027-04-12 13:00:00
8379,운동,,2027-04-12 13:00:00,2027-04-12 14:00:00
8380,공부,,2027-04-12 14:00:00,2027-04-12 17:00:00
8381,공원,,2027-04-12 17:00:00,2027-04-12 18:00:00
8382,저녁식사,,2027-04-12 18:00:00,2027-04-12 19:00:00
8383,운동,,2027-04-12 19:00:00,2027-04-12 21:00:00
8384,공부,,2027-04-12 21:00:00,2027-04-12 22:00:00
8385,공원,,2027-04-12 22:00:00,2027-04-13 00:00:00
8386,스포츠,,2027-04-13 08:00:00,2027-04-13 09:00:00
8387,공부,,2027-04-13 09:00:00,2027-04-13 12:00:00
8388,점심식사,,2027-04-13 12:00:00,2027-04-13 13:00:00
8389,실내활동,,2027-04-13 13:00:00,2027-04-13 14:00:00
8390,스포츠,,2027-04-13 14:00:00,2027-04-13 15:00:00
8391,공부,,2027-04-13 15:00:00,2027-04-13 16:00:00
8392,실내활동,,2027-04-13 16:00:00,2027-04-13 17:00:00
8393,스포츠,,2027-04-13 17:00:00,2027-04-13 20:00:00
8394,공부,,2027-04-13 20:00:00,2027-04-13 23:00:00
8395,실내활동,,2027-04-13 23:00:00,2027-04-14 00:00:00
8396,저녁식사,,2027-04-13 18:00:00,2027-04-13 19:00:00
8397,관람,,2027-04-14 08:00:00,2027-04-14 09:00:00
8398,운동,,2027-04-14 09:00:00,2027-04-14 10:00:00
8399,실내활동,,2027-04-14 10:00:00,2027-04-14 11:00:00
8400,관람,,2027-04-14 11:00:00,2027-04-14 14:00:00
8401,운동,,2027-04-14 14:00:00,2027-04-14 16:00:00
8402,실내활동,,2027-04-14 16:00:00,2027-04-14 18:00:00
8403,저녁식사,,2027-04-14 18:00:00,2027-04-14 19:00:00
8404,관람,,2027-04-14 19:00:00,2027-04-14 22:00:00
8405,운동,,2027-04-14 22:00:00,2027-04-15 00:00:00
8406,점심식사,,2027-04-14 12:00:00,2027-04-14 13:00:00
8407,운동,,2027-04-15 08:00:00,2027-04-15 10:00:00
8408,공부,,2027-04-15 10:00:00,2027-04-15 11:00:00
8409,공원,,2027-04-15 11:00:00,2027-04-15 12:00:00
8410,점심식사,,2027-04-15 12:00:00,2027-04-15 13:00:00
8411,운동,,2027-04-15 13:00:00,2027-04-15 14:00:00
8412,공부,,2027-04-15 14:00:00,2027-04-15 16:00:00
8413,공원,,2027-04-15 16:00:00,2027-04-15 19:00:00
8414,운동,,2027-04-15 19:00:00,2027-04-15 22:00:00
8415,공부,,2027-04-15 22:00:00,2027-04-16 00:00:00
8416,저녁식사,,2027-04-15 18:00:00,2027-04-15 19:00:00
8417,스포츠,,2027-04-16 08:00:00,2027-04-16 09:00:00
8418,공부,,2027-04-16 09:00:00,2027-04-16 11:00:00
8419,실내활동,,2027-04-16 11:00:00,2027-04-16 12:00:00
8420,점심식사,,2027-04-16 12:00:00,2027-04-16 13:00:00
8421,스포츠,,2027-04-16 13:00:00,2027-04-16 16:00:00
8422,공부,,2027-04-16 16:00:00,2027-04-16 18:00:00
8423,저녁식사,,2027-04-16 18:00:00,2027-04-16 19:00:00
8424,실내활동,,2027-04-16 19:00:00,2027-04-16 20:00:00
8425,스포츠,,2027-04-16 20:00:00,2027-04-16 21:00:00
8426,공부,,2027-04-16 21:00:00,2027-04-16 22:00:00
8427,실내활동,,2027-04-16 22:00:00,2027-04-17 00:00:00
8428,관람,,2027-04-17 08:00:00,2027-04-17 09:00:00
8429,운동,,2027-04-17 09:00:00,2027-04-17 11:00:00
8430,실내활동,,2027-04-17 11:00:00,2027-04-17 14:00:00
8431,관람,,2027-04-17 14:00:00,2027-04-17 17:00:00
8432,운동,,2027-04-17 17:00:00,2027-04-17 20:00:00
8433,실내활동,,2027-04-17 20:00:00,2027-04-17 21:00:00
8434,관람,,2027-04-17 21:00:00,2027-04-17 22:00:00
8435,운동,,2027-04-17 22:00:00,2027-04-18 00:00:00
8436,점심식사,,2027-04-17 12:00:00,2027-04-17 13:00:00
8437,저녁식사,,2027-04-17 18:00:00,2027-04-17 19:00:00
8438,스포츠,,2027-04-18 08:00:00,2027-04-18 10:00:00
8439,공부,,2027-04-18 10:00:00,2027-04-18 13:00:00
8440,실내활동,,2027-04-18 13:00:00,2027-04-18 15:00:00
8441,스포츠,,2027-04-18 15:00:00,2027-04-18 17:00:00
8442,공부,,2027-04-18 17:00:00,2027-04-18 19:00:00
8443,실내활동,,2027-04-18 19:00:00,2027-04-18 20:00:00
8444,스포츠,,2027-04-18 20:00:00,2027-04-18 22:00:00
8445,공부,,2027-04-18 22:00:00,2027-04-18 23:00:00
8446,실내활동,,2027-04-18 23:00:00,2027-04-19 00:00:00
8447,점심식사,,2027-04-18 12:00:00,2027-04-18 13:00:00
8448,저녁식사,,2027-04-18 18:00:00,2027-04-18 19:00:00
8449,운동,,2027-04-19 08:00:00,2027-04-19 09:00:00
8450,공부,,2027-04-19 09:00:00,2027-04-19 12:00:00
8451,점심식사,,2027-04-19 12:00:00,2027-04-19 13:00:00
8452,공원,,2027-04-19 13:00:00,2027-04-19 14:00:00
8453,운동,,2027-04-19 14:00:00,2027-04-19 15:00:00
8454,공부,,2027-04-19 15:00:00,2027-04-19 17:00:00
8455,공원,,2027-04-19 17:00:00,2027-04-19 18:00:00
8456,저녁식사,,2027-04-19 18:00:00,2027-04-19 19:00:00
8457,운동,,2027-04-19 19:00:00,2027-04-19 21:00:00
8458,공부,,2027-04-19 21:00:00,2027-04-19 23:00:00
8459,공원,,2027-04-19 23:00:00,2027-04-20 00:00:00
8460,스포츠,,2027-04-20 08:00:00,2027-04-20 10:00:00
8461,공부,,2027-04-20 10:00:00,2027-04-20 12:00:00
8462,점심식사,,2027-04-20 12:00:00,2027-04-20 13:00:00
8463,실내활동,,2027-04-20 13:00:00,2027-04-20 15:00:00
8464,스포츠,,2027-04-20 15:00:00,2027-04-20 17:00:00
8465,공부,,2027-04-20 17:00:00,2027-04-20 20:00:00
8466,실내활동,,2027-04-20 20:00:00,2027-04-20 21:00:00
8467,스포츠,,2027-04-20 21:00:00,2027-04-20 22:00:00
8468,공부,,2027-04-20 22:00:00,2027-04-20 23:00:00
8469,실내활동,,2027-04-20 23:00:00,2027-04-21 00:00:00
8470,저녁식사,,2027-04-20 18:00:00,2027-04-20 19:00:00
8471,관람,,2027-04-21 08:00:00,2027-04-21 10:00:00
8472,운동,,2027-04-21 10:00:00,2027-04-21 13:00:00
8473,실내활동,,2027-04-21 13:00:00,2027-04-21 16:00:00
8474,관람,,2027-04-21 16:00:00,2027-04-21 17:00:00
8475,운동,,2027-04-21 17:00:00,2027-04-21 20:00:00
8476,실내활동,,2027-04-21 20:00:00,2027-04-21 23:00:00
8477,관람,,2027-04-21 23:00:00,2027-04-22 00:00:00
8478,점심식사,,2027-04-21 12:00:00,2027-04-21 13:00:00
8479,저녁식사,,2027-04-21 18:00:00,2027-04-21 19:00:00
8480,운동,,2027-04-22 08:00:00,2027-04-22 11:00:00
8481,공부,,2027-04-22 11:00:00,2027-04-22 12:00:00
8482,점심식사,,2027-04-22 12:00:00,2027-04-22 13:00:00
8483,공원,,2027-04-22 13:00:00,2027-04-22 15:00:00
8484,운동,,2027-04-22 15:00:00,2027-04-22 16:00:00
8485,공부,,2027-04-22 16:00:00,2027-04-22 19:00:00
8486,공원,,2027-04-22 19:00:00,2027-04-22 21:00:00
8487,운동,,2027-04-22 21:00:00,2027-04-22 22:00:00
8488,공부,,2027-04-22 22:00:00,2027-04-22 23:00:00
8489,공원,,2027-04-22 23:00:00,2027-04-23 00:00:00
8490,저녁식사,,2027-04-22 18:00:00,2027-04-22 19:00:00
8491,스포츠,,2027-04-23 08:00:00,2027-04-23 11:00:00
8492,공부,,2027-04-23 11:00:00,2027-04-23 12:00:00
8493,점심식사,,2027-04-23 12:00:00,2027-04-23 13:00:00
8494,실내활동,,2027-04-23 13:00:00,2027-04-23 15:00:00
8495,스포츠,,2027-04-23 15:00:00,2027-04-23 18:00:00
8496,저녁식사,,2027-04-23 18:00:00,2027-04-23 19:00:00
8497,공부,,2027-04-23 19:00:00,2027-04-23 22:00:00
8498,실내활동,,2027-04-23 22:00:00,2027-04-24 00:00:00
8499,관람,,2027-04-24 08:00:00,2027-04-24 11:00:00
8500,운동,,2027-04-24 11:00:00,2027-04-24 12:00:00
8501,점심식사,,2027-04-24 12:00:00,2027-04-24 13:00:00
8502,실내활동,,2027-04-24 13:00:00,2027-04-24 16:00:00
8503,관람,,2027-04-24 16:00:00,2027-04-24 19:00:00
8504,운동,,2027-04-24 19:00:00,2027-04-24 20:00:00
8505,실내활동,,2027-04-24 20:00:00,2027-04-24 21:00:00
8506,관람,,2027-04-24 21:00:00,2027-04-24 23:00:00
8507,운동,,2027-04-24 23:00:00,2027-04-25 00:00:00
8508,저녁식사,,2027-04-24 18:00:00,2027-04-24 19:00:00
8509,스포츠,,2027-04-25 08:00:00,2027-04-25 11:00:00
8510,공부,,2027-04-25 11:00:00,2027-04-25 12:00:00
8511,점심식사,,2027-04-25 12:00:00,2027-04-25 13:00:00
8512,실내활동,,2027-04-25 13:00:00,2027-04-25 15:00:00
8513,스포츠,,2027-04-25 15:00:00,2027-04-25 17:00:00
8514,공부,,2027-04-25 17:00:00,2027-04-25 20:00:00
8515,실내활동,,2027-04-25 20:00:00,2027-04-25 22:00:00
8516,스포츠,,2027-04-25 22:00:00,2027-04-26 00:00:00
8517,저녁식사,,2027-04-25 18:00:00,2027-04-25 19:00:00
8518,운동,,2027-04-26 08:00:00,2027-04-26 09:00:00
8519,공부,,2027-04-26 09:00:00,2027-04-26 11:00:00
8520,공원,,2027-04-26 11:00:00,2027-04-26 12:00:00
8521,점심식사,,2027-04-26 12:00:00,2027-04-26 13:00:00
8522,운동,,2027-04-26 13:00:00,2027-04-26 16:00:00
8523,공부,,2027-04-26 16:00:00,2027-04-26 17:00:00
8524,공원,,2027-04-26 17:00:00,2027-04-26 20:00:00
8525,운동,,2027-04-26 20:00:00,2027-04-26 21:00:00
8526,공부,,2027-04-26 21:00:00,2027-04-26 23:00:00
8527,공원,,2027-04-26 23:00:00,2027-04-27 00:00:00
8528,저녁식사,,2027-04-26 18:00:00,2027-04-26 19:00:00
8529,스포츠,,2027-04-27 08:00:00,2027-04-27 09:00:00
8530,공부,,2027-04-27 09:00:00,2027-04-27 12:00:00
8531,점심식사,,2027-04-27 12:00:00,2027-04-27 13:00:00
8532,실내활동,,2027-04-27 13:00:00,2027-04-27 15:00:00
8533,스포츠,,2027-04-27 15:00:00,2027-04-27 18:00:00
8534,저녁식사,,2027-04-27 18:00:00,2027-04-27 19:00:00
8535,공부,,2027-04-27 19:00:00,2027-04-27 20:00:00
8536,실내활동,,2027-04-27 20:00:00,2027-04-27 23:00:00
8537,스포츠,,2027-04-27 23:00:00,2027-04-28 00:00:00
8538,관람,,2027-04-28 08:00:00,2027-04-28 11:00:00
8539,운동,,2027-04-28 11:00:00,2027-04-28 12:00:00
8540,점심식사,,2027-04-28 12:00:00,2027-04-28 13:00:00
8541,실내활동,,2027-04-28 13:00:00,2027-04-28 14:00:00
8542,관람,,2027-04-28 14:00:00,2027-04-28 15:00:00
8543,운동,,2027-04-28 15:00:00,2027-04-28 18:00:00
8544,저녁식사,,2027-04-28 18:00:00,2027-04-28 19:00:00
8545,실내활동,,2027-04-28 19:00:00,2027-04-28 20:00:00
8546,관람,,2027-04-28 20:00:00,2027-04-28 21:00:00
8547,운동,,2027-04-28 21:00:00,2027-04-28 23:00:00
8548,실내활동,,2027-04-28 23:00:00,2027-04-29 00:00:00
8549,운동,,2027-04-29 08:00:00,2027-04-29 10:00:00
8550,공부,,2027-04-29 10:00:00,2027-04-29 12:00:00
8551,점심식사,,2027-04-29 12:00:00,2027-04-29 13:00:00
8552,공원,,2027-04-29 13:00:00,2027-04-29 16:00:00
8553,운동,,2027-04-29 16:00:00,2027-04-29 18:00:00
8554,저녁식사,,2027-04-29 18:00:00,2027-04-29 19:00:00
8555,공부,,2027-04-29 19:00:00,2027-04-29 22:00:00
8556,공원,,2027-04-29 22:00:00,2027-04-29 23:00:00
8557,운동,,2027-04-29 23:00:00,2027-04-30 00:00:00
8558,스포츠,,2027-04-30 08:00:00,2027-04-30 09:00:00
8559,공부,,2027-04-30 09:00:00,2027-04-30 10:00:00
8560,실내활동,,2027-04-30 10:00:00,2027-04-30 13:00:00
8561,스포츠,,2027-04-30 13:00:00,2027-04-30 16:00:00
8562,공부,,2027-04-30 16:00:00,2027-04-30 18:00:00
8563,저녁식사,,2027-04-30 18:00:00,2027-04-30 19:00:00
8564,실내활동,,2027-04-30 19:00:00,2027-04-30 20:00:00
8565,스포츠,,2027-04-30 20:00:00,2027-04-30 22:00:00
8566,공부,,2027-04-30 22:00:00,2027-05-01 00:00:00
8567,점심식사,,2027-04-30 12:00:00,2027-04-30 13:00:00
8568,관람,,2027-05-01 08:00:00,2027-05-01 11:00:00
8569,운동,,2027-05-01 11:00:00,2027-05-01 14:00:00
8570,실내활동,,2027-05-01 14:00:00,2027-05-01 17:00:00
8571,관람,,2027-05-01 17:00:00,2027-05-01 19:00:00
8572,운동,,2027-05-01 19:00:00,2027-05-01 22:00:00
8573,실내활동,,2027-05-01 22:00:00,2027-05-01 23:00:00
8574,관람,,2027-05-01 23:00:00,2027-05-02 00:00:00
8575,점심식사,,2027-05-01 12:00:00,2027-05-01 13:00:00
8576,저녁식사,,2027-05-01 18:00:00,2027-05-01 19:00:00
8577,스포츠,,2027-05-02 08:00:00,2027-05-02 10:00:00
8578,공부,,2027-05-02 10:00:00,2027-05-02 12:00:00
8579,점심식사,,2027-05-02 12:00:00,2027-05-02 13:00:00
8580,실내활동,,2027-05-02 13:00:00,2027-05-02 16:00:00
8581,스포츠,,2027-05-02 16:00:00,2027-05-02 19:00:00
8582,공부,,2027-05-02 19:00:00,2027-05-02 20:00:00
8583,실내활동,,2027-05-02 20:00:00,2027-05-02 21:00:00
8584,스포츠,,2027-05-02 21:00:00,2027-05-02 23:00:00
8585,공부,,2027-05-02 23:00:00,2027-05-03 00:00:00
8586,저녁식사,,2027-05-02 18:00:00,2027-05-02 19:00:00
8587,운동,,2027-05-03 08:00:00,2027-05-03 09:00:00
8588,공부,,2027-05-03 09:00:00,2027-05-03 10:00:00
8589,공원,,2027-05-03 10:00:00,2027-05-03 12:00:00
8590,점심식사,,2027-05-03 12:00:00,2027-05-03 13:00:00
8591,운동,,2027-05-03 13:00:00,2027-05-03 14:00:00
8592,공부,,2027-05-03 14:00:00,2027-05-03 17:00:00
8593,공원,,2027-05-03 17:00:00,2027-05-03 20:00:00
8594,운동,,2027-05-03 20:00:00,2027-05-03 21:00:00
8595,공부,,2027-05-03 21:00:00,2027-05-04 00:00:00
8596,저녁식사,,2027-05-03 18:00:00,2027-05-03 19:00:00
8597,스포츠,,2027-05-04 08:00:00,2027-05-04 10:00:00
8598,공부,,2027-05-04 10:00:00,2027-05-04 12:00:00
8599,점심식사,,2027-05-04 12:00:00,2027-05-04 13:00:00
8600,실내활동,,2027-05-04 13:00:00,2027-05-04 15:00:00
8601,스포츠,,2027-05-04 15:00:00,2027-05-04 17:00:00
8602,공부,,2027-05-04 17:00:00,2027-05-04 20:00:00
8603,실내활동,,2027-05-04 20:00:00,2027-05-04 23:00:00
8604,스포츠,,2027-05-04 23:00:00,2027-05-05 00:00:00
8605,저녁식사,,2027-05-04 18:00:00,2027-05-04 19:00:00
8606,관람,,2027-05-05 08:00:00,2027-05-05 11:00:00
8607,운동,,2027-05-05 11:00:00,2027-05-05 12:00:00
8608,점심식사,,2027-05-05 12:00:00,2027-05-05 13:00:00
8609,실내활동,,2027-05-05 13:00:00,2027-05-05 16:00:00
8610,관람,,2027-05-05 16:00:00,2027-05-05 17:00:00
8611,운동,,2027-05-05 17:00:00,2027-05-05 18:00:00
8612,저녁식사,,2027-05-05 18:00:00,2027-05-05 19:00:00
8613,실내활동,,2027-05-05 19:00:00,2027-05-05 20:00:00
8614,관람,,2027-05-05 20:00:00,2027-05-05 21:00:00
8615,운동,,2027-05-05 21:00:00,2027-05-06 00:00:00
8616,운동,,2027-05-06 08:00:00,2027-05-06 11:00:00
8617,공부,,2027-05-06 11:00:00,2027-05-06 14:00:00
8618,공원,,2027-05-06 14:00:00,2027-05-06 16:00:00
8619,운동,,2027-05-06 16:00:00,2027-05-06 17:00:00
8620,공부,,2027-05-06 17:00:00,2027-05-06 18:00:00
8621,저녁식사,,2027-05-06 18:00:00,2027-05-06 19:00:00
8622,공원,,2027-05-06 19:00:00,2027-05-06 21:00:00
8623,운동,,2027-05-06 21:00:00,2027-05-06 22:00:00
8624,공부,,2027-05-06 22:00:00,2027-05-06 23:00:00
8625,공원,,2027-05-06 23:00:00,2027-05-07 00:00:00
8626,점심식사,,2027-05-06 12:00:00,2027-05-06 13:00:00
8627,스포츠,,2027-05-07 08:00:00,2027-05-07 09:00:00
8628,공부,,2027-05-07 09:00:00,2027-05-07 10:00:00
8629,실내활동,,2027-05-07 10:00:00,2027-05-07 12:00:00
8630,점심식사,,2027-05-07 12:00:00,2027-05-07 13:00:00
8631,스포츠,,2027-05-07 13:00:00,2027-05-07 16:00:00
8632,공부,,2027-05-07 16:00:00,2027-05-07 17:00:00
8633,실내활동,,2027-05-07 17:00:00,2027-05-07 20:00:00
8634,스포츠,,2027-05-07 20:00:00,2027-05-07 22:00:00
8635,공부,,2027-05-07 22:00:00,2027-05-08 00:00:00
8636,저녁식사,,2027-05-07 18:00:00,2027-05-07 19:00:00
8637,관람,,2027-05-08 08:00:00,2027-05-08 11:00:00
8638,운동,,2027-05-08 11:00:00,2027-05-08 12:00:00
8639,점심식사,,2027-05-08 12:00:00,2027-05-08 13:00:00
8640,실내활동,,2027-05-08 13:00:00,2027-05-08 14:00:00
8641,관람,,2027-05-08 14:00:00,2027-05-08 15:00:00
8642,운동,,2027-05-08 15:00:00,2027-05-08 16:00:00
8643,실내활동,,2027-05-08 16:00:00,2027-05-08 17:00:00
8644,관람,,2027-05-08 17:00:00,2027-05-08 19:00:00
8645,운동,,2027-05-08 19:00:00,2027-05-08 22:00:00
8646,실내활동,,2027-05-08 22:00:00,2027-05-09 00:00:00
8647,저녁식사,,2027-05-08 18:00:00,2027-05-08 19:00:00
8648,스포츠,,2027-05-09 08:00:00,2027-05-09 10:00:00
8649,공부,,2027-05-09 10:00:00,2027-05-09 11:00:00
8650,실내활동,,2027-05-09 11:00:00,2027-05-09 13:00:00
8651,스포츠,,2027-05-09 13:00:00,2027-05-09 15:00:00
8652,공부,,2027-05-09 15:00:00,2027-05-09 18:00:00
8653,저녁식사,,2027-05-09 18:00:00,2027-05-09 19:00:00
8654,실내활동,,2027-05-09 19:00:00,2027-05-09 21:00:00
8655,스포츠,,2027-05-09 21:00:00,2027-05-09 23:00:00
8656,공부,,2027-05-09 23:00:00,2027-05-10 00:00:00
8657,점심식사,,2027-05-09 12:00:00,2027-05-09 13:00:00
8658,운동,,2027-05-10 08:00:00,2027-05-10 11:00:00
8659,공부,,2027-05-10 11:00:00,2027-05-10 13:00:00
8660,공원,,2027-05-10 13:00:00,2027-05-10 16:00:00
8661,운동,,2027-05-10 16:00:00,2027-05-10 18:00:00
8662,저녁식사,,2027-05-10 18:00:00,2027-05-10 19:00:00
8663,공부,,2027-05-10 19:00:00,2027-05-10 22:00:00
8664,공원,,2027-05-10 22:00:00,2027-05-11 00:00:00
8665,점심식사,,2027-05-10 12:00:00,2027-05-10 13:00:00
8666,스포츠,,2027-05-11 08:00:00,2027-05-11 10:00:00
8667,공부,,2027-05-11 10:00:00,2027-05-11 11:00:00
8668,실내활동,,2027-05-11 11:00:00,2027-05-11 13:00:00
8669,스포츠,,2027-05-11 13:00:00,2027-05-11 14:00:00
8670,공부,,2027-05-11 14:00:00,2027-05-11 16:00:00
8671,실내활동,,2027-05-11 16:00:00,2027-05-11 19:00:00
8672,스포츠,,2027-05-11 19:00:00,2027-05-11 20:00:00
8673,공부,,2027-05-11 20:00:00,2027-05-11 23:00:00
8674,실내활동,,2027-05-11 23:00:00,2027-05-12 00:00:00
8675,점심식사,,2027-05-11 12:00:00,2027-05-11 13:00:00
8676,저녁식사,,2027-05-11 18:00:00,2027-05-11 19:00:00
8677,관람,,2027-05-12 08:00:00,2027-05-12 09:00:00
8678,운동,,2027-05-12 09:00:00,2027-05-12 11:00:00
8679,실내활동,,2027-05-12 11:00:00,2027-05-12 13:00:00
8680,관람,,2027-05-12 13:00:00,2027-05-12 14:00:00
8681,운동,,2027-05-12 14:00:00,2027-05-12 17:00:00
8682,실내활동,,2027-05-12 17:00:00,2027-05-12 19:00:00
8683,관람,,2027-05-12 19:00:00,2027-05-12 22:00:00
8684,운동,,2027-05-12 22:00:00,2027-05-13 00:00:00
8685,점심식사,,2027-05-12 12:00:00,2027-05-12 13:00:00
8686,저녁식사,,2027-05-12 18:00:00,2027-05-12 19:00:00
8687,운동,,2027-05-13 08:00:00,2027-05-13 11:00:00
8688,공부,,2027-05-13 11:00:00,2027-05-13 12:00:00
8689,점심식사,,2027-05-13 12:00:00,2027-05-13 13:00:00
8690,공원,,2027-05-13 13:00:00,2027-05-13 15:00:00
8691,운동,,2027-05-13 15:00:00,2027-05-13 17:00:00
8692,공부,,2027-05-13 17:00:00,2027-05-13 20:00:00
8693,공원,,2027-05-13 20:00:00,2027-05-13 22:00:00
8694,운동,,2027-05-13 22:00:00,2027-05-14 00:00:00
8695,저녁식사,,2027-05-13 18:00:00,2027-05-13 19:00:00
8696,스포츠,,2027-05-14 08:00:00,2027-05-14 10:00:00
8697,공부,,2027-05-14 10:00:00,2027-05-14 11:00:00
8698,실내활동,,2027-05-14 11:00:00,2027-05-14 12:00:00
8699,점심식사,,2027-05-14 12:00:00,2027-05-14 13:00:00
8700,스포츠,,2027-05-14 13:00:00,2027-05-14 14:00:00
8701,공부,,2027-05-14 14:00:00,2027-05-14 15:00:00
8702,실내활동,,2027-05-14 15:00:00,2027-05-14 17:00:00
8703,스포츠,,2027-05-14 17:00:00,2027-05-14 20:00:00
8704,공부,,2027-05-14 20:00:00,2027-05-14 23:00:00
8705,실내활동,,2027-05-14 23:00:00,2027-05-15 00:00:00
8706,저녁식사,,2027-05-14 18:00:00,2027-05-14 19:00:00
8707,관람,,2027-05-15 08:00:00,2027-05-15 11:00:00
8708,운동,,2027-05-15 11:00:00,2027-05-15 14:00:00
8709,실내활동,,2027-05-15 14:00:00,2027-05-15 16:00:00
8710,관람,,2027-05-15 16:00:00,2027-05-15 17:00:00
8711,운동,,2027-05-15 17:00:00,2027-05-15 18:00:00
8712,저녁식사,,2027-05-15 18:00:00,2027-05-15 19:00:00
8713,실내활동,,2027-05-15 19:00:00,2027-05-15 22:00:00
8714,관람,,2027-05-15 22:00:00,2027-05-16 00:00:00
8715,점심식사,,2027-05-15 12:00:00,2027-05-15 13:00:00
8716,스포츠,,2027-05-16 08:00:00,2027-05-16 11:00:00
8717,공부,,2027-05-16 11:00:00,2027-05-16 13:00:00
8718,실내활동,,2027-05-16 13:00:00,2027-05-16 16:00:00
8719,스포츠,,2027-05-16 16:00:00,2027-05-16 17:00:00
8720,공부,,2027-05-16 17:00:00,2027-05-16 18:00:00
8721,저녁식사,,2027-05-16 18:00:00,2027-05-16 19:00:00
8722,실내활동,,2027-05-16 19:00:00,2027-05-16 21:00:00
8723,스포츠,,2027-05-16 21:00:00,2027-05-16 22:00:00
8724,공부,,2027-05-16 22:00:00,2027-05-16 23:00:00
8725,실내활동,,2027-05-16 23:00:00,2027-05-17 00:00:00
8726,점심식사,,2027-05-16 12:00:00,2027-05-16 13:00:00
8727,운동,,2027-05-17 08:00:00,2027-05-17 09:00:00
8728,공부,,2027-05-17 09:00:00,2027-05-17 12:00:00
8729,점심식사,,2027-05-17 12:00:00,2027-05-17 13:00:00
8730,공원,,2027-05-17 13:00:00,2027-05-17 14:00:00
8731,운동,,2027-05-17 14:00:00,2027-05-17 16:00:00
8732,공부,,2027-05-17 16:00:00,2027-05-17 17:00:00
8733,공원,,2027-05-17 17:00:00,2027-05-17 19:00:00
8734,운동,,2027-05-17 19:00:00,2027-05-17 20:00:00
8735,공부,,2027-05-17 20:00:00,2027-05-17 23:00:00
8736,공원,,2027-05-17 23:00:00,2027-05-18 00:00:00
8737,저녁식사,,2027-05-17 18:00:00,2027-05-17 19:00:00
8738,스포츠,,2027-05-18 08:00:00,2027-05-18 10:00:00
8739,공부,,2027-05-18 10:00:00,2027-05-18 11:00:00
8740,실내활동,,2027-05-18 11:00:00,2027-05-18 14:00:00
8741,스포츠,,2027-05-18 14:00:00,2027-05-18 17:00:00
8742,공부,,2027-05-18 17:00:00,2027-05-18 20:00:00
8743,실내활동,,2027-05-18 20:00:00,2027-05-18 23:00:00
8744,스포츠,,2027-05-18 23:00:00,2027-05-19 00:00:00
8745,점심식사,,2027-05-18 12:00:00,2027-05-18 13:00:00
8746,저녁식사,,2027-05-18 18:00:00,2027-05-18 19:00:00
8747,관람,,2027-05-19 08:00:00,2027-05-19 11:00:00
8748,운동,,2027-05-19 11:00:00,2027-05-19 14:00:00
8749,실내활동,,2027-05-19 14:00:00,2027-05-19 16:00:00
8750,관람,,2027-05-19 16:00:00,2027-05-19 19:00:00
8751,운동,,2027-05-19 19:00:00,2027-05-19 21:00:00
8752,실내활동,,2027-05-19 21:00:00,2027-05-19 23:00:00
8753,관람,,2027-05-19 23:00:00,2027-05-20 00:00:00
8754,점심식사,,2027-05-19 12:00:00,2027-05-19 13:00:00
8755,저녁식사,,2027-05-19 18:00:00,2027-05-19 19:00:00
8756,운동,,2027-05-20 08:00:00,2027-05-20 10:00:00
8757,공부,,2027-05-20 10:00:00,2027-05-20 13:00:00
8758,공원,,2027-05-20 13:00:00,2027-05-20 16:00:00
8759,운동,,2027-05-20 16:00:00,2027-05-20 19:00:00
8760,공부,,2027-05-20 19:00:00,2027-05-20 22:00:00
8761,공원,,2027-05-20 22:00:00,2027-05-21 00:00:00
8762,점심식사,,2027-05-20 12:00:00,2027-05-20 13:00:00
8763,저녁식사,,2027-05-20 18:00:00,2027-05-20 19:00:00
8764,스포츠,,2027-05-21 08:00:00,2027-05-21 10:00:00
8765,공부,,2027-05-21 10:00:00,2027-05-21 12:00:00
8766,점심식사,,2027-05-21 12:00:00,2027-05-21 13:00:00
8767,실내활동,,2027-05-21 13:00:00,2027-05-21 16:00:00
8768,스포츠,,2027-05-21 16:00:00,2027-05-21 19:00:00
8769,공부,,2027-05-21 19:00:00,2027-05-21 20:00:00
8770,실내활동,,2027-05-21 20:00:00,2027-05-21 22:00:00
8771,스포츠,,2027-05-21 22:00:00,2027-05-22 00:00:00
8772,저녁식사,,2027-05-21 18:00:00,2027-05-21 19:00:00
8773,관람,,2027-05-22 08:00:00,2027-05-22 10:00:00
8774,운동,,2027-05-22 10:00:00,2027-05-22 11:00:00
8775,실내활동,,2027-05-22 11:00:00,2027-05-22 13:00:00
8776,관람,,2027-05-22 13:00:00,2027-05-22 16:00:00
8777,운동,,2027-05-22 16:00:00,2027-05-22 19:00:00
8778,실내활동,,2027-05-22 19:00:00,2027-05-22 20:00:00
8779,관람,,2027-05-22 20:00:00,2027-05-22 21:00:00
8780,운동,,2027-05-22 21:00:00,2027-05-23 00:00:00
8781,점심식사,,2027-05-22 12:00:00,2027-05-22 13:00:00
8782,저녁식사,,2027-05-22 18:00:00,2027-05-22 19:00:00
8783,스포츠,,2027-05-23 08:00:00,2027-05-23 09:00:00
8784,공부,,2027-05-23 09:00:00,2027-05-23 12:00:00
8785,점심식사,,2027-05-23 12:00:00,2027-05-23 13:00:00
8786,실내활동,,2027-05-23 13:00:00,2027-05-23 16:00:00
8787,스포츠,,2027-05-23 16:00:00,2027-05-23 17:00:00
8788,공부,,2027-05-23 17:00:00,2027-05-23 19:00:00
8789,실내활동,,2027-05-23 19:00:00,2027-05-23 21:00:00
8790,스포츠,,2027-05-23 21:00:00,2027-05-23 23:00:00
8791,공부,,2027-05-23 23:00:00,2027-05-24 00:00:00
8792,저녁식사,,2027-05-23 18:00:00,2027-05-23 19:00:00
8793,운동,,2027-05-24 08:00:00,2027-05-24 11:00:00
8794,공부,,2027-05-24 11:00:00,2027-05-24 12:00:00
8795,점심식사,,2027-05-24 12:00:00,2027-05-24 13:00:00
8796,공원,,2027-05-24 13:00:00,2027-05-24 14:00:00
8797,운동,,2027-05-24 14:00:00,2027-05-24 17:00:00
8798,공부,,2027-05-24 17:00:00,2027-05-24 20:00:00
8799,공원,,2027-05-24 20:00:00,2027-05-24 23:00:00
8800,운동,,2027-05-24 23:00:00,2027-05-25 00:00:00
8801,저녁식사,,2027-05-24 18:00:00,2027-05-24 19:00:00
8802,스포츠,,2027-05-25 08:00:00,2027-05-25 10:00:00
8803,공부,,2027-05-25 10:00:00,2027-05-25 12:00:00
8804,점심식사,,2027-05-25 12:00:00,2027-05-25 13:00:00
8805,실내활동,,2027-05-25 13:00:00,2027-05-25 14:00:00
8806,스포츠,,2027-05-25 14:00:00,2027-05-25 16:00:00
8807,공부,,2027-05-25 16:00:00,2027-05-25 18:00:00
8808,저녁식사,,2027-05-25 18:00:00,2027-05-25 19:00:00
8809,실내활동,,2027-05-25 19:00:00,2027-05-25 20:00:00
8810,스포츠,,2027-05-25 20:00:00,2027-05-25 21:00:00
8811,공부,,2027-05-25 21:00:00,2027-05-25 23:00:00
8812,실내활동,,2027-05-25 23:00:00,2027-05-26 00:00:00
8813,관람,,2027-05-26 08:00:00,2027-05-26 09:00:00
8814,운동,,2027-05-26 09:00:00,2027-05-26 10:00:00
8815,실내활동,,2027-05-26 10:00:00,2027-05-26 12:00:00
8816,점심식사,,2027-05-26 12:00:00,2027-05-26 13:00:00
8817,관람,,2027-05-26 13:00:00,2027-05-26 14:00:00
8818,운동,,2027-05-26 14:00:00,2027-05-26 16:00:00
8819,실내활동,,2027-05-26 16:00:00,2027-05-26 18:00:00
8820,저녁식사,,2027-05-26 18:00:00,2027-05-26 19:00:00
8821,관람,,2027-05-26 19:00:00,2027-05-26 22:00:00
8822,운동,,2027-05-26 22:00:00,2027-05-27 00:00:00
8823,운동,,2027-05-27 08:00:00,2027-05-27 10:00:00
8824,공부,,2027-05-27 10:00:00,2027-05-27 13:00:00
8825,공원,,2027-05-27 13:00:00,2027-05-27 16:00:00
8826,운동,,2027-05-27 16:00:00,2027-05-27 19:00:00
8827,공부,,2027-05-27 19:00:00,2027-05-27 22:00:00
8828,공원,,2027-05-27 22:00:00,2027-05-27 23:00:00
8829,운동,,2027-05-27 23:00:00,2027-05-28 00:00:00
8830,점심식사,,2027-05-27 12:00:00,2027-05-27 13:00:00
8831,저녁식사,,2027-05-27 18:00:00,2027-05-27 19:00:00
8832,스포츠,,2027-05-28 08:00:00,2027-05-28 10:00:00
8833,공부,,2027-05-28 10:00:00,2027-05-28 12:00:00
8834,점심식사,,2027-05-28 12:00:00,2027-05-28 13:00:00
8835,실내활동,,2027-05-28 13:00:00,2027-05-28 15:00:00
8836,스포츠,,2027-05-28 15:00:00,2027-05-28 18:00:00
8837,저녁식사,,2027-05-28 18:00:00,2027-05-28 19:00:00
8838,공부,,2027-05-28 19:00:00,2027-05-28 22:00:00
8839,실내활동,,2027-05-28 22:00:00,2027-05-29 00:00:00
8840,관람,,2027-05-29 08:00:00,2027-05-29 09:00:00
8841,운동,,2027-05-29 09:00:00,2027-05-29 10:00:00
8842,실내활동,,2027-05-29 10:00:00,2027-05-29 12:00:00
8843,점심식사,,2027-05-29 12:00:00,2027-05-29 13:00:00
8844,관람,,2027-05-29 13:00:00,2027-05-29 15:00:00
8845,운동,,2027-05-29 15:00:00,2027-05-29 16:00:00
8846,실내활동,,2027-05-29 16:00:00,2027-05-29 19:00:00
8847,관람,,2027-05-29 19:00:00,2027-05-29 21:00:00
8848,운동,,2027-05-29 21:00:00,2027-05-29 23:00:00
8849,실내활동,,2027-05-29 23:00:00,2027-05-30 00:00:00
8850,저녁식사,,2027-05-29 18:00:00,2027-05-29 19:00:00
8851,스포츠,,2027-05-30 08:00:00,2027-05-30 10:00:00
8852,공부,,2027-05-30 10:00:00,2027-05-30 11:00:00
8853,실내활동,,2027-05-30 11:00:00,2027-05-30 13:00:00
8854,스포츠,,2027-05-30 13:00:00,2027-05-30 16:00:00
8855,공부,,2027-05-30 16:00:00,2027-05-30 17:00:00
8856,실내활동,,2027-05-30 17:00:00,2027-05-30 19:00:00
8857,스포츠,,2027-05-30 19:00:00,2027-05-30 20:00:00
8858,공부,,2027-05-30 20:00:00,2027-05-30 21:00:00
8859,실내활동,,2027-05-30 21:00:00,2027-05-30 22:00:00
8860,스포츠,,2027-05-30 22:00:00,2027-05-30 23:00:00
8861,공부,,2027-05-30 23:00:00,2027-05-31 00:00:00
8862,점심식사,,2027-05-30 12:00:00,2027-05-30 13:00:00
8863,저녁식사,,2027-05-30 18:00:00,2027-05-30 19:00:00
8864,운동,,2027-05-31 08:00:00,2027-05-31 09:00:00
8865,공부,,2027-05-31 09:00:00,2027-05-31 10:00:00
8866,공원,,2027-05-31 10:00:00,2027-05-31 12:00:00
8867,점심식사,,2027-05-31 12:00:00,2027-05-31 13:00:00
8868,운동,,2027-05-31 13:00:00,2027-05-31 15:00:00
8869,공부,,2027-05-31 15:00:00,2027-05-31 17:00:00
8870,공원,,2027-05-31 17:00:00,2027-05-31 19:00:00
8871,운동,,2027-05-31 19:00:00,2027-05-31 20:00:00
8872,공부,,2027-05-31 20:00:00,2027-05-31 22:00:00
8873,공원,,2027-05-31 22:00:00,2027-06-01 00:00:00
8874,저녁식사,,2027-05-31 18:00:00,2027-05-31 19:00:00
8875,스포츠,,2027-06-01 08:00:00,2027-06-01 10:00:00
8876,공부,,2027-06-01 10:00:00,2027-06-01 11:00:00
8877,실내활동,,2027-06-01 11:00:00,2027-06-01 12:00:00
8878,점심식사,,2027-06-01 12:00:00,2027-06-01 13:00:00
8879,스포츠,,2027-06-01 13:00:00,2027-06-01 16:00:00
8880,공부,,2027-06-01 16:00:00,2027-06-01 18:00:00
8881,저녁식사,,2027-06-01 18:00:00,2027-06-01 19:00:00
8882,실내활동,,2027-06-01 19:00:00,2027-06-01 20:00:00
8883,스포츠,,2027-06-01 20:00:00,2027-06-01 22:00:00
8884,공부,,2027-06-01 22:00:00,2027-06-02 00:00:00
8885,관람,,2027-06-02 08:00:00,2027-06-02 09:00:00
8886,운동,,2027-06-02 09:00:00,2027-06-02 11:00:00
8887,실내활동,,2027-06-02 11:00:00,2027-06-02 14:00:00
8888,관람,,2027-06-02 14:00:00,2027-06-02 15:00:00
8889,운동,,2027-06-02 15:00:00,2027-06-02 17:00:00
8890,실내활동,,2027-06-02 17:00:00,2027-06-02 18:00:00
8891,저녁식사,,2027-06-02 18:00:00,2027-06-02 19:00:00
8892,관람,,2027-06-02 19:00:00,2027-06-02 21:00:00
8893,운동,,2027-06-02 21:00:00,2027-06-02 22:00:00
8894,실내활동,,2027-06-02 22:00:00,2027-06-03 00:00:00
8895,점심식사,,2027-06-02 12:00:00,2027-06-02 13:00:00
8896,운동,,2027-06-03 08:00:00,2027-06-03 10:00:00
8897,공부,,2027-06-03 10:00:00,2027-06-03 13:00:00
8898,공원,,2027-06-03 13:00:00,2027-06-03 16:00:00
8899,운동,,2027-06-03 16:00:00,2027-06-03 17:00:00
8900,공부,,2027-06-03 17:00:00,2027-06-03 20:00:00
8901,공원,,2027-06-03 20:00:00,2027-06-03 21:00:00
8902,운동,,2027-06-03 21:00:00,2027-06-03 23:00:00
8903,공부,,2027-06-03 23:00:00,2027-06-04 00:00:00
8904,점심식사,,2027-06-03 12:00:00,2027-06-03 13:00:00
8905,저녁식사,,2027-06-03 18:00:00,2027-06-03 19:00:00
8906,스포츠,,2027-06-04 08:00:00,2027-06-04 11:00:00
8907,공부,,2027-06-04 11:00:00,2027-06-04 13:00:00
8908,실내활동,,2027-06-04 13:00:00,2027-06-04 16:00:00
8909,스포츠,,2027-06-04 16:00:00,2027-06-04 18:00:00
8910,저녁식사,,2027-06-04 18:00:00,2027-06-04 19:00:00
8911,공부,,2027-06-04 19:00:00,2027-06-04 21:00:00
8912,실내활동,,2027-06-04 21:00:00,2027-06-04 23:00:00
8913,스포츠,,2027-06-04 23:00:00,2027-06-05 00:00:00
8914,점심식사,,2027-06-04 12:00:00,2027-06-04 13:00:00
8915,관람,,2027-06-05 08:00:00,2027-06-05 09:00:00
8916,운동,,2027-06-05 09:00:00,2027-06-05 12:00:00
8917,점심식사,,2027-06-05 12:00:00,2027-06-05 13:00:00
8918,실내활동,,2027-06-05 13:00:00,2027-06-05 14:00:00
8919,관람,,2027-06-05 14:00:00,2027-06-05 15:00:00
8920,운동,,2027-06-05 15:00:00,2027-06-05 16:00:00
8921,실내활동,,2027-06-05 16:00:00,2027-06-05 17:00:00
8922,관람,,2027-06-05 17:00:00,2027-06-05 19:00:00
8923,운동,,2027-06-05 19:00:00,2027-06-05 22:00:00
8924,실내활동,,2027-06-05 22:00:00,2027-06-06 00:00:00
8925,저녁식사,,2027-06-05 18:00:00,2027-06-05 19:00:00
8926,스포츠,,2027-06-06 08:00:00,2027-06-06 09:00:00
8927,공부,,2027-06-06 09:00:00,2027-06-06 12:00:00
8928,점심식사,,2027-06-06 12:00:00,2027-06-06 13:00:00
8929,실내활동,,2027-06-06 13:00:00,2027-06-06 16:00:00
8930,스포츠,,2027-06-06 16:00:00,2027-06-06 17:00:00
8931,공부,,2027-06-06 17:00:00,2027-06-06 19:00:00
8932,실내활동,,2027-06-06 19:00:00,2027-06-06 21:00:00
8933,스포츠,,2027-06-06 21:00:00,2027-06-06 22:00:00
8934,공부,,2027-06-06 22:00:00,2027-06-07 00:00:00
8935,저녁식사,,2027-06-06 18:00:00,2027-06-06 19:00:00
8936,운동,,2027-06-07 08:00:00,2027-06-07 11:00:00
8937,공부,,2027-06-07 11:00:00,2027-06-07 13:00:00
8938,공원,,2027-06-07 13:00:00,2027-06-07 16:00:00
8939,운동,,2027-06-07 16:00:00,2027-06-07 17:00:00
8940,공부,,2027-06-07 17:00:00,2027-06-07 20:00:00
8941,공원,,2027-06-07 20:00:00,2027-06-07 22:00:00
8942,운동,,2027-06-07 22:00:00,2027-06-07 23:00:00
8943,공부,,2027-06-07 23:00:00,2027-06-08 00:00:00
8944,점심식사,,2027-06-07 12:00:00,2027-06-07 13:00:00
8945,저녁식사,,2027-06-07 18:00:00,2027-06-07 19:00:00
8946,스포츠,,2027-06-08 08:00:00,2027-06-08 09:00:00
8947,공부,,2027-06-08 09:00:00,2027-06-08 12:00:00
8948,점심식사,,2027-06-08 12:00:00,2027-06-08 13:00:00
8949,실내활동,,2027-06-08 13:00:00,2027-06-08 16:00:00
8950,스포츠,,2027-06-08 16:00:00,2027-06-08 17:00:00
8951,공부,,2027-06-08 17:00:00,2027-06-08 20:00:00
8952,실내활동,,2027-06-08 20:00:00,2027-06-08 21:00:00
8953,스포츠,,2027-06-08 21:00:00,2027-06-09 00:00:00
8954,저녁식사,,2027-06-08 18:00:00,2027-06-08 19:00:00
8955,관람,,2027-06-09 08:00:00,2027-06-09 10:00:00
8956,운동,,2027-06-09 10:00:00,2027-06-09 13:00:00
8957,실내활동,,2027-06-09 13:00:00,2027-06-09 16:00:00
8958,관람,,2027-06-09 16:00:00,2027-06-09 18:00:00
8959,저녁식사,,2027-06-09 18:00:00,2027-06-09 19:00:00
8960,운동,,2027-06-09 19:00:00,2027-06-09 22:00:00
8961,실내활동,,2027-06-09 22:00:00,2027-06-10 00:00:00
8962,점심식사,,2027-06-09 12:00:00,2027-06-09 13:00:00
8963,운동,,2027-06-10 08:00:00,2027-06-10 11:00:00
8964,공부,,2027-06-10 11:00:00,2027-06-10 13:00:00
8965,공원,,2027-06-10 13:00:00,2027-06-10 14:00:00
8966,운동,,2027-06-10 14:00:00,2027-06-10 17:00:00
8967,공부,,2027-06-10 17:00:00,2027-06-10 19:00:00
8968,공원,,2027-06-10 19:00:00,2027-06-10 20:00:00
8969,운동,,2027-06-10 20:00:00,2027-06-10 22:00:00
8970,공부,,2027-06-10 22:00:00,2027-06-10 23:00:00
8971,공원,,2027-06-10 23:00:00,2027-06-11 00:00:00
8972,점심식사,,2027-06-10 12:00:00,2027-06-10 13:00:00
8973,저녁식사,,2027-06-10 18:00:00,2027-06-10 19:00:00
8974,스포츠,,2027-06-11 08:00:00,2027-06-11 11:00:00
8975,공부,,2027-06-11 11:00:00,2027-06-11 13:00:00
8976,실내활동,,2027-06-11 13:00:00,2027-06-11 14:00:00
8977,스포츠,,2027-06-11 14:00:00,2027-06-11 16:00:00
8978,공부,,2027-06-11 16:00:00,2027-06-11 17:00:00
8979,실내활동,,2027-06-11 17:00:00,2027-06-11 19:00:00
8980,스포츠,,2027-06-11 19:00:00,2027-06-11 20:00:00
8981,공부,,2027-06-11 20:00:00,2027-06-11 23:00:00
8982,실내활동,,2027-06-11 23:00:00,2027-06-12 00:00:00
8983,점심식사,,2027-06-11 12:00:00,2027-06-11 13:00:00
8984,저녁식사,,2027-06-11 18:00:00,2027-06-11 19:00:00
8985,관람,,2027-06-12 08:00:00,2027-06-12 09:00:00
8986,운동,,2027-06-12 09:00:00,2027-06-12 10:00:00
8987,실내활동,,2027-06-12 10:00:00,2027-06-12 12:00:00
8988,점심식사,,2027-06-12 12:00:00,2027-06-12 13:00:00
8989,관람,,2027-06-12 13:00:00,2027-06-12 14:00:00
8990,운동,,2027-06-12 14:00:00,2027-06-12 15:00:00
8991,실내활동,,2027-06-12 15:00:00,2027-06-12 17:00:00
8992,관람,,2027-06-12 17:00:00,2027-06-12 20:00:00
8993,운동,,2027-06-12 20:00:00,2027-06-12 23:00:00
8994,실내활동,,2027-06-12 23:00:00,2027-06-13 00:00:00
8995,저녁식사,,2027-06-12 18:00:00,2027-06-12 19:00:00
8996,스포츠,,2027-06-13 08:00:00,2027-06-13 11:00:00
8997,공부,,2027-06-13 11:00:00,2027-06-13 12:00:00
8998,점심식사,,2027-06-13 12:00:00,2027-06-13 13:00:00
8999,실내활동,,2027-06-13 13:00:00,2027-06-13 14:00:00
9000,스포츠,,2027-06-13 14:00:00,2027-06-13 15:00:00
9001,공부,,2027-06-13 15:00:00,2027-06-13 18:00:00
9002,저녁식사,,2027-06-13 18:00:00,2027-06-13 19:00:00
9003,실내활동,,2027-06-13 19:00:00,2027-06-13 20:00:00
9004,스포츠,,2027-06-13 20:00:00,2027-06-13 22:00:00
9005,공부,,2027-06-13 22:00:00,2027-06-13 23:00:00
9006,실내활동,,2027-06-13 23:00:00,2027-06-14 00:00:00
9007,운동,,2027-06-14 08:00:00,2027-06-14 11:00:00
9008,공부,,2027-06-14 11:00:00,2027-06-14 13:00:00
9009,공원,,2027-06-14 13:00:00,2027-06-14 16:00:00
9010,운동,,2027-06-14 16:00:00,2027-06-14 18:00:00
9011,저녁식사,,2027-06-14 18:00:00,2027-06-14 19:00:00
9012,공부,,2027-06-14 19:00:00,2027-06-14 22:00:00
9013,공원,,2027-06-14 22:00:00,2027-06-15 00:00:00
9014,점심식사,,2027-06-14 12:00:00,2027-06-14 13:00:00
9015,스포츠,,2027-06-15 08:00:00,2027-06-15 10:00:00
9016,공부,,2027-06-15 10:00:00,2027-06-15 11:00:00
9017,실내활동,,2027-06-15 11:00:00,2027-06-15 14:00:00
9018,스포츠,,2027-06-15 14:00:00,2027-06-15 15:00:00
9019,공부,,2027-06-15 15:00:00,2027-06-15 17:00:00
9020,실내활동,,2027-06-15 17:00:00,2027-06-15 20:00:00
9021,스포츠,,2027-06-15 20:00:00,2027-06-15 22:00:00
9022,공부,,2027-06-15 22:00:00,2027-06-15 23:00:00
9023,실내활동,,2027-06-15 23:00:00,2027-06-16 00:00:00
9024,점심식사,,2027-06-15 12:00:00,2027-06-15 13:00:00
9025,저녁식사,,2027-06-15 18:00:00,2027-06-15 19:00:00
9026,관람,,2027-06-16 08:00:00,2027-06-16 11:00:00
9027,운동,,2027-06-16 11:00:00,2027-06-16 14:00:00
9028,실내활동,,2027-06-16 14:00:00,2027-06-16 16:00:00
9029,관람,,2027-06-16 16:00:00,2027-06-16 17:00:00
9030,운동,,2027-06-16 17:00:00,2027-06-16 18:00:00
9031,저녁식사,,2027-06-16 18:00:00,2027-06-16 19:00:00
9032,실내활동,,2027-06-16 19:00:00,2027-06-16 20:00:00
9033,관람,,2027-06-16 20:00:00,2027-06-16 21:00:00
9034,운동,,2027-06-16 21:00:00,2027-06-16 22:00:00
9035,실내활동,,2027-06-16 22:00:00,2027-06-17 00:00:00
9036,점심식사,,2027-06-16 12:00:00,2027-06-16 13:00:00
9037,운동,,2027-06-17 08:00:00,2027-06-17 10:00:00
9038,공부,,2027-06-17 10:00:00,2027-06-17 11:00:00
9039,공원,,2027-06-17 11:00:00,2027-06-17 12:00:00
9040,점심식사,,2027-06-17 12:00:00,2027-06-17 13:00:00
9041,운동,,2027-06-17 13:00:00,2027-06-17 14:00:00
9042,공부,,2027-06-17 14:00:00,2027-06-17 17:00:00
9043,공원,,2027-06-17 17:00:00,2027-06-17 19:00:00
9044,운동,,2027-06-17 19:00:00,2027-06-17 21:00:00
9045,공부,,2027-06-17 21:00:00,2027-06-17 23:00:00
9046,공원,,2027-06-17 23:00:00,2027-06-18 00:00:00
9047,저녁식사,,2027-06-17 18:00:00,2027-06-17 19:00:00
9048,스포츠,,2027-06-18 08:00:00,2027-06-18 10:00:00
9049,공부,,2027-06-18 10:00:00,2027-06-18 11:00:00
9050,실내활동,,2027-06-18 11:00:00,2027-06-18 13:00:00
9051,스포츠,,2027-06-18 13:00:00,2027-06-18 14:00:00
9052,공부,,2027-06-18 14:00:00,2027-06-18 17:00:00
9053,실내활동,,2027-06-18 17:00:00,2027-06-18 20:00:00
9054,스포츠,,2027-06-18 20:00:00,2027-06-18 21:00:00
9055,공부,,2027-06-18 21:00:00,2027-06-18 22:00:00
9056,실내활동,,2027-06-18 22:00:00,2027-06-19 00:00:00
9057,점심식사,,2027-06-18 12:00:00,2027-06-18 13:00:00
9058,저녁식사,,2027-06-18 18:00:00,2027-06-18 19:00:00
9059,관람,,2027-06-19 08:00:00,2027-06-19 11:00:00
9060,운동,,2027-06-19 11:00:00,2027-06-19 13:00:00
9061,실내활동,,2027-06-19 13:00:00,2027-06-19 16:00:00
9062,관람,,2027-06-19 16:00:00,2027-06-19 17:00:00
9063,운동,,2027-06-19 17:00:00,2027-06-19 20:00:00
9064,실내활동,,2027-06-19 20:00:00,2027-06-19 23:00:00
9065,관람,,2027-06-19 23:00:00,2027-06-20 00:00:00
9066,점심식사,,2027-06-19 12:00:00,2027-06-19 13:00:00
9067,저녁식사,,2027-06-19 18:00:00,2027-06-19 19:00:00
9068,스포츠,,2027-06-20 08:00:00,2027-06-20 11:00:00
9069,공부,,2027-06-20 11:00:00,2027-06-20 13:00:00
9070,실내활동,,2027-06-20 13:00:00,2027-06-20 14:00:00
9071,스포츠,,2027-06-20 14:00:00,2027-06-20 15:00:00
9072,공부,,2027-06-20 15:00:00,2027-06-20 16:00:00
9073,실내활동,,2027-06-20 16:00:00,2027-06-20 19:00:00
9074,스포츠,,2027-06-20 19:00:00,2027-06-20 21:00:00
9075,공부,,2027-06-20 21:00:00,2027-06-20 23:00:00
9076,실내활동,,2027-06-20 23:00:00,2027-06-21 00:00:00
9077,점심식사,,2027-06-20 12:00:00,2027-06-20 13:00:00
9078,저녁식사,,2027-06-20 18:00:00,2027-06-20 19:00:00
9079,운동,,2027-06-21 08:00:00,2027-06-21 10:00:00
9080,공부,,2027-06-21 10:00:00,2027-06-21 12:00:00
9081,점심식사,,2027-06-21 12:00:00,2027-06-21 13:00:00
9082,공원,,2027-06-21 13:00:00,2027-06-21 14:00:00
9083,운동,,2027-06-21 14:00:00,2027-06-21 17:00:00
9084,공부,,2027-06-21 17:00:00,2027-06-21 19:00:00
9085,공원,,2027-06-21 19:00:00,2027-06-21 20:00:00
9086,운동,,2027-06-21 20:00:00,2027-06-21 22:00:00
9087,공부,,2027-06-21 22:00:00,2027-06-22 00:00:00
9088,저녁식사,,2027-06-21 18:00:00,2027-06-21 19:00:00
9089,스포츠,,2027-06-22 08:00:00,2027-06-22 10:00:00
9090,공부,,2027-06-22 10:00:00,2027-06-22 12:00:00
9091,점심식사,,2027-06-22 12:00:00,2027-06-22 13:00:00
9092,실내활동,,2027-06-22 13:00:00,2027-06-22 15:00:00
9093,스포츠,,2027-06-22 15:00:00,2027-06-22 16:00:00
9094,공부,,2027-06-22 16:00:00,2027-06-22 18:00:00
9095,저녁식사,,2027-06-22 18:00:00,2027-06-22 19:00:00
9096,실내활동,,2027-06-22 19:00:00,2027-06-22 21:00:00
9097,스포츠,,2027-06-22 21:00:00,2027-06-22 23:00:00
9098,공부,,2027-06-22 23:00:00,2027-06-23 00:00:00
9099,관람,,2027-06-23 08:00:00,2027-06-23 10:00:00
9100,운동,,2027-06-23 10:00:00,2027-06-23 12:00:00
9101,점심식사,,2027-06-23 12:00:00,2027-06-23 13:00:00
9102,실내활동,,2027-06-23 13:00:00,2027-06-23 14:00:00
9103,관람,,2027-06-23 14:00:00,2027-06-23 16:00:00
9104,운동,,2027-06-23 16:00:00,2027-06-23 19:00:00
9105,실내활동,,2027-06-23 19:00:00,2027-06-23 22:00:00
9106,관람,,2027-06-23 22:00:00,2027-06-23 23:00:00
9107,운동,,2027-06-23 23:00:00,2027-06-24 00:00:00
9108,저녁식사,,2027-06-23 18:00:00,2027-06-23 19:00:00
9109,운동,,2027-06-24 08:00:00,2027-06-24 09:00:00
9110,공부,,2027-06-24 09:00:00,2027-06-24 10:00:00
9111,공원,,2027-06-24 10:00:00,2027-06-24 12:00:00
9112,점심식사,,2027-06-24 12:00:00,2027-06-24 13:00:00
9113,운동,,2027-06-24 13:00:00,2027-06-24 15:00:00
9114,공부,,2027-06-24 15:00:00,2027-06-24 18:00:00
9115,저녁식사,,2027-06-24 18:00:00,2027-06-24 19:00:00
9116,공원,,2027-06-24 19:00:00,2027-06-24 20:00:00
9117,운동,,2027-06-24 20:00:00,2027-06-24 23:00:00
9118,공부,,2027-06-24 23:00:00,2027-06-25 00:00:00
9119,스포츠,,2027-06-25 08:00:00,2027-06-25 09:00:00
9120,공부,,2027-06-25 09:00:00,2027-06-25 10:00:00
9121,실내활동,,2027-06-25 10:00:00,2027-06-25 12:00:00
9122,점심식사,,2027-06-25 12:00:00,2027-06-25 13:00:00
9123,스포츠,,2027-06-25 13:00:00,2027-06-25 16:00:00
9124,공부,,2027-06-25 16:00:00,2027-06-25 18:00:00
9125,저녁식사,,2027-06-25 18:00:00,2027-06-25 19:00:00
9126,실내활동,,2027-06-25 19:00:00,2027-06-25 20:00:00
9127,스포츠,,2027-06-25 20:00:00,2027-06-25 23:00:00
9128,공부,,2027-06-25 23:00:00,2027-06-26 00:00:00
9129,관람,,2027-06-26 08:00:00,2027-06-26 10:00:00
9130,운동,,2027-06-26 10:00:00,2027-06-26 13:00:00
9131,실내활동,,2027-06-26 13:00:00,2027-06-26 15:00:00
9132,관람,,2027-06-26 15:00:00,2027-06-26 17:00:00
9133,운동,,2027-06-26 17:00:00,2027-06-26 20:00:00
9134,실내활동,,2027-06-26 20:00:00,2027-06-26 21:00:00
9135,관람,,2027-06-26 21:00:00,2027-06-27 00:00:00
9136,점심식사,,2027-06-26 12:00:00,2027-06-26 13:00:00
9137,저녁식사,,2027-06-26 18:00:00,2027-06-26 19:00:00
9138,스포츠,,2027-06-27 08:00:00,2027-06-27 11:00:00
9139,공부,,2027-06-27 11:00:00,2027-06-27 12:00:00
9140,점심식사,,2027-06-27 12:00:00,2027-06-27 13:00:00
9141,실내활동,,2027-06-27 13:00:00,2027-06-27 15:00:00
9142,스포츠,,2027-06-27 15:00:00,2027-06-27 18:00:00
9143,저녁식사,,2027-06-27 18:00:00,2027-06-27 19:00:00
9144,공부,,2027-06-27 19:00:00,2027-06-27 20:00:00
9145,실내활동,,2027-06-27 20:00:00,2027-06-27 21:00:00
9146,스포츠,,2027-06-27 21:00:00,2027-06-27 23:00:00
9147,공부,,2027-06-27 23:00:00,2027-06-28 00:00:00
9148,운동,,2027-06-28 08:00:00,2027-06-28 09:00:00
9149,공부,,2027-06-28 09:00:00,2027-06-28 12:00:00
9150,점심식사,,2027-06-28 12:00:00,2027-06-28 13:00:00
9151,공원,,2027-06-28 13:00:00,2027-06-28 14:00:00
9152,운동,,2027-06-28 14:00:00,2027-06-28 16:00:00
9153,공부,,2027-06-28 16:00:00,2027-06-28 18:00:00
9154,저녁식사,,2027-06-28 18:00:00,2027-06-28 19:00:00
9155,공원,,2027-06-28 19:00:00,2027-06-28 21:00:00
9156,운동,,2027-06-28 21:00:00,2027-06-28 23:00:00
9157,공부,,2027-06-28 23:00:00,2027-06-29 00:00:00
9158,스포츠,,2027-06-29 08:00:00,2027-06-29 10:00:00
9159,공부,,2027-06-29 10:00:00,2027-06-29 13:00:00
9160,실내활동,,2027-06-29 13:00:00,2027-06-29 16:00:00
9161,스포츠,,2027-06-29 16:00:00,2027-06-29 19:00:00
9162,공부,,2027-06-29 19:00:00,2027-06-29 22:00:00
9163,실내활동,,2027-06-29 22:00:00,2027-06-30 00:00:00
9164,점심식사,,2027-06-29 12:00:00,2027-06-29 13:00:00
9165,저녁식사,,2027-06-29 18:00:00,2027-06-29 19:00:00
9166,관람,,2027-06-30 08:00:00,2027-06-30 09:00:00
9167,운동,,2027-06-30 09:00:00,2027-06-30 12:00:00
9168,점심식사,,2027-06-30 12:00:00,2027-06-30 13:00:00
9169,실내활동,,2027-06-30 13:00:00,2027-06-30 15:00:00
9170,관람,,2027-06-30 15:00:00,2027-06-30 18:00:00
9171,저녁식사,,2027-06-30 18:00:00,2027-06-30 19:00:00
9172,운동,,2027-06-30 19:00:00,2027-06-30 21:00:00
9173,실내활동,,2027-06-30 21:00:00,2027-06-30 22:00:00
9174,관람,,2027-06-30 22:00:00,2027-07-01 00:00:00
9175,운동,,2027-07-01 08:00:00,2027-07-01 11:00:00
9176,공부,,2027-07-01 11:00:00,2027-07-01 12:00:00
9177,점심식사,,2027-07-01 12:00:00,2027-07-01 13:00:00
9178,공원,,2027-07-01 13:00:00,2027-07-01 15:00:00
9179,운동,,2027-07-01 15:00:00,2027-07-01 18:00:00
9180,저녁식사,,2027-07-01 18:00:00,2027-07-01 19:00:00
9181,공부,,2027-07-01 19:00:00,2027-07-01 22:00:00
9182,공원,,2027-07-01 22:00:00,2027-07-01 23:00:00
9183,운동,,2027-07-01 23:00:00,2027-07-02 00:00:00
9184,스포츠,,2027-07-02 08:00:00,2027-07-02 10:00:00
9185,공부,,2027-07-02 10:00:00,2027-07-02 11:00:00
9186,실내활동,,2027-07-02 11:00:00,2027-07-02 14:00:00
9187,스포츠,,2027-07-02 14:00:00,2027-07-02 17:00:00
9188,공부,,2027-07-02 17:00:00,2027-07-02 19:00:00
9189,실내활동,,2027-07-02 19:00:00,2027-07-02 22:00:00
9190,스포츠,,2027-07-02 22:00:00,2027-07-02 23:00:00
9191,공부,,2027-07-02 23:00:00,2027-07-03 00:00:00
9192,점심식사,,2027-07-02 12:00:00,2027-07-02 13:00:00
9193,저녁식사,,2027-07-02 18:00:00,2027-07-02 19:00:00
9194,관람,,2027-07-03 08:00:00,2027-07-03 11:00:00
9195,운동,,2027-07-03 11:00:00,2027-07-03 14:00:00
9196,실내활동,,2027-07-03 14:00:00,2027-07-03 16:00:00
9197,관람,,2027-07-03 16:00:00,2027-07-03 17:00:00
9198,운동,,2027-07-03 17:00:00,2027-07-03 19:00:00
9199,실내활동,,2027-07-03 19:00:00,2027-07-03 22:00:00
9200,관람,,2027-07-03 22:00:00,2027-07-03 23:00:00
9201,운동,,2027-07-03 23:00:00,2027-07-04 00:00:00
9202,점심식사,,2027-07-03 12:00:00,2027-07-03 13:00:00
9203,저녁식사,,2027-07-03 18:00:00,2027-07-03 19:00:00
9204,스포츠,,2027-07-04 08:00:00,2027-07-04 11:00:00
9205,공부,,2027-07-04 11:00:00,2027-07-04 14:00:00
9206,실내활동,,2027-07-04 14:00:00,2027-07-04 15:00:00
9207,스포츠,,2027-07-04 15:00:00,2027-07-04 18:00:00
9208,저녁식사,,2027-07-04 18:00:00,2027-07-04 19:00:00
9209,공부,,2027-07-04 19:00:00,2027-07-04 21:00:00
9210,실내활동,,2027-07-04 21:00:00,2027-07-04 22:00:00
9211,스포츠,,2027-07-04 22:00:00,2027-07-05 00:00:00
9212,점심식사,,2027-07-04 12:00:00,2027-07-04 13:00:00
9213,운동,,2027-07-05 08:00:00,2027-07-05 09:00:00
9214,공부,,2027-07-05 09:00:00,2027-07-05 12:00:00
9215,점심식사,,2027-07-05 12:00:00,2027-07-05 13:00:00
9216,공원,,2027-07-05 13:00:00,2027-07-05 14:00:00
9217,운동,,2027-07-05 14:00:00,2027-07-05 16:00:00
9218,공부,,2027-07-05 16:00:00,2027-07-05 19:00:00
9219,공원,,2027-07-05 19:00:00,2027-07-05 20:00:00
9220,운동,,2027-07-05 20:00:00,2027-07-05 22:00:00
9221,공부,,2027-07-05 22:00:00,2027-07-05 23:00:00
9222,공원,,2027-07-05 23:00:00,2027-07-06 00:00:00
9223,저녁식사,,2027-07-05 18:00:00,2027-07-05 19:00:00
9224,스포츠,,2027-07-06 08:00:00,2027-07-06 09:00:00
9225,공부,,2027-07-06 09:00:00,2027-07-06 11:00:00
9226,실내활동,,2027-07-06 11:00:00,2027-07-06 12:00:00
9227,점심식사,,2027-07-06 12:00:00,2027-07-06 13:00:00
9228,스포츠,,2027-07-06 13:00:00,2027-07-06 15:00:00
9229,공부,,2027-07-06 15:00:00,2027-07-06 16:00:00
9230,실내활동,,2027-07-06 16:00:00,2027-07-06 19:00:00
9231,스포츠,,2027-07-06 19:00:00,2027-07-06 21:00:00
9232,공부,,2027-07-06 21:00:00,2027-07-06 23:00:00
9233,실내활동,,2027-07-06 23:00:00,2027-07-07 00:00:00
9234,저녁식사,,2027-07-06 18:00:00,2027-07-06 19:00:00
9235,관람,,2027-07-07 08:00:00,2027-07-07 10:00:00
9236,운동,,2027-07-07 10:00:00,2027-07-07 12:00:00
9237,점심식사,,2027-07-07 12:00:00,2027-07-07 13:00:00
9238,실내활동,,2027-07-07 13:00:00,2027-07-07 14:00:00
9239,관람,,2027-07-07 14:00:00,2027-07-07 16:00:00
9240,운동,,2027-07-07 16:00:00,2027-07-07 19:00:00
9241,실내활동,,2027-07-07 19:00:00,2027-07-07 21:00:00
9242,관람,,2027-07-07 21:00:00,2027-07-08 00:00:00
9243,저녁식사,,2027-07-07 18:00:00,2027-07-07 19:00:00
9244,운동,,2027-07-08 08:00:00,2027-07-08 09:00:00
9245,공부,,2027-07-08 09:00:00,2027-07-08 10:00:00
9246,공원,,2027-07-08 10:00:00,2027-07-08 13:00:00
9247,운동,,2027-07-08 13:00:00,2027-07-08 14:00:00
9248,공부,,2027-07-08 14:00:00,2027-07-08 15:00:00
9249,공원,,2027-07-08 15:00:00,2027-07-08 17:00:00
9250,운동,,2027-07-08 17:00:00,2027-07-08 20:00:00
9251,공부,,2027-07-08 20:00:00,2027-07-08 22:00:00
9252,공원,,2027-07-08 22:00:00,2027-07-09 00:00:00
9253,점심식사,,2027-07-08 12:00:00,2027-07-08 13:00:00
9254,저녁식사,,2027-07-08 18:00:00,2027-07-08 19:00:00
9255,스포츠,,2027-07-09 08:00:00,2027-07-09 10:00:00
9256,공부,,2027-07-09 10:00:00,2027-07-09 12:00:00
9257,점심식사,,2027-07-09 12:00:00,2027-07-09 13:00:00
9258,실내활동,,2027-07-09 13:00:00,2027-07-09 15:00:00
9259,스포츠,,2027-07-09 15:00:00,2027-07-09 16:00:00
9260,공부,,2027-07-09 16:00:00,2027-07-09 18:00:00
9261,저녁식사,,2027-07-09 18:00:00,2027-07-09 19:00:00
9262,실내활동,,2027-07-09 19:00:00,2027-07-09 20:00:00
9263,스포츠,,2027-07-09 20:00:00,2027-07-09 21:00:00
9264,공부,,2027-07-09 21:00:00,2027-07-10 00:00:00
9265,관람,,2027-07-10 08:00:00,2027-07-10 10:00:00
9266,운동,,2027-07-10 10:00:00,2027-07-10 13:00:00
9267,실내활동,,2027-07-10 13:00:00,2027-07-10 15:00:00
9268,관람,,2027-07-10 15:00:00,2027-07-10 17:00:00
9269,운동,,2027-07-10 17:00:00,2027-07-10 18:00:00
9270,저녁식사,,2027-07-10 18:00:00,2027-07-10 19:00:00
9271,실내활동,,2027-07-10 19:00:00,2027-07-10 21:00:00
9272,관람,,2027-07-10 21:00:00,2027-07-11 00:00:00
9273,점심식사,,2027-07-10 12:00:00,2027-07-10 13:00:00
9274,스포츠,,2027-07-11 08:00:00,2027-07-11 10:00:00
9275,공부,,2027-07-11 10:00:00,2027-07-11 13:00:00
9276,실내활동,,2027-07-11 13:00:00,2027-07-11 14:00:00
9277,스포츠,,2027-07-11 14:00:00,2027-07-11 15:00:00
9278,공부,,2027-07-11 15:00:00,2027-07-11 17:00:00
9279,실내활동,,2027-07-11 17:00:00,2027-07-11 20:00:00
9280,스포츠,,2027-07-11 20:00:00,2027-07-11 22:00:00
9281,공부,,2027-07-11 22:00:00,2027-07-11 23:00:00
9282,실내활동,,2027-07-11 23:00:00,2027-07-12 00:00:00
9283,점심식사,,2027-07-11 12:00:00,2027-07-11 13:00:00
9284,저녁식사,,2027-07-11 18:00:00,2027-07-11 19:00:00
9285,운동,,2027-07-12 08:00:00,2027-07-12 11:00:00
9286,공부,,2027-07-12 11:00:00,2027-07-12 13:00:00
9287,공원,,2027-07-12 13:00:00,2027-07-12 16:00:00
9288,운동,,2027-07-12 16:00:00,2027-07-12 17:00:00
9289,공부,,2027-07-12 17:00:00,2027-07-12 20:00:00
9290,공원,,2027-07-12 20:00:00,2027-07-12 23:00:00
9291,운동,,2027-07-12 23:00:00,2027-07-13 00:00:00
9292,점심식사,,2027-07-12 12:00:00,2027-07-12 13:00:00
9293,저녁식사,,2027-07-12 18:00:00,2027-07-12 19:00:00
9294,스포츠,,2027-07-13 08:00:00,2027-07-13 11:00:00
9295,공부,,2027-07-13 11:00:00,2027-07-13 14:00:00
9296,실내활동,,2027-07-13 14:00:00,2027-07-13 15:00:00
9297,스포츠,,2027-07-13 15:00:00,2027-07-13 16:00:00
9298,공부,,2027-07-13 16:00:00,2027-07-13 19:00:00
9299,실내활동,,2027-07-13 19:00:00,2027-07-13 21:00:00
9300,스포츠,,2027-07-13 21:00:00,2027-07-13 22:00:00
9301,공부,,2027-07-13 22:00:00,2027-07-13 23:00:00
9302,실내활동,,2027-07-13 23:00:00,2027-07-14 00:00:00
9303,점심식사,,2027-07-13 12:00:00,2027-07-13 13:00:00
9304,저녁식사,,2027-07-13 18:00:00,2027-07-13 19:00:00
9305,관람,,2027-07-14 08:00:00,2027-07-14 10:00:00
9306,운동,,2027-07-14 10:00:00,2027-07-14 11:00:00
9307,실내활동,,2027-07-14 11:00:00,2027-07-14 14:00:00
9308,관람,,2027-07-14 14:00:00,2027-07-14 15:00:00
9309,운동,,2027-07-14 15:00:00,2027-07-14 17:00:00
9310,실내활동,,2027-07-14 17:00:00,2027-07-14 20:00:00
9311,관람,,2027-07-14 20:00:00,2027-07-14 21:00:00
9312,운동,,2027-07-14 21:00:00,2027-07-14 22:00:00
9313,실내활동,,2027-07-14 22:00:00,2027-07-14 23:00:00
9314,관람,,2027-07-14 23:00:00,2027-07-15 00:00:00
9315,점심식사,,2027-07-14 12:00:00,2027-07-14 13:00:00
9316,저녁식사,,2027-07-14 18:00:00,2027-07-14 19:00:00
9317,운동,,2027-07-15 08:00:00,2027-07-15 10:00:00
9318,공부,,2027-07-15 10:00:00,2027-07-15 11:00:00
9319,공원,,2027-07-15 11:00:00,2027-07-15 14:00:00
9320,운동,,2027-07-15 14:00:00,2027-07-15 17:00:00
9321,공부,,2027-07-15 17:00:00,2027-07-15 18:00:00
9322,저녁식사,,2027-07-15 18:00:00,2027-07-15 19:00:00
9323,공원,,2027-07-15 19:00:00,2027-07-15 20:00:00
9324,운동,,2027-07-15 20:00:00,2027-07-15 23:00:00
9325,공부,,2027-07-15 23:00:00,2027-07-16 00:00:00
9326,점심식사,,2027-07-15 12:00:00,2027-07-15 13:00:00
9327,스포츠,,2027-07-16 08:00:00,2027-07-16 09:00:00
9328,공부,,2027-07-16 09:00:00,2027-07-16 10:00:00
9329,실내활동,,2027-07-16 10:00:00,2027-07-16 13:00:00
9330,스포츠,,2027-07-16 13:00:00,2027-07-16 16:00:00
9331,공부,,2027-07-16 16:00:00,2027-07-16 19:00:00
9332,실내활동,,2027-07-16 19:00:00,2027-07-16 20:00:00
9333,스포츠,,2027-07-16 20:00:00,2027-07-16 23:00:00
9334,공부,,2027-07-16 23:00:00,2027-07-17 00:00:00
9335,점심식사,,2027-07-16 12:00:00,2027-07-16 13:00:00
9336,저녁식사,,2027-07-16 18:00:00,2027-07-16 19:00:00
9337,관람,,2027-07-17 08:00:00,2027-07-17 10:00:00
9338,운동,,2027-07-17 10:00:00,2027-07-17 11:00:00
9339,실내활동,,2027-07-17 11:00:00,2027-07-17 12:00:00
9340,점심식사,,2027-07-17 12:00:00,2027-07-17 13:00:00
9341,관람,,2027-07-17 13:00:00,2027-07-17 14:00:00
9342,운동,,2027-07-17 14:00:00,2027-07-17 15:00:00
9343,실내활동,,2027-07-17 15:00:00,2027-07-17 16:00:00
9344,관람,,2027-07-17 16:00:00,2027-07-17 18:00:00
9345,저녁식사,,2027-07-17 18:00:00,2027-07-17 19:00:00
9346,운동,,2027-07-17 19:00:00,2027-07-17 20:00:00
9347,실내활동,,2027-07-17 20:00:00,2027-07-17 22:00:00
9348,관람,,2027-07-17 22:00:00,2027-07-18 00:00:00
9349,스포츠,,2027-07-18 08:00:00,2027-07-18 11:00:00
9350,공부,,2027-07-18 11:00:00,2027-07-18 13:00:00
9351,실내활동,,2027-07-18 13:00:00,2027-07-18 16:00:00
9352,스포츠,,2027-07-18 16:00:00,2027-07-18 19:00:00
9353,공부,,2027-07-18 19:00:00,2027-07-18 22:00:00
9354,실내활동,,2027-07-18 22:00:00,2027-07-18 23:00:00
9355,스포츠,,2027-07-18 23:00:00,2027-07-19 00:00:00
9356,점심식사,,2027-07-18 12:00:00,2027-07-18 13:00:00
9357,저녁식사,,2027-07-18 18:00:00,2027-07-18 19:00:00
9358,운동,,2027-07-19 08:00:00,2027-07-19 10:00:00
9359,공부,,2027-07-19 10:00:00,2027-07-19 13:00:00
9360,공원,,2027-07-19 13:00:00,2027-07-19 15:00:00
9361,운동,,2027-07-19 15:00:00,2027-07-19 16:00:00
9362,공부,,2027-07-19 16:00:00,2027-07-19 19:00:00
9363,공원,,2027-07-19 19:00:00,2027-07-19 22:00:00
9364,운동,,2027-07-19 22:00:00,2027-07-20 00:00:00
9365,점심식사,,2027-07-19 12:00:00,2027-07-19 13:00:00
9366,저녁식사,,2027-07-19 18:00:00,2027-07-19 19:00:00
9367,스포츠,,2027-07-20 08:00:00,2027-07-20 11:00:00
9368,공부,,2027-07-20 11:00:00,2027-07-20 13:00:00
9369,실내활동,,2027-07-20 13:00:00,2027-07-20 14:00:00
9370,스포츠,,2027-07-20 14:00:00,2027-07-20 17:00:00
9371,공부,,2027-07-20 17:00:00,2027-07-20 20:00:00
9372,실내활동,,2027-07-20 20:00:00,2027-07-20 23:00:00
9373,스포츠,,2027-07-20 23:00:00,2027-07-21 00:00:00
9374,점심식사,,2027-07-20 12:00:00,2027-07-20 13:00:00
9375,저녁식사,,2027-07-20 18:00:00,2027-07-20 19:00:00
9376,관람,,2027-07-21 08:00:00,2027-07-21 09:00:00
9377,운동,,2027-07-21 09:00:00,2027-07-21 11:00:00
9378,실내활동,,2027-07-21 11:00:00,2027-07-21 12:00:00
9379,점심식사,,2027-07-21 12:00:00,2027-07-21 13:00:00
9380,관람,,2027-07-21 13:00:00,2027-07-21 14:00:00
9381,운동,,2027-07-21 14:00:00,2027-07-21 15:00:00
9382,실내활동,,2027-07-21 15:00:00,2027-07-21 16:00:00
9383,관람,,2027-07-21 16:00:00,2027-07-21 19:00:00
9384,운동,,2027-07-21 19:00:00,2027-07-21 22:00:00
9385,실내활동,,2027-07-21 22:00:00,2027-07-21 23:00:00
9386,관람,,2027-07-21 23:00:00,2027-07-22 00:00:00
9387,저녁식사,,2027-07-21 18:00:00,2027-07-21 19:00:00
9388,운동,,2027-07-22 08:00:00,2027-07-22 09:00:00
9389,공부,,2027-07-22 09:00:00,2027-07-22 11:00:00
9390,공원,,2027-07-22 11:00:00,2027-07-22 13:00:00
9391,운동,,2027-07-22 13:00:00,2027-07-22 14:00:00
9392,공부,,2027-07-22 14:00:00,2027-07-22 17:00:00
9393,공원,,2027-07-22 17:00:00,2027-07-22 20:00:00
9394,운동,,2027-07-22 20:00:00,2027-07-22 21:00:00
9395,공부,,2027-07-22 21:00:00,2027-07-22 22:00:00
9396,공원,,2027-07-22 22:00:00,2027-07-23 00:00:00
9397,점심식사,,2027-07-22 12:00:00,2027-07-22 13:00:00
9398,저녁식사,,2027-07-22 18:00:00,2027-07-22 19:00:00
9399,스포츠,,2027-07-23 08:00:00,2027-07-23 09:00:00
9400,공부,,2027-07-23 09:00:00,2027-07-23 12:00:00
9401,점심식사,,2027-07-23 12:00:00,2027-07-23 13:00:00
9402,실내활동,,2027-07-23 13:00:00,2027-07-23 14:00:00
9403,스포츠,,2027-07-23 14:00:00,2027-07-23 16:00:00
9404,공부,,2027-07-23 16:00:00,2027-07-23 17:00:00
9405,실내활동,,2027-07-23 17:00:00,2027-07-23 18:00:00
9406,저녁식사,,2027-07-23 18:00:00,2027-07-23 19:00:00
9407,스포츠,,2027-07-23 19:00:00,2027-07-23 21:00:00
9408,공부,,2027-07-23 21:00:00,2027-07-24 00:00:00
9409,관람,,2027-07-24 08:00:00,2027-07-24 11:00:00
9410,운동,,2027-07-24 11:00:00,2027-07-24 14:00:00
9411,실내활동,,2027-07-24 14:00:00,2027-07-24 16:00:00
9412,관람,,2027-07-24 16:00:00,2027-07-24 18:00:00
9413,저녁식사,,2027-07-24 18:00:00,2027-07-24 19:00:00
9414,운동,,2027-07-24 19:00:00,2027-07-24 22:00:00
9415,실내활동,,2027-07-24 22:00:00,2027-07-25 00:00:00
9416,점심식사,,2027-07-24 12:00:00,2027-07-24 13:00:00
9417,스포츠,,2027-07-25 08:00:00,2027-07-25 11:00:00
9418,공부,,2027-07-25 11:00:00,2027-07-25 14:00:00
9419,실내활동,,2027-07-25 14:00:00,2027-07-25 16:00:00
9420,스포츠,,2027-07-25 16:00:00,2027-07-25 19:00:00
9421,공부,,2027-07-25 19:00:00,2027-07-25 20:00:00
9422,실내활동,,2027-07-25 20:00:00,2027-07-25 21:00:00
9423,스포츠,,2027-07-25 21:00:00,2027-07-25 23:00:00
9424,공부,,2027-07-25 23:00:00,2027-07-26 00:00:00
9425,점심식사,,2027-07-25 12:00:00,2027-07-25 13:00:00
9426,저녁식사,,2027-07-25 18:00:00,2027-07-25 19:00:00
9427,운동,,2027-07-26 08:00:00,2027-07-26 09:00:00
9428,공부,,2027-07-26 09:00:00,2027-07-26 12:00:00
9429,점심식사,,2027-07-26 12:00:00,2027-07-26 13:00:00
9430,공원,,2027-07-26 13:00:00,2027-07-26 15:00:00
9431,운동,,2027-07-26 15:00:00,2027-07-26 18:00:00
9432,저녁식사,,2027-07-26 18:00:00,2027-07-26 19:00:00
9433,공부,,2027-07-26 19:00:00,2027-07-26 21:00:00
9434,공원,,2027-07-26 21:00:00,2027-07-26 23:00:00
9435,운동,,2027-07-26 23:00:00,2027-07-27 00:00:00
9436,스포츠,,2027-07-27 08:00:00,2027-07-27 10:00:00
9437,공부,,2027-07-27 10:00:00,2027-07-27 12:00:00
9438,점심식사,,2027-07-27 12:00:00,2027-07-27 13:00:00
9439,실내활동,,2027-07-27 13:00:00,2027-07-27 14:00:00
9440,스포츠,,2027-07-27 14:00:00,2027-07-27 17:00:00
9441,공부,,2027-07-27 17:00:00,2027-07-27 18:00:00
9442,저녁식사,,2027-07-27 18:00:00,2027-07-27 19:00:00
9443,실내활동,,2027-07-27 19:00:00,2027-07-27 22:00:00
9444,스포츠,,2027-07-27 22:00:00,2027-07-27 23:00:00
9445,공부,,2027-07-27 23:00:00,2027-07-28 00:00:00
9446,관람,,2027-07-28 08:00:00,2027-07-28 09:00:00
9447,운동,,2027-07-28 09:00:00,2027-07-28 12:00:00
9448,점심식사,,2027-07-28 12:00:00,2027-07-28 13:00:00
9449,실내활동,,2027-07-28 13:00:00,2027-07-28 16:00:00
9450,관람,,2027-07-28 16:00:00,2027-07-28 19:00:00
9451,운동,,2027-07-28 19:00:00,2027-07-28 22:00:00
9452,실내활동,,2027-07-28 22:00:00,2027-07-29 00:00:00
9453,저녁식사,,2027-07-28 18:00:00,2027-07-28 19:00:00
9454,운동,,2027-07-29 08:00:00,2027-07-29 10:00:00
9455,공부,,2027-07-29 10:00:00,2027-07-29 11:00:00
9456,공원,,2027-07-29 11:00:00,2027-07-29 14:00:00
9457,운동,,2027-07-29 14:00:00,2027-07-29 17:00:00
9458,공부,,2027-07-29 17:00:00,2027-07-29 19:00:00
9459,공원,,2027-07-29 19:00:00,2027-07-29 21:00:00
9460,운동,,2027-07-29 21:00:00,2027-07-30 00:00:00
9461,점심식사,,2027-07-29 12:00:00,2027-07-29 13:00:00
9462,저녁식사,,2027-07-29 18:00:00,2027-07-29 19:00:00
9463,스포츠,,2027-07-30 08:00:00,2027-07-30 09:00:00
9464,공부,,2027-07-30 09:00:00,2027-07-30 11:00:00
9465,실내활동,,2027-07-30 11:00:00,2027-07-30 14:00:00
9466,스포츠,,2027-07-30 14:00:00,2027-07-30 16:00:00
9467,공부,,2027-07-30 16:00:00,2027-07-30 17:00:00
9468,실내활동,,2027-07-30 17:00:00,2027-07-30 20:00:00
9469,스포츠,,2027-07-30 20:00:00,2027-07-30 22:00:00
9470,공부,,2027-07-30 22:00:00,2027-07-30 23:00:00
9471,실내활동,,2027-07-30 23:00:00,2027-07-31 00:00:00
9472,점심식사,,2027-07-30 12:00:00,2027-07-30 13:00:00
9473,저녁식사,,2027-07-30 18:00:00,2027-07-30 19:00:00
9474,관람,,2027-07-31 08:00:00,2027-07-31 09:00:00
9475,운동,,2027-07-31 09:00:00,2027-07-31 12:00:00
9476,점심식사,,2027-07-31 12:00:00,2027-07-31 13:00:00
9477,실내활동,,2027-07-31 13:00:00,2027-07-31 16:00:00
9478,관람,,2027-07-31 16:00:00,2027-07-31 18:00:00
9479,저녁식사,,2027-07-31 18:00:00,2027-07-31 19:00:00
9480,운동,,2027-07-31 19:00:00,2027-07-31 22:00:00
9481,실내활동,,2027-07-31 22:00:00,2027-08-01 00:00:00
9482,스포츠,,2027-08-01 08:00:00,2027-08-01 11:00:00
9483,공부,,2027-08-01 11:00:00,2027-08-01 12:00:00
9484,점심식사,,2027-08-01 12:00:00,2027-08-01 13:00:00
9485,실내활동,,2027-08-01 13:00:00,2027-08-01 16:00:00
9486,스포츠,,2027-08-01 16:00:00,2027-08-01 18:00:00
9487,저녁식사,,2027-08-01 18:00:00,2027-08-01 19:00:00
9488,공부,,2027-08-01 19:00:00,2027-08-01 21:00:00
9489,실내활동,,2027-08-01 21:00:00,2027-08-01 23:00:00
9490,스포츠,,2027-08-01 23:00:00,2027-08-02 00:00:00
9491,운동,,2027-08-02 08:00:00,2027-08-02 10:00:00
9492,공부,,2027-08-02 10:00:00,2027-08-02 12:00:00
9493,점심식사,,2027-08-02 12:00:00,2027-08-02 13:00:00
9494,공원,,2027-08-02 13:00:00,2027-08-02 15:00:00
9495,운동,,2027-08-02 15:00:00,2027-08-02 18:00:00
9496,저녁식사,,2027-08-02 18:00:00,2027-08-02 19:00:00
9497,공부,,2027-08-02 19:00:00,2027-08-02 20:00:00
9498,공원,,2027-08-02 20:00:00,2027-08-02 22:00:00
9499,운동,,2027-08-02 22:00:00,2027-08-03 00:00:00
9500,스포츠,,2027-08-03 08:00:00,2027-08-03 09:00:00
9501,공부,,2027-08-03 09:00:00,2027-08-03 10:00:00
9502,실내활동,,2027-08-03 10:00:00,2027-08-03 11:00:00
9503,스포츠,,2027-08-03 11:00:00,2027-08-03 13:00:00
9504,공부,,2027-08-03 13:00:00,2027-08-03 15:00:00
9505,실내활동,,2027-08-03 15:00:00,2027-08-03 18:00:00
9506,저녁식사,,2027-08-03 18:00:00,2027-08-03 19:00:00
9507,스포츠,,2027-08-03 19:00:00,2027-08-03 22:00:00
9508,공부,,2027-08-03 22:00:00,2027-08-04 00:00:00
9509,점심식사,,2027-08-03 12:00:00,2027-08-03 13:00:00
9510,관람,,2027-08-04 08:00:00,2027-08-04 11:00:00
9511,운동,,2027-08-04 11:00:00,2027-08-04 12:00:00
9512,점심식사,,2027-08-04 12:00:00,2027-08-04 13:00:00
9513,실내활동,,2027-08-04 13:00:00,2027-08-04 16:00:00
9514,관람,,2027-08-04 16:00:00,2027-08-04 17:00:00
9515,운동,,2027-08-04 17:00:00,2027-08-04 20:00:00
9516,실내활동,,2027-08-04 20:00:00,2027-08-04 22:00:00
9517,관람,,2027-08-04 22:00:00,2027-08-04 23:00:00
9518,운동,,2027-08-04 23:00:00,2027-08-05 00:00:00
9519,저녁식사,,2027-08-04 18:00:00,2027-08-04 19:00:00
9520,운동,,2027-08-05 08:00:00,2027-08-05 09:00:00
9521,공부,,2027-08-05 09:00:00,2027-08-05 10:00:00
9522,공원,,2027-08-05 10:00:00,2027-08-05 11:00:00
9523,운동,,2027-08-05 11:00:00,2027-08-05 12:00:00
9524,점심식사,,2027-08-05 12:00:00,2027-08-05 13:00:00
9525,공부,,2027-08-05 13:00:00,2027-08-05 16:00:00
9526,공원,,2027-08-05 16:00:00,2027-08-05 18:00:00
9527,저녁식사,,2027-08-05 18:00:00,2027-08-05 19:00:00
9528,운동,,2027-08-05 19:00:00,2027-08-05 21:00:00
9529,공부,,2027-08-05 21:00:00,2027-08-05 23:00:00
9530,공원,,2027-08-05 23:00:00,2027-08-06 00:00:00
9531,스포츠,,2027-08-06 08:00:00,2027-08-06 09:00:00
9532,공부,,2027-08-06 09:00:00,2027-08-06 10:00:00
9533,실내활동,,2027-08-06 10:00:00,2027-08-06 11:00:00
9534,스포츠,,2027-08-06 11:00:00,2027-08-06 13:00:00
9535,공부,,2027-08-06 13:00:00,2027-08-06 14:00:00
9536,실내활동,,2027-08-06 14:00:00,2027-08-06 17:00:00
9537,스포츠,,2027-08-06 17:00:00,2027-08-06 20:00:00
9538,공부,,2027-08-06 20:00:00,2027-08-06 23:00:00
9539,실내활동,,2027-08-06 23:00:00,2027-08-07 00:00:00
9540,점심식사,,2027-08-06 12:00:00,2027-08-06 13:00:00
9541,저녁식사,,2027-08-06 18:00:00,2027-08-06 19:00:00
9542,관람,,2027-08-07 08:00:00,2027-08-07 11:00:00
9543,운동,,2027-08-07 11:00:00,2027-08-07 12:00:00
9544,점심식사,,2027-08-07 12:00:00,2027-08-07 13:00:00
9545,실내활동,,2027-08-07 13:00:00,2027-08-07 16:00:00
9546,관람,,2027-08-07 16:00:00,2027-08-07 17:00:00
9547,운동,,2027-08-07 17:00:00,2027-08-07 18:00:00
9548,저녁식사,,2027-08-07 18:00:00,2027-08-07 19:00:00
9549,실내활동,,2027-08-07 19:00:00,2027-08-07 20:00:00
9550,관람,,2027-08-07 20:00:00,2027-08-07 21:00:00
9551,운동,,2027-08-07 21:00:00,2027-08-08 00:00:00
9552,스포츠,,2027-08-08 08:00:00,2027-08-08 10:00:00
9553,공부,,2027-08-08 10:00:00,2027-08-08 12:00:00
9554,점심식사,,2027-08-08 12:00:00,2027-08-08 13:00:00
9555,실내활동,,2027-08-08 13:00:00,2027-08-08 14:00:00
9556,스포츠,,2027-08-08 14:00:00,2027-08-08 15:00:00
9557,공부,,2027-08-08 15:00:00,2027-08-08 18:00:00
9558,저녁식사,,2027-08-08 18:00:00,2027-08-08 19:00:00
9559,실내활동,,2027-08-08 19:00:00,2027-08-08 21:00:00
9560,스포츠,,2027-08-08 21:00:00,2027-08-08 22:00:00
9561,공부,,2027-08-08 22:00:00,2027-08-09 00:00:00
9562,운동,,2027-08-09 08:00:00,2027-08-09 09:00:00
9563,공부,,2027-08-09 09:00:00,2027-08-09 12:00:00
9564,점심식사,,2027-08-09 12:00:00,2027-08-09 13:00:00
9565,공원,,2027-08-09 13:00:00,2027-08-09 14:00:00
9566,운동,,2027-08-09 14:00:00,2027-08-09 15:00:00
9567,공부,,2027-08-09 15:00:00,2027-08-09 18:00:00
9568,저녁식사,,2027-08-09 18:00:00,2027-08-09 19:00:00
9569,공원,,2027-08-09 19:00:00,2027-08-09 22:00:00
9570,운동,,2027-08-09 22:00:00,2027-08-10 00:00:00
9571,스포츠,,2027-08-10 08:00:00,2027-08-10 09:00:00
9572,공부,,2027-08-10 09:00:00,2027-08-10 11:00:00
9573,실내활동,,2027-08-10 11:00:00,2027-08-10 14:00:00
9574,스포츠,,2027-08-10 14:00:00,2027-08-10 17:00:00
9575,공부,,2027-08-10 17:00:00,2027-08-10 20:00:00
9576,실내활동,,2027-08-10 20:00:00,2027-08-10 21:00:00
9577,스포츠,,2027-08-10 21:00:00,2027-08-10 22:00:00
9578,공부,,2027-08-10 22:00:00,2027-08-10 23:00:00
9579,실내활동,,2027-08-10 23:00:00,2027-08-11 00:00:00
9580,점심식사,,2027-08-10 12:00:00,2027-08-10 13:00:00
9581,저녁식사,,2027-08-10 18:00:00,2027-08-10 19:00:00
9582,관람,,2027-08-11 08:00:00,2027-08-11 11:00:00
9583,운동,,2027-08-11 11:00:00,2027-08-11 13:00:00
9584,실내활동,,2027-08-11 13:00:00,2027-08-11 15:00:00
9585,관람,,2027-08-11 15:00:00,2027-08-11 16:00:00
9586,운동,,2027-08-11 16:00:00,2027-08-11 19:00:00
9587,실내활동,,2027-08-11 19:00:00,2027-08-11 22:00:00
9588,관람,,2027-08-11 22:00:00,2027-08-11 23:00:00
9589,운동,,2027-08-11 23:00:00,2027-08-12 00:00:00
9590,점심식사,,2027-08-11 12:00:00,2027-08-11 13:00:00
9591,저녁식사,,2027-08-11 18:00:00,2027-08-11 19:00:00
9592,운동,,2027-08-12 08:00:00,2027-08-12 10:00:00
9593,공부,,2027-08-12 10:00:00,2027-08-12 13:00:00
9594,공원,,2027-08-12 13:00:00,2027-08-12 15:00:00
9595,운동,,2027-08-12 15:00:00,2027-08-12 17:00:00
9596,공부,,2027-08-12 17:00:00,2027-08-12 18:00:00
9597,저녁식사,,2027-08-12 18:00:00,2027-08-12 19:00:00
9598,공원,,2027-08-12 19:00:00,2027-08-12 21:00:00
9599,운동,,2027-08-12 21:00:00,2027-08-12 22:00:00
9600,공부,,2027-08-12 22:00:00,2027-08-13 00:00:00
9601,점심식사,,2027-08-12 12:00:00,2027-08-12 13:00:00
9602,스포츠,,2027-08-13 08:00:00,2027-08-13 09:00:00
9603,공부,,2027-08-13 09:00:00,2027-08-13 12:00:00
9604,점심식사,,2027-08-13 12:00:00,2027-08-13 13:00:00
9605,실내활동,,2027-08-13 13:00:00,2027-08-13 16:00:00
9606,스포츠,,2027-08-13 16:00:00,2027-08-13 19:00:00
9607,공부,,2027-08-13 19:00:00,2027-08-13 22:00:00
9608,실내활동,,2027-08-13 22:00:00,2027-08-13 23:00:00
9609,스포츠,,2027-08-13 23:00:00,2027-08-14 00:00:00
9610,저녁식사,,2027-08-13 18:00:00,2027-08-13 19:00:00
9611,관람,,2027-08-14 08:00:00,2027-08-14 11:00:00
9612,운동,,2027-08-14 11:00:00,2027-08-14 14:00:00
9613,실내활동,,2027-08-14 14:00:00,2027-08-14 15:00:00
9614,관람,,2027-08-14 15:00:00,2027-08-14 17:00:00
9615,운동,,2027-08-14 17:00:00,2027-08-14 18:00:00
9616,저녁식사,,2027-08-14 18:00:00,2027-08-14 19:00:00
9617,실내활동,,2027-08-14 19:00:00,2027-08-14 20:00:00
9618,관람,,2027-08-14 20:00:00,2027-08-14 22:00:00
9619,운동,,2027-08-14 22:00:00,2027-08-15 00:00:00
9620,점심식사,,2027-08-14 12:00:00,2027-08-14 13:00:00
9621,스포츠,,2027-08-15 08:00:00,2027-08-15 10:00:00
9622,공부,,2027-08-15 10:00:00,2027-08-15 11:00:00
9623,실내활동,,2027-08-15 11:00:00,2027-08-15 12:00:00
9624,점심식사,,2027-08-15 12:00:00,2027-08-15 13:00:00
9625,스포츠,,2027-08-15 13:00:00,2027-08-15 15:00:00
9626,공부,,2027-08-15 15:00:00,2027-08-15 17:00:00
9627,실내활동,,2027-08-15 17:00:00,2027-08-15 18:00:00
9628,저녁식사,,2027-08-15 18:00:00,2027-08-15 19:00:00
9629,스포츠,,2027-08-15 19:00:00,2027-08-15 21:00:00
9630,공부,,2027-08-15 21:00:00,2027-08-15 23:00:00
9631,실내활동,,2027-08-15 23:00:00,2027-08-16 00:00:00
9632,운동,,2027-08-16 08:00:00,2027-08-16 09:00:00
9633,공부,,2027-08-16 09:00:00,2027-08-16 12:00:00
9634,점심식사,,2027-08-16 12:00:00,2027-08-16 13:00:00
9635,공원,,2027-08-16 13:00:00,2027-08-16 16:00:00
9636,운동,,2027-08-16 16:00:00,2027-08-16 19:00:00
9637,공부,,2027-08-16 19:00:00,2027-08-16 21:00:00
9638,공원,,2027-08-16 21:00:00,2027-08-16 23:00:00
9639,운동,,2027-08-16 23:00:00,2027-08-17 00:00:00
9640,저녁식사,,2027-08-16 18:00:00,2027-08-16 19:00:00
9641,스포츠,,2027-08-17 08:00:00,2027-08-17 11:00:00
9642,공부,,2027-08-17 11:00:00,2027-08-17 14:00:00
9643,실내활동,,2027-08-17 14:00:00,2027-08-17 15:00:00
9644,스포츠,,2027-08-17 15:00:00,2027-08-17 18:00:00
9645,저녁식사,,2027-08-17 18:00:00,2027-08-17 19:00:00
9646,공부,,2027-08-17 19:00:00,2027-08-17 21:00:00
9647,실내활동,,2027-08-17 21:00:00,2027-08-18 00:00:00
9648,점심식사,,2027-08-17 12:00:00,2027-08-17 13:00:00
9649,관람,,2027-08-18 08:00:00,2027-08-18 10:00:00
9650,운동,,2027-08-18 10:00:00,2027-08-18 12:00:00
9651,점심식사,,2027-08-18 12:00:00,2027-08-18 13:00:00
9652,실내활동,,2027-08-18 13:00:00,2027-08-18 14:00:00
9653,관람,,2027-08-18 14:00:00,2027-08-18 17:00:00
9654,운동,,2027-08-18 17:00:00,2027-08-18 18:00:00
9655,저녁식사,,2027-08-18 18:00:00,2027-08-18 19:00:00
9656,실내활동,,2027-08-18 19:00:00,2027-08-18 22:00:00
9657,관람,,2027-08-18 22:00:00,2027-08-19 00:00:00
9658,운동,,2027-08-19 08:00:00,2027-08-19 09:00:00
9659,공부,,2027-08-19 09:00:00,2027-08-19 12:00:00
9660,점심식사,,2027-08-19 12:00:00,2027-08-19 13:00:00
9661,공원,,2027-08-19 13:00:00,2027-08-19 15:00:00
9662,운동,,2027-08-19 15:00:00,2027-08-19 18:00:00
9663,저녁식사,,2027-08-19 18:00:00,2027-08-19 19:00:00
9664,공부,,2027-08-19 19:00:00,2027-08-19 22:00:00
9665,공원,,2027-08-19 22:00:00,2027-08-19 23:00:00
9666,운동,,2027-08-19 23:00:00,2027-08-20 00:00:00
9667,스포츠,,2027-08-20 08:00:00,2027-08-20 11:00:00
9668,공부,,2027-08-20 11:00:00,2027-08-20 12:00:00
9669,점심식사,,2027-08-20 12:00:00,2027-08-20 13:00:00
9670,실내활동,,2027-08-20 13:00:00,2027-08-20 14:00:00
9671,스포츠,,2027-08-20 14:00:00,2027-08-20 15:00:00
9672,공부,,2027-08-20 15:00:00,2027-08-20 18:00:00
9673,저녁식사,,2027-08-20 18:00:00,2027-08-20 19:00:00
9674,실내활동,,2027-08-20 19:00:00,2027-08-20 22:00:00
9675,스포츠,,2027-08-20 22:00:00,2027-08-21 00:00:00
9676,관람,,2027-08-21 08:00:00,2027-08-21 09:00:00
9677,운동,,2027-08-21 09:00:00,2027-08-21 11:00:00
9678,실내활동,,2027-08-21 11:00:00,2027-08-21 12:00:00
9679,점심식사,,2027-08-21 12:00:00,2027-08-21 13:00:00
9680,관람,,2027-08-21 13:00:00,2027-08-21 15:00:00
9681,운동,,2027-08-21 15:00:00,2027-08-21 17:00:00
9682,실내활동,,2027-08-21 17:00:00,2027-08-21 18:00:00
9683,저녁식사,,2027-08-21 18:00:00,2027-08-21 19:00:00
9684,관람,,2027-08-21 19:00:00,2027-08-21 20:00:00
9685,운동,,2027-08-21 20:00:00,2027-08-21 23:00:00
9686,실내활동,,2027-08-21 23:00:00,2027-08-22 00:00:00
9687,스포츠,,2027-08-22 08:00:00,2027-08-22 11:00:00
9688,공부,,2027-08-22 11:00:00,2027-08-22 13:00:00
9689,실내활동,,2027-08-22 13:00:00,2027-08-22 15:00:00
9690,스포츠,,2027-08-22 15:00:00,2027-08-22 16:00:00
9691,공부,,2027-08-22 16:00:00,2027-08-22 17:00:00
9692,실내활동,,2027-08-22 17:00:00,2027-08-22 20:00:00
9693,스포츠,,2027-08-22 20:00:00,2027-08-22 23:00:00
9694,공부,,2027-08-22 23:00:00,2027-08-23 00:00:00
9695,점심식사,,2027-08-22 12:00:00,2027-08-22 13:00:00
9696,저녁식사,,2027-08-22 18:00:00,2027-08-22 19:00:00
9697,운동,,2027-08-23 08:00:00,2027-08-23 09:00:00
9698,공부,,2027-08-23 09:00:00,2027-08-23 12:00:00
9699,점심식사,,2027-08-23 12:00:00,2027-08-23 13:00:00
9700,공원,,2027-08-23 13:00:00,2027-08-23 14:00:00
9701,운동,,2027-08-23 14:00:00,2027-08-23 17:00:00
9702,공부,,2027-08-23 17:00:00,2027-08-23 18:00:00
9703,저녁식사,,2027-08-23 18:00:00,2027-08-23 19:00:00
9704,공원,,2027-08-23 19:00:00,2027-08-23 22:00:00
9705,운동,,2027-08-23 22:00:00,2027-08-23 23:00:00
9706,공부,,2027-08-23 23:00:00,2027-08-24 00:00:00
9707,스포츠,,2027-08-24 08:00:00,2027-08-24 11:00:00
9708,공부,,2027-08-24 11:00:00,2027-08-24 14:00:00
9709,실내활동,,2027-08-24 14:00:00,2027-08-24 15:00:00
9710,스포츠,,2027-08-24 15:00:00,2027-08-24 16:00:00
9711,공부,,2027-08-24 16:00:00,2027-08-24 17:00:00
9712,실내활동,,2027-08-24 17:00:00,2027-08-24 20:00:00
9713,스포츠,,2027-08-24 20:00:00,2027-08-24 21:00:00
9714,공부,,2027-08-24 21:00:00,2027-08-24 23:00:00
9715,실내활동,,2027-08-24 23:00:00,2027-08-25 00:00:00
9716,점심식사,,2027-08-24 12:00:00,2027-08-24 13:00:00
9717,저녁식사,,2027-08-24 18:00:00,2027-08-24 19:00:00
9718,관람,,2027-08-25 08:00:00,2027-08-25 11:00:00
9719,운동,,2027-08-25 11:00:00,2027-08-25 13:00:00
9720,실내활동,,2027-08-25 13:00:00,2027-08-25 14:00:00
9721,관람,,2027-08-25 14:00:00,2027-08-25 17:00:00
9722,운동,,2027-08-25 17:00:00,2027-08-25 19:00:00
9723,실내활동,,2027-08-25 19:00:00,2027-08-25 21:00:00
9724,관람,,2027-08-25 21:00:00,2027-08-25 22:00:00
9725,운동,,2027-08-25 22:00:00,2027-08-25 23:00:00
9726,실내활동,,2027-08-25 23:00:00,2027-08-26 00:00:00
9727,점심식사,,2027-08-25 12:00:00,2027-08-25 13:00:00
9728,저녁식사,,2027-08-25 18:00:00,2027-08-25 19:00:00
9729,운동,,2027-08-26 08:00:00,2027-08-26 10:00:00
9730,공부,,2027-08-26 10:00:00,2027-08-26 13:00:00
9731,공원,,2027-08-26 13:00:00,2027-08-26 15:00:00
9732,운동,,2027-08-26 15:00:00,2027-08-26 16:00:00
9733,공부,,2027-08-26 16:00:00,2027-08-26 17:00:00
9734,공원,,2027-08-26 17:00:00,2027-08-26 20:00:00
9735,운동,,2027-08-26 20:00:00,2027-08-26 22:00:00
9736,공부,,2027-08-26 22:00:00,2027-08-26 23:00:00
9737,공원,,2027-08-26 23:00:00,2027-08-27 00:00:00
9738,점심식사,,2027-08-26 12:00:00,2027-08-26 13:00:00
9739,저녁식사,,2027-08-26 18:00:00,2027-08-26 19:00:00
9740,스포츠,,2027-08-27 08:00:00,2027-08-27 10:00:00
9741,공부,,2027-08-27 10:00:00,2027-08-27 11:00:00
9742,실내활동,,2027-08-27 11:00:00,2027-08-27 12:00:00
9743,점심식사,,2027-08-27 12:00:00,2027-08-27 13:00:00
9744,스포츠,,2027-08-27 13:00:00,2027-08-27 16:00:00
9745,공부,,2027-08-27 16:00:00,2027-08-27 17:00:00
9746,실내활동,,2027-08-27 17:00:00,2027-08-27 18:00:00
9747,저녁식사,,2027-08-27 18:00:00,2027-08-27 19:00:00
9748,스포츠,,2027-08-27 19:00:00,2027-08-27 20:00:00
9749,공부,,2027-08-27 20:00:00,2027-08-27 22:00:00
9750,실내활동,,2027-08-27 22:00:00,2027-08-28 00:00:00
9751,관람,,2027-08-28 08:00:00,2027-08-28 09:00:00
9752,운동,,2027-08-28 09:00:00,2027-08-28 11:00:00
9753,실내활동,,2027-08-28 11:00:00,2027-08-28 12:00:00
9754,점심식사,,2027-08-28 12:00:00,2027-08-28 13:00:00
9755,관람,,2027-08-28 13:00:00,2027-08-28 15:00:00
9756,운동,,2027-08-28 15:00:00,2027-08-28 16:00:00
9757,실내활동,,2027-08-28 16:00:00,2027-08-28 17:00:00
9758,관람,,2027-08-28 17:00:00,2027-08-28 19:00:00
9759,운동,,2027-08-28 19:00:00,2027-08-28 22:00:00
9760,실내활동,,2027-08-28 22:00:00,2027-08-29 00:00:00
9761,저녁식사,,2027-08-28 18:00:00,2027-08-28 19:00:00
9762,스포츠,,2027-08-29 08:00:00,2027-08-29 10:00:00
9763,공부,,2027-08-29 10:00:00,2027-08-29 11:00:00
9764,실내활동,,2027-08-29 11:00:00,2027-08-29 14:00:00
9765,스포츠,,2027-08-29 14:00:00,2027-08-29 16:00:00
9766,공부,,2027-08-29 16:00:00,2027-08-29 18:00:00
9767,저녁식사,,2027-08-29 18:00:00,2027-08-29 19:00:00
9768,실내활동,,2027-08-29 19:00:00,2027-08-29 21:00:00
9769,스포츠,,2027-08-29 21:00:00,2027-08-29 23:00:00
9770,공부,,2027-08-29 23:00:00,2027-08-30 00:00:00
9771,점심식사,,2027-08-29 12:00:00,2027-08-29 13:00:00
9772,운동,,2027-08-30 08:00:00,2027-08-30 11:00:00
9773,공부,,2027-08-30 11:00:00,2027-08-30 13:00:00
9774,공원,,2027-08-30 13:00:00,2027-08-30 14:00:00
9775,운동,,2027-08-30 14:00:00,2027-08-30 16:00:00
9776,공부,,2027-08-30 16:00:00,2027-08-30 19:00:00
9777,공원,,2027-08-30 19:00:00,2027-08-30 20:00:00
9778,운동,,2027-08-30 20:00:00,2027-08-30 22:00:00
9779,공부,,2027-08-30 22:00:00,2027-08-31 00:00:00
9780,점심식사,,2027-08-30 12:00:00,2027-08-30 13:00:00
9781,저녁식사,,2027-08-30 18:00:00,2027-08-30 19:00:00
9782,스포츠,,2027-08-31 08:00:00,2027-08-31 10:00:00
9783,공부,,2027-08-31 10:00:00,2027-08-31 11:00:00
9784,실내활동,,2027-08-31 11:00:00,2027-08-31 12:00:00
9785,점심식사,,2027-08-31 12:00:00,2027-08-31 13:00:00
9786,스포츠,,2027-08-31 13:00:00,2027-08-31 15:00:00
9787,공부,,2027-08-31 15:00:00,2027-08-31 18:00:00
9788,저녁식사,,2027-08-31 18:00:00,2027-08-31 19:00:00
9789,실내활동,,2027-08-31 19:00:00,2027-08-31 21:00:00
9790,스포츠,,2027-08-31 21:00:00,2027-09-01 00:00:00
9791,관람,,2027-09-01 08:00:00,2027-09-01 10:00:00
9792,운동,,2027-09-01 10:00:00,2027-09-01 12:00:00
9793,점심식사,,2027-09-01 12:00:00,2027-09-01 13:00:00
9794,실내활동,,2027-09-01 13:00:00,2027-09-01 16:00:00
9795,관람,,2027-09-01 16:00:00,2027-09-01 17:00:00
9796,운동,,2027-09-01 17:00:00,2027-09-01 18:00:00
9797,저녁식사,,2027-09-01 18:00:00,2027-09-01 19:00:00
9798,실내활동,,2027-09-01 19:00:00,2027-09-01 20:00:00
9799,관람,,2027-09-01 20:00:00,2027-09-01 21:00:00
9800,운동,,2027-09-01 21:00:00,2027-09-02 00:00:00
9801,운동,,2027-09-02 08:00:00,2027-09-02 09:00:00
9802,공부,,2027-09-02 09:00:00,2027-09-02 11:00:00
9803,공원,,2027-09-02 11:00:00,2027-09-02 14:00:00
9804,운동,,2027-09-02 14:00:00,2027-09-02 16:00:00
9805,공부,,2027-09-02 16:00:00,2027-09-02 18:00:00
9806,저녁식사,,2027-09-02 18:00:00,2027-09-02 19:00:00
9807,공원,,2027-09-02 19:00:00,2027-09-02 21:00:00
9808,운동,,2027-09-02 21:00:00,2027-09-02 23:00:00
9809,공부,,2027-09-02 23:00:00,2027-09-03 00:00:00
9810,점심식사,,2027-09-02 12:00:00,2027-09-02 13:00:00
9811,스포츠,,2027-09-03 08:00:00,2027-09-03 09:00:00
9812,공부,,2027-09-03 09:00:00,2027-09-03 10:00:00
9813,실내활동,,2027-09-03 10:00:00,2027-09-03 11:00:00
9814,스포츠,,2027-09-03 11:00:00,2027-09-03 14:00:00
9815,공부,,2027-09-03 14:00:00,2027-09-03 16:00:00
9816,실내활동,,2027-09-03 16:00:00,2027-09-03 17:00:00
9817,스포츠,,2027-09-03 17:00:00,2027-09-03 20:00:00
9818,공부,,2027-09-03 20:00:00,2027-09-03 23:00:00
9819,실내활동,,2027-09-03 23:00:00,2027-09-04 00:00:00
9820,점심식사,,2027-09-03 12:00:00,2027-09-03 13:00:00
9821,저녁식사,,2027-09-03 18:00:00,2027-09-03 19:00:00
9822,관람,,2027-09-04 08:00:00,2027-09-04 10:00:00
9823,운동,,2027-09-04 10:00:00,2027-09-04 13:00:00
9824,실내활동,,2027-09-04 13:00:00,2027-09-04 14:00:00
9825,관람,,2027-09-04 14:00:00,2027-09-04 17:00:00
9826,운동,,2027-09-04 17:00:00,2027-09-04 18:00:00
9827,저녁식사,,2027-09-04 18:00:00,2027-09-04 19:00:00
9828,실내활동,,2027-09-04 19:00:00,2027-09-04 22:00:00
9829,관람,,2027-09-04 22:00:00,2027-09-04 23:00:00
9830,운동,,2027-09-04 23:00:00,2027-09-05 00:00:00
9831,점심식사,,2027-09-04 12:00:00,2027-09-04 13:00:00
9832,스포츠,,2027-09-05 08:00:00,2027-09-05 09:00:00
9833,공부,,2027-09-05 09:00:00,2027-09-05 10:00:00
9834,실내활동,,2027-09-05 10:00:00,2027-09-05 12:00:00
9835,점심식사,,2027-09-05 12:00:00,2027-09-05 13:00:00
9836,스포츠,,2027-09-05 13:00:00,2027-09-05 15:00:00
9837,공부,,2027-09-05 15:00:00,2027-09-05 18:00:00
9838,저녁식사,,2027-09-05 18:00:00,2027-09-05 19:00:00
9839,실내활동,,2027-09-05 19:00:00,2027-09-05 20:00:00
9840,스포츠,,2027-09-05 20:00:00,2027-09-05 22:00:00
9841,공부,,2027-09-05 22:00:00,2027-09-06 00:00:00
9842,운동,,2027-09-06 08:00:00,2027-09-06 09:00:00
9843,공부,,2027-09-06 09:00:00,2027-09-06 11:00:00
9844,공원,,2027-09-06 11:00:00,2027-09-06 12:00:00
9845,점심식사,,2027-09-06 12:00:00,2027-09-06 13:00:00
9846,운동,,2027-09-06 13:00:00,2027-09-06 15:00:00
9847,공부,,2027-09-06 15:00:00,2027-09-06 18:00:00
9848,저녁식사,,2027-09-06 18:00:00,2027-09-06 19:00:00
9849,공원,,2027-09-06 19:00:00,2027-09-06 22:00:00
9850,운동,,2027-09-06 22:00:00,2027-09-06 23:00:00
9851,공부,,2027-09-06 23:00:00,2027-09-07 00:00:00
9852,스포츠,,2027-09-07 08:00:00,2027-09-07 09:00:00
9853,공부,,2027-09-07 09:00:00,2027-09-07 10:00:00
9854,실내활동,,2027-09-07 10:00:00,2027-09-07 11:00:00
9855,스포츠,,2027-09-07 11:00:00,2027-09-07 12:00:00
9856,점심식사,,2027-09-07 12:00:00,2027-09-07 13:00:00
9857,공부,,2027-09-07 13:00:00,2027-09-07 14:00:00
9858,실내활동,,2027-09-07 14:00:00,2027-09-07 17:00:00
9859,스포츠,,2027-09-07 17:00:00,2027-09-07 19:00:00
9860,공부,,2027-09-07 19:00:00,2027-09-07 21:00:00
9861,실내활동,,2027-09-07 21:00:00,2027-09-07 23:00:00
9862,스포츠,,2027-09-07 23:00:00,2027-09-08 00:00:00
9863,저녁식사,,2027-09-07 18:00:00,2027-09-07 19:00:00
9864,관람,,2027-09-08 08:00:00,2027-09-08 09:00:00
9865,운동,,2027-09-08 09:00:00,2027-09-08 12:00:00
9866,점심식사,,2027-09-08 12:00:00,2027-09-08 13:00:00
9867,실내활동,,2027-09-08 13:00:00,2027-09-08 16:00:00
9868,관람,,2027-09-08 16:00:00,2027-09-08 17:00:00
9869,운동,,2027-09-08 17:00:00,2027-09-08 19:00:00
9870,실내활동,,2027-09-08 19:00:00,2027-09-08 22:00:00
9871,관람,,2027-09-08 22:00:00,2027-09-09 00:00:00
9872,저녁식사,,2027-09-08 18:00:00,2027-09-08 19:00:00
9873,운동,,2027-09-09 08:00:00,2027-09-09 09:00:00
9874,공부,,2027-09-09 09:00:00,2027-09-09 10:00:00
9875,공원,,2027-09-09 10:00:00,2027-09-09 11:00:00
9876,운동,,2027-09-09 11:00:00,2027-09-09 12:00:00
9877,점심식사,,2027-09-09 12:00:00,2027-09-09 13:00:00
9878,공부,,2027-09-09 13:00:00,2027-09-09 16:00:00
9879,공원,,2027-09-09 16:00:00,2027-09-09 19:00:00
9880,운동,,2027-09-09 19:00:00,2027-09-09 21:00:00
9881,공부,,2027-09-09 21:00:00,2027-09-09 23:00:00
9882,공원,,2027-09-09 23:00:00,2027-09-10 00:00:00
9883,저녁식사,,2027-09-09 18:00:00,2027-09-09 19:00:00
9884,스포츠,,2027-09-10 08:00:00,2027-09-10 09:00:00
9885,공부,,2027-09-10 09:00:00,2027-09-10 11:00:00
9886,실내활동,,2027-09-10 11:00:00,2027-09-10 12:00:00
9887,점심식사,,2027-09-10 12:00:00,2027-09-10 13:00:00
9888,스포츠,,2027-09-10 13:00:00,2027-09-10 16:00:00
9889,공부,,2027-09-10 16:00:00,2027-09-10 19:00:00
9890,실내활동,,2027-09-10 19:00:00,2027-09-10 22:00:00
9891,스포츠,,2027-09-10 22:00:00,2027-09-11 00:00:00
9892,저녁식사,,2027-09-10 18:00:00,2027-09-10 19:00:00
9893,관람,,2027-09-11 08:00:00,2027-09-11 10:00:00
9894,운동,,2027-09-11 10:00:00,2027-09-11 12:00:00
9895,점심식사,,2027-09-11 12:00:00,2027-09-11 13:00:00
9896,실내활동,,2027-09-11 13:00:00,2027-09-11 15:00:00
9897,관람,,2027-09-11 15:00:00,2027-09-11 18:00:00
9898,저녁식사,,2027-09-11 18:00:00,2027-09-11 19:00:00
9899,운동,,2027-09-11 19:00:00,2027-09-11 20:00:00
9900,실내활동,,2027-09-11 20:00:00,2027-09-11 23:00:00
9901,관람,,2027-09-11 23:00:00,2027-09-12 00:00:00
9902,스포츠,,2027-09-12 08:00:00,2027-09-12 11:00:00
9903,공부,,2027-09-12 11:00:00,2027-09-12 14:00:00
9904,실내활동,,2027-09-12 14:00:00,2027-09-12 17:00:00
9905,스포츠,,2027-09-12 17:00:00,2027-09-12 19:00:00
9906,공부,,2027-09-12 19:00:00,2027-09-12 20:00:00
9907,실내활동,,2027-09-12 20:00:00,2027-09-12 21:00:00
9908,스포츠,,2027-09-12 21:00:00,2027-09-12 22:00:00
9909,공부,,2027-09-12 22:00:00,2027-09-13 00:00:00
9910,점심식사,,2027-09-12 12:00:00,2027-09-12 13:00:00
9911,저녁식사,,2027-09-12 18:00:00,2027-09-12 19:00:00
9912,운동,,2027-09-13 08:00:00,2027-09-13 09:00:00
9913,공부,,2027-09-13 09:00:00,2027-09-13 11:00:00
9914,공원,,2027-09-13 11:00:00,2027-09-13 14:00:00
9915,운동,,2027-09-13 14:00:00,2027-09-13 17:00:00
9916,공부,,2027-09-13 17:00:00,2027-09-13 18:00:00
9917,저녁식사,,2027-09-13 18:00:00,2027-09-13 19:00:00
9918,공원,,2027-09-13 19:00:00,2027-09-13 22:00:00
9919,운동,,2027-09-13 22:00:00,2027-09-14 00:00:00
9920,점심식사,,2027-09-13 12:00:00,2027-09-13 13:00:00
9921,스포츠,,2027-09-14 08:00:00,2027-09-14 11:00:00
9922,공부,,2027-09-14 11:00:00,2027-09-14 14:00:00
9923,실내활동,,2027-09-14 14:00:00,2027-09-14 17:00:00
9924,스포츠,,2027-09-14 17:00:00,2027-09-14 20:00:00
9925,공부,,2027-09-14 20:00:00,2027-09-14 23:00:00
9926,실내활동,,2027-09-14 23:00:00,2027-09-15 00:00:00
9927,점심식사,,2027-09-14 12:00:00,2027-09-14 13:00:00
9928,저녁식사,,2027-09-14 18:00:00,2027-09-14 19:00:00
9929,관람,,2027-09-15 08:00:00,2027-09-15 11:00:00
9930,운동,,2027-09-15 11:00:00,2027-09-15 14:00:00
9931,실내활동,,2027-09-15 14:00:00,2027-09-15 15:00:00
9932,관람,,2027-09-15 15:00:00,2027-09-15 16:00:00
9933,운동,,2027-09-15 16:00:00,2027-09-15 17:00:00
9934,실내활동,,2027-09-15 17:00:00,2027-09-15 19:00:00
9935,관람,,2027-09-15 19:00:00,2027-09-15 20:00:00
9936,운동,,2027-09-15 20:00:00,2027-09-15 21:00:00
9937,실내활동,,2027-09-15 21:00:00,2027-09-15 22:00:00
9938,관람,,2027-09-15 22:00:00,2027-09-16 00:00:00
9939,점심식사,,2027-09-15 12:00:00,2027-09-15 13:00:00
9940,저녁식사,,2027-09-15 18:00:00,2027-09-15 19:00:00
9941,운동,,2027-09-16 08:00:00,2027-09-16 10:00:00
9942,공부,,2027-09-16 10:00:00,2027-09-16 12:00:00
9943,점심식사,,2027-09-16 12:00:00,2027-09-16 13:00:00
9944,공원,,2027-09-16 13:00:00,2027-09-16 14:00:00
9945,운동,,2027-09-16 14:00:00,2027-09-16 17:00:00
9946,공부,,2027-09-16 17:00:00,2027-09-16 19:00:00
9947,공원,,2027-09-16 19:00:00,2027-09-16 20:00:00
9948,운동,,2027-09-16 20:00:00,2027-09-16 21:00:00
9949,공부,,2027-09-16 21:00:00,2027-09-16 23:00:00
9950,공원,,2027-09-16 23:00:00,2027-09-17 00:00:00
9951,저녁식사,,2027-09-16 18:00:00,2027-09-16 19:00:00
9952,스포츠,,2027-09-17 08:00:00,2027-09-17 11:00:00
9953,공부,,2027-09-17 11:00:00,2027-09-17 13:00:00
9954,실내활동,,2027-09-17 13:00:00,2027-09-17 15:00:00
9955,스포츠,,2027-09-17 15:00:00,2027-09-17 17:00:00
9956,공부,,2027-09-17 17:00:00,2027-09-17 18:00:00
9957,저녁식사,,2027-09-17 18:00:00,2027-09-17 19:00:00
9958,실내활동,,2027-09-17 19:00:00,2027-09-17 22:00:00
9959,스포츠,,2027-09-17 22:00:00,2027-09-17 23:00:00
9960,공부,,2027-09-17 23:00:00,2027-09-18 00:00:00
9961,점심식사,,2027-09-17 12:00:00,2027-09-17 13:00:00
9962,관람,,2027-09-18 08:00:00,2027-09-18 10:00:00
9963,운동,,2027-09-18 10:00:00,2027-09-18 12:00:00
9964,점심식사,,2027-09-18 12:00:00,2027-09-18 13:00:00
9965,실내활동,,2027-09-18 13:00:00,2027-09-18 15:00:00
9966,관람,,2027-09-18 15:00:00,2027-09-18 18:00:00
9967,저녁식사,,2027-09-18 18:00:00,2027-09-18 19:00:00
9968,운동,,2027-09-18 19:00:00,2027-09-18 22:00:00
9969,실내활동,,2027-09-18 22:00:00,2027-09-18 23:00:00
9970,관람,,2027-09-18 23:00:00,2027-09-19 00:00:00
9971,스포츠,,2027-09-19 08:00:00,2027-09-19 11:00:00
9972,공부,,2027-09-19 11:00:00,2027-09-19 14:00:00
9973,실내활동,,2027-09-19 14:00:00,2027-09-19 16:00:00
9974,스포츠,,2027-09-19 16:00:00,2027-09-19 18:00:00
9975,저녁식사,,2027-09-19 18:00:00,2027-09-19 19:00:00
9976,공부,,2027-09-19 19:00:00,2027-09-19 22:00:00
9977,실내활동,,2027-09-19 22:00:00,2027-09-20 00:00:00
9978,점심식사,,2027-09-19 12:00:00,2027-09-19 13:00:00
9979,운동,,2027-09-20 08:00:00,2027-09-20 09:00:00
9980,공부,,2027-09-20 09:00:00,2027-09-20 10:00:00
9981,공원,,2027-09-20 10:00:00,2027-09-20 11:00:00
9982,운동,,2027-09-20 11:00:00,2027-09-20 13:00:00
9983,공부,,2027-09-20 13:00:00,2027-09-20 16:00:00
9984,공원,,2027-09-20 16:00:00,2027-09-20 19:00:00
9985,운동,,2027-09-20 19:00:00,2027-09-20 22:00:00
9986,공부,,2027-09-20 22:00:00,2027-09-21 00:00:00
9987,점심식사,,2027-09-20 12:00:00,2027-09-20 13:00:00
9988,저녁식사,,2027-09-20 18:00:00,2027-09-20 19:00:00
9989,스포츠,,2027-09-21 08:00:00,2027-09-21 09:00:00
9990,공부,,2027-09-21 09:00:00,2027-09-21 11:00:00
9991,실내활동,,2027-09-21 11:00:00,2027-09-21 13:00:00
9992,스포츠,,2027-09-21 13:00:00,2027-09-21 16:00:00
9993,공부,,2027-09-21 16:00:00,2027-09-21 17:00:00
9994,실내활동,,2027-09-21 17:00:00,2027-09-21 20:00:00
9995,스포츠,,2027-09-21 20:00:00,2027-09-21 23:00:00
9996,공부,,2027-09-21 23:00:00,2027-09-22 00:00:00
9997,점심식사,,2027-09-21 12:00:00,2027-09-21 13:00:00
9998,저녁식사,,2027-09-21 18:00:00,2027-09-21 19:00:00
9999,관람,,2027-09-22 08:00:00,2027-09-22 10:00:00
10000,운동,,2027-09-22 10:00:00,2027-09-22 11:00:00
10001,실내활동,,2027-09-22 11:00:00,2027-09-22 12:00:00
10002,점심식사,,2027-09-22 12:00:00,2027-09-22 13:00:00
10003,관람,,2027-09-22 13:00:00,2027-09-22 15:00:00
10004,운동,,2027-09-22 15:00:00,2027-09-22 17:00:00
10005,실내활동,,2027-09-22 17:00:00,2027-09-22 19:00:00
10006,관람,,2027-09-22 19:00:00,2027-09-22 20:00:00
10007,운동,,2027-09-22 20:00:00,2027-09-22 23:00:00
10008,실내활동,,2027-09-22 23:00:00,2027-09-23 00:00:00
10009,저녁식사,,2027-09-22 18:00:00,2027-09-22 19:00:00
