event_id,summary,description,start,end
1,아침식사,,2024-12-22 08:00:00,2024-12-22 10:00:00
2,실내활동,,2024-12-22 10:00:00,2024-12-22 12:00:00
3,점심식사,,2024-12-22 12:00:00,2024-12-22 14:00:00
4,운동,,2024-12-22 14:00:00,2024-12-22 15:00:00
5,관람,,2024-12-22 15:00:00,2024-12-22 16:00:00
6,기타,,2024-12-22 16:00:00,2024-12-22 17:00:00
7,공부,,2024-12-22 17:00:00,2024-12-22 19:00:00
8,실내활동,,2024-12-22 19:00:00,2024-12-22 20:00:00
9,기타,,2024-12-22 20:00:00,2024-12-22 21:00:00
10,공부,,2024-12-22 21:00:00,2024-12-22 22:00:00
11,기타,,2024-12-22 22:00:00,2024-12-22 23:00:00
12,기타,,2024-12-22 23:00:00,2024-12-23 00:00:00
13,아침식사,,2024-12-23 08:00:00,2024-12-23 10:00:00
14,기타,,2024-12-23 10:00:00,2024-12-23 12:00:00
15,점심식사,,2024-12-23 12:00:00,2024-12-23 14:00:00
16,기타,,2024-12-23 14:00:00,2024-12-23 16:00:00
17,공원,,2024-12-23 16:00:00,2024-12-23 18:00:00
18,저녁식사,,2024-12-23 18:00:00,2024-12-23 20:00:00
19,공원,,2024-12-23 20:00:00,2024-12-23 21:00:00
20,관람,,2024-12-23 21:00:00,2024-12-23 22:00:00
21,공원,,2024-12-23 22:00:00,2024-12-24 00:00:00
22,운동,,2024-12-23 22:00:00,2024-12-23 23:00:00
23,아침식사,,2024-12-24 08:00:00,2024-12-24 10:00:00
24,기타,,2024-12-24 10:00:00,2024-12-24 12:00:00
25,점심식사,,2024-12-24 12:00:00,2024-12-24 14:00:00
26,기타,,2024-12-24 14:00:00,2024-12-24 15:00:00
27,공부,,2024-12-24 15:00:00,2024-12-24 17:00:00
28,공부,,2024-12-24 17:00:00,2024-12-24 18:00:00
29,저녁식사,,2024-12-24 18:00:00,2024-12-24 20:00:00
30,공부,,2024-12-24 20:00:00,2024-12-24 22:00:00
31,기타,,2024-12-24 22:00:00,2024-12-24 23:00:00
32,기타,,2024-12-24 23:00:00,2024-12-25 00:00:00
33,운동,,2024-12-24 22:00:00,2024-12-24 23:00:00
34,아침식사,,2024-12-25 08:00:00,2024-12-25 10:00:00
35,실내활동,,2024-12-25 10:00:00,2024-12-25 12:00:00
36,점심식사,,2024-12-25 12:00:00,2024-12-25 14:00:00
37,공부,,2024-12-25 14:00:00,2024-12-25 16:00:00
38,공부,,2024-12-25 16:00:00,2024-12-25 17:00:00
39,공부,,2024-12-25 17:00:00,2024-12-25 18:00:00
40,저녁식사,,2024-12-25 18:00:00,2024-12-25 20:00:00
41,실내활동,,2024-12-25 20:00:00,2024-12-25 21:00:00
42,공부,,2024-12-25 21:00:00,2024-12-25 23:00:00
43,공부,,2024-12-25 23:00:00,2024-12-26 00:00:00
44,운동,,2024-12-25 22:00:00,2024-12-25 23:00:00
45,공원,,2024-12-25 22:00:00,2024-12-25 23:00:00
46,기타,,2024-12-25 22:00:00,2024-12-25 23:00:00
47,아침식사,,2024-12-26 08:00:00,2024-12-26 10:00:00
48,기타,,2024-12-26 10:00:00,2024-12-26 11:00:00
49,기타,,2024-12-26 11:00:00,2024-12-26 12:00:00
50,점심식사,,2024-12-26 12:00:00,2024-12-26 14:00:00
51,실내활동,,2024-12-26 14:00:00,2024-12-26 15:00:00
52,실내활동,,2024-12-26 15:00:00,2024-12-26 17:00:00
53,기타,,2024-12-26 17:00:00,2024-12-26 19:00:00
54,운동,,2024-12-26 19:00:00,2024-12-26 21:00:00
55,기타,,2024-12-26 21:00:00,2024-12-26 23:00:00
56,기타,,2024-12-26 23:00:00,2024-12-27 00:00:00
57,아침식사,,2024-12-27 08:00:00,2024-12-27 10:00:00
58,운동,,2024-12-27 10:00:00,2024-12-27 11:00:00
59,실내활동,,2024-12-27 11:00:00,2024-12-27 12:00:00
60,점심식사,,2024-12-27 12:00:00,2024-12-27 14:00:00
61,공원,,2024-12-27 14:00:00,2024-12-27 15:00:00
62,공원,,2024-12-27 15:00:00,2024-12-27 16:00:00
63,관람,,2024-12-27 16:00:00,2024-12-27 17:00:00
64,관람,,2024-12-27 17:00:00,2024-12-27 18:00:00
65,저녁식사,,2024-12-27 18:00:00,2024-12-27 20:00:00
66,공원,,2024-12-27 20:00:00,2024-12-27 21:00:00
67,실내활동,,2024-12-27 21:00:00,2024-12-27 23:00:00
68,기타,,2024-12-27 23:00:00,2024-12-28 00:00:00
69,아침식사,,2024-12-28 08:00:00,2024-12-28 10:00:00
70,운동,,2024-12-28 10:00:00,2024-12-28 11:00:00
71,기타,,2024-12-28 11:00:00,2024-12-28 12:00:00
72,점심식사,,2024-12-28 12:00:00,2024-12-28 14:00:00
73,기타,,2024-12-28 14:00:00,2024-12-28 15:00:00
74,운동,,2024-12-28 15:00:00,2024-12-28 17:00:00
75,기타,,2024-12-28 17:00:00,2024-12-28 19:00:00
76,기타,,2024-12-28 19:00:00,2024-12-28 20:00:00
77,운동,,2024-12-28 20:00:00,2024-12-28 22:00:00
78,기타,,2024-12-28 22:00:00,2024-12-29 00:00:00
79,스포츠,,2024-12-28 22:00:00,2024-12-28 23:00:00
80,아침식사,,2024-12-29 08:00:00,2024-12-29 10:00:00
81,관람,,2024-12-29 10:00:00,2024-12-29 11:00:00
82,공부,,2024-12-29 11:00:00,2024-12-29 12:00:00
83,점심식사,,2024-12-29 12:00:00,2024-12-29 14:00:00
84,운동,,2024-12-29 14:00:00,2024-12-29 15:00:00
85,기타,,2024-12-29 15:00:00,2024-12-29 17:00:00
86,공부,,2024-12-29 17:00:00,2024-12-29 18:00:00
87,저녁식사,,2024-12-29 18:00:00,2024-12-29 20:00:00
88,실내활동,,2024-12-29 20:00:00,2024-12-29 22:00:00
89,관람,,2024-12-29 22:00:00,2024-12-30 00:00:00
90,아침식사,,2024-12-30 08:00:00,2024-12-30 10:00:00
91,기타,,2024-12-30 10:00:00,2024-12-30 11:00:00
92,공원,,2024-12-30 11:00:00,2024-12-30 12:00:00
93,점심식사,,2024-12-30 12:00:00,2024-12-30 14:00:00
94,공원,,2024-12-30 14:00:00,2024-12-30 16:00:00
95,기타,,2024-12-30 16:00:00,2024-12-30 18:00:00
96,저녁식사,,2024-12-30 18:00:00,2024-12-30 20:00:00
97,운동,,2024-12-30 20:00:00,2024-12-30 21:00:00
98,기타,,2024-12-30 21:00:00,2024-12-30 22:00:00
99,공원,,2024-12-30 22:00:00,2024-12-31 00:00:00
100,관람,,2024-12-30 22:00:00,2024-12-30 23:00:00
101,아침식사,,2024-12-31 08:00:00,2024-12-31 10:00:00
102,운동,,2024-12-31 10:00:00,2024-12-31 12:00:00
103,점심식사,,2024-12-31 12:00:00,2024-12-31 14:00:00
104,공부,,2024-12-31 14:00:00,2024-12-31 16:00:00
105,공부,,2024-12-31 16:00:00,2024-12-31 17:00:00
106,운동,,2024-12-31 17:00:00,2024-12-31 19:00:00
107,공부,,2024-12-31 19:00:00,2024-12-31 20:00:00
108,공부,,2024-12-31 20:00:00,2024-12-31 21:00:00
109,공부,,2024-12-31 21:00:00,2024-12-31 23:00:00
110,공부,,2024-12-31 23:00:00,2025-01-01 00:00:00
111,기타,,2024-12-31 22:00:00,2024-12-31 23:00:00
112,아침식사,,2025-01-01 08:00:00,2025-01-01 10:00:00
113,공원,,2025-01-01 10:00:00,2025-01-01 11:00:00
114,실내활동,,2025-01-01 11:00:00,2025-01-01 13:00:00
115,공원,,2025-01-01 13:00:00,2025-01-01 14:00:00
116,실내활동,,2025-01-01 14:00:00,2025-01-01 15:00:00
117,공원,,2025-01-01 15:00:00,2025-01-01 17:00:00
118,공원,,2025-01-01 17:00:00,2025-01-01 18:00:00
119,저녁식사,,2025-01-01 18:00:00,2025-01-01 20:00:00
120,기타,,2025-01-01 20:00:00,2025-01-01 21:00:00
121,기타,,2025-01-01 21:00:00,2025-01-01 23:00:00
122,공부,,2025-01-01 23:00:00,2025-01-02 00:00:00
123,운동,,2025-01-01 22:00:00,2025-01-01 23:00:00
124,아침식사,,2025-01-02 08:00:00,2025-01-02 10:00:00
125,기타,,2025-01-02 10:00:00,2025-01-02 12:00:00
126,점심식사,,2025-01-02 12:00:00,2025-01-02 14:00:00
127,기타,,2025-01-02 14:00:00,2025-01-02 16:00:00
128,기타,,2025-01-02 16:00:00,2025-01-02 17:00:00
129,실내활동,,2025-01-02 17:00:00,2025-01-02 18:00:00
130,저녁식사,,2025-01-02 18:00:00,2025-01-02 20:00:00
131,실내활동,,2025-01-02 20:00:00,2025-01-02 21:00:00
132,운동,,2025-01-02 21:00:00,2025-01-02 23:00:00
133,기타,,2025-01-02 23:00:00,2025-01-03 00:00:00
134,아침식사,,2025-01-03 08:00:00,2025-01-03 10:00:00
135,공원,,2025-01-03 10:00:00,2025-01-03 11:00:00
136,공원,,2025-01-03 11:00:00,2025-01-03 13:00:00
137,공원,,2025-01-03 13:00:00,2025-01-03 14:00:00
138,공원,,2025-01-03 14:00:00,2025-01-03 15:00:00
139,실내활동,,2025-01-03 15:00:00,2025-01-03 16:00:00
140,기타,,2025-01-03 16:00:00,2025-01-03 17:00:00
141,운동,,2025-01-03 17:00:00,2025-01-03 18:00:00
142,저녁식사,,2025-01-03 18:00:00,2025-01-03 20:00:00
143,기타,,2025-01-03 20:00:00,2025-01-03 22:00:00
144,기타,,2025-01-03 22:00:00,2025-01-04 00:00:00
145,관람,,2025-01-03 22:00:00,2025-01-03 23:00:00
146,아침식사,,2025-01-04 08:00:00,2025-01-04 10:00:00
147,스포츠,,2025-01-04 10:00:00,2025-01-04 11:00:00
148,기타,,2025-01-04 11:00:00,2025-01-04 13:00:00
149,기타,,2025-01-04 13:00:00,2025-01-04 15:00:00
150,운동,,2025-01-04 15:00:00,2025-01-04 16:00:00
151,운동,,2025-01-04 16:00:00,2025-01-04 17:00:00
152,스포츠,,2025-01-04 17:00:00,2025-01-04 18:00:00
153,저녁식사,,2025-01-04 18:00:00,2025-01-04 20:00:00
154,운동,,2025-01-04 20:00:00,2025-01-04 22:00:00
155,기타,,2025-01-04 22:00:00,2025-01-05 00:00:00
156,아침식사,,2025-01-05 08:00:00,2025-01-05 10:00:00
157,기타,,2025-01-05 10:00:00,2025-01-05 12:00:00
158,점심식사,,2025-01-05 12:00:00,2025-01-05 14:00:00
159,관람,,2025-01-05 14:00:00,2025-01-05 16:00:00
160,운동,,2025-01-05 16:00:00,2025-01-05 18:00:00
161,저녁식사,,2025-01-05 18:00:00,2025-01-05 20:00:00
162,기타,,2025-01-05 20:00:00,2025-01-05 22:00:00
163,공부,,2025-01-05 22:00:00,2025-01-06 00:00:00
164,실내활동,,2025-01-05 22:00:00,2025-01-05 23:00:00
165,아침식사,,2025-01-06 08:00:00,2025-01-06 10:00:00
166,공원,,2025-01-06 10:00:00,2025-01-06 12:00:00
167,점심식사,,2025-01-06 12:00:00,2025-01-06 14:00:00
168,기타,,2025-01-06 14:00:00,2025-01-06 15:00:00
169,운동,,2025-01-06 15:00:00,2025-01-06 17:00:00
170,관람,,2025-01-06 17:00:00,2025-01-06 19:00:00
171,기타,,2025-01-06 19:00:00,2025-01-06 21:00:00
172,공원,,2025-01-06 21:00:00,2025-01-06 22:00:00
173,운동,,2025-01-06 22:00:00,2025-01-06 23:00:00
174,운동,,2025-01-06 23:00:00,2025-01-07 00:00:00
175,아침식사,,2025-01-07 08:00:00,2025-01-07 10:00:00
176,공부,,2025-01-07 10:00:00,2025-01-07 12:00:00
177,점심식사,,2025-01-07 12:00:00,2025-01-07 14:00:00
178,기타,,2025-01-07 14:00:00,2025-01-07 16:00:00
179,운동,,2025-01-07 16:00:00,2025-01-07 18:00:00
180,저녁식사,,2025-01-07 18:00:00,2025-01-07 20:00:00
181,운동,,2025-01-07 20:00:00,2025-01-07 22:00:00
182,운동,,2025-01-07 22:00:00,2025-01-08 00:00:00
183,아침식사,,2025-01-08 08:00:00,2025-01-08 10:00:00
184,운동,,2025-01-08 10:00:00,2025-01-08 12:00:00
185,점심식사,,2025-01-08 12:00:00,2025-01-08 14:00:00
186,실내활동,,2025-01-08 14:00:00,2025-01-08 15:00:00
187,공원,,2025-01-08 15:00:00,2025-01-08 17:00:00
188,실내활동,,2025-01-08 17:00:00,2025-01-08 19:00:00
189,공부,,2025-01-08 19:00:00,2025-01-08 21:00:00
190,기타,,2025-01-08 21:00:00,2025-01-08 23:00:00
191,기타,,2025-01-08 23:00:00,2025-01-09 00:00:00
192,아침식사,,2025-01-09 08:00:00,2025-01-09 10:00:00
193,운동,,2025-01-09 10:00:00,2025-01-09 12:00:00
194,점심식사,,2025-01-09 12:00:00,2025-01-09 14:00:00
195,운동,,2025-01-09 14:00:00,2025-01-09 16:00:00
196,기타,,2025-01-09 16:00:00,2025-01-09 17:00:00
197,운동,,2025-01-09 17:00:00,2025-01-09 18:00:00
198,저녁식사,,2025-01-09 18:00:00,2025-01-09 20:00:00
199,운동,,2025-01-09 20:00:00,2025-01-09 21:00:00
200,기타,,2025-01-09 21:00:00,2025-01-09 22:00:00
201,실내활동,,2025-01-09 22:00:00,2025-01-10 00:00:00
202,아침식사,,2025-01-10 08:00:00,2025-01-10 10:00:00
203,운동,,2025-01-10 10:00:00,2025-01-10 12:00:00
204,점심식사,,2025-01-10 12:00:00,2025-01-10 14:00:00
205,실내활동,,2025-01-10 14:00:00,2025-01-10 15:00:00
206,기타,,2025-01-10 15:00:00,2025-01-10 16:00:00
207,공원,,2025-01-10 16:00:00,2025-01-10 17:00:00
208,관람,,2025-01-10 17:00:00,2025-01-10 19:00:00
209,관람,,2025-01-10 19:00:00,2025-01-10 20:00:00
210,실내활동,,2025-01-10 20:00:00,2025-01-10 21:00:00
211,기타,,2025-01-10 21:00:00,2025-01-10 23:00:00
212,기타,,2025-01-10 23:00:00,2025-01-11 00:00:00
213,아침식사,,2025-01-11 08:00:00,2025-01-11 10:00:00
214,운동,,2025-01-11 10:00:00,2025-01-11 11:00:00
215,기타,,2025-01-11 11:00:00,2025-01-11 13:00:00
216,스포츠,,2025-01-11 13:00:00,2025-01-11 14:00:00
217,기타,,2025-01-11 14:00:00,2025-01-11 15:00:00
218,스포츠,,2025-01-11 15:00:00,2025-01-11 17:00:00
219,기타,,2025-01-11 17:00:00,2025-01-11 19:00:00
220,스포츠,,2025-01-11 19:00:00,2025-01-11 21:00:00
221,운동,,2025-01-11 21:00:00,2025-01-11 22:00:00
222,기타,,2025-01-11 22:00:00,2025-01-12 00:00:00
223,아침식사,,2025-01-12 08:00:00,2025-01-12 10:00:00
224,운동,,2025-01-12 10:00:00,2025-01-12 11:00:00
225,관람,,2025-01-12 11:00:00,2025-01-12 13:00:00
226,관람,,2025-01-12 13:00:00,2025-01-12 15:00:00
227,공부,,2025-01-12 15:00:00,2025-01-12 16:00:00
228,기타,,2025-01-12 16:00:00,2025-01-12 17:00:00
229,기타,,2025-01-12 17:00:00,2025-01-12 19:00:00
230,운동,,2025-01-12 19:00:00,2025-01-12 21:00:00
231,공부,,2025-01-12 21:00:00,2025-01-12 23:00:00
232,운동,,2025-01-12 23:00:00,2025-01-13 00:00:00
233,실내활동,,2025-01-12 22:00:00,2025-01-12 23:00:00
234,아침식사,,2025-01-13 08:00:00,2025-01-13 10:00:00
235,관람,,2025-01-13 10:00:00,2025-01-13 11:00:00
236,기타,,2025-01-13 11:00:00,2025-01-13 13:00:00
237,운동,,2025-01-13 13:00:00,2025-01-13 15:00:00
238,운동,,2025-01-13 15:00:00,2025-01-13 17:00:00
239,운동,,2025-01-13 17:00:00,2025-01-13 19:00:00
240,관람,,2025-01-13 19:00:00,2025-01-13 21:00:00
241,공원,,2025-01-13 21:00:00,2025-01-13 22:00:00
242,관람,,2025-01-13 22:00:00,2025-01-13 23:00:00
243,기타,,2025-01-13 23:00:00,2025-01-14 00:00:00
244,아침식사,,2025-01-14 08:00:00,2025-01-14 10:00:00
245,운동,,2025-01-14 10:00:00,2025-01-14 12:00:00
246,점심식사,,2025-01-14 12:00:00,2025-01-14 14:00:00
247,공부,,2025-01-14 14:00:00,2025-01-14 16:00:00
248,운동,,2025-01-14 16:00:00,2025-01-14 18:00:00
249,저녁식사,,2025-01-14 18:00:00,2025-01-14 20:00:00
250,운동,,2025-01-14 20:00:00,2025-01-14 22:00:00
251,기타,,2025-01-14 22:00:00,2025-01-14 23:00:00
252,공부,,2025-01-14 23:00:00,2025-01-15 00:00:00
253,아침식사,,2025-01-15 08:00:00,2025-01-15 10:00:00
254,기타,,2025-01-15 10:00:00,2025-01-15 12:00:00
255,점심식사,,2025-01-15 12:00:00,2025-01-15 14:00:00
256,기타,,2025-01-15 14:00:00,2025-01-15 15:00:00
257,실내활동,,2025-01-15 15:00:00,2025-01-15 16:00:00
258,공부,,2025-01-15 16:00:00,2025-01-15 17:00:00
259,운동,,2025-01-15 17:00:00,2025-01-15 18:00:00
260,저녁식사,,2025-01-15 18:00:00,2025-01-15 20:00:00
261,실내활동,,2025-01-15 20:00:00,2025-01-15 21:00:00
262,기타,,2025-01-15 21:00:00,2025-01-15 23:00:00
263,공원,,2025-01-15 23:00:00,2025-01-16 00:00:00
264,아침식사,,2025-01-16 08:00:00,2025-01-16 10:00:00
265,운동,,2025-01-16 10:00:00,2025-01-16 11:00:00
266,운동,,2025-01-16 11:00:00,2025-01-16 13:00:00
267,실내활동,,2025-01-16 13:00:00,2025-01-16 14:00:00
268,기타,,2025-01-16 14:00:00,2025-01-16 15:00:00
269,실내활동,,2025-01-16 15:00:00,2025-01-16 16:00:00
270,기타,,2025-01-16 16:00:00,2025-01-16 18:00:00
271,저녁식사,,2025-01-16 18:00:00,2025-01-16 20:00:00
272,기타,,2025-01-16 20:00:00,2025-01-16 22:00:00
273,실내활동,,2025-01-16 22:00:00,2025-01-16 23:00:00
274,실내활동,,2025-01-16 23:00:00,2025-01-17 00:00:00
275,아침식사,,2025-01-17 08:00:00,2025-01-17 10:00:00
276,공원,,2025-01-17 10:00:00,2025-01-17 12:00:00
277,점심식사,,2025-01-17 12:00:00,2025-01-17 14:00:00
278,공원,,2025-01-17 14:00:00,2025-01-17 16:00:00
279,운동,,2025-01-17 16:00:00,2025-01-17 17:00:00
280,관람,,2025-01-17 17:00:00,2025-01-17 18:00:00
281,저녁식사,,2025-01-17 18:00:00,2025-01-17 20:00:00
282,운동,,2025-01-17 20:00:00,2025-01-17 21:00:00
283,운동,,2025-01-17 21:00:00,2025-01-17 22:00:00
284,관람,,2025-01-17 22:00:00,2025-01-18 00:00:00
285,실내활동,,2025-01-17 22:00:00,2025-01-17 23:00:00
286,기타,,2025-01-17 22:00:00,2025-01-17 23:00:00
287,아침식사,,2025-01-18 08:00:00,2025-01-18 10:00:00
288,운동,,2025-01-18 10:00:00,2025-01-18 12:00:00
289,점심식사,,2025-01-18 12:00:00,2025-01-18 14:00:00
290,운동,,2025-01-18 14:00:00,2025-01-18 16:00:00
291,기타,,2025-01-18 16:00:00,2025-01-18 18:00:00
292,저녁식사,,2025-01-18 18:00:00,2025-01-18 20:00:00
293,운동,,2025-01-18 20:00:00,2025-01-18 22:00:00
294,기타,,2025-01-18 22:00:00,2025-01-18 23:00:00
295,운동,,2025-01-18 23:00:00,2025-01-19 00:00:00
296,스포츠,,2025-01-18 22:00:00,2025-01-18 23:00:00
297,아침식사,,2025-01-19 08:00:00,2025-01-19 10:00:00
298,운동,,2025-01-19 10:00:00,2025-01-19 11:00:00
299,기타,,2025-01-19 11:00:00,2025-01-19 13:00:00
300,공부,,2025-01-19 13:00:00,2025-01-19 14:00:00
301,기타,,2025-01-19 14:00:00,2025-01-19 15:00:00
302,운동,,2025-01-19 15:00:00,2025-01-19 16:00:00
303,공부,,2025-01-19 16:00:00,2025-01-19 18:00:00
304,저녁식사,,2025-01-19 18:00:00,2025-01-19 20:00:00
305,기타,,2025-01-19 20:00:00,2025-01-19 22:00:00
306,관람,,2025-01-19 22:00:00,2025-01-20 00:00:00
307,실내활동,,2025-01-19 22:00:00,2025-01-19 23:00:00
308,아침식사,,2025-01-20 08:00:00,2025-01-20 10:00:00
309,기타,,2025-01-20 10:00:00,2025-01-20 12:00:00
310,점심식사,,2025-01-20 12:00:00,2025-01-20 14:00:00
311,공원,,2025-01-20 14:00:00,2025-01-20 16:00:00
312,공원,,2025-01-20 16:00:00,2025-01-20 17:00:00
313,기타,,2025-01-20 17:00:00,2025-01-20 19:00:00
314,운동,,2025-01-20 19:00:00,2025-01-20 21:00:00
315,관람,,2025-01-20 21:00:00,2025-01-20 22:00:00
316,관람,,2025-01-20 22:00:00,2025-01-21 00:00:00
317,아침식사,,2025-01-21 08:00:00,2025-01-21 10:00:00
318,공부,,2025-01-21 10:00:00,2025-01-21 11:00:00
319,기타,,2025-01-21 11:00:00,2025-01-21 13:00:00
320,공부,,2025-01-21 13:00:00,2025-01-21 15:00:00
321,기타,,2025-01-21 15:00:00,2025-01-21 17:00:00
322,운동,,2025-01-21 17:00:00,2025-01-21 19:00:00
323,공부,,2025-01-21 19:00:00,2025-01-21 20:00:00
324,운동,,2025-01-21 20:00:00,2025-01-21 21:00:00
325,기타,,2025-01-21 21:00:00,2025-01-21 22:00:00
326,기타,,2025-01-21 22:00:00,2025-01-21 23:00:00
327,공부,,2025-01-21 23:00:00,2025-01-22 00:00:00
328,아침식사,,2025-01-22 08:00:00,2025-01-22 10:00:00
329,실내활동,,2025-01-22 10:00:00,2025-01-22 12:00:00
330,점심식사,,2025-01-22 12:00:00,2025-01-22 14:00:00
331,실내활동,,2025-01-22 14:00:00,2025-01-22 15:00:00
332,공원,,2025-01-22 15:00:00,2025-01-22 17:00:00
333,운동,,2025-01-22 17:00:00,2025-01-22 19:00:00
334,공부,,2025-01-22 19:00:00,2025-01-22 21:00:00
335,기타,,2025-01-22 21:00:00,2025-01-22 23:00:00
336,기타,,2025-01-22 23:00:00,2025-01-23 00:00:00
337,아침식사,,2025-01-23 08:00:00,2025-01-23 10:00:00
338,운동,,2025-01-23 10:00:00,2025-01-23 12:00:00
339,점심식사,,2025-01-23 12:00:00,2025-01-23 14:00:00
340,운동,,2025-01-23 14:00:00,2025-01-23 15:00:00
341,실내활동,,2025-01-23 15:00:00,2025-01-23 17:00:00
342,실내활동,,2025-01-23 17:00:00,2025-01-23 18:00:00
343,저녁식사,,2025-01-23 18:00:00,2025-01-23 20:00:00
344,운동,,2025-01-23 20:00:00,2025-01-23 22:00:00
345,기타,,2025-01-23 22:00:00,2025-01-24 00:00:00
346,아침식사,,2025-01-24 08:00:00,2025-01-24 10:00:00
347,기타,,2025-01-24 10:00:00,2025-01-24 11:00:00
348,공원,,2025-01-24 11:00:00,2025-01-24 12:00:00
349,점심식사,,2025-01-24 12:00:00,2025-01-24 14:00:00
350,운동,,2025-01-24 14:00:00,2025-01-24 16:00:00
351,실내활동,,2025-01-24 16:00:00,2025-01-24 17:00:00
352,관람,,2025-01-24 17:00:00,2025-01-24 19:00:00
353,실내활동,,2025-01-24 19:00:00,2025-01-24 20:00:00
354,실내활동,,2025-01-24 20:00:00,2025-01-24 21:00:00
355,운동,,2025-01-24 21:00:00,2025-01-24 22:00:00
356,실내활동,,2025-01-24 22:00:00,2025-01-25 00:00:00
357,아침식사,,2025-01-25 08:00:00,2025-01-25 10:00:00
358,운동,,2025-01-25 10:00:00,2025-01-25 12:00:00
359,점심식사,,2025-01-25 12:00:00,2025-01-25 14:00:00
360,스포츠,,2025-01-25 14:00:00,2025-01-25 15:00:00
361,스포츠,,2025-01-25 15:00:00,2025-01-25 17:00:00
362,운동,,2025-01-25 17:00:00,2025-01-25 19:00:00
363,운동,,2025-01-25 19:00:00,2025-01-25 20:00:00
364,운동,,2025-01-25 20:00:00,2025-01-25 22:00:00
365,운동,,2025-01-25 22:00:00,2025-01-25 23:00:00
366,운동,,2025-01-25 23:00:00,2025-01-26 00:00:00
367,기타,,2025-01-25 22:00:00,2025-01-25 23:00:00
368,아침식사,,2025-01-26 08:00:00,2025-01-26 10:00:00
369,실내활동,,2025-01-26 10:00:00,2025-01-26 12:00:00
370,점심식사,,2025-01-26 12:00:00,2025-01-26 14:00:00
371,공부,,2025-01-26 14:00:00,2025-01-26 15:00:00
372,운동,,2025-01-26 15:00:00,2025-01-26 16:00:00
373,운동,,2025-01-26 16:00:00,2025-01-26 18:00:00
374,저녁식사,,2025-01-26 18:00:00,2025-01-26 20:00:00
375,관람,,2025-01-26 20:00:00,2025-01-26 22:00:00
376,공부,,2025-01-26 22:00:00,2025-01-27 00:00:00
377,기타,,2025-01-26 22:00:00,2025-01-26 23:00:00
378,아침식사,,2025-01-27 08:00:00,2025-01-27 10:00:00
379,기타,,2025-01-27 10:00:00,2025-01-27 11:00:00
380,운동,,2025-01-27 11:00:00,2025-01-27 13:00:00
381,운동,,2025-01-27 13:00:00,2025-01-27 14:00:00
382,운동,,2025-01-27 14:00:00,2025-01-27 16:00:00
383,기타,,2025-01-27 16:00:00,2025-01-27 17:00:00
384,공원,,2025-01-27 17:00:00,2025-01-27 18:00:00
385,저녁식사,,2025-01-27 18:00:00,2025-01-27 20:00:00
386,운동,,2025-01-27 20:00:00,2025-01-27 22:00:00
387,기타,,2025-01-27 22:00:00,2025-01-27 23:00:00
388,관람,,2025-01-27 23:00:00,2025-01-28 00:00:00
389,아침식사,,2025-01-28 08:00:00,2025-01-28 10:00:00
390,운동,,2025-01-28 10:00:00,2025-01-28 12:00:00
391,점심식사,,2025-01-28 12:00:00,2025-01-28 14:00:00
392,기타,,2025-01-28 14:00:00,2025-01-28 15:00:00
393,기타,,2025-01-28 15:00:00,2025-01-28 17:00:00
394,공부,,2025-01-28 17:00:00,2025-01-28 18:00:00
395,저녁식사,,2025-01-28 18:00:00,2025-01-28 20:00:00
396,운동,,2025-01-28 20:00:00,2025-01-28 21:00:00
397,기타,,2025-01-28 21:00:00,2025-01-28 22:00:00
398,공부,,2025-01-28 22:00:00,2025-01-29 00:00:00
399,아침식사,,2025-01-29 08:00:00,2025-01-29 10:00:00
400,공부,,2025-01-29 10:00:00,2025-01-29 12:00:00
401,점심식사,,2025-01-29 12:00:00,2025-01-29 14:00:00
402,실내활동,,2025-01-29 14:00:00,2025-01-29 15:00:00
403,기타,,2025-01-29 15:00:00,2025-01-29 16:00:00
404,기타,,2025-01-29 16:00:00,2025-01-29 18:00:00
405,저녁식사,,2025-01-29 18:00:00,2025-01-29 20:00:00
406,공원,,2025-01-29 20:00:00,2025-01-29 21:00:00
407,기타,,2025-01-29 21:00:00,2025-01-29 23:00:00
408,운동,,2025-01-29 23:00:00,2025-01-30 00:00:00
409,아침식사,,2025-01-30 08:00:00,2025-01-30 10:00:00
410,운동,,2025-01-30 10:00:00,2025-01-30 11:00:00
411,운동,,2025-01-30 11:00:00,2025-01-30 13:00:00
412,기타,,2025-01-30 13:00:00,2025-01-30 15:00:00
413,기타,,2025-01-30 15:00:00,2025-01-30 16:00:00
414,운동,,2025-01-30 16:00:00,2025-01-30 17:00:00
415,운동,,2025-01-30 17:00:00,2025-01-30 19:00:00
416,기타,,2025-01-30 19:00:00,2025-01-30 20:00:00
417,운동,,2025-01-30 20:00:00,2025-01-30 22:00:00
418,운동,,2025-01-30 22:00:00,2025-01-30 23:00:00
419,운동,,2025-01-30 23:00:00,2025-01-31 00:00:00
420,실내활동,,2025-01-30 22:00:00,2025-01-30 23:00:00
421,아침식사,,2025-01-31 08:00:00,2025-01-31 10:00:00
422,기타,,2025-01-31 10:00:00,2025-01-31 11:00:00
423,관람,,2025-01-31 11:00:00,2025-01-31 13:00:00
424,관람,,2025-01-31 13:00:00,2025-01-31 14:00:00
425,운동,,2025-01-31 14:00:00,2025-01-31 16:00:00
426,실내활동,,2025-01-31 16:00:00,2025-01-31 18:00:00
427,저녁식사,,2025-01-31 18:00:00,2025-01-31 20:00:00
428,관람,,2025-01-31 20:00:00,2025-01-31 21:00:00
429,실내활동,,2025-01-31 21:00:00,2025-01-31 23:00:00
430,관람,,2025-01-31 23:00:00,2025-02-01 00:00:00
431,공원,,2025-01-31 22:00:00,2025-01-31 23:00:00
432,아침식사,,2025-02-01 08:00:00,2025-02-01 10:00:00
433,운동,,2025-02-01 10:00:00,2025-02-01 12:00:00
434,점심식사,,2025-02-01 12:00:00,2025-02-01 14:00:00
435,기타,,2025-02-01 14:00:00,2025-02-01 16:00:00
436,운동,,2025-02-01 16:00:00,2025-02-01 18:00:00
437,저녁식사,,2025-02-01 18:00:00,2025-02-01 20:00:00
438,기타,,2025-02-01 20:00:00,2025-02-01 22:00:00
439,스포츠,,2025-02-01 22:00:00,2025-02-02 00:00:00
440,아침식사,,2025-02-02 08:00:00,2025-02-02 10:00:00
441,관람,,2025-02-02 10:00:00,2025-02-02 11:00:00
442,기타,,2025-02-02 11:00:00,2025-02-02 13:00:00
443,운동,,2025-02-02 13:00:00,2025-02-02 14:00:00
444,관람,,2025-02-02 14:00:00,2025-02-02 16:00:00
445,관람,,2025-02-02 16:00:00,2025-02-02 18:00:00
446,저녁식사,,2025-02-02 18:00:00,2025-02-02 20:00:00
447,공부,,2025-02-02 20:00:00,2025-02-02 22:00:00
448,관람,,2025-02-02 22:00:00,2025-02-03 00:00:00
449,실내활동,,2025-02-02 22:00:00,2025-02-02 23:00:00
450,아침식사,,2025-02-03 08:00:00,2025-02-03 10:00:00
451,관람,,2025-02-03 10:00:00,2025-02-03 11:00:00
452,운동,,2025-02-03 11:00:00,2025-02-03 12:00:00
453,점심식사,,2025-02-03 12:00:00,2025-02-03 14:00:00
454,기타,,2025-02-03 14:00:00,2025-02-03 15:00:00
455,운동,,2025-02-03 15:00:00,2025-02-03 17:00:00
456,운동,,2025-02-03 17:00:00,2025-02-03 19:00:00
457,관람,,2025-02-03 19:00:00,2025-02-03 21:00:00
458,운동,,2025-02-03 21:00:00,2025-02-03 23:00:00
459,기타,,2025-02-03 23:00:00,2025-02-04 00:00:00
460,공원,,2025-02-03 22:00:00,2025-02-03 23:00:00
461,아침식사,,2025-02-04 08:00:00,2025-02-04 10:00:00
462,공부,,2025-02-04 10:00:00,2025-02-04 12:00:00
463,점심식사,,2025-02-04 12:00:00,2025-02-04 14:00:00
464,기타,,2025-02-04 14:00:00,2025-02-04 15:00:00
465,운동,,2025-02-04 15:00:00,2025-02-04 17:00:00
466,기타,,2025-02-04 17:00:00,2025-02-04 19:00:00
467,기타,,2025-02-04 19:00:00,2025-02-04 20:00:00
468,운동,,2025-02-04 20:00:00,2025-02-04 21:00:00
469,운동,,2025-02-04 21:00:00,2025-02-04 22:00:00
470,공부,,2025-02-04 22:00:00,2025-02-05 00:00:00
471,아침식사,,2025-02-05 08:00:00,2025-02-05 10:00:00
472,공부,,2025-02-05 10:00:00,2025-02-05 12:00:00
473,점심식사,,2025-02-05 12:00:00,2025-02-05 14:00:00
474,실내활동,,2025-02-05 14:00:00,2025-02-05 16:00:00
475,기타,,2025-02-05 16:00:00,2025-02-05 18:00:00
476,저녁식사,,2025-02-05 18:00:00,2025-02-05 20:00:00
477,실내활동,,2025-02-05 20:00:00,2025-02-05 22:00:00
478,공부,,2025-02-05 22:00:00,2025-02-06 00:00:00
479,운동,,2025-02-05 22:00:00,2025-02-05 23:00:00
480,공원,,2025-02-05 22:00:00,2025-02-05 23:00:00
481,아침식사,,2025-02-06 08:00:00,2025-02-06 10:00:00
482,운동,,2025-02-06 10:00:00,2025-02-06 12:00:00
483,점심식사,,2025-02-06 12:00:00,2025-02-06 14:00:00
484,실내활동,,2025-02-06 14:00:00,2025-02-06 15:00:00
485,운동,,2025-02-06 15:00:00,2025-02-06 16:00:00
486,기타,,2025-02-06 16:00:00,2025-02-06 17:00:00
487,실내활동,,2025-02-06 17:00:00,2025-02-06 19:00:00
488,실내활동,,2025-02-06 19:00:00,2025-02-06 20:00:00
489,기타,,2025-02-06 20:00:00,2025-02-06 21:00:00
490,운동,,2025-02-06 21:00:00,2025-02-06 22:00:00
491,운동,,2025-02-06 22:00:00,2025-02-07 00:00:00
492,아침식사,,2025-02-07 08:00:00,2025-02-07 10:00:00
493,기타,,2025-02-07 10:00:00,2025-02-07 11:00:00
494,운동,,2025-02-07 11:00:00,2025-02-07 13:00:00
495,기타,,2025-02-07 13:00:00,2025-02-07 15:00:00
496,관람,,2025-02-07 15:00:00,2025-02-07 17:00:00
497,실내활동,,2025-02-07 17:00:00,2025-02-07 19:00:00
498,운동,,2025-02-07 19:00:00,2025-02-07 21:00:00
499,관람,,2025-02-07 21:00:00,2025-02-07 22:00:00
500,공원,,2025-02-07 22:00:00,2025-02-08 00:00:00
501,아침식사,,2025-02-08 08:00:00,2025-02-08 10:00:00
502,기타,,2025-02-08 10:00:00,2025-02-08 11:00:00
503,운동,,2025-02-08 11:00:00,2025-02-08 12:00:00
504,점심식사,,2025-02-08 12:00:00,2025-02-08 14:00:00
505,스포츠,,2025-02-08 14:00:00,2025-02-08 16:00:00
506,운동,,2025-02-08 16:00:00,2025-02-08 18:00:00
507,저녁식사,,2025-02-08 18:00:00,2025-02-08 20:00:00
508,스포츠,,2025-02-08 20:00:00,2025-02-08 22:00:00
509,기타,,2025-02-08 22:00:00,2025-02-08 23:00:00
510,운동,,2025-02-08 23:00:00,2025-02-09 00:00:00
511,아침식사,,2025-02-09 08:00:00,2025-02-09 10:00:00
512,기타,,2025-02-09 10:00:00,2025-02-09 12:00:00
513,점심식사,,2025-02-09 12:00:00,2025-02-09 14:00:00
514,관람,,2025-02-09 14:00:00,2025-02-09 15:00:00
515,실내활동,,2025-02-09 15:00:00,2025-02-09 16:00:00
516,운동,,2025-02-09 16:00:00,2025-02-09 18:00:00
517,저녁식사,,2025-02-09 18:00:00,2025-02-09 20:00:00
518,공부,,2025-02-09 20:00:00,2025-02-09 22:00:00
519,공부,,2025-02-09 22:00:00,2025-02-10 00:00:00
520,아침식사,,2025-02-10 08:00:00,2025-02-10 10:00:00
521,관람,,2025-02-10 10:00:00,2025-02-10 12:00:00
522,점심식사,,2025-02-10 12:00:00,2025-02-10 14:00:00
523,공원,,2025-02-10 14:00:00,2025-02-10 15:00:00
524,운동,,2025-02-10 15:00:00,2025-02-10 16:00:00
525,운동,,2025-02-10 16:00:00,2025-02-10 17:00:00
526,공원,,2025-02-10 17:00:00,2025-02-10 19:00:00
527,공원,,2025-02-10 19:00:00,2025-02-10 20:00:00
528,공원,,2025-02-10 20:00:00,2025-02-10 22:00:00
529,관람,,2025-02-10 22:00:00,2025-02-10 23:00:00
530,기타,,2025-02-10 23:00:00,2025-02-11 00:00:00
531,아침식사,,2025-02-11 08:00:00,2025-02-11 10:00:00
532,기타,,2025-02-11 10:00:00,2025-02-11 12:00:00
533,점심식사,,2025-02-11 12:00:00,2025-02-11 14:00:00
534,공부,,2025-02-11 14:00:00,2025-02-11 16:00:00
535,기타,,2025-02-11 16:00:00,2025-02-11 17:00:00
536,운동,,2025-02-11 17:00:00,2025-02-11 18:00:00
537,저녁식사,,2025-02-11 18:00:00,2025-02-11 20:00:00
538,기타,,2025-02-11 20:00:00,2025-02-11 21:00:00
539,운동,,2025-02-11 21:00:00,2025-02-11 22:00:00
540,공부,,2025-02-11 22:00:00,2025-02-12 00:00:00
541,아침식사,,2025-02-12 08:00:00,2025-02-12 10:00:00
542,기타,,2025-02-12 10:00:00,2025-02-12 12:00:00
543,점심식사,,2025-02-12 12:00:00,2025-02-12 14:00:00
544,공부,,2025-02-12 14:00:00,2025-02-12 16:00:00
545,공부,,2025-02-12 16:00:00,2025-02-12 17:00:00
546,공원,,2025-02-12 17:00:00,2025-02-12 19:00:00
547,운동,,2025-02-12 19:00:00,2025-02-12 21:00:00
548,운동,,2025-02-12 21:00:00,2025-02-12 23:00:00
549,공원,,2025-02-12 23:00:00,2025-02-13 00:00:00
550,실내활동,,2025-02-12 22:00:00,2025-02-12 23:00:00
551,아침식사,,2025-02-13 08:00:00,2025-02-13 10:00:00
552,기타,,2025-02-13 10:00:00,2025-02-13 12:00:00
553,점심식사,,2025-02-13 12:00:00,2025-02-13 14:00:00
554,운동,,2025-02-13 14:00:00,2025-02-13 15:00:00
555,운동,,2025-02-13 15:00:00,2025-02-13 16:00:00
556,실내활동,,2025-02-13 16:00:00,2025-02-13 17:00:00
557,실내활동,,2025-02-13 17:00:00,2025-02-13 19:00:00
558,실내활동,,2025-02-13 19:00:00,2025-02-13 20:00:00
559,운동,,2025-02-13 20:00:00,2025-02-13 21:00:00
560,기타,,2025-02-13 21:00:00,2025-02-13 23:00:00
561,운동,,2025-02-13 23:00:00,2025-02-14 00:00:00
562,아침식사,,2025-02-14 08:00:00,2025-02-14 10:00:00
563,기타,,2025-02-14 10:00:00,2025-02-14 12:00:00
564,점심식사,,2025-02-14 12:00:00,2025-02-14 14:00:00
565,기타,,2025-02-14 14:00:00,2025-02-14 15:00:00
566,관람,,2025-02-14 15:00:00,2025-02-14 16:00:00
567,운동,,2025-02-14 16:00:00,2025-02-14 17:00:00
568,관람,,2025-02-14 17:00:00,2025-02-14 18:00:00
569,저녁식사,,2025-02-14 18:00:00,2025-02-14 20:00:00
570,실내활동,,2025-02-14 20:00:00,2025-02-14 22:00:00
571,실내활동,,2025-02-14 22:00:00,2025-02-15 00:00:00
572,공원,,2025-02-14 22:00:00,2025-02-14 23:00:00
573,아침식사,,2025-02-15 08:00:00,2025-02-15 10:00:00
574,스포츠,,2025-02-15 10:00:00,2025-02-15 11:00:00
575,스포츠,,2025-02-15 11:00:00,2025-02-15 12:00:00
576,점심식사,,2025-02-15 12:00:00,2025-02-15 14:00:00
577,기타,,2025-02-15 14:00:00,2025-02-15 15:00:00
578,기타,,2025-02-15 15:00:00,2025-02-15 16:00:00
579,운동,,2025-02-15 16:00:00,2025-02-15 17:00:00
580,기타,,2025-02-15 17:00:00,2025-02-15 19:00:00
581,스포츠,,2025-02-15 19:00:00,2025-02-15 20:00:00
582,기타,,2025-02-15 20:00:00,2025-02-15 21:00:00
583,스포츠,,2025-02-15 21:00:00,2025-02-15 22:00:00
584,스포츠,,2025-02-15 22:00:00,2025-02-16 00:00:00
585,아침식사,,2025-02-16 08:00:00,2025-02-16 10:00:00
586,기타,,2025-02-16 10:00:00,2025-02-16 11:00:00
587,기타,,2025-02-16 11:00:00,2025-02-16 13:00:00
588,관람,,2025-02-16 13:00:00,2025-02-16 14:00:00
589,운동,,2025-02-16 14:00:00,2025-02-16 15:00:00
590,실내활동,,2025-02-16 15:00:00,2025-02-16 16:00:00
591,실내활동,,2025-02-16 16:00:00,2025-02-16 18:00:00
592,저녁식사,,2025-02-16 18:00:00,2025-02-16 20:00:00
593,운동,,2025-02-16 20:00:00,2025-02-16 21:00:00
594,관람,,2025-02-16 21:00:00,2025-02-16 23:00:00
595,실내활동,,2025-02-16 23:00:00,2025-02-17 00:00:00
596,공부,,2025-02-16 22:00:00,2025-02-16 23:00:00
597,아침식사,,2025-02-17 08:00:00,2025-02-17 10:00:00
598,공원,,2025-02-17 10:00:00,2025-02-17 11:00:00
599,공원,,2025-02-17 11:00:00,2025-02-17 13:00:00
600,관람,,2025-02-17 13:00:00,2025-02-17 14:00:00
601,기타,,2025-02-17 14:00:00,2025-02-17 16:00:00
602,공원,,2025-02-17 16:00:00,2025-02-17 17:00:00
603,기타,,2025-02-17 17:00:00,2025-02-17 19:00:00
604,공원,,2025-02-17 19:00:00,2025-02-17 21:00:00
605,운동,,2025-02-17 21:00:00,2025-02-17 22:00:00
606,기타,,2025-02-17 22:00:00,2025-02-18 00:00:00
607,아침식사,,2025-02-18 08:00:00,2025-02-18 10:00:00
608,기타,,2025-02-18 10:00:00,2025-02-18 11:00:00
609,운동,,2025-02-18 11:00:00,2025-02-18 12:00:00
610,점심식사,,2025-02-18 12:00:00,2025-02-18 14:00:00
611,기타,,2025-02-18 14:00:00,2025-02-18 16:00:00
612,운동,,2025-02-18 16:00:00,2025-02-18 18:00:00
613,저녁식사,,2025-02-18 18:00:00,2025-02-18 20:00:00
614,공부,,2025-02-18 20:00:00,2025-02-18 21:00:00
615,공부,,2025-02-18 21:00:00,2025-02-18 23:00:00
616,운동,,2025-02-18 23:00:00,2025-02-19 00:00:00
617,아침식사,,2025-02-19 08:00:00,2025-02-19 10:00:00
618,운동,,2025-02-19 10:00:00,2025-02-19 11:00:00
619,기타,,2025-02-19 11:00:00,2025-02-19 13:00:00
620,실내활동,,2025-02-19 13:00:00,2025-02-19 14:00:00
621,운동,,2025-02-19 14:00:00,2025-02-19 15:00:00
622,기타,,2025-02-19 15:00:00,2025-02-19 16:00:00
623,공원,,2025-02-19 16:00:00,2025-02-19 17:00:00
624,공원,,2025-02-19 17:00:00,2025-02-19 19:00:00
625,기타,,2025-02-19 19:00:00,2025-02-19 21:00:00
626,공원,,2025-02-19 21:00:00,2025-02-19 23:00:00
627,공부,,2025-02-19 23:00:00,2025-02-20 00:00:00
628,아침식사,,2025-02-20 08:00:00,2025-02-20 10:00:00
629,기타,,2025-02-20 10:00:00,2025-02-20 11:00:00
630,기타,,2025-02-20 11:00:00,2025-02-20 12:00:00
631,점심식사,,2025-02-20 12:00:00,2025-02-20 14:00:00
632,기타,,2025-02-20 14:00:00,2025-02-20 15:00:00
633,기타,,2025-02-20 15:00:00,2025-02-20 17:00:00
634,운동,,2025-02-20 17:00:00,2025-02-20 18:00:00
635,저녁식사,,2025-02-20 18:00:00,2025-02-20 20:00:00
636,기타,,2025-02-20 20:00:00,2025-02-20 21:00:00
637,기타,,2025-02-20 21:00:00,2025-02-20 22:00:00
638,실내활동,,2025-02-20 22:00:00,2025-02-20 23:00:00
639,실내활동,,2025-02-20 23:00:00,2025-02-21 00:00:00
640,아침식사,,2025-02-21 08:00:00,2025-02-21 10:00:00
641,기타,,2025-02-21 10:00:00,2025-02-21 11:00:00
642,공원,,2025-02-21 11:00:00,2025-02-21 13:00:00
643,관람,,2025-02-21 13:00:00,2025-02-21 15:00:00
644,관람,,2025-02-21 15:00:00,2025-02-21 16:00:00
645,운동,,2025-02-21 16:00:00,2025-02-21 17:00:00
646,공원,,2025-02-21 17:00:00,2025-02-21 19:00:00
647,관람,,2025-02-21 19:00:00,2025-02-21 20:00:00
648,공원,,2025-02-21 20:00:00,2025-02-21 22:00:00
649,실내활동,,2025-02-21 22:00:00,2025-02-21 23:00:00
650,공원,,2025-02-21 23:00:00,2025-02-22 00:00:00
651,아침식사,,2025-02-22 08:00:00,2025-02-22 10:00:00
652,운동,,2025-02-22 10:00:00,2025-02-22 11:00:00
653,기타,,2025-02-22 11:00:00,2025-02-22 12:00:00
654,점심식사,,2025-02-22 12:00:00,2025-02-22 14:00:00
655,기타,,2025-02-22 14:00:00,2025-02-22 15:00:00
656,기타,,2025-02-22 15:00:00,2025-02-22 16:00:00
657,기타,,2025-02-22 16:00:00,2025-02-22 17:00:00
658,스포츠,,2025-02-22 17:00:00,2025-02-22 18:00:00
659,저녁식사,,2025-02-22 18:00:00,2025-02-22 20:00:00
660,스포츠,,2025-02-22 20:00:00,2025-02-22 22:00:00
661,기타,,2025-02-22 22:00:00,2025-02-23 00:00:00
662,아침식사,,2025-02-23 08:00:00,2025-02-23 10:00:00
663,기타,,2025-02-23 10:00:00,2025-02-23 12:00:00
664,점심식사,,2025-02-23 12:00:00,2025-02-23 14:00:00
665,관람,,2025-02-23 14:00:00,2025-02-23 16:00:00
666,실내활동,,2025-02-23 16:00:00,2025-02-23 17:00:00
667,공부,,2025-02-23 17:00:00,2025-02-23 18:00:00
668,저녁식사,,2025-02-23 18:00:00,2025-02-23 20:00:00
669,관람,,2025-02-23 20:00:00,2025-02-23 21:00:00
670,기타,,2025-02-23 21:00:00,2025-02-23 22:00:00
671,관람,,2025-02-23 22:00:00,2025-02-24 00:00:00
672,운동,,2025-02-23 22:00:00,2025-02-23 23:00:00
673,아침식사,,2025-02-24 08:00:00,2025-02-24 10:00:00
674,운동,,2025-02-24 10:00:00,2025-02-24 11:00:00
675,운동,,2025-02-24 11:00:00,2025-02-24 12:00:00
676,점심식사,,2025-02-24 12:00:00,2025-02-24 14:00:00
677,관람,,2025-02-24 14:00:00,2025-02-24 15:00:00
678,관람,,2025-02-24 15:00:00,2025-02-24 17:00:00
679,공원,,2025-02-24 17:00:00,2025-02-24 18:00:00
680,저녁식사,,2025-02-24 18:00:00,2025-02-24 20:00:00
681,관람,,2025-02-24 20:00:00,2025-02-24 22:00:00
682,기타,,2025-02-24 22:00:00,2025-02-24 23:00:00
683,운동,,2025-02-24 23:00:00,2025-02-25 00:00:00
684,아침식사,,2025-02-25 08:00:00,2025-02-25 10:00:00
685,공부,,2025-02-25 10:00:00,2025-02-25 11:00:00
686,운동,,2025-02-25 11:00:00,2025-02-25 13:00:00
687,공부,,2025-02-25 13:00:00,2025-02-25 14:00:00
688,기타,,2025-02-25 14:00:00,2025-02-25 15:00:00
689,공부,,2025-02-25 15:00:00,2025-02-25 16:00:00
690,기타,,2025-02-25 16:00:00,2025-02-25 18:00:00
691,저녁식사,,2025-02-25 18:00:00,2025-02-25 20:00:00
692,운동,,2025-02-25 20:00:00,2025-02-25 21:00:00
693,공부,,2025-02-25 21:00:00,2025-02-25 23:00:00
694,기타,,2025-02-25 23:00:00,2025-02-26 00:00:00
695,아침식사,,2025-02-26 08:00:00,2025-02-26 10:00:00
696,공원,,2025-02-26 10:00:00,2025-02-26 11:00:00
697,실내활동,,2025-02-26 11:00:00,2025-02-26 12:00:00
698,점심식사,,2025-02-26 12:00:00,2025-02-26 14:00:00
699,운동,,2025-02-26 14:00:00,2025-02-26 16:00:00
700,실내활동,,2025-02-26 16:00:00,2025-02-26 17:00:00
701,실내활동,,2025-02-26 17:00:00,2025-02-26 19:00:00
702,운동,,2025-02-26 19:00:00,2025-02-26 20:00:00
703,실내활동,,2025-02-26 20:00:00,2025-02-26 21:00:00
704,공원,,2025-02-26 21:00:00,2025-02-26 22:00:00
705,공원,,2025-02-26 22:00:00,2025-02-27 00:00:00
706,공부,,2025-02-26 22:00:00,2025-02-26 23:00:00
707,기타,,2025-02-26 22:00:00,2025-02-26 23:00:00
708,아침식사,,2025-02-27 08:00:00,2025-02-27 10:00:00
709,기타,,2025-02-27 10:00:00,2025-02-27 11:00:00
710,실내활동,,2025-02-27 11:00:00,2025-02-27 12:00:00
711,점심식사,,2025-02-27 12:00:00,2025-02-27 14:00:00
712,실내활동,,2025-02-27 14:00:00,2025-02-27 16:00:00
713,실내활동,,2025-02-27 16:00:00,2025-02-27 18:00:00
714,저녁식사,,2025-02-27 18:00:00,2025-02-27 20:00:00
715,실내활동,,2025-02-27 20:00:00,2025-02-27 22:00:00
716,운동,,2025-02-27 22:00:00,2025-02-27 23:00:00
717,기타,,2025-02-27 23:00:00,2025-02-28 00:00:00
718,아침식사,,2025-02-28 08:00:00,2025-02-28 10:00:00
719,관람,,2025-02-28 10:00:00,2025-02-28 12:00:00
720,점심식사,,2025-02-28 12:00:00,2025-02-28 14:00:00
721,관람,,2025-02-28 14:00:00,2025-02-28 16:00:00
722,기타,,2025-02-28 16:00:00,2025-02-28 17:00:00
723,관람,,2025-02-28 17:00:00,2025-02-28 19:00:00
724,관람,,2025-02-28 19:00:00,2025-02-28 20:00:00
725,기타,,2025-02-28 20:00:00,2025-02-28 21:00:00
726,공원,,2025-02-28 21:00:00,2025-02-28 23:00:00
727,공원,,2025-02-28 23:00:00,2025-03-01 00:00:00
728,운동,,2025-02-28 22:00:00,2025-02-28 23:00:00
729,실내활동,,2025-02-28 22:00:00,2025-02-28 23:00:00
730,아침식사,,2025-03-01 08:00:00,2025-03-01 10:00:00
731,기타,,2025-03-01 10:00:00,2025-03-01 12:00:00
732,점심식사,,2025-03-01 12:00:00,2025-03-01 14:00:00
733,기타,,2025-03-01 14:00:00,2025-03-01 15:00:00
734,운동,,2025-03-01 15:00:00,2025-03-01 16:00:00
735,기타,,2025-03-01 16:00:00,2025-03-01 18:00:00
736,저녁식사,,2025-03-01 18:00:00,2025-03-01 20:00:00
737,기타,,2025-03-01 20:00:00,2025-03-01 22:00:00
738,기타,,2025-03-01 22:00:00,2025-03-02 00:00:00
739,스포츠,,2025-03-01 22:00:00,2025-03-01 23:00:00
740,아침식사,,2025-03-02 08:00:00,2025-03-02 10:00:00
741,실내활동,,2025-03-02 10:00:00,2025-03-02 11:00:00
742,실내활동,,2025-03-02 11:00:00,2025-03-02 13:00:00
743,공부,,2025-03-02 13:00:00,2025-03-02 15:00:00
744,운동,,2025-03-02 15:00:00,2025-03-02 16:00:00
745,실내활동,,2025-03-02 16:00:00,2025-03-02 17:00:00
746,공부,,2025-03-02 17:00:00,2025-03-02 18:00:00
747,저녁식사,,2025-03-02 18:00:00,2025-03-02 20:00:00
748,운동,,2025-03-02 20:00:00,2025-03-02 21:00:00
749,운동,,2025-03-02 21:00:00,2025-03-02 22:00:00
750,실내활동,,2025-03-02 22:00:00,2025-03-03 00:00:00
751,관람,,2025-03-02 22:00:00,2025-03-02 23:00:00
752,기타,,2025-03-02 22:00:00,2025-03-02 23:00:00
753,아침식사,,2025-03-03 08:00:00,2025-03-03 10:00:00
754,기타,,2025-03-03 10:00:00,2025-03-03 11:00:00
755,공원,,2025-03-03 11:00:00,2025-03-03 12:00:00
756,점심식사,,2025-03-03 12:00:00,2025-03-03 14:00:00
757,관람,,2025-03-03 14:00:00,2025-03-03 16:00:00
758,관람,,2025-03-03 16:00:00,2025-03-03 18:00:00
759,저녁식사,,2025-03-03 18:00:00,2025-03-03 20:00:00
760,기타,,2025-03-03 20:00:00,2025-03-03 22:00:00
761,운동,,2025-03-03 22:00:00,2025-03-04 00:00:00
762,아침식사,,2025-03-04 08:00:00,2025-03-04 10:00:00
763,운동,,2025-03-04 10:00:00,2025-03-04 11:00:00
764,기타,,2025-03-04 11:00:00,2025-03-04 13:00:00
765,기타,,2025-03-04 13:00:00,2025-03-04 15:00:00
766,공부,,2025-03-04 15:00:00,2025-03-04 16:00:00
767,공부,,2025-03-04 16:00:00,2025-03-04 17:00:00
768,공부,,2025-03-04 17:00:00,2025-03-04 19:00:00
769,공부,,2025-03-04 19:00:00,2025-03-04 21:00:00
770,기타,,2025-03-04 21:00:00,2025-03-04 23:00:00
771,기타,,2025-03-04 23:00:00,2025-03-05 00:00:00
772,아침식사,,2025-03-05 08:00:00,2025-03-05 10:00:00
773,실내활동,,2025-03-05 10:00:00,2025-03-05 11:00:00
774,실내활동,,2025-03-05 11:00:00,2025-03-05 13:00:00
775,기타,,2025-03-05 13:00:00,2025-03-05 14:00:00
776,실내활동,,2025-03-05 14:00:00,2025-03-05 16:00:00
777,공부,,2025-03-05 16:00:00,2025-03-05 17:00:00
778,실내활동,,2025-03-05 17:00:00,2025-03-05 18:00:00
779,저녁식사,,2025-03-05 18:00:00,2025-03-05 20:00:00
780,운동,,2025-03-05 20:00:00,2025-03-05 22:00:00
781,공부,,2025-03-05 22:00:00,2025-03-05 23:00:00
782,공부,,2025-03-05 23:00:00,2025-03-06 00:00:00
783,공원,,2025-03-05 22:00:00,2025-03-05 23:00:00
784,아침식사,,2025-03-06 08:00:00,2025-03-06 10:00:00
785,실내활동,,2025-03-06 10:00:00,2025-03-06 11:00:00
786,실내활동,,2025-03-06 11:00:00,2025-03-06 13:00:00
787,운동,,2025-03-06 13:00:00,2025-03-06 15:00:00
788,실내활동,,2025-03-06 15:00:00,2025-03-06 17:00:00
789,실내활동,,2025-03-06 17:00:00,2025-03-06 18:00:00
790,저녁식사,,2025-03-06 18:00:00,2025-03-06 20:00:00
791,기타,,2025-03-06 20:00:00,2025-03-06 22:00:00
792,운동,,2025-03-06 22:00:00,2025-03-06 23:00:00
793,기타,,2025-03-06 23:00:00,2025-03-07 00:00:00
794,아침식사,,2025-03-07 08:00:00,2025-03-07 10:00:00
795,기타,,2025-03-07 10:00:00,2025-03-07 12:00:00
796,점심식사,,2025-03-07 12:00:00,2025-03-07 14:00:00
797,공원,,2025-03-07 14:00:00,2025-03-07 15:00:00
798,관람,,2025-03-07 15:00:00,2025-03-07 16:00:00
799,기타,,2025-03-07 16:00:00,2025-03-07 18:00:00
800,저녁식사,,2025-03-07 18:00:00,2025-03-07 20:00:00
801,관람,,2025-03-07 20:00:00,2025-03-07 21:00:00
802,운동,,2025-03-07 21:00:00,2025-03-07 23:00:00
803,공원,,2025-03-07 23:00:00,2025-03-08 00:00:00
804,실내활동,,2025-03-07 22:00:00,2025-03-07 23:00:00
805,아침식사,,2025-03-08 08:00:00,2025-03-08 10:00:00
806,운동,,2025-03-08 10:00:00,2025-03-08 11:00:00
807,운동,,2025-03-08 11:00:00,2025-03-08 12:00:00
808,점심식사,,2025-03-08 12:00:00,2025-03-08 14:00:00
809,기타,,2025-03-08 14:00:00,2025-03-08 15:00:00
810,운동,,2025-03-08 15:00:00,2025-03-08 16:00:00
811,스포츠,,2025-03-08 16:00:00,2025-03-08 17:00:00
812,스포츠,,2025-03-08 17:00:00,2025-03-08 19:00:00
813,스포츠,,2025-03-08 19:00:00,2025-03-08 20:00:00
814,운동,,2025-03-08 20:00:00,2025-03-08 21:00:00
815,기타,,2025-03-08 21:00:00,2025-03-08 23:00:00
816,운동,,2025-03-08 23:00:00,2025-03-09 00:00:00
817,아침식사,,2025-03-09 08:00:00,2025-03-09 10:00:00
818,공부,,2025-03-09 10:00:00,2025-03-09 12:00:00
819,점심식사,,2025-03-09 12:00:00,2025-03-09 14:00:00
820,실내활동,,2025-03-09 14:00:00,2025-03-09 15:00:00
821,기타,,2025-03-09 15:00:00,2025-03-09 16:00:00
822,운동,,2025-03-09 16:00:00,2025-03-09 18:00:00
823,저녁식사,,2025-03-09 18:00:00,2025-03-09 20:00:00
824,공부,,2025-03-09 20:00:00,2025-03-09 21:00:00
825,공부,,2025-03-09 21:00:00,2025-03-09 22:00:00
826,기타,,2025-03-09 22:00:00,2025-03-10 00:00:00
827,관람,,2025-03-09 22:00:00,2025-03-09 23:00:00
828,아침식사,,2025-03-10 08:00:00,2025-03-10 10:00:00
829,공원,,2025-03-10 10:00:00,2025-03-10 11:00:00
830,공원,,2025-03-10 11:00:00,2025-03-10 12:00:00
831,점심식사,,2025-03-10 12:00:00,2025-03-10 14:00:00
832,운동,,2025-03-10 14:00:00,2025-03-10 15:00:00
833,운동,,2025-03-10 15:00:00,2025-03-10 17:00:00
834,공원,,2025-03-10 17:00:00,2025-03-10 19:00:00
835,기타,,2025-03-10 19:00:00,2025-03-10 21:00:00
836,운동,,2025-03-10 21:00:00,2025-03-10 22:00:00
837,공원,,2025-03-10 22:00:00,2025-03-10 23:00:00
838,운동,,2025-03-10 23:00:00,2025-03-11 00:00:00
839,관람,,2025-03-10 22:00:00,2025-03-10 23:00:00
840,아침식사,,2025-03-11 08:00:00,2025-03-11 10:00:00
841,운동,,2025-03-11 10:00:00,2025-03-11 12:00:00
842,점심식사,,2025-03-11 12:00:00,2025-03-11 14:00:00
843,기타,,2025-03-11 14:00:00,2025-03-11 16:00:00
844,운동,,2025-03-11 16:00:00,2025-03-11 17:00:00
845,기타,,2025-03-11 17:00:00,2025-03-11 18:00:00
846,저녁식사,,2025-03-11 18:00:00,2025-03-11 20:00:00
847,기타,,2025-03-11 20:00:00,2025-03-11 21:00:00
848,공부,,2025-03-11 21:00:00,2025-03-11 22:00:00
849,공부,,2025-03-11 22:00:00,2025-03-12 00:00:00
850,아침식사,,2025-03-12 08:00:00,2025-03-12 10:00:00
851,공원,,2025-03-12 10:00:00,2025-03-12 11:00:00
852,공원,,2025-03-12 11:00:00,2025-03-12 13:00:00
853,공부,,2025-03-12 13:00:00,2025-03-12 14:00:00
854,공부,,2025-03-12 14:00:00,2025-03-12 15:00:00
855,공부,,2025-03-12 15:00:00,2025-03-12 17:00:00
856,기타,,2025-03-12 17:00:00,2025-03-12 18:00:00
857,저녁식사,,2025-03-12 18:00:00,2025-03-12 20:00:00
858,기타,,2025-03-12 20:00:00,2025-03-12 22:00:00
859,실내활동,,2025-03-12 22:00:00,2025-03-12 23:00:00
860,공부,,2025-03-12 23:00:00,2025-03-13 00:00:00
861,운동,,2025-03-12 22:00:00,2025-03-12 23:00:00
862,아침식사,,2025-03-13 08:00:00,2025-03-13 10:00:00
863,운동,,2025-03-13 10:00:00,2025-03-13 12:00:00
864,점심식사,,2025-03-13 12:00:00,2025-03-13 14:00:00
865,실내활동,,2025-03-13 14:00:00,2025-03-13 16:00:00
866,운동,,2025-03-13 16:00:00,2025-03-13 18:00:00
867,저녁식사,,2025-03-13 18:00:00,2025-03-13 20:00:00
868,기타,,2025-03-13 20:00:00,2025-03-13 22:00:00
869,실내활동,,2025-03-13 22:00:00,2025-03-14 00:00:00
870,아침식사,,2025-03-14 08:00:00,2025-03-14 10:00:00
871,운동,,2025-03-14 10:00:00,2025-03-14 11:00:00
872,관람,,2025-03-14 11:00:00,2025-03-14 13:00:00
873,운동,,2025-03-14 13:00:00,2025-03-14 14:00:00
874,관람,,2025-03-14 14:00:00,2025-03-14 15:00:00
875,공원,,2025-03-14 15:00:00,2025-03-14 16:00:00
876,관람,,2025-03-14 16:00:00,2025-03-14 18:00:00
877,저녁식사,,2025-03-14 18:00:00,2025-03-14 20:00:00
878,운동,,2025-03-14 20:00:00,2025-03-14 22:00:00
879,기타,,2025-03-14 22:00:00,2025-03-15 00:00:00
880,실내활동,,2025-03-14 22:00:00,2025-03-14 23:00:00
881,아침식사,,2025-03-15 08:00:00,2025-03-15 10:00:00
882,운동,,2025-03-15 10:00:00,2025-03-15 12:00:00
883,점심식사,,2025-03-15 12:00:00,2025-03-15 14:00:00
884,스포츠,,2025-03-15 14:00:00,2025-03-15 15:00:00
885,운동,,2025-03-15 15:00:00,2025-03-15 17:00:00
886,스포츠,,2025-03-15 17:00:00,2025-03-15 19:00:00
887,운동,,2025-03-15 19:00:00,2025-03-15 21:00:00
888,기타,,2025-03-15 21:00:00,2025-03-15 23:00:00
889,운동,,2025-03-15 23:00:00,2025-03-16 00:00:00
890,아침식사,,2025-03-16 08:00:00,2025-03-16 10:00:00
891,운동,,2025-03-16 10:00:00,2025-03-16 11:00:00
892,관람,,2025-03-16 11:00:00,2025-03-16 12:00:00
893,점심식사,,2025-03-16 12:00:00,2025-03-16 14:00:00
894,공부,,2025-03-16 14:00:00,2025-03-16 16:00:00
895,운동,,2025-03-16 16:00:00,2025-03-16 18:00:00
896,저녁식사,,2025-03-16 18:00:00,2025-03-16 20:00:00
897,관람,,2025-03-16 20:00:00,2025-03-16 21:00:00
898,실내활동,,2025-03-16 21:00:00,2025-03-16 22:00:00
899,관람,,2025-03-16 22:00:00,2025-03-17 00:00:00
900,기타,,2025-03-16 22:00:00,2025-03-16 23:00:00
901,아침식사,,2025-03-17 08:00:00,2025-03-17 10:00:00
902,기타,,2025-03-17 10:00:00,2025-03-17 11:00:00
903,공원,,2025-03-17 11:00:00,2025-03-17 12:00:00
904,점심식사,,2025-03-17 12:00:00,2025-03-17 14:00:00
905,관람,,2025-03-17 14:00:00,2025-03-17 15:00:00
906,공원,,2025-03-17 15:00:00,2025-03-17 17:00:00
907,관람,,2025-03-17 17:00:00,2025-03-17 18:00:00
908,저녁식사,,2025-03-17 18:00:00,2025-03-17 20:00:00
909,관람,,2025-03-17 20:00:00,2025-03-17 21:00:00
910,관람,,2025-03-17 21:00:00,2025-03-17 23:00:00
911,관람,,2025-03-17 23:00:00,2025-03-18 00:00:00
912,운동,,2025-03-17 22:00:00,2025-03-17 23:00:00
913,아침식사,,2025-03-18 08:00:00,2025-03-18 10:00:00
914,기타,,2025-03-18 10:00:00,2025-03-18 11:00:00
915,운동,,2025-03-18 11:00:00,2025-03-18 13:00:00
916,기타,,2025-03-18 13:00:00,2025-03-18 15:00:00
917,공부,,2025-03-18 15:00:00,2025-03-18 17:00:00
918,공부,,2025-03-18 17:00:00,2025-03-18 19:00:00
919,공부,,2025-03-18 19:00:00,2025-03-18 21:00:00
920,기타,,2025-03-18 21:00:00,2025-03-18 23:00:00
921,기타,,2025-03-18 23:00:00,2025-03-19 00:00:00
922,아침식사,,2025-03-19 08:00:00,2025-03-19 10:00:00
923,기타,,2025-03-19 10:00:00,2025-03-19 11:00:00
924,공원,,2025-03-19 11:00:00,2025-03-19 12:00:00
925,점심식사,,2025-03-19 12:00:00,2025-03-19 14:00:00
926,공부,,2025-03-19 14:00:00,2025-03-19 15:00:00
927,공부,,2025-03-19 15:00:00,2025-03-19 17:00:00
928,공원,,2025-03-19 17:00:00,2025-03-19 19:00:00
929,기타,,2025-03-19 19:00:00,2025-03-19 20:00:00
930,실내활동,,2025-03-19 20:00:00,2025-03-19 21:00:00
931,운동,,2025-03-19 21:00:00,2025-03-19 23:00:00
932,운동,,2025-03-19 23:00:00,2025-03-20 00:00:00
933,아침식사,,2025-03-20 08:00:00,2025-03-20 10:00:00
934,기타,,2025-03-20 10:00:00,2025-03-20 12:00:00
935,점심식사,,2025-03-20 12:00:00,2025-03-20 14:00:00
936,기타,,2025-03-20 14:00:00,2025-03-20 16:00:00
937,운동,,2025-03-20 16:00:00,2025-03-20 18:00:00
938,저녁식사,,2025-03-20 18:00:00,2025-03-20 20:00:00
939,실내활동,,2025-03-20 20:00:00,2025-03-20 21:00:00
940,운동,,2025-03-20 21:00:00,2025-03-20 22:00:00
941,운동,,2025-03-20 22:00:00,2025-03-21 00:00:00
942,아침식사,,2025-03-21 08:00:00,2025-03-21 10:00:00
943,관람,,2025-03-21 10:00:00,2025-03-21 11:00:00
944,관람,,2025-03-21 11:00:00,2025-03-21 13:00:00
945,기타,,2025-03-21 13:00:00,2025-03-21 15:00:00
946,기타,,2025-03-21 15:00:00,2025-03-21 16:00:00
947,기타,,2025-03-21 16:00:00,2025-03-21 18:00:00
948,저녁식사,,2025-03-21 18:00:00,2025-03-21 20:00:00
949,기타,,2025-03-21 20:00:00,2025-03-21 22:00:00
950,공원,,2025-03-21 22:00:00,2025-03-22 00:00:00
951,운동,,2025-03-21 22:00:00,2025-03-21 23:00:00
952,실내활동,,2025-03-21 22:00:00,2025-03-21 23:00:00
953,아침식사,,2025-03-22 08:00:00,2025-03-22 10:00:00
954,기타,,2025-03-22 10:00:00,2025-03-22 11:00:00
955,운동,,2025-03-22 11:00:00,2025-03-22 12:00:00
956,점심식사,,2025-03-22 12:00:00,2025-03-22 14:00:00
957,스포츠,,2025-03-22 14:00:00,2025-03-22 15:00:00
958,스포츠,,2025-03-22 15:00:00,2025-03-22 16:00:00
959,운동,,2025-03-22 16:00:00,2025-03-22 18:00:00
960,저녁식사,,2025-03-22 18:00:00,2025-03-22 20:00:00
961,운동,,2025-03-22 20:00:00,2025-03-22 22:00:00
962,스포츠,,2025-03-22 22:00:00,2025-03-23 00:00:00
963,아침식사,,2025-03-23 08:00:00,2025-03-23 10:00:00
964,기타,,2025-03-23 10:00:00,2025-03-23 12:00:00
965,점심식사,,2025-03-23 12:00:00,2025-03-23 14:00:00
966,실내활동,,2025-03-23 14:00:00,2025-03-23 16:00:00
967,관람,,2025-03-23 16:00:00,2025-03-23 18:00:00
968,저녁식사,,2025-03-23 18:00:00,2025-03-23 20:00:00
969,실내활동,,2025-03-23 20:00:00,2025-03-23 21:00:00
970,운동,,2025-03-23 21:00:00,2025-03-23 23:00:00
971,관람,,2025-03-23 23:00:00,2025-03-24 00:00:00
972,공부,,2025-03-23 22:00:00,2025-03-23 23:00:00
973,아침식사,,2025-03-24 08:00:00,2025-03-24 10:00:00
974,기타,,2025-03-24 10:00:00,2025-03-24 11:00:00
975,기타,,2025-03-24 11:00:00,2025-03-24 12:00:00
976,점심식사,,2025-03-24 12:00:00,2025-03-24 14:00:00
977,기타,,2025-03-24 14:00:00,2025-03-24 15:00:00
978,기타,,2025-03-24 15:00:00,2025-03-24 16:00:00
979,기타,,2025-03-24 16:00:00,2025-03-24 18:00:00
980,저녁식사,,2025-03-24 18:00:00,2025-03-24 20:00:00
981,관람,,2025-03-24 20:00:00,2025-03-24 21:00:00
982,공원,,2025-03-24 21:00:00,2025-03-24 22:00:00
983,운동,,2025-03-24 22:00:00,2025-03-25 00:00:00
984,아침식사,,2025-03-25 08:00:00,2025-03-25 10:00:00
985,기타,,2025-03-25 10:00:00,2025-03-25 12:00:00
986,점심식사,,2025-03-25 12:00:00,2025-03-25 14:00:00
987,기타,,2025-03-25 14:00:00,2025-03-25 15:00:00
988,공부,,2025-03-25 15:00:00,2025-03-25 16:00:00
989,기타,,2025-03-25 16:00:00,2025-03-25 18:00:00
990,저녁식사,,2025-03-25 18:00:00,2025-03-25 20:00:00
991,운동,,2025-03-25 20:00:00,2025-03-25 21:00:00
992,기타,,2025-03-25 21:00:00,2025-03-25 23:00:00
993,공부,,2025-03-25 23:00:00,2025-03-26 00:00:00
994,아침식사,,2025-03-26 08:00:00,2025-03-26 10:00:00
995,공원,,2025-03-26 10:00:00,2025-03-26 12:00:00
996,점심식사,,2025-03-26 12:00:00,2025-03-26 14:00:00
997,공원,,2025-03-26 14:00:00,2025-03-26 15:00:00
998,실내활동,,2025-03-26 15:00:00,2025-03-26 17:00:00
999,기타,,2025-03-26 17:00:00,2025-03-26 18:00:00
1000,저녁식사,,2025-03-26 18:00:00,2025-03-26 20:00:00
1001,공부,,2025-03-26 20:00:00,2025-03-26 21:00:00
1002,기타,,2025-03-26 21:00:00,2025-03-26 22:00:00
1003,공원,,2025-03-26 22:00:00,2025-03-26 23:00:00
1004,실내활동,,2025-03-26 23:00:00,2025-03-27 00:00:00
1005,운동,,2025-03-26 22:00:00,2025-03-26 23:00:00
1006,아침식사,,2025-03-27 08:00:00,2025-03-27 10:00:00
1007,실내활동,,2025-03-27 10:00:00,2025-03-27 12:00:00
1008,점심식사,,2025-03-27 12:00:00,2025-03-27 14:00:00
1009,실내활동,,2025-03-27 14:00:00,2025-03-27 15:00:00
1010,실내활동,,2025-03-27 15:00:00,2025-03-27 17:00:00
1011,실내활동,,2025-03-27 17:00:00,2025-03-27 18:00:00
1012,저녁식사,,2025-03-27 18:00:00,2025-03-27 20:00:00
1013,실내활동,,2025-03-27 20:00:00,2025-03-27 22:00:00
1014,실내활동,,2025-03-27 22:00:00,2025-03-27 23:00:00
1015,운동,,2025-03-27 23:00:00,2025-03-28 00:00:00
1016,기타,,2025-03-27 22:00:00,2025-03-27 23:00:00
1017,아침식사,,2025-03-28 08:00:00,2025-03-28 10:00:00
1018,실내활동,,2025-03-28 10:00:00,2025-03-28 11:00:00
1019,기타,,2025-03-28 11:00:00,2025-03-28 13:00:00
1020,공원,,2025-03-28 13:00:00,2025-03-28 14:00:00
1021,관람,,2025-03-28 14:00:00,2025-03-28 16:00:00
1022,공원,,2025-03-28 16:00:00,2025-03-28 18:00:00
1023,저녁식사,,2025-03-28 18:00:00,2025-03-28 20:00:00
1024,관람,,2025-03-28 20:00:00,2025-03-28 21:00:00
1025,관람,,2025-03-28 21:00:00,2025-03-28 23:00:00
1026,공원,,2025-03-28 23:00:00,2025-03-29 00:00:00
1027,운동,,2025-03-28 22:00:00,2025-03-28 23:00:00
1028,아침식사,,2025-03-29 08:00:00,2025-03-29 10:00:00
1029,운동,,2025-03-29 10:00:00,2025-03-29 12:00:00
1030,점심식사,,2025-03-29 12:00:00,2025-03-29 14:00:00
1031,기타,,2025-03-29 14:00:00,2025-03-29 15:00:00
1032,스포츠,,2025-03-29 15:00:00,2025-03-29 17:00:00
1033,운동,,2025-03-29 17:00:00,2025-03-29 18:00:00
1034,저녁식사,,2025-03-29 18:00:00,2025-03-29 20:00:00
1035,기타,,2025-03-29 20:00:00,2025-03-29 21:00:00
1036,스포츠,,2025-03-29 21:00:00,2025-03-29 23:00:00
1037,기타,,2025-03-29 23:00:00,2025-03-30 00:00:00
1038,아침식사,,2025-03-30 08:00:00,2025-03-30 10:00:00
1039,공부,,2025-03-30 10:00:00,2025-03-30 11:00:00
1040,실내활동,,2025-03-30 11:00:00,2025-03-30 13:00:00
1041,공부,,2025-03-30 13:00:00,2025-03-30 14:00:00
1042,운동,,2025-03-30 14:00:00,2025-03-30 15:00:00
1043,기타,,2025-03-30 15:00:00,2025-03-30 17:00:00
1044,관람,,2025-03-30 17:00:00,2025-03-30 19:00:00
1045,공부,,2025-03-30 19:00:00,2025-03-30 20:00:00
1046,운동,,2025-03-30 20:00:00,2025-03-30 21:00:00
1047,공부,,2025-03-30 21:00:00,2025-03-30 23:00:00
1048,실내활동,,2025-03-30 23:00:00,2025-03-31 00:00:00
1049,아침식사,,2025-03-31 08:00:00,2025-03-31 10:00:00
1050,기타,,2025-03-31 10:00:00,2025-03-31 12:00:00
1051,점심식사,,2025-03-31 12:00:00,2025-03-31 14:00:00
1052,관람,,2025-03-31 14:00:00,2025-03-31 16:00:00
1053,공원,,2025-03-31 16:00:00,2025-03-31 18:00:00
1054,저녁식사,,2025-03-31 18:00:00,2025-03-31 20:00:00
1055,기타,,2025-03-31 20:00:00,2025-03-31 21:00:00
1056,운동,,2025-03-31 21:00:00,2025-03-31 22:00:00
1057,운동,,2025-03-31 22:00:00,2025-03-31 23:00:00
1058,관람,,2025-03-31 23:00:00,2025-04-01 00:00:00
1059,아침식사,,2025-04-01 08:00:00,2025-04-01 10:00:00
1060,공부,,2025-04-01 10:00:00,2025-04-01 12:00:00
1061,점심식사,,2025-04-01 12:00:00,2025-04-01 14:00:00
1062,기타,,2025-04-01 14:00:00,2025-04-01 15:00:00
1063,기타,,2025-04-01 15:00:00,2025-04-01 17:00:00
1064,공부,,2025-04-01 17:00:00,2025-04-01 18:00:00
1065,저녁식사,,2025-04-01 18:00:00,2025-04-01 20:00:00
1066,운동,,2025-04-01 20:00:00,2025-04-01 21:00:00
1067,운동,,2025-04-01 21:00:00,2025-04-01 23:00:00
1068,운동,,2025-04-01 23:00:00,2025-04-02 00:00:00
1069,아침식사,,2025-04-02 08:00:00,2025-04-02 10:00:00
1070,실내활동,,2025-04-02 10:00:00,2025-04-02 11:00:00
1071,실내활동,,2025-04-02 11:00:00,2025-04-02 12:00:00
1072,점심식사,,2025-04-02 12:00:00,2025-04-02 14:00:00
1073,운동,,2025-04-02 14:00:00,2025-04-02 15:00:00
1074,운동,,2025-04-02 15:00:00,2025-04-02 17:00:00
1075,실내활동,,2025-04-02 17:00:00,2025-04-02 19:00:00
1076,공부,,2025-04-02 19:00:00,2025-04-02 20:00:00
1077,공부,,2025-04-02 20:00:00,2025-04-02 21:00:00
1078,공원,,2025-04-02 21:00:00,2025-04-02 22:00:00
1079,공부,,2025-04-02 22:00:00,2025-04-03 00:00:00
1080,기타,,2025-04-02 22:00:00,2025-04-02 23:00:00
1081,아침식사,,2025-04-03 08:00:00,2025-04-03 10:00:00
1082,운동,,2025-04-03 10:00:00,2025-04-03 11:00:00
1083,기타,,2025-04-03 11:00:00,2025-04-03 13:00:00
1084,운동,,2025-04-03 13:00:00,2025-04-03 15:00:00
1085,운동,,2025-04-03 15:00:00,2025-04-03 17:00:00
1086,실내활동,,2025-04-03 17:00:00,2025-04-03 18:00:00
1087,저녁식사,,2025-04-03 18:00:00,2025-04-03 20:00:00
1088,기타,,2025-04-03 20:00:00,2025-04-03 22:00:00
1089,운동,,2025-04-03 22:00:00,2025-04-03 23:00:00
1090,기타,,2025-04-03 23:00:00,2025-04-04 00:00:00
1091,아침식사,,2025-04-04 08:00:00,2025-04-04 10:00:00
1092,관람,,2025-04-04 10:00:00,2025-04-04 11:00:00
1093,기타,,2025-04-04 11:00:00,2025-04-04 13:00:00
1094,실내활동,,2025-04-04 13:00:00,2025-04-04 14:00:00
1095,공원,,2025-04-04 14:00:00,2025-04-04 15:00:00
1096,관람,,2025-04-04 15:00:00,2025-04-04 17:00:00
1097,관람,,2025-04-04 17:00:00,2025-04-04 18:00:00
1098,저녁식사,,2025-04-04 18:00:00,2025-04-04 20:00:00
1099,공원,,2025-04-04 20:00:00,2025-04-04 21:00:00
1100,관람,,2025-04-04 21:00:00,2025-04-04 22:00:00
1101,기타,,2025-04-04 22:00:00,2025-04-05 00:00:00
1102,운동,,2025-04-04 22:00:00,2025-04-04 23:00:00
1103,아침식사,,2025-04-05 08:00:00,2025-04-05 10:00:00
1104,스포츠,,2025-04-05 10:00:00,2025-04-05 12:00:00
1105,점심식사,,2025-04-05 12:00:00,2025-04-05 14:00:00
1106,스포츠,,2025-04-05 14:00:00,2025-04-05 16:00:00
1107,기타,,2025-04-05 16:00:00,2025-04-05 18:00:00
1108,저녁식사,,2025-04-05 18:00:00,2025-04-05 20:00:00
1109,운동,,2025-04-05 20:00:00,2025-04-05 21:00:00
1110,기타,,2025-04-05 21:00:00,2025-04-05 22:00:00
1111,기타,,2025-04-05 22:00:00,2025-04-05 23:00:00
1112,운동,,2025-04-05 23:00:00,2025-04-06 00:00:00
1113,아침식사,,2025-04-06 08:00:00,2025-04-06 10:00:00
1114,관람,,2025-04-06 10:00:00,2025-04-06 11:00:00
1115,관람,,2025-04-06 11:00:00,2025-04-06 13:00:00
1116,실내활동,,2025-04-06 13:00:00,2025-04-06 15:00:00
1117,운동,,2025-04-06 15:00:00,2025-04-06 17:00:00
1118,공부,,2025-04-06 17:00:00,2025-04-06 18:00:00
1119,저녁식사,,2025-04-06 18:00:00,2025-04-06 20:00:00
1120,운동,,2025-04-06 20:00:00,2025-04-06 22:00:00
1121,공부,,2025-04-06 22:00:00,2025-04-07 00:00:00
1122,기타,,2025-04-06 22:00:00,2025-04-06 23:00:00
1123,아침식사,,2025-04-07 08:00:00,2025-04-07 10:00:00
1124,관람,,2025-04-07 10:00:00,2025-04-07 12:00:00
1125,점심식사,,2025-04-07 12:00:00,2025-04-07 14:00:00
1126,기타,,2025-04-07 14:00:00,2025-04-07 16:00:00
1127,기타,,2025-04-07 16:00:00,2025-04-07 17:00:00
1128,공원,,2025-04-07 17:00:00,2025-04-07 19:00:00
1129,운동,,2025-04-07 19:00:00,2025-04-07 20:00:00
1130,기타,,2025-04-07 20:00:00,2025-04-07 22:00:00
1131,공원,,2025-04-07 22:00:00,2025-04-08 00:00:00
1132,아침식사,,2025-04-08 08:00:00,2025-04-08 10:00:00
1133,공부,,2025-04-08 10:00:00,2025-04-08 12:00:00
1134,점심식사,,2025-04-08 12:00:00,2025-04-08 14:00:00
1135,기타,,2025-04-08 14:00:00,2025-04-08 15:00:00
1136,기타,,2025-04-08 15:00:00,2025-04-08 16:00:00
1137,운동,,2025-04-08 16:00:00,2025-04-08 18:00:00
1138,저녁식사,,2025-04-08 18:00:00,2025-04-08 20:00:00
1139,기타,,2025-04-08 20:00:00,2025-04-08 21:00:00
1140,운동,,2025-04-08 21:00:00,2025-04-08 23:00:00
1141,공부,,2025-04-08 23:00:00,2025-04-09 00:00:00
1142,아침식사,,2025-04-09 08:00:00,2025-04-09 10:00:00
1143,공부,,2025-04-09 10:00:00,2025-04-09 11:00:00
1144,공부,,2025-04-09 11:00:00,2025-04-09 13:00:00
1145,기타,,2025-04-09 13:00:00,2025-04-09 15:00:00
1146,실내활동,,2025-04-09 15:00:00,2025-04-09 17:00:00
1147,공원,,2025-04-09 17:00:00,2025-04-09 18:00:00
1148,저녁식사,,2025-04-09 18:00:00,2025-04-09 20:00:00
1149,공원,,2025-04-09 20:00:00,2025-04-09 22:00:00
1150,공원,,2025-04-09 22:00:00,2025-04-10 00:00:00
1151,운동,,2025-04-09 22:00:00,2025-04-09 23:00:00
1152,아침식사,,2025-04-10 08:00:00,2025-04-10 10:00:00
1153,기타,,2025-04-10 10:00:00,2025-04-10 11:00:00
1154,실내활동,,2025-04-10 11:00:00,2025-04-10 13:00:00
1155,기타,,2025-04-10 13:00:00,2025-04-10 14:00:00
1156,기타,,2025-04-10 14:00:00,2025-04-10 15:00:00
1157,기타,,2025-04-10 15:00:00,2025-04-10 16:00:00
1158,실내활동,,2025-04-10 16:00:00,2025-04-10 18:00:00
1159,저녁식사,,2025-04-10 18:00:00,2025-04-10 20:00:00
1160,운동,,2025-04-10 20:00:00,2025-04-10 22:00:00
1161,운동,,2025-04-10 22:00:00,2025-04-10 23:00:00
1162,운동,,2025-04-10 23:00:00,2025-04-11 00:00:00
1163,아침식사,,2025-04-11 08:00:00,2025-04-11 10:00:00
1164,공원,,2025-04-11 10:00:00,2025-04-11 12:00:00
1165,점심식사,,2025-04-11 12:00:00,2025-04-11 14:00:00
1166,운동,,2025-04-11 14:00:00,2025-04-11 15:00:00
1167,운동,,2025-04-11 15:00:00,2025-04-11 16:00:00
1168,기타,,2025-04-11 16:00:00,2025-04-11 17:00:00
1169,운동,,2025-04-11 17:00:00,2025-04-11 19:00:00
1170,실내활동,,2025-04-11 19:00:00,2025-04-11 20:00:00
1171,기타,,2025-04-11 20:00:00,2025-04-11 22:00:00
1172,실내활동,,2025-04-11 22:00:00,2025-04-12 00:00:00
1173,관람,,2025-04-11 22:00:00,2025-04-11 23:00:00
1174,아침식사,,2025-04-12 08:00:00,2025-04-12 10:00:00
1175,운동,,2025-04-12 10:00:00,2025-04-12 11:00:00
1176,운동,,2025-04-12 11:00:00,2025-04-12 12:00:00
1177,점심식사,,2025-04-12 12:00:00,2025-04-12 14:00:00
1178,운동,,2025-04-12 14:00:00,2025-04-12 15:00:00
1179,스포츠,,2025-04-12 15:00:00,2025-04-12 16:00:00
1180,스포츠,,2025-04-12 16:00:00,2025-04-12 17:00:00
1181,운동,,2025-04-12 17:00:00,2025-04-12 19:00:00
1182,기타,,2025-04-12 19:00:00,2025-04-12 21:00:00
1183,기타,,2025-04-12 21:00:00,2025-04-12 23:00:00
1184,기타,,2025-04-12 23:00:00,2025-04-13 00:00:00
1185,아침식사,,2025-04-13 08:00:00,2025-04-13 10:00:00
1186,실내활동,,2025-04-13 10:00:00,2025-04-13 12:00:00
1187,점심식사,,2025-04-13 12:00:00,2025-04-13 14:00:00
1188,기타,,2025-04-13 14:00:00,2025-04-13 16:00:00
1189,운동,,2025-04-13 16:00:00,2025-04-13 18:00:00
1190,저녁식사,,2025-04-13 18:00:00,2025-04-13 20:00:00
1191,운동,,2025-04-13 20:00:00,2025-04-13 22:00:00
1192,운동,,2025-04-13 22:00:00,2025-04-14 00:00:00
1193,공부,,2025-04-13 22:00:00,2025-04-13 23:00:00
1194,관람,,2025-04-13 22:00:00,2025-04-13 23:00:00
1195,아침식사,,2025-04-14 08:00:00,2025-04-14 10:00:00
1196,운동,,2025-04-14 10:00:00,2025-04-14 11:00:00
1197,공원,,2025-04-14 11:00:00,2025-04-14 12:00:00
1198,점심식사,,2025-04-14 12:00:00,2025-04-14 14:00:00
1199,관람,,2025-04-14 14:00:00,2025-04-14 16:00:00
1200,운동,,2025-04-14 16:00:00,2025-04-14 17:00:00
1201,기타,,2025-04-14 17:00:00,2025-04-14 18:00:00
1202,저녁식사,,2025-04-14 18:00:00,2025-04-14 20:00:00
1203,운동,,2025-04-14 20:00:00,2025-04-14 22:00:00
1204,공원,,2025-04-14 22:00:00,2025-04-15 00:00:00
1205,아침식사,,2025-04-15 08:00:00,2025-04-15 10:00:00
1206,공부,,2025-04-15 10:00:00,2025-04-15 11:00:00
1207,기타,,2025-04-15 11:00:00,2025-04-15 12:00:00
1208,점심식사,,2025-04-15 12:00:00,2025-04-15 14:00:00
1209,기타,,2025-04-15 14:00:00,2025-04-15 16:00:00
1210,공부,,2025-04-15 16:00:00,2025-04-15 18:00:00
1211,저녁식사,,2025-04-15 18:00:00,2025-04-15 20:00:00
1212,공부,,2025-04-15 20:00:00,2025-04-15 22:00:00
1213,운동,,2025-04-15 22:00:00,2025-04-15 23:00:00
1214,공부,,2025-04-15 23:00:00,2025-04-16 00:00:00
1215,아침식사,,2025-04-16 08:00:00,2025-04-16 10:00:00
1216,기타,,2025-04-16 10:00:00,2025-04-16 11:00:00
1217,운동,,2025-04-16 11:00:00,2025-04-16 12:00:00
1218,점심식사,,2025-04-16 12:00:00,2025-04-16 14:00:00
1219,공원,,2025-04-16 14:00:00,2025-04-16 15:00:00
1220,기타,,2025-04-16 15:00:00,2025-04-16 16:00:00
1221,공부,,2025-04-16 16:00:00,2025-04-16 18:00:00
1222,저녁식사,,2025-04-16 18:00:00,2025-04-16 20:00:00
1223,실내활동,,2025-04-16 20:00:00,2025-04-16 22:00:00
1224,공원,,2025-04-16 22:00:00,2025-04-17 00:00:00
1225,아침식사,,2025-04-17 08:00:00,2025-04-17 10:00:00
1226,실내활동,,2025-04-17 10:00:00,2025-04-17 11:00:00
1227,기타,,2025-04-17 11:00:00,2025-04-17 12:00:00
1228,점심식사,,2025-04-17 12:00:00,2025-04-17 14:00:00
1229,실내활동,,2025-04-17 14:00:00,2025-04-17 16:00:00
1230,실내활동,,2025-04-17 16:00:00,2025-04-17 17:00:00
1231,기타,,2025-04-17 17:00:00,2025-04-17 19:00:00
1232,운동,,2025-04-17 19:00:00,2025-04-17 21:00:00
1233,기타,,2025-04-17 21:00:00,2025-04-17 22:00:00
1234,기타,,2025-04-17 22:00:00,2025-04-18 00:00:00
1235,아침식사,,2025-04-18 08:00:00,2025-04-18 10:00:00
1236,공원,,2025-04-18 10:00:00,2025-04-18 11:00:00
1237,기타,,2025-04-18 11:00:00,2025-04-18 12:00:00
1238,점심식사,,2025-04-18 12:00:00,2025-04-18 14:00:00
1239,기타,,2025-04-18 14:00:00,2025-04-18 15:00:00
1240,관람,,2025-04-18 15:00:00,2025-04-18 17:00:00
1241,실내활동,,2025-04-18 17:00:00,2025-04-18 18:00:00
1242,저녁식사,,2025-04-18 18:00:00,2025-04-18 20:00:00
1243,기타,,2025-04-18 20:00:00,2025-04-18 21:00:00
1244,운동,,2025-04-18 21:00:00,2025-04-18 22:00:00
1245,관람,,2025-04-18 22:00:00,2025-04-19 00:00:00
1246,아침식사,,2025-04-19 08:00:00,2025-04-19 10:00:00
1247,기타,,2025-04-19 10:00:00,2025-04-19 12:00:00
1248,점심식사,,2025-04-19 12:00:00,2025-04-19 14:00:00
1249,스포츠,,2025-04-19 14:00:00,2025-04-19 15:00:00
1250,기타,,2025-04-19 15:00:00,2025-04-19 16:00:00
1251,기타,,2025-04-19 16:00:00,2025-04-19 17:00:00
1252,기타,,2025-04-19 17:00:00,2025-04-19 18:00:00
1253,저녁식사,,2025-04-19 18:00:00,2025-04-19 20:00:00
1254,기타,,2025-04-19 20:00:00,2025-04-19 22:00:00
1255,스포츠,,2025-04-19 22:00:00,2025-04-20 00:00:00
1256,운동,,2025-04-19 22:00:00,2025-04-19 23:00:00
1257,아침식사,,2025-04-20 08:00:00,2025-04-20 10:00:00
1258,운동,,2025-04-20 10:00:00,2025-04-20 12:00:00
1259,점심식사,,2025-04-20 12:00:00,2025-04-20 14:00:00
1260,운동,,2025-04-20 14:00:00,2025-04-20 15:00:00
1261,공부,,2025-04-20 15:00:00,2025-04-20 16:00:00
1262,공부,,2025-04-20 16:00:00,2025-04-20 17:00:00
1263,공부,,2025-04-20 17:00:00,2025-04-20 19:00:00
1264,관람,,2025-04-20 19:00:00,2025-04-20 20:00:00
1265,관람,,2025-04-20 20:00:00,2025-04-20 22:00:00
1266,관람,,2025-04-20 22:00:00,2025-04-21 00:00:00
1267,실내활동,,2025-04-20 22:00:00,2025-04-20 23:00:00
1268,기타,,2025-04-20 22:00:00,2025-04-20 23:00:00
1269,아침식사,,2025-04-21 08:00:00,2025-04-21 10:00:00
1270,운동,,2025-04-21 10:00:00,2025-04-21 12:00:00
1271,점심식사,,2025-04-21 12:00:00,2025-04-21 14:00:00
1272,운동,,2025-04-21 14:00:00,2025-04-21 16:00:00
1273,기타,,2025-04-21 16:00:00,2025-04-21 17:00:00
1274,관람,,2025-04-21 17:00:00,2025-04-21 18:00:00
1275,저녁식사,,2025-04-21 18:00:00,2025-04-21 20:00:00
1276,공원,,2025-04-21 20:00:00,2025-04-21 21:00:00
1277,기타,,2025-04-21 21:00:00,2025-04-21 23:00:00
1278,운동,,2025-04-21 23:00:00,2025-04-22 00:00:00
1279,아침식사,,2025-04-22 08:00:00,2025-04-22 10:00:00
1280,기타,,2025-04-22 10:00:00,2025-04-22 11:00:00
1281,운동,,2025-04-22 11:00:00,2025-04-22 13:00:00
1282,운동,,2025-04-22 13:00:00,2025-04-22 14:00:00
1283,운동,,2025-04-22 14:00:00,2025-04-22 16:00:00
1284,운동,,2025-04-22 16:00:00,2025-04-22 18:00:00
1285,저녁식사,,2025-04-22 18:00:00,2025-04-22 20:00:00
1286,기타,,2025-04-22 20:00:00,2025-04-22 22:00:00
1287,기타,,2025-04-22 22:00:00,2025-04-23 00:00:00
1288,공부,,2025-04-22 22:00:00,2025-04-22 23:00:00
1289,아침식사,,2025-04-23 08:00:00,2025-04-23 10:00:00
1290,운동,,2025-04-23 10:00:00,2025-04-23 12:00:00
1291,점심식사,,2025-04-23 12:00:00,2025-04-23 14:00:00
1292,공원,,2025-04-23 14:00:00,2025-04-23 16:00:00
1293,기타,,2025-04-23 16:00:00,2025-04-23 17:00:00
1294,공부,,2025-04-23 17:00:00,2025-04-23 19:00:00
1295,운동,,2025-04-23 19:00:00,2025-04-23 21:00:00
1296,공원,,2025-04-23 21:00:00,2025-04-23 22:00:00
1297,기타,,2025-04-23 22:00:00,2025-04-23 23:00:00
1298,기타,,2025-04-23 23:00:00,2025-04-24 00:00:00
1299,실내활동,,2025-04-23 22:00:00,2025-04-23 23:00:00
1300,아침식사,,2025-04-24 08:00:00,2025-04-24 10:00:00
1301,실내활동,,2025-04-24 10:00:00,2025-04-24 12:00:00
1302,점심식사,,2025-04-24 12:00:00,2025-04-24 14:00:00
1303,기타,,2025-04-24 14:00:00,2025-04-24 15:00:00
1304,기타,,2025-04-24 15:00:00,2025-04-24 17:00:00
1305,운동,,2025-04-24 17:00:00,2025-04-24 19:00:00
1306,운동,,2025-04-24 19:00:00,2025-04-24 20:00:00
1307,기타,,2025-04-24 20:00:00,2025-04-24 21:00:00
1308,기타,,2025-04-24 21:00:00,2025-04-24 23:00:00
1309,운동,,2025-04-24 23:00:00,2025-04-25 00:00:00
1310,아침식사,,2025-04-25 08:00:00,2025-04-25 10:00:00
1311,기타,,2025-04-25 10:00:00,2025-04-25 11:00:00
1312,관람,,2025-04-25 11:00:00,2025-04-25 13:00:00
1313,실내활동,,2025-04-25 13:00:00,2025-04-25 15:00:00
1314,운동,,2025-04-25 15:00:00,2025-04-25 16:00:00
1315,공원,,2025-04-25 16:00:00,2025-04-25 18:00:00
1316,저녁식사,,2025-04-25 18:00:00,2025-04-25 20:00:00
1317,공원,,2025-04-25 20:00:00,2025-04-25 22:00:00
1318,공원,,2025-04-25 22:00:00,2025-04-26 00:00:00
1319,아침식사,,2025-04-26 08:00:00,2025-04-26 10:00:00
1320,기타,,2025-04-26 10:00:00,2025-04-26 12:00:00
1321,점심식사,,2025-04-26 12:00:00,2025-04-26 14:00:00
1322,스포츠,,2025-04-26 14:00:00,2025-04-26 15:00:00
1323,스포츠,,2025-04-26 15:00:00,2025-04-26 17:00:00
1324,기타,,2025-04-26 17:00:00,2025-04-26 18:00:00
1325,저녁식사,,2025-04-26 18:00:00,2025-04-26 20:00:00
1326,스포츠,,2025-04-26 20:00:00,2025-04-26 21:00:00
1327,운동,,2025-04-26 21:00:00,2025-04-26 23:00:00
1328,스포츠,,2025-04-26 23:00:00,2025-04-27 00:00:00
1329,아침식사,,2025-04-27 08:00:00,2025-04-27 10:00:00
1330,기타,,2025-04-27 10:00:00,2025-04-27 11:00:00
1331,실내활동,,2025-04-27 11:00:00,2025-04-27 12:00:00
1332,점심식사,,2025-04-27 12:00:00,2025-04-27 14:00:00
1333,관람,,2025-04-27 14:00:00,2025-04-27 15:00:00
1334,관람,,2025-04-27 15:00:00,2025-04-27 16:00:00
1335,관람,,2025-04-27 16:00:00,2025-04-27 18:00:00
1336,저녁식사,,2025-04-27 18:00:00,2025-04-27 20:00:00
1337,실내활동,,2025-04-27 20:00:00,2025-04-27 22:00:00
1338,실내활동,,2025-04-27 22:00:00,2025-04-27 23:00:00
1339,실내활동,,2025-04-27 23:00:00,2025-04-28 00:00:00
1340,운동,,2025-04-27 22:00:00,2025-04-27 23:00:00
1341,공부,,2025-04-27 22:00:00,2025-04-27 23:00:00
1342,아침식사,,2025-04-28 08:00:00,2025-04-28 10:00:00
1343,관람,,2025-04-28 10:00:00,2025-04-28 12:00:00
1344,점심식사,,2025-04-28 12:00:00,2025-04-28 14:00:00
1345,운동,,2025-04-28 14:00:00,2025-04-28 16:00:00
1346,관람,,2025-04-28 16:00:00,2025-04-28 18:00:00
1347,저녁식사,,2025-04-28 18:00:00,2025-04-28 20:00:00
1348,기타,,2025-04-28 20:00:00,2025-04-28 22:00:00
1349,운동,,2025-04-28 22:00:00,2025-04-29 00:00:00
1350,공원,,2025-04-28 22:00:00,2025-04-28 23:00:00
1351,아침식사,,2025-04-29 08:00:00,2025-04-29 10:00:00
1352,운동,,2025-04-29 10:00:00,2025-04-29 11:00:00
1353,기타,,2025-04-29 11:00:00,2025-04-29 12:00:00
1354,점심식사,,2025-04-29 12:00:00,2025-04-29 14:00:00
1355,기타,,2025-04-29 14:00:00,2025-04-29 15:00:00
1356,공부,,2025-04-29 15:00:00,2025-04-29 17:00:00
1357,공부,,2025-04-29 17:00:00,2025-04-29 19:00:00
1358,운동,,2025-04-29 19:00:00,2025-04-29 20:00:00
1359,공부,,2025-04-29 20:00:00,2025-04-29 21:00:00
1360,기타,,2025-04-29 21:00:00,2025-04-29 22:00:00
1361,기타,,2025-04-29 22:00:00,2025-04-30 00:00:00
1362,아침식사,,2025-04-30 08:00:00,2025-04-30 10:00:00
1363,공부,,2025-04-30 10:00:00,2025-04-30 11:00:00
1364,실내활동,,2025-04-30 11:00:00,2025-04-30 13:00:00
1365,공원,,2025-04-30 13:00:00,2025-04-30 14:00:00
1366,공부,,2025-04-30 14:00:00,2025-04-30 15:00:00
1367,운동,,2025-04-30 15:00:00,2025-04-30 17:00:00
1368,운동,,2025-04-30 17:00:00,2025-04-30 18:00:00
1369,저녁식사,,2025-04-30 18:00:00,2025-04-30 20:00:00
1370,기타,,2025-04-30 20:00:00,2025-04-30 21:00:00
1371,기타,,2025-04-30 21:00:00,2025-04-30 22:00:00
1372,실내활동,,2025-04-30 22:00:00,2025-04-30 23:00:00
1373,공부,,2025-04-30 23:00:00,2025-05-01 00:00:00
1374,아침식사,,2025-05-01 08:00:00,2025-05-01 10:00:00
1375,기타,,2025-05-01 10:00:00,2025-05-01 11:00:00
1376,실내활동,,2025-05-01 11:00:00,2025-05-01 12:00:00
1377,점심식사,,2025-05-01 12:00:00,2025-05-01 14:00:00
1378,실내활동,,2025-05-01 14:00:00,2025-05-01 15:00:00
1379,실내활동,,2025-05-01 15:00:00,2025-05-01 16:00:00
1380,운동,,2025-05-01 16:00:00,2025-05-01 17:00:00
1381,기타,,2025-05-01 17:00:00,2025-05-01 18:00:00
1382,저녁식사,,2025-05-01 18:00:00,2025-05-01 20:00:00
1383,기타,,2025-05-01 20:00:00,2025-05-01 22:00:00
1384,기타,,2025-05-01 22:00:00,2025-05-02 00:00:00
1385,아침식사,,2025-05-02 08:00:00,2025-05-02 10:00:00
1386,운동,,2025-05-02 10:00:00,2025-05-02 12:00:00
1387,점심식사,,2025-05-02 12:00:00,2025-05-02 14:00:00
1388,운동,,2025-05-02 14:00:00,2025-05-02 16:00:00
1389,실내활동,,2025-05-02 16:00:00,2025-05-02 17:00:00
1390,공원,,2025-05-02 17:00:00,2025-05-02 19:00:00
1391,공원,,2025-05-02 19:00:00,2025-05-02 21:00:00
1392,기타,,2025-05-02 21:00:00,2025-05-02 22:00:00
1393,기타,,2025-05-02 22:00:00,2025-05-02 23:00:00
1394,기타,,2025-05-02 23:00:00,2025-05-03 00:00:00
1395,관람,,2025-05-02 22:00:00,2025-05-02 23:00:00
1396,아침식사,,2025-05-03 08:00:00,2025-05-03 10:00:00
1397,운동,,2025-05-03 10:00:00,2025-05-03 11:00:00
1398,기타,,2025-05-03 11:00:00,2025-05-03 13:00:00
1399,운동,,2025-05-03 13:00:00,2025-05-03 14:00:00
1400,운동,,2025-05-03 14:00:00,2025-05-03 16:00:00
1401,기타,,2025-05-03 16:00:00,2025-05-03 18:00:00
1402,저녁식사,,2025-05-03 18:00:00,2025-05-03 20:00:00
1403,스포츠,,2025-05-03 20:00:00,2025-05-03 22:00:00
1404,기타,,2025-05-03 22:00:00,2025-05-04 00:00:00
1405,아침식사,,2025-05-04 08:00:00,2025-05-04 10:00:00
1406,운동,,2025-05-04 10:00:00,2025-05-04 12:00:00
1407,점심식사,,2025-05-04 12:00:00,2025-05-04 14:00:00
1408,실내활동,,2025-05-04 14:00:00,2025-05-04 16:00:00
1409,기타,,2025-05-04 16:00:00,2025-05-04 17:00:00
1410,공부,,2025-05-04 17:00:00,2025-05-04 19:00:00
1411,기타,,2025-05-04 19:00:00,2025-05-04 20:00:00
1412,실내활동,,2025-05-04 20:00:00,2025-05-04 21:00:00
1413,운동,,2025-05-04 21:00:00,2025-05-04 23:00:00
1414,운동,,2025-05-04 23:00:00,2025-05-05 00:00:00
1415,관람,,2025-05-04 22:00:00,2025-05-04 23:00:00
1416,아침식사,,2025-05-05 08:00:00,2025-05-05 10:00:00
1417,기타,,2025-05-05 10:00:00,2025-05-05 11:00:00
1418,기타,,2025-05-05 11:00:00,2025-05-05 12:00:00
1419,점심식사,,2025-05-05 12:00:00,2025-05-05 14:00:00
1420,공원,,2025-05-05 14:00:00,2025-05-05 16:00:00
1421,운동,,2025-05-05 16:00:00,2025-05-05 17:00:00
1422,관람,,2025-05-05 17:00:00,2025-05-05 18:00:00
1423,저녁식사,,2025-05-05 18:00:00,2025-05-05 20:00:00
1424,운동,,2025-05-05 20:00:00,2025-05-05 22:00:00
1425,기타,,2025-05-05 22:00:00,2025-05-05 23:00:00
1426,관람,,2025-05-05 23:00:00,2025-05-06 00:00:00
1427,아침식사,,2025-05-06 08:00:00,2025-05-06 10:00:00
1428,공부,,2025-05-06 10:00:00,2025-05-06 12:00:00
1429,점심식사,,2025-05-06 12:00:00,2025-05-06 14:00:00
1430,운동,,2025-05-06 14:00:00,2025-05-06 15:00:00
1431,기타,,2025-05-06 15:00:00,2025-05-06 16:00:00
1432,운동,,2025-05-06 16:00:00,2025-05-06 18:00:00
1433,저녁식사,,2025-05-06 18:00:00,2025-05-06 20:00:00
1434,공부,,2025-05-06 20:00:00,2025-05-06 22:00:00
1435,기타,,2025-05-06 22:00:00,2025-05-06 23:00:00
1436,운동,,2025-05-06 23:00:00,2025-05-07 00:00:00
1437,아침식사,,2025-05-07 08:00:00,2025-05-07 10:00:00
1438,기타,,2025-05-07 10:00:00,2025-05-07 11:00:00
1439,공원,,2025-05-07 11:00:00,2025-05-07 12:00:00
1440,점심식사,,2025-05-07 12:00:00,2025-05-07 14:00:00
1441,기타,,2025-05-07 14:00:00,2025-05-07 16:00:00
1442,공부,,2025-05-07 16:00:00,2025-05-07 18:00:00
1443,저녁식사,,2025-05-07 18:00:00,2025-05-07 20:00:00
1444,기타,,2025-05-07 20:00:00,2025-05-07 21:00:00
1445,공부,,2025-05-07 21:00:00,2025-05-07 23:00:00
1446,공부,,2025-05-07 23:00:00,2025-05-08 00:00:00
1447,운동,,2025-05-07 22:00:00,2025-05-07 23:00:00
1448,실내활동,,2025-05-07 22:00:00,2025-05-07 23:00:00
1449,아침식사,,2025-05-08 08:00:00,2025-05-08 10:00:00
1450,기타,,2025-05-08 10:00:00,2025-05-08 11:00:00
1451,운동,,2025-05-08 11:00:00,2025-05-08 13:00:00
1452,운동,,2025-05-08 13:00:00,2025-05-08 15:00:00
1453,운동,,2025-05-08 15:00:00,2025-05-08 17:00:00
1454,기타,,2025-05-08 17:00:00,2025-05-08 19:00:00
1455,실내활동,,2025-05-08 19:00:00,2025-05-08 20:00:00
1456,실내활동,,2025-05-08 20:00:00,2025-05-08 22:00:00
1457,실내활동,,2025-05-08 22:00:00,2025-05-08 23:00:00
1458,실내활동,,2025-05-08 23:00:00,2025-05-09 00:00:00
1459,아침식사,,2025-05-09 08:00:00,2025-05-09 10:00:00
1460,기타,,2025-05-09 10:00:00,2025-05-09 11:00:00
1461,운동,,2025-05-09 11:00:00,2025-05-09 13:00:00
1462,기타,,2025-05-09 13:00:00,2025-05-09 15:00:00
1463,기타,,2025-05-09 15:00:00,2025-05-09 17:00:00
1464,공원,,2025-05-09 17:00:00,2025-05-09 19:00:00
1465,실내활동,,2025-05-09 19:00:00,2025-05-09 21:00:00
1466,기타,,2025-05-09 21:00:00,2025-05-09 23:00:00
1467,실내활동,,2025-05-09 23:00:00,2025-05-10 00:00:00
1468,관람,,2025-05-09 22:00:00,2025-05-09 23:00:00
1469,아침식사,,2025-05-10 08:00:00,2025-05-10 10:00:00
1470,기타,,2025-05-10 10:00:00,2025-05-10 11:00:00
1471,운동,,2025-05-10 11:00:00,2025-05-10 13:00:00
1472,스포츠,,2025-05-10 13:00:00,2025-05-10 15:00:00
1473,기타,,2025-05-10 15:00:00,2025-05-10 16:00:00
1474,운동,,2025-05-10 16:00:00,2025-05-10 18:00:00
1475,저녁식사,,2025-05-10 18:00:00,2025-05-10 20:00:00
1476,기타,,2025-05-10 20:00:00,2025-05-10 21:00:00
1477,기타,,2025-05-10 21:00:00,2025-05-10 22:00:00
1478,운동,,2025-05-10 22:00:00,2025-05-10 23:00:00
1479,기타,,2025-05-10 23:00:00,2025-05-11 00:00:00
1480,아침식사,,2025-05-11 08:00:00,2025-05-11 10:00:00
1481,실내활동,,2025-05-11 10:00:00,2025-05-11 12:00:00
1482,점심식사,,2025-05-11 12:00:00,2025-05-11 14:00:00
1483,관람,,2025-05-11 14:00:00,2025-05-11 15:00:00
1484,실내활동,,2025-05-11 15:00:00,2025-05-11 17:00:00
1485,실내활동,,2025-05-11 17:00:00,2025-05-11 19:00:00
1486,운동,,2025-05-11 19:00:00,2025-05-11 20:00:00
1487,기타,,2025-05-11 20:00:00,2025-05-11 22:00:00
1488,공부,,2025-05-11 22:00:00,2025-05-12 00:00:00
1489,아침식사,,2025-05-12 08:00:00,2025-05-12 10:00:00
1490,관람,,2025-05-12 10:00:00,2025-05-12 11:00:00
1491,운동,,2025-05-12 11:00:00,2025-05-12 13:00:00
1492,운동,,2025-05-12 13:00:00,2025-05-12 15:00:00
1493,기타,,2025-05-12 15:00:00,2025-05-12 16:00:00
1494,공원,,2025-05-12 16:00:00,2025-05-12 18:00:00
1495,저녁식사,,2025-05-12 18:00:00,2025-05-12 20:00:00
1496,공원,,2025-05-12 20:00:00,2025-05-12 21:00:00
1497,기타,,2025-05-12 21:00:00,2025-05-12 22:00:00
1498,관람,,2025-05-12 22:00:00,2025-05-12 23:00:00
1499,공원,,2025-05-12 23:00:00,2025-05-13 00:00:00
1500,아침식사,,2025-05-13 08:00:00,2025-05-13 10:00:00
1501,기타,,2025-05-13 10:00:00,2025-05-13 11:00:00
1502,운동,,2025-05-13 11:00:00,2025-05-13 13:00:00
1503,기타,,2025-05-13 13:00:00,2025-05-13 15:00:00
1504,공부,,2025-05-13 15:00:00,2025-05-13 16:00:00
1505,공부,,2025-05-13 16:00:00,2025-05-13 17:00:00
1506,운동,,2025-05-13 17:00:00,2025-05-13 19:00:00
1507,공부,,2025-05-13 19:00:00,2025-05-13 20:00:00
1508,기타,,2025-05-13 20:00:00,2025-05-13 21:00:00
1509,공부,,2025-05-13 21:00:00,2025-05-13 23:00:00
1510,공부,,2025-05-13 23:00:00,2025-05-14 00:00:00
1511,아침식사,,2025-05-14 08:00:00,2025-05-14 10:00:00
1512,공원,,2025-05-14 10:00:00,2025-05-14 12:00:00
1513,점심식사,,2025-05-14 12:00:00,2025-05-14 14:00:00
1514,운동,,2025-05-14 14:00:00,2025-05-14 16:00:00
1515,공원,,2025-05-14 16:00:00,2025-05-14 18:00:00
1516,저녁식사,,2025-05-14 18:00:00,2025-05-14 20:00:00
1517,실내활동,,2025-05-14 20:00:00,2025-05-14 21:00:00
1518,공부,,2025-05-14 21:00:00,2025-05-14 22:00:00
1519,기타,,2025-05-14 22:00:00,2025-05-15 00:00:00
1520,아침식사,,2025-05-15 08:00:00,2025-05-15 10:00:00
1521,운동,,2025-05-15 10:00:00,2025-05-15 12:00:00
1522,점심식사,,2025-05-15 12:00:00,2025-05-15 14:00:00
1523,기타,,2025-05-15 14:00:00,2025-05-15 15:00:00
1524,운동,,2025-05-15 15:00:00,2025-05-15 16:00:00
1525,운동,,2025-05-15 16:00:00,2025-05-15 18:00:00
1526,저녁식사,,2025-05-15 18:00:00,2025-05-15 20:00:00
1527,실내활동,,2025-05-15 20:00:00,2025-05-15 21:00:00
1528,실내활동,,2025-05-15 21:00:00,2025-05-15 23:00:00
1529,운동,,2025-05-15 23:00:00,2025-05-16 00:00:00
1530,아침식사,,2025-05-16 08:00:00,2025-05-16 10:00:00
1531,관람,,2025-05-16 10:00:00,2025-05-16 12:00:00
1532,점심식사,,2025-05-16 12:00:00,2025-05-16 14:00:00
1533,운동,,2025-05-16 14:00:00,2025-05-16 16:00:00
1534,공원,,2025-05-16 16:00:00,2025-05-16 18:00:00
1535,저녁식사,,2025-05-16 18:00:00,2025-05-16 20:00:00
1536,기타,,2025-05-16 20:00:00,2025-05-16 22:00:00
1537,기타,,2025-05-16 22:00:00,2025-05-16 23:00:00
1538,공원,,2025-05-16 23:00:00,2025-05-17 00:00:00
1539,실내활동,,2025-05-16 22:00:00,2025-05-16 23:00:00
1540,아침식사,,2025-05-17 08:00:00,2025-05-17 10:00:00
1541,운동,,2025-05-17 10:00:00,2025-05-17 12:00:00
1542,점심식사,,2025-05-17 12:00:00,2025-05-17 14:00:00
1543,운동,,2025-05-17 14:00:00,2025-05-17 15:00:00
1544,기타,,2025-05-17 15:00:00,2025-05-17 17:00:00
1545,스포츠,,2025-05-17 17:00:00,2025-05-17 19:00:00
1546,운동,,2025-05-17 19:00:00,2025-05-17 21:00:00
1547,기타,,2025-05-17 21:00:00,2025-05-17 22:00:00
1548,기타,,2025-05-17 22:00:00,2025-05-18 00:00:00
1549,아침식사,,2025-05-18 08:00:00,2025-05-18 10:00:00
1550,관람,,2025-05-18 10:00:00,2025-05-18 12:00:00
1551,점심식사,,2025-05-18 12:00:00,2025-05-18 14:00:00
1552,기타,,2025-05-18 14:00:00,2025-05-18 16:00:00
1553,실내활동,,2025-05-18 16:00:00,2025-05-18 17:00:00
1554,운동,,2025-05-18 17:00:00,2025-05-18 19:00:00
1555,운동,,2025-05-18 19:00:00,2025-05-18 20:00:00
1556,관람,,2025-05-18 20:00:00,2025-05-18 22:00:00
1557,기타,,2025-05-18 22:00:00,2025-05-18 23:00:00
1558,운동,,2025-05-18 23:00:00,2025-05-19 00:00:00
1559,공부,,2025-05-18 22:00:00,2025-05-18 23:00:00
1560,아침식사,,2025-05-19 08:00:00,2025-05-19 10:00:00
1561,기타,,2025-05-19 10:00:00,2025-05-19 11:00:00
1562,관람,,2025-05-19 11:00:00,2025-05-19 12:00:00
1563,점심식사,,2025-05-19 12:00:00,2025-05-19 14:00:00
1564,운동,,2025-05-19 14:00:00,2025-05-19 16:00:00
1565,관람,,2025-05-19 16:00:00,2025-05-19 17:00:00
1566,기타,,2025-05-19 17:00:00,2025-05-19 18:00:00
1567,저녁식사,,2025-05-19 18:00:00,2025-05-19 20:00:00
1568,공원,,2025-05-19 20:00:00,2025-05-19 22:00:00
1569,기타,,2025-05-19 22:00:00,2025-05-20 00:00:00
1570,아침식사,,2025-05-20 08:00:00,2025-05-20 10:00:00
1571,기타,,2025-05-20 10:00:00,2025-05-20 11:00:00
1572,공부,,2025-05-20 11:00:00,2025-05-20 13:00:00
1573,공부,,2025-05-20 13:00:00,2025-05-20 15:00:00
1574,운동,,2025-05-20 15:00:00,2025-05-20 17:00:00
1575,운동,,2025-05-20 17:00:00,2025-05-20 18:00:00
1576,저녁식사,,2025-05-20 18:00:00,2025-05-20 20:00:00
1577,운동,,2025-05-20 20:00:00,2025-05-20 21:00:00
1578,공부,,2025-05-20 21:00:00,2025-05-20 22:00:00
1579,기타,,2025-05-20 22:00:00,2025-05-20 23:00:00
1580,공부,,2025-05-20 23:00:00,2025-05-21 00:00:00
1581,아침식사,,2025-05-21 08:00:00,2025-05-21 10:00:00
1582,공부,,2025-05-21 10:00:00,2025-05-21 12:00:00
1583,점심식사,,2025-05-21 12:00:00,2025-05-21 14:00:00
1584,실내활동,,2025-05-21 14:00:00,2025-05-21 15:00:00
1585,기타,,2025-05-21 15:00:00,2025-05-21 16:00:00
1586,공원,,2025-05-21 16:00:00,2025-05-21 18:00:00
1587,저녁식사,,2025-05-21 18:00:00,2025-05-21 20:00:00
1588,기타,,2025-05-21 20:00:00,2025-05-21 22:00:00
1589,운동,,2025-05-21 22:00:00,2025-05-22 00:00:00
1590,아침식사,,2025-05-22 08:00:00,2025-05-22 10:00:00
1591,실내활동,,2025-05-22 10:00:00,2025-05-22 12:00:00
1592,점심식사,,2025-05-22 12:00:00,2025-05-22 14:00:00
1593,운동,,2025-05-22 14:00:00,2025-05-22 16:00:00
1594,기타,,2025-05-22 16:00:00,2025-05-22 17:00:00
1595,운동,,2025-05-22 17:00:00,2025-05-22 18:00:00
1596,저녁식사,,2025-05-22 18:00:00,2025-05-22 20:00:00
1597,운동,,2025-05-22 20:00:00,2025-05-22 21:00:00
1598,실내활동,,2025-05-22 21:00:00,2025-05-22 23:00:00
1599,기타,,2025-05-22 23:00:00,2025-05-23 00:00:00
1600,아침식사,,2025-05-23 08:00:00,2025-05-23 10:00:00
1601,실내활동,,2025-05-23 10:00:00,2025-05-23 11:00:00
1602,기타,,2025-05-23 11:00:00,2025-05-23 13:00:00
1603,공원,,2025-05-23 13:00:00,2025-05-23 14:00:00
1604,운동,,2025-05-23 14:00:00,2025-05-23 16:00:00
1605,공원,,2025-05-23 16:00:00,2025-05-23 18:00:00
1606,저녁식사,,2025-05-23 18:00:00,2025-05-23 20:00:00
1607,운동,,2025-05-23 20:00:00,2025-05-23 21:00:00
1608,기타,,2025-05-23 21:00:00,2025-05-23 23:00:00
1609,실내활동,,2025-05-23 23:00:00,2025-05-24 00:00:00
1610,관람,,2025-05-23 22:00:00,2025-05-23 23:00:00
1611,아침식사,,2025-05-24 08:00:00,2025-05-24 10:00:00
1612,스포츠,,2025-05-24 10:00:00,2025-05-24 12:00:00
1613,점심식사,,2025-05-24 12:00:00,2025-05-24 14:00:00
1614,스포츠,,2025-05-24 14:00:00,2025-05-24 15:00:00
1615,스포츠,,2025-05-24 15:00:00,2025-05-24 16:00:00
1616,기타,,2025-05-24 16:00:00,2025-05-24 17:00:00
1617,스포츠,,2025-05-24 17:00:00,2025-05-24 19:00:00
1618,스포츠,,2025-05-24 19:00:00,2025-05-24 20:00:00
1619,기타,,2025-05-24 20:00:00,2025-05-24 21:00:00
1620,스포츠,,2025-05-24 21:00:00,2025-05-24 23:00:00
1621,기타,,2025-05-24 23:00:00,2025-05-25 00:00:00
1622,운동,,2025-05-24 22:00:00,2025-05-24 23:00:00
1623,아침식사,,2025-05-25 08:00:00,2025-05-25 10:00:00
1624,기타,,2025-05-25 10:00:00,2025-05-25 11:00:00
1625,실내활동,,2025-05-25 11:00:00,2025-05-25 13:00:00
1626,운동,,2025-05-25 13:00:00,2025-05-25 15:00:00
1627,운동,,2025-05-25 15:00:00,2025-05-25 16:00:00
1628,관람,,2025-05-25 16:00:00,2025-05-25 18:00:00
1629,저녁식사,,2025-05-25 18:00:00,2025-05-25 20:00:00
1630,관람,,2025-05-25 20:00:00,2025-05-25 22:00:00
1631,운동,,2025-05-25 22:00:00,2025-05-26 00:00:00
1632,공부,,2025-05-25 22:00:00,2025-05-25 23:00:00
1633,아침식사,,2025-05-26 08:00:00,2025-05-26 10:00:00
1634,관람,,2025-05-26 10:00:00,2025-05-26 11:00:00
1635,공원,,2025-05-26 11:00:00,2025-05-26 13:00:00
1636,기타,,2025-05-26 13:00:00,2025-05-26 15:00:00
1637,공원,,2025-05-26 15:00:00,2025-05-26 17:00:00
1638,기타,,2025-05-26 17:00:00,2025-05-26 19:00:00
1639,관람,,2025-05-26 19:00:00,2025-05-26 20:00:00
1640,관람,,2025-05-26 20:00:00,2025-05-26 21:00:00
1641,공원,,2025-05-26 21:00:00,2025-05-26 23:00:00
1642,운동,,2025-05-26 23:00:00,2025-05-27 00:00:00
1643,아침식사,,2025-05-27 08:00:00,2025-05-27 10:00:00
1644,기타,,2025-05-27 10:00:00,2025-05-27 12:00:00
1645,점심식사,,2025-05-27 12:00:00,2025-05-27 14:00:00
1646,운동,,2025-05-27 14:00:00,2025-05-27 16:00:00
1647,공부,,2025-05-27 16:00:00,2025-05-27 18:00:00
1648,저녁식사,,2025-05-27 18:00:00,2025-05-27 20:00:00
1649,운동,,2025-05-27 20:00:00,2025-05-27 22:00:00
1650,공부,,2025-05-27 22:00:00,2025-05-28 00:00:00
1651,아침식사,,2025-05-28 08:00:00,2025-05-28 10:00:00
1652,실내활동,,2025-05-28 10:00:00,2025-05-28 11:00:00
1653,공원,,2025-05-28 11:00:00,2025-05-28 13:00:00
1654,운동,,2025-05-28 13:00:00,2025-05-28 14:00:00
1655,실내활동,,2025-05-28 14:00:00,2025-05-28 16:00:00
1656,실내활동,,2025-05-28 16:00:00,2025-05-28 18:00:00
1657,저녁식사,,2025-05-28 18:00:00,2025-05-28 20:00:00
1658,기타,,2025-05-28 20:00:00,2025-05-28 21:00:00
1659,기타,,2025-05-28 21:00:00,2025-05-28 23:00:00
1660,기타,,2025-05-28 23:00:00,2025-05-29 00:00:00
1661,공부,,2025-05-28 22:00:00,2025-05-28 23:00:00
1662,아침식사,,2025-05-29 08:00:00,2025-05-29 10:00:00
1663,실내활동,,2025-05-29 10:00:00,2025-05-29 12:00:00
1664,점심식사,,2025-05-29 12:00:00,2025-05-29 14:00:00
1665,운동,,2025-05-29 14:00:00,2025-05-29 16:00:00
1666,기타,,2025-05-29 16:00:00,2025-05-29 18:00:00
1667,저녁식사,,2025-05-29 18:00:00,2025-05-29 20:00:00
1668,실내활동,,2025-05-29 20:00:00,2025-05-29 21:00:00
1669,운동,,2025-05-29 21:00:00,2025-05-29 23:00:00
1670,운동,,2025-05-29 23:00:00,2025-05-30 00:00:00
1671,아침식사,,2025-05-30 08:00:00,2025-05-30 10:00:00
1672,관람,,2025-05-30 10:00:00,2025-05-30 11:00:00
1673,공원,,2025-05-30 11:00:00,2025-05-30 13:00:00
1674,공원,,2025-05-30 13:00:00,2025-05-30 15:00:00
1675,기타,,2025-05-30 15:00:00,2025-05-30 17:00:00
1676,기타,,2025-05-30 17:00:00,2025-05-30 19:00:00
1677,운동,,2025-05-30 19:00:00,2025-05-30 21:00:00
1678,실내활동,,2025-05-30 21:00:00,2025-05-30 23:00:00
1679,관람,,2025-05-30 23:00:00,2025-05-31 00:00:00
1680,아침식사,,2025-05-31 08:00:00,2025-05-31 10:00:00
1681,운동,,2025-05-31 10:00:00,2025-05-31 11:00:00
1682,운동,,2025-05-31 11:00:00,2025-05-31 13:00:00
1683,운동,,2025-05-31 13:00:00,2025-05-31 14:00:00
1684,기타,,2025-05-31 14:00:00,2025-05-31 15:00:00
1685,기타,,2025-05-31 15:00:00,2025-05-31 17:00:00
1686,스포츠,,2025-05-31 17:00:00,2025-05-31 19:00:00
1687,스포츠,,2025-05-31 19:00:00,2025-05-31 21:00:00
1688,운동,,2025-05-31 21:00:00,2025-05-31 23:00:00
1689,기타,,2025-05-31 23:00:00,2025-06-01 00:00:00
1690,아침식사,,2025-06-01 08:00:00,2025-06-01 10:00:00
1691,공부,,2025-06-01 10:00:00,2025-06-01 11:00:00
1692,운동,,2025-06-01 11:00:00,2025-06-01 13:00:00
1693,실내활동,,2025-06-01 13:00:00,2025-06-01 14:00:00
1694,공부,,2025-06-01 14:00:00,2025-06-01 15:00:00
1695,운동,,2025-06-01 15:00:00,2025-06-01 16:00:00
1696,운동,,2025-06-01 16:00:00,2025-06-01 17:00:00
1697,실내활동,,2025-06-01 17:00:00,2025-06-01 18:00:00
1698,저녁식사,,2025-06-01 18:00:00,2025-06-01 20:00:00
1699,기타,,2025-06-01 20:00:00,2025-06-01 22:00:00
1700,공부,,2025-06-01 22:00:00,2025-06-01 23:00:00
1701,운동,,2025-06-01 23:00:00,2025-06-02 00:00:00
1702,관람,,2025-06-01 22:00:00,2025-06-01 23:00:00
1703,아침식사,,2025-06-02 08:00:00,2025-06-02 10:00:00
1704,관람,,2025-06-02 10:00:00,2025-06-02 11:00:00
1705,공원,,2025-06-02 11:00:00,2025-06-02 13:00:00
1706,관람,,2025-06-02 13:00:00,2025-06-02 14:00:00
1707,공원,,2025-06-02 14:00:00,2025-06-02 15:00:00
1708,공원,,2025-06-02 15:00:00,2025-06-02 17:00:00
1709,공원,,2025-06-02 17:00:00,2025-06-02 19:00:00
1710,관람,,2025-06-02 19:00:00,2025-06-02 21:00:00
1711,기타,,2025-06-02 21:00:00,2025-06-02 22:00:00
1712,기타,,2025-06-02 22:00:00,2025-06-03 00:00:00
1713,운동,,2025-06-02 22:00:00,2025-06-02 23:00:00
1714,아침식사,,2025-06-03 08:00:00,2025-06-03 10:00:00
1715,운동,,2025-06-03 10:00:00,2025-06-03 12:00:00
1716,점심식사,,2025-06-03 12:00:00,2025-06-03 14:00:00
1717,운동,,2025-06-03 14:00:00,2025-06-03 15:00:00
1718,운동,,2025-06-03 15:00:00,2025-06-03 16:00:00
1719,운동,,2025-06-03 16:00:00,2025-06-03 18:00:00
1720,저녁식사,,2025-06-03 18:00:00,2025-06-03 20:00:00
1721,기타,,2025-06-03 20:00:00,2025-06-03 22:00:00
1722,공부,,2025-06-03 22:00:00,2025-06-03 23:00:00
1723,공부,,2025-06-03 23:00:00,2025-06-04 00:00:00
1724,아침식사,,2025-06-04 08:00:00,2025-06-04 10:00:00
1725,공원,,2025-06-04 10:00:00,2025-06-04 11:00:00
1726,기타,,2025-06-04 11:00:00,2025-06-04 12:00:00
1727,점심식사,,2025-06-04 12:00:00,2025-06-04 14:00:00
1728,기타,,2025-06-04 14:00:00,2025-06-04 16:00:00
1729,공부,,2025-06-04 16:00:00,2025-06-04 17:00:00
1730,공부,,2025-06-04 17:00:00,2025-06-04 19:00:00
1731,기타,,2025-06-04 19:00:00,2025-06-04 21:00:00
1732,공부,,2025-06-04 21:00:00,2025-06-04 22:00:00
1733,기타,,2025-06-04 22:00:00,2025-06-05 00:00:00
1734,운동,,2025-06-04 22:00:00,2025-06-04 23:00:00
1735,실내활동,,2025-06-04 22:00:00,2025-06-04 23:00:00
1736,아침식사,,2025-06-05 08:00:00,2025-06-05 10:00:00
1737,기타,,2025-06-05 10:00:00,2025-06-05 11:00:00
1738,실내활동,,2025-06-05 11:00:00,2025-06-05 12:00:00
1739,점심식사,,2025-06-05 12:00:00,2025-06-05 14:00:00
1740,기타,,2025-06-05 14:00:00,2025-06-05 16:00:00
1741,운동,,2025-06-05 16:00:00,2025-06-05 18:00:00
1742,저녁식사,,2025-06-05 18:00:00,2025-06-05 20:00:00
1743,실내활동,,2025-06-05 20:00:00,2025-06-05 22:00:00
1744,실내활동,,2025-06-05 22:00:00,2025-06-06 00:00:00
1745,아침식사,,2025-06-06 08:00:00,2025-06-06 10:00:00
1746,관람,,2025-06-06 10:00:00,2025-06-06 12:00:00
1747,점심식사,,2025-06-06 12:00:00,2025-06-06 14:00:00
1748,공원,,2025-06-06 14:00:00,2025-06-06 16:00:00
1749,실내활동,,2025-06-06 16:00:00,2025-06-06 17:00:00
1750,운동,,2025-06-06 17:00:00,2025-06-06 19:00:00
1751,기타,,2025-06-06 19:00:00,2025-06-06 20:00:00
1752,운동,,2025-06-06 20:00:00,2025-06-06 21:00:00
1753,기타,,2025-06-06 21:00:00,2025-06-06 22:00:00
1754,운동,,2025-06-06 22:00:00,2025-06-07 00:00:00
1755,아침식사,,2025-06-07 08:00:00,2025-06-07 10:00:00
1756,운동,,2025-06-07 10:00:00,2025-06-07 12:00:00
1757,점심식사,,2025-06-07 12:00:00,2025-06-07 14:00:00
1758,기타,,2025-06-07 14:00:00,2025-06-07 15:00:00
1759,스포츠,,2025-06-07 15:00:00,2025-06-07 16:00:00
1760,기타,,2025-06-07 16:00:00,2025-06-07 18:00:00
1761,저녁식사,,2025-06-07 18:00:00,2025-06-07 20:00:00
1762,운동,,2025-06-07 20:00:00,2025-06-07 22:00:00
1763,스포츠,,2025-06-07 22:00:00,2025-06-07 23:00:00
1764,스포츠,,2025-06-07 23:00:00,2025-06-08 00:00:00
1765,아침식사,,2025-06-08 08:00:00,2025-06-08 10:00:00
1766,공부,,2025-06-08 10:00:00,2025-06-08 12:00:00
1767,점심식사,,2025-06-08 12:00:00,2025-06-08 14:00:00
1768,관람,,2025-06-08 14:00:00,2025-06-08 15:00:00
1769,기타,,2025-06-08 15:00:00,2025-06-08 16:00:00
1770,운동,,2025-06-08 16:00:00,2025-06-08 17:00:00
1771,공부,,2025-06-08 17:00:00,2025-06-08 18:00:00
1772,저녁식사,,2025-06-08 18:00:00,2025-06-08 20:00:00
1773,실내활동,,2025-06-08 20:00:00,2025-06-08 21:00:00
1774,관람,,2025-06-08 21:00:00,2025-06-08 22:00:00
1775,운동,,2025-06-08 22:00:00,2025-06-08 23:00:00
1776,운동,,2025-06-08 23:00:00,2025-06-09 00:00:00
1777,아침식사,,2025-06-09 08:00:00,2025-06-09 10:00:00
1778,운동,,2025-06-09 10:00:00,2025-06-09 11:00:00
1779,기타,,2025-06-09 11:00:00,2025-06-09 13:00:00
1780,관람,,2025-06-09 13:00:00,2025-06-09 15:00:00
1781,관람,,2025-06-09 15:00:00,2025-06-09 17:00:00
1782,공원,,2025-06-09 17:00:00,2025-06-09 18:00:00
1783,저녁식사,,2025-06-09 18:00:00,2025-06-09 20:00:00
1784,기타,,2025-06-09 20:00:00,2025-06-09 22:00:00
1785,관람,,2025-06-09 22:00:00,2025-06-09 23:00:00
1786,공원,,2025-06-09 23:00:00,2025-06-10 00:00:00
1787,아침식사,,2025-06-10 08:00:00,2025-06-10 10:00:00
1788,기타,,2025-06-10 10:00:00,2025-06-10 12:00:00
1789,점심식사,,2025-06-10 12:00:00,2025-06-10 14:00:00
1790,공부,,2025-06-10 14:00:00,2025-06-10 16:00:00
1791,기타,,2025-06-10 16:00:00,2025-06-10 17:00:00
1792,운동,,2025-06-10 17:00:00,2025-06-10 19:00:00
1793,공부,,2025-06-10 19:00:00,2025-06-10 21:00:00
1794,공부,,2025-06-10 21:00:00,2025-06-10 23:00:00
1795,기타,,2025-06-10 23:00:00,2025-06-11 00:00:00
1796,아침식사,,2025-06-11 08:00:00,2025-06-11 10:00:00
1797,실내활동,,2025-06-11 10:00:00,2025-06-11 11:00:00
1798,운동,,2025-06-11 11:00:00,2025-06-11 12:00:00
1799,점심식사,,2025-06-11 12:00:00,2025-06-11 14:00:00
1800,운동,,2025-06-11 14:00:00,2025-06-11 16:00:00
1801,운동,,2025-06-11 16:00:00,2025-06-11 18:00:00
1802,저녁식사,,2025-06-11 18:00:00,2025-06-11 20:00:00
1803,공원,,2025-06-11 20:00:00,2025-06-11 21:00:00
1804,실내활동,,2025-06-11 21:00:00,2025-06-11 22:00:00
1805,공부,,2025-06-11 22:00:00,2025-06-12 00:00:00
1806,기타,,2025-06-11 22:00:00,2025-06-11 23:00:00
1807,아침식사,,2025-06-12 08:00:00,2025-06-12 10:00:00
1808,기타,,2025-06-12 10:00:00,2025-06-12 11:00:00
1809,운동,,2025-06-12 11:00:00,2025-06-12 12:00:00
1810,점심식사,,2025-06-12 12:00:00,2025-06-12 14:00:00
1811,운동,,2025-06-12 14:00:00,2025-06-12 15:00:00
1812,실내활동,,2025-06-12 15:00:00,2025-06-12 17:00:00
1813,기타,,2025-06-12 17:00:00,2025-06-12 18:00:00
1814,저녁식사,,2025-06-12 18:00:00,2025-06-12 20:00:00
1815,운동,,2025-06-12 20:00:00,2025-06-12 21:00:00
1816,운동,,2025-06-12 21:00:00,2025-06-12 22:00:00
1817,기타,,2025-06-12 22:00:00,2025-06-13 00:00:00
1818,아침식사,,2025-06-13 08:00:00,2025-06-13 10:00:00
1819,기타,,2025-06-13 10:00:00,2025-06-13 12:00:00
1820,점심식사,,2025-06-13 12:00:00,2025-06-13 14:00:00
1821,실내활동,,2025-06-13 14:00:00,2025-06-13 15:00:00
1822,기타,,2025-06-13 15:00:00,2025-06-13 17:00:00
1823,실내활동,,2025-06-13 17:00:00,2025-06-13 19:00:00
1824,실내활동,,2025-06-13 19:00:00,2025-06-13 20:00:00
1825,기타,,2025-06-13 20:00:00,2025-06-13 21:00:00
1826,운동,,2025-06-13 21:00:00,2025-06-13 23:00:00
1827,관람,,2025-06-13 23:00:00,2025-06-14 00:00:00
1828,공원,,2025-06-13 22:00:00,2025-06-13 23:00:00
1829,아침식사,,2025-06-14 08:00:00,2025-06-14 10:00:00
1830,스포츠,,2025-06-14 10:00:00,2025-06-14 12:00:00
1831,점심식사,,2025-06-14 12:00:00,2025-06-14 14:00:00
1832,운동,,2025-06-14 14:00:00,2025-06-14 16:00:00
1833,기타,,2025-06-14 16:00:00,2025-06-14 17:00:00
1834,스포츠,,2025-06-14 17:00:00,2025-06-14 19:00:00
1835,기타,,2025-06-14 19:00:00,2025-06-14 21:00:00
1836,스포츠,,2025-06-14 21:00:00,2025-06-14 23:00:00
1837,스포츠,,2025-06-14 23:00:00,2025-06-15 00:00:00
1838,아침식사,,2025-06-15 08:00:00,2025-06-15 10:00:00
1839,관람,,2025-06-15 10:00:00,2025-06-15 11:00:00
1840,관람,,2025-06-15 11:00:00,2025-06-15 12:00:00
1841,점심식사,,2025-06-15 12:00:00,2025-06-15 14:00:00
1842,기타,,2025-06-15 14:00:00,2025-06-15 15:00:00
1843,실내활동,,2025-06-15 15:00:00,2025-06-15 17:00:00
1844,공부,,2025-06-15 17:00:00,2025-06-15 18:00:00
1845,저녁식사,,2025-06-15 18:00:00,2025-06-15 20:00:00
1846,실내활동,,2025-06-15 20:00:00,2025-06-15 21:00:00
1847,실내활동,,2025-06-15 21:00:00,2025-06-15 23:00:00
1848,기타,,2025-06-15 23:00:00,2025-06-16 00:00:00
1849,운동,,2025-06-15 22:00:00,2025-06-15 23:00:00
1850,아침식사,,2025-06-16 08:00:00,2025-06-16 10:00:00
1851,기타,,2025-06-16 10:00:00,2025-06-16 11:00:00
1852,기타,,2025-06-16 11:00:00,2025-06-16 13:00:00
1853,공원,,2025-06-16 13:00:00,2025-06-16 15:00:00
1854,공원,,2025-06-16 15:00:00,2025-06-16 16:00:00
1855,운동,,2025-06-16 16:00:00,2025-06-16 17:00:00
1856,운동,,2025-06-16 17:00:00,2025-06-16 18:00:00
1857,저녁식사,,2025-06-16 18:00:00,2025-06-16 20:00:00
1858,공원,,2025-06-16 20:00:00,2025-06-16 22:00:00
1859,기타,,2025-06-16 22:00:00,2025-06-16 23:00:00
1860,운동,,2025-06-16 23:00:00,2025-06-17 00:00:00
1861,관람,,2025-06-16 22:00:00,2025-06-16 23:00:00
1862,아침식사,,2025-06-17 08:00:00,2025-06-17 10:00:00
1863,공부,,2025-06-17 10:00:00,2025-06-17 11:00:00
1864,운동,,2025-06-17 11:00:00,2025-06-17 12:00:00
1865,점심식사,,2025-06-17 12:00:00,2025-06-17 14:00:00
1866,공부,,2025-06-17 14:00:00,2025-06-17 16:00:00
1867,기타,,2025-06-17 16:00:00,2025-06-17 18:00:00
1868,저녁식사,,2025-06-17 18:00:00,2025-06-17 20:00:00
1869,기타,,2025-06-17 20:00:00,2025-06-17 21:00:00
1870,기타,,2025-06-17 21:00:00,2025-06-17 23:00:00
1871,운동,,2025-06-17 23:00:00,2025-06-18 00:00:00
1872,아침식사,,2025-06-18 08:00:00,2025-06-18 10:00:00
1873,공부,,2025-06-18 10:00:00,2025-06-18 11:00:00
1874,공원,,2025-06-18 11:00:00,2025-06-18 13:00:00
1875,공부,,2025-06-18 13:00:00,2025-06-18 14:00:00
1876,공원,,2025-06-18 14:00:00,2025-06-18 15:00:00
1877,공원,,2025-06-18 15:00:00,2025-06-18 17:00:00
1878,운동,,2025-06-18 17:00:00,2025-06-18 18:00:00
1879,저녁식사,,2025-06-18 18:00:00,2025-06-18 20:00:00
1880,공원,,2025-06-18 20:00:00,2025-06-18 21:00:00
1881,공부,,2025-06-18 21:00:00,2025-06-18 22:00:00
1882,기타,,2025-06-18 22:00:00,2025-06-19 00:00:00
1883,실내활동,,2025-06-18 22:00:00,2025-06-18 23:00:00
1884,아침식사,,2025-06-19 08:00:00,2025-06-19 10:00:00
1885,실내활동,,2025-06-19 10:00:00,2025-06-19 11:00:00
1886,운동,,2025-06-19 11:00:00,2025-06-19 13:00:00
1887,운동,,2025-06-19 13:00:00,2025-06-19 15:00:00
1888,운동,,2025-06-19 15:00:00,2025-06-19 16:00:00
1889,기타,,2025-06-19 16:00:00,2025-06-19 18:00:00
1890,저녁식사,,2025-06-19 18:00:00,2025-06-19 20:00:00
1891,기타,,2025-06-19 20:00:00,2025-06-19 22:00:00
1892,실내활동,,2025-06-19 22:00:00,2025-06-19 23:00:00
1893,기타,,2025-06-19 23:00:00,2025-06-20 00:00:00
1894,아침식사,,2025-06-20 08:00:00,2025-06-20 10:00:00
1895,기타,,2025-06-20 10:00:00,2025-06-20 11:00:00
1896,기타,,2025-06-20 11:00:00,2025-06-20 13:00:00
1897,공원,,2025-06-20 13:00:00,2025-06-20 15:00:00
1898,운동,,2025-06-20 15:00:00,2025-06-20 16:00:00
1899,실내활동,,2025-06-20 16:00:00,2025-06-20 18:00:00
1900,저녁식사,,2025-06-20 18:00:00,2025-06-20 20:00:00
1901,기타,,2025-06-20 20:00:00,2025-06-20 21:00:00
1902,실내활동,,2025-06-20 21:00:00,2025-06-20 23:00:00
1903,관람,,2025-06-20 23:00:00,2025-06-21 00:00:00
1904,아침식사,,2025-06-21 08:00:00,2025-06-21 10:00:00
1905,운동,,2025-06-21 10:00:00,2025-06-21 11:00:00
1906,기타,,2025-06-21 11:00:00,2025-06-21 13:00:00
1907,기타,,2025-06-21 13:00:00,2025-06-21 14:00:00
1908,기타,,2025-06-21 14:00:00,2025-06-21 16:00:00
1909,스포츠,,2025-06-21 16:00:00,2025-06-21 17:00:00
1910,운동,,2025-06-21 17:00:00,2025-06-21 19:00:00
1911,운동,,2025-06-21 19:00:00,2025-06-21 21:00:00
1912,스포츠,,2025-06-21 21:00:00,2025-06-21 22:00:00
1913,운동,,2025-06-21 22:00:00,2025-06-22 00:00:00
1914,아침식사,,2025-06-22 08:00:00,2025-06-22 10:00:00
1915,기타,,2025-06-22 10:00:00,2025-06-22 11:00:00
1916,공부,,2025-06-22 11:00:00,2025-06-22 13:00:00
1917,실내활동,,2025-06-22 13:00:00,2025-06-22 14:00:00
1918,운동,,2025-06-22 14:00:00,2025-06-22 15:00:00
1919,관람,,2025-06-22 15:00:00,2025-06-22 16:00:00
1920,실내활동,,2025-06-22 16:00:00,2025-06-22 18:00:00
1921,저녁식사,,2025-06-22 18:00:00,2025-06-22 20:00:00
1922,실내활동,,2025-06-22 20:00:00,2025-06-22 21:00:00
1923,실내활동,,2025-06-22 21:00:00,2025-06-22 22:00:00
1924,관람,,2025-06-22 22:00:00,2025-06-23 00:00:00
1925,아침식사,,2025-06-23 08:00:00,2025-06-23 10:00:00
1926,운동,,2025-06-23 10:00:00,2025-06-23 11:00:00
1927,관람,,2025-06-23 11:00:00,2025-06-23 13:00:00
1928,공원,,2025-06-23 13:00:00,2025-06-23 15:00:00
1929,관람,,2025-06-23 15:00:00,2025-06-23 17:00:00
1930,운동,,2025-06-23 17:00:00,2025-06-23 18:00:00
1931,저녁식사,,2025-06-23 18:00:00,2025-06-23 20:00:00
1932,관람,,2025-06-23 20:00:00,2025-06-23 22:00:00
1933,공원,,2025-06-23 22:00:00,2025-06-24 00:00:00
1934,기타,,2025-06-23 22:00:00,2025-06-23 23:00:00
1935,아침식사,,2025-06-24 08:00:00,2025-06-24 10:00:00
1936,공부,,2025-06-24 10:00:00,2025-06-24 11:00:00
1937,기타,,2025-06-24 11:00:00,2025-06-24 13:00:00
1938,운동,,2025-06-24 13:00:00,2025-06-24 15:00:00
1939,공부,,2025-06-24 15:00:00,2025-06-24 17:00:00
1940,기타,,2025-06-24 17:00:00,2025-06-24 18:00:00
1941,저녁식사,,2025-06-24 18:00:00,2025-06-24 20:00:00
1942,운동,,2025-06-24 20:00:00,2025-06-24 21:00:00
1943,운동,,2025-06-24 21:00:00,2025-06-24 22:00:00
1944,기타,,2025-06-24 22:00:00,2025-06-25 00:00:00
1945,아침식사,,2025-06-25 08:00:00,2025-06-25 10:00:00
1946,공부,,2025-06-25 10:00:00,2025-06-25 11:00:00
1947,운동,,2025-06-25 11:00:00,2025-06-25 12:00:00
1948,점심식사,,2025-06-25 12:00:00,2025-06-25 14:00:00
1949,공원,,2025-06-25 14:00:00,2025-06-25 16:00:00
1950,기타,,2025-06-25 16:00:00,2025-06-25 17:00:00
1951,공원,,2025-06-25 17:00:00,2025-06-25 19:00:00
1952,운동,,2025-06-25 19:00:00,2025-06-25 20:00:00
1953,운동,,2025-06-25 20:00:00,2025-06-25 22:00:00
1954,기타,,2025-06-25 22:00:00,2025-06-26 00:00:00
1955,실내활동,,2025-06-25 22:00:00,2025-06-25 23:00:00
1956,아침식사,,2025-06-26 08:00:00,2025-06-26 10:00:00
1957,기타,,2025-06-26 10:00:00,2025-06-26 12:00:00
1958,점심식사,,2025-06-26 12:00:00,2025-06-26 14:00:00
1959,운동,,2025-06-26 14:00:00,2025-06-26 15:00:00
1960,기타,,2025-06-26 15:00:00,2025-06-26 17:00:00
1961,운동,,2025-06-26 17:00:00,2025-06-26 19:00:00
1962,실내활동,,2025-06-26 19:00:00,2025-06-26 21:00:00
1963,실내활동,,2025-06-26 21:00:00,2025-06-26 23:00:00
1964,운동,,2025-06-26 23:00:00,2025-06-27 00:00:00
1965,아침식사,,2025-06-27 08:00:00,2025-06-27 10:00:00
1966,기타,,2025-06-27 10:00:00,2025-06-27 12:00:00
1967,점심식사,,2025-06-27 12:00:00,2025-06-27 14:00:00
1968,관람,,2025-06-27 14:00:00,2025-06-27 16:00:00
1969,실내활동,,2025-06-27 16:00:00,2025-06-27 17:00:00
1970,관람,,2025-06-27 17:00:00,2025-06-27 19:00:00
1971,운동,,2025-06-27 19:00:00,2025-06-27 21:00:00
1972,운동,,2025-06-27 21:00:00,2025-06-27 22:00:00
1973,공원,,2025-06-27 22:00:00,2025-06-28 00:00:00
1974,아침식사,,2025-06-28 08:00:00,2025-06-28 10:00:00
1975,스포츠,,2025-06-28 10:00:00,2025-06-28 11:00:00
1976,운동,,2025-06-28 11:00:00,2025-06-28 12:00:00
1977,점심식사,,2025-06-28 12:00:00,2025-06-28 14:00:00
1978,기타,,2025-06-28 14:00:00,2025-06-28 15:00:00
1979,기타,,2025-06-28 15:00:00,2025-06-28 17:00:00
1980,스포츠,,2025-06-28 17:00:00,2025-06-28 18:00:00
1981,저녁식사,,2025-06-28 18:00:00,2025-06-28 20:00:00
1982,기타,,2025-06-28 20:00:00,2025-06-28 21:00:00
1983,기타,,2025-06-28 21:00:00,2025-06-28 23:00:00
1984,운동,,2025-06-28 23:00:00,2025-06-29 00:00:00
1985,아침식사,,2025-06-29 08:00:00,2025-06-29 10:00:00
1986,관람,,2025-06-29 10:00:00,2025-06-29 11:00:00
1987,관람,,2025-06-29 11:00:00,2025-06-29 13:00:00
1988,공부,,2025-06-29 13:00:00,2025-06-29 15:00:00
1989,기타,,2025-06-29 15:00:00,2025-06-29 17:00:00
1990,실내활동,,2025-06-29 17:00:00,2025-06-29 19:00:00
1991,공부,,2025-06-29 19:00:00,2025-06-29 21:00:00
1992,공부,,2025-06-29 21:00:00,2025-06-29 23:00:00
1993,실내활동,,2025-06-29 23:00:00,2025-06-30 00:00:00
1994,운동,,2025-06-29 22:00:00,2025-06-29 23:00:00
1995,아침식사,,2025-06-30 08:00:00,2025-06-30 10:00:00
1996,기타,,2025-06-30 10:00:00,2025-06-30 12:00:00
1997,점심식사,,2025-06-30 12:00:00,2025-06-30 14:00:00
1998,공원,,2025-06-30 14:00:00,2025-06-30 16:00:00
1999,기타,,2025-06-30 16:00:00,2025-06-30 17:00:00
2000,관람,,2025-06-30 17:00:00,2025-06-30 19:00:00
2001,관람,,2025-06-30 19:00:00,2025-06-30 20:00:00
2002,공원,,2025-06-30 20:00:00,2025-06-30 22:00:00
2003,운동,,2025-06-30 22:00:00,2025-07-01 00:00:00
2004,아침식사,,2025-07-01 08:00:00,2025-07-01 10:00:00
2005,공부,,2025-07-01 10:00:00,2025-07-01 12:00:00
2006,점심식사,,2025-07-01 12:00:00,2025-07-01 14:00:00
2007,운동,,2025-07-01 14:00:00,2025-07-01 15:00:00
2008,기타,,2025-07-01 15:00:00,2025-07-01 17:00:00
2009,공부,,2025-07-01 17:00:00,2025-07-01 19:00:00
2010,운동,,2025-07-01 19:00:00,2025-07-01 21:00:00
2011,운동,,2025-07-01 21:00:00,2025-07-01 23:00:00
2012,기타,,2025-07-01 23:00:00,2025-07-02 00:00:00
2013,아침식사,,2025-07-02 08:00:00,2025-07-02 10:00:00
2014,실내활동,,2025-07-02 10:00:00,2025-07-02 12:00:00
2015,점심식사,,2025-07-02 12:00:00,2025-07-02 14:00:00
2016,실내활동,,2025-07-02 14:00:00,2025-07-02 15:00:00
2017,운동,,2025-07-02 15:00:00,2025-07-02 17:00:00
2018,운동,,2025-07-02 17:00:00,2025-07-02 19:00:00
2019,공원,,2025-07-02 19:00:00,2025-07-02 21:00:00
2020,공부,,2025-07-02 21:00:00,2025-07-02 23:00:00
2021,운동,,2025-07-02 23:00:00,2025-07-03 00:00:00
2022,기타,,2025-07-02 22:00:00,2025-07-02 23:00:00
2023,아침식사,,2025-07-03 08:00:00,2025-07-03 10:00:00
2024,실내활동,,2025-07-03 10:00:00,2025-07-03 11:00:00
2025,실내활동,,2025-07-03 11:00:00,2025-07-03 12:00:00
2026,점심식사,,2025-07-03 12:00:00,2025-07-03 14:00:00
2027,운동,,2025-07-03 14:00:00,2025-07-03 15:00:00
2028,실내활동,,2025-07-03 15:00:00,2025-07-03 17:00:00
2029,실내활동,,2025-07-03 17:00:00,2025-07-03 18:00:00
2030,저녁식사,,2025-07-03 18:00:00,2025-07-03 20:00:00
2031,기타,,2025-07-03 20:00:00,2025-07-03 22:00:00
2032,운동,,2025-07-03 22:00:00,2025-07-03 23:00:00
2033,기타,,2025-07-03 23:00:00,2025-07-04 00:00:00
2034,아침식사,,2025-07-04 08:00:00,2025-07-04 10:00:00
2035,기타,,2025-07-04 10:00:00,2025-07-04 11:00:00
2036,관람,,2025-07-04 11:00:00,2025-07-04 12:00:00
2037,점심식사,,2025-07-04 12:00:00,2025-07-04 14:00:00
2038,관람,,2025-07-04 14:00:00,2025-07-04 16:00:00
2039,기타,,2025-07-04 16:00:00,2025-07-04 17:00:00
2040,운동,,2025-07-04 17:00:00,2025-07-04 18:00:00
2041,저녁식사,,2025-07-04 18:00:00,2025-07-04 20:00:00
2042,관람,,2025-07-04 20:00:00,2025-07-04 22:00:00
2043,실내활동,,2025-07-04 22:00:00,2025-07-04 23:00:00
2044,기타,,2025-07-04 23:00:00,2025-07-05 00:00:00
2045,공원,,2025-07-04 22:00:00,2025-07-04 23:00:00
2046,아침식사,,2025-07-05 08:00:00,2025-07-05 10:00:00
2047,스포츠,,2025-07-05 10:00:00,2025-07-05 11:00:00
2048,운동,,2025-07-05 11:00:00,2025-07-05 13:00:00
2049,기타,,2025-07-05 13:00:00,2025-07-05 14:00:00
2050,기타,,2025-07-05 14:00:00,2025-07-05 15:00:00
2051,운동,,2025-07-05 15:00:00,2025-07-05 16:00:00
2052,운동,,2025-07-05 16:00:00,2025-07-05 17:00:00
2053,운동,,2025-07-05 17:00:00,2025-07-05 18:00:00
2054,저녁식사,,2025-07-05 18:00:00,2025-07-05 20:00:00
2055,기타,,2025-07-05 20:00:00,2025-07-05 22:00:00
2056,운동,,2025-07-05 22:00:00,2025-07-06 00:00:00
2057,아침식사,,2025-07-06 08:00:00,2025-07-06 10:00:00
2058,실내활동,,2025-07-06 10:00:00,2025-07-06 11:00:00
2059,기타,,2025-07-06 11:00:00,2025-07-06 13:00:00
2060,실내활동,,2025-07-06 13:00:00,2025-07-06 15:00:00
2061,공부,,2025-07-06 15:00:00,2025-07-06 17:00:00
2062,실내활동,,2025-07-06 17:00:00,2025-07-06 18:00:00
2063,저녁식사,,2025-07-06 18:00:00,2025-07-06 20:00:00
2064,운동,,2025-07-06 20:00:00,2025-07-06 21:00:00
2065,운동,,2025-07-06 21:00:00,2025-07-06 23:00:00
2066,공부,,2025-07-06 23:00:00,2025-07-07 00:00:00
2067,관람,,2025-07-06 22:00:00,2025-07-06 23:00:00
2068,아침식사,,2025-07-07 08:00:00,2025-07-07 10:00:00
2069,공원,,2025-07-07 10:00:00,2025-07-07 11:00:00
2070,운동,,2025-07-07 11:00:00,2025-07-07 12:00:00
2071,점심식사,,2025-07-07 12:00:00,2025-07-07 14:00:00
2072,기타,,2025-07-07 14:00:00,2025-07-07 15:00:00
2073,관람,,2025-07-07 15:00:00,2025-07-07 17:00:00
2074,관람,,2025-07-07 17:00:00,2025-07-07 18:00:00
2075,저녁식사,,2025-07-07 18:00:00,2025-07-07 20:00:00
2076,관람,,2025-07-07 20:00:00,2025-07-07 21:00:00
2077,공원,,2025-07-07 21:00:00,2025-07-07 22:00:00
2078,관람,,2025-07-07 22:00:00,2025-07-07 23:00:00
2079,운동,,2025-07-07 23:00:00,2025-07-08 00:00:00
2080,아침식사,,2025-07-08 08:00:00,2025-07-08 10:00:00
2081,운동,,2025-07-08 10:00:00,2025-07-08 11:00:00
2082,공부,,2025-07-08 11:00:00,2025-07-08 13:00:00
2083,운동,,2025-07-08 13:00:00,2025-07-08 15:00:00
2084,운동,,2025-07-08 15:00:00,2025-07-08 17:00:00
2085,운동,,2025-07-08 17:00:00,2025-07-08 19:00:00
2086,기타,,2025-07-08 19:00:00,2025-07-08 21:00:00
2087,운동,,2025-07-08 21:00:00,2025-07-08 23:00:00
2088,공부,,2025-07-08 23:00:00,2025-07-09 00:00:00
2089,아침식사,,2025-07-09 08:00:00,2025-07-09 10:00:00
2090,공부,,2025-07-09 10:00:00,2025-07-09 12:00:00
2091,점심식사,,2025-07-09 12:00:00,2025-07-09 14:00:00
2092,공원,,2025-07-09 14:00:00,2025-07-09 15:00:00
2093,운동,,2025-07-09 15:00:00,2025-07-09 17:00:00
2094,운동,,2025-07-09 17:00:00,2025-07-09 18:00:00
2095,저녁식사,,2025-07-09 18:00:00,2025-07-09 20:00:00
2096,운동,,2025-07-09 20:00:00,2025-07-09 21:00:00
2097,공원,,2025-07-09 21:00:00,2025-07-09 23:00:00
2098,공부,,2025-07-09 23:00:00,2025-07-10 00:00:00
2099,실내활동,,2025-07-09 22:00:00,2025-07-09 23:00:00
2100,기타,,2025-07-09 22:00:00,2025-07-09 23:00:00
2101,아침식사,,2025-07-10 08:00:00,2025-07-10 10:00:00
2102,실내활동,,2025-07-10 10:00:00,2025-07-10 11:00:00
2103,기타,,2025-07-10 11:00:00,2025-07-10 12:00:00
2104,점심식사,,2025-07-10 12:00:00,2025-07-10 14:00:00
2105,운동,,2025-07-10 14:00:00,2025-07-10 15:00:00
2106,실내활동,,2025-07-10 15:00:00,2025-07-10 16:00:00
2107,실내활동,,2025-07-10 16:00:00,2025-07-10 18:00:00
2108,저녁식사,,2025-07-10 18:00:00,2025-07-10 20:00:00
2109,운동,,2025-07-10 20:00:00,2025-07-10 21:00:00
2110,기타,,2025-07-10 21:00:00,2025-07-10 23:00:00
2111,기타,,2025-07-10 23:00:00,2025-07-11 00:00:00
2112,아침식사,,2025-07-11 08:00:00,2025-07-11 10:00:00
2113,관람,,2025-07-11 10:00:00,2025-07-11 12:00:00
2114,점심식사,,2025-07-11 12:00:00,2025-07-11 14:00:00
2115,기타,,2025-07-11 14:00:00,2025-07-11 15:00:00
2116,관람,,2025-07-11 15:00:00,2025-07-11 17:00:00
2117,관람,,2025-07-11 17:00:00,2025-07-11 18:00:00
2118,저녁식사,,2025-07-11 18:00:00,2025-07-11 20:00:00
2119,공원,,2025-07-11 20:00:00,2025-07-11 22:00:00
2120,실내활동,,2025-07-11 22:00:00,2025-07-12 00:00:00
2121,운동,,2025-07-11 22:00:00,2025-07-11 23:00:00
2122,아침식사,,2025-07-12 08:00:00,2025-07-12 10:00:00
2123,스포츠,,2025-07-12 10:00:00,2025-07-12 12:00:00
2124,점심식사,,2025-07-12 12:00:00,2025-07-12 14:00:00
2125,운동,,2025-07-12 14:00:00,2025-07-12 15:00:00
2126,스포츠,,2025-07-12 15:00:00,2025-07-12 17:00:00
2127,운동,,2025-07-12 17:00:00,2025-07-12 19:00:00
2128,기타,,2025-07-12 19:00:00,2025-07-12 20:00:00
2129,기타,,2025-07-12 20:00:00,2025-07-12 22:00:00
2130,운동,,2025-07-12 22:00:00,2025-07-13 00:00:00
2131,아침식사,,2025-07-13 08:00:00,2025-07-13 10:00:00
2132,실내활동,,2025-07-13 10:00:00,2025-07-13 11:00:00
2133,기타,,2025-07-13 11:00:00,2025-07-13 13:00:00
2134,관람,,2025-07-13 13:00:00,2025-07-13 15:00:00
2135,관람,,2025-07-13 15:00:00,2025-07-13 17:00:00
2136,기타,,2025-07-13 17:00:00,2025-07-13 18:00:00
2137,저녁식사,,2025-07-13 18:00:00,2025-07-13 20:00:00
2138,기타,,2025-07-13 20:00:00,2025-07-13 21:00:00
2139,운동,,2025-07-13 21:00:00,2025-07-13 22:00:00
2140,기타,,2025-07-13 22:00:00,2025-07-14 00:00:00
2141,공부,,2025-07-13 22:00:00,2025-07-13 23:00:00
2142,아침식사,,2025-07-14 08:00:00,2025-07-14 10:00:00
2143,운동,,2025-07-14 10:00:00,2025-07-14 11:00:00
2144,기타,,2025-07-14 11:00:00,2025-07-14 12:00:00
2145,점심식사,,2025-07-14 12:00:00,2025-07-14 14:00:00
2146,관람,,2025-07-14 14:00:00,2025-07-14 16:00:00
2147,운동,,2025-07-14 16:00:00,2025-07-14 17:00:00
2148,관람,,2025-07-14 17:00:00,2025-07-14 18:00:00
2149,저녁식사,,2025-07-14 18:00:00,2025-07-14 20:00:00
2150,운동,,2025-07-14 20:00:00,2025-07-14 22:00:00
2151,공원,,2025-07-14 22:00:00,2025-07-14 23:00:00
2152,운동,,2025-07-14 23:00:00,2025-07-15 00:00:00
2153,아침식사,,2025-07-15 08:00:00,2025-07-15 10:00:00
2154,기타,,2025-07-15 10:00:00,2025-07-15 11:00:00
2155,공부,,2025-07-15 11:00:00,2025-07-15 12:00:00
2156,점심식사,,2025-07-15 12:00:00,2025-07-15 14:00:00
2157,운동,,2025-07-15 14:00:00,2025-07-15 16:00:00
2158,공부,,2025-07-15 16:00:00,2025-07-15 17:00:00
2159,공부,,2025-07-15 17:00:00,2025-07-15 18:00:00
2160,저녁식사,,2025-07-15 18:00:00,2025-07-15 20:00:00
2161,공부,,2025-07-15 20:00:00,2025-07-15 21:00:00
2162,운동,,2025-07-15 21:00:00,2025-07-15 23:00:00
2163,기타,,2025-07-15 23:00:00,2025-07-16 00:00:00
2164,아침식사,,2025-07-16 08:00:00,2025-07-16 10:00:00
2165,기타,,2025-07-16 10:00:00,2025-07-16 11:00:00
2166,실내활동,,2025-07-16 11:00:00,2025-07-16 12:00:00
2167,점심식사,,2025-07-16 12:00:00,2025-07-16 14:00:00
2168,공원,,2025-07-16 14:00:00,2025-07-16 16:00:00
2169,실내활동,,2025-07-16 16:00:00,2025-07-16 17:00:00
2170,공원,,2025-07-16 17:00:00,2025-07-16 19:00:00
2171,실내활동,,2025-07-16 19:00:00,2025-07-16 21:00:00
2172,기타,,2025-07-16 21:00:00,2025-07-16 22:00:00
2173,기타,,2025-07-16 22:00:00,2025-07-17 00:00:00
2174,운동,,2025-07-16 22:00:00,2025-07-16 23:00:00
2175,공부,,2025-07-16 22:00:00,2025-07-16 23:00:00
2176,아침식사,,2025-07-17 08:00:00,2025-07-17 10:00:00
2177,운동,,2025-07-17 10:00:00,2025-07-17 12:00:00
2178,점심식사,,2025-07-17 12:00:00,2025-07-17 14:00:00
2179,실내활동,,2025-07-17 14:00:00,2025-07-17 16:00:00
2180,기타,,2025-07-17 16:00:00,2025-07-17 18:00:00
2181,저녁식사,,2025-07-17 18:00:00,2025-07-17 20:00:00
2182,기타,,2025-07-17 20:00:00,2025-07-17 21:00:00
2183,운동,,2025-07-17 21:00:00,2025-07-17 23:00:00
2184,실내활동,,2025-07-17 23:00:00,2025-07-18 00:00:00
2185,아침식사,,2025-07-18 08:00:00,2025-07-18 10:00:00
2186,공원,,2025-07-18 10:00:00,2025-07-18 12:00:00
2187,점심식사,,2025-07-18 12:00:00,2025-07-18 14:00:00
2188,공원,,2025-07-18 14:00:00,2025-07-18 15:00:00
2189,공원,,2025-07-18 15:00:00,2025-07-18 17:00:00
2190,관람,,2025-07-18 17:00:00,2025-07-18 19:00:00
2191,관람,,2025-07-18 19:00:00,2025-07-18 21:00:00
2192,공원,,2025-07-18 21:00:00,2025-07-18 23:00:00
2193,운동,,2025-07-18 23:00:00,2025-07-19 00:00:00
2194,실내활동,,2025-07-18 22:00:00,2025-07-18 23:00:00
2195,기타,,2025-07-18 22:00:00,2025-07-18 23:00:00
2196,아침식사,,2025-07-19 08:00:00,2025-07-19 10:00:00
2197,운동,,2025-07-19 10:00:00,2025-07-19 11:00:00
2198,기타,,2025-07-19 11:00:00,2025-07-19 12:00:00
2199,점심식사,,2025-07-19 12:00:00,2025-07-19 14:00:00
2200,기타,,2025-07-19 14:00:00,2025-07-19 15:00:00
2201,기타,,2025-07-19 15:00:00,2025-07-19 16:00:00
2202,기타,,2025-07-19 16:00:00,2025-07-19 18:00:00
2203,저녁식사,,2025-07-19 18:00:00,2025-07-19 20:00:00
2204,기타,,2025-07-19 20:00:00,2025-07-19 22:00:00
2205,운동,,2025-07-19 22:00:00,2025-07-19 23:00:00
2206,기타,,2025-07-19 23:00:00,2025-07-20 00:00:00
2207,스포츠,,2025-07-19 22:00:00,2025-07-19 23:00:00
2208,아침식사,,2025-07-20 08:00:00,2025-07-20 10:00:00
2209,기타,,2025-07-20 10:00:00,2025-07-20 11:00:00
2210,운동,,2025-07-20 11:00:00,2025-07-20 12:00:00
2211,점심식사,,2025-07-20 12:00:00,2025-07-20 14:00:00
2212,공부,,2025-07-20 14:00:00,2025-07-20 16:00:00
2213,관람,,2025-07-20 16:00:00,2025-07-20 18:00:00
2214,저녁식사,,2025-07-20 18:00:00,2025-07-20 20:00:00
2215,운동,,2025-07-20 20:00:00,2025-07-20 21:00:00
2216,관람,,2025-07-20 21:00:00,2025-07-20 22:00:00
2217,기타,,2025-07-20 22:00:00,2025-07-20 23:00:00
2218,기타,,2025-07-20 23:00:00,2025-07-21 00:00:00
2219,실내활동,,2025-07-20 22:00:00,2025-07-20 23:00:00
2220,아침식사,,2025-07-21 08:00:00,2025-07-21 10:00:00
2221,운동,,2025-07-21 10:00:00,2025-07-21 11:00:00
2222,운동,,2025-07-21 11:00:00,2025-07-21 13:00:00
2223,운동,,2025-07-21 13:00:00,2025-07-21 14:00:00
2224,관람,,2025-07-21 14:00:00,2025-07-21 16:00:00
2225,공원,,2025-07-21 16:00:00,2025-07-21 18:00:00
2226,저녁식사,,2025-07-21 18:00:00,2025-07-21 20:00:00
2227,기타,,2025-07-21 20:00:00,2025-07-21 22:00:00
2228,기타,,2025-07-21 22:00:00,2025-07-21 23:00:00
2229,공원,,2025-07-21 23:00:00,2025-07-22 00:00:00
2230,아침식사,,2025-07-22 08:00:00,2025-07-22 10:00:00
2231,공부,,2025-07-22 10:00:00,2025-07-22 12:00:00
2232,점심식사,,2025-07-22 12:00:00,2025-07-22 14:00:00
2233,운동,,2025-07-22 14:00:00,2025-07-22 16:00:00
2234,기타,,2025-07-22 16:00:00,2025-07-22 17:00:00
2235,공부,,2025-07-22 17:00:00,2025-07-22 18:00:00
2236,저녁식사,,2025-07-22 18:00:00,2025-07-22 20:00:00
2237,공부,,2025-07-22 20:00:00,2025-07-22 22:00:00
2238,운동,,2025-07-22 22:00:00,2025-07-23 00:00:00
2239,아침식사,,2025-07-23 08:00:00,2025-07-23 10:00:00
2240,실내활동,,2025-07-23 10:00:00,2025-07-23 12:00:00
2241,점심식사,,2025-07-23 12:00:00,2025-07-23 14:00:00
2242,공원,,2025-07-23 14:00:00,2025-07-23 16:00:00
2243,기타,,2025-07-23 16:00:00,2025-07-23 17:00:00
2244,공부,,2025-07-23 17:00:00,2025-07-23 19:00:00
2245,공원,,2025-07-23 19:00:00,2025-07-23 21:00:00
2246,공부,,2025-07-23 21:00:00,2025-07-23 22:00:00
2247,기타,,2025-07-23 22:00:00,2025-07-24 00:00:00
2248,운동,,2025-07-23 22:00:00,2025-07-23 23:00:00
2249,아침식사,,2025-07-24 08:00:00,2025-07-24 10:00:00
2250,운동,,2025-07-24 10:00:00,2025-07-24 12:00:00
2251,점심식사,,2025-07-24 12:00:00,2025-07-24 14:00:00
2252,기타,,2025-07-24 14:00:00,2025-07-24 16:00:00
2253,운동,,2025-07-24 16:00:00,2025-07-24 17:00:00
2254,운동,,2025-07-24 17:00:00,2025-07-24 19:00:00
2255,기타,,2025-07-24 19:00:00,2025-07-24 20:00:00
2256,운동,,2025-07-24 20:00:00,2025-07-24 22:00:00
2257,기타,,2025-07-24 22:00:00,2025-07-24 23:00:00
2258,운동,,2025-07-24 23:00:00,2025-07-25 00:00:00
2259,실내활동,,2025-07-24 22:00:00,2025-07-24 23:00:00
2260,아침식사,,2025-07-25 08:00:00,2025-07-25 10:00:00
2261,운동,,2025-07-25 10:00:00,2025-07-25 11:00:00
2262,기타,,2025-07-25 11:00:00,2025-07-25 12:00:00
2263,점심식사,,2025-07-25 12:00:00,2025-07-25 14:00:00
2264,운동,,2025-07-25 14:00:00,2025-07-25 16:00:00
2265,실내활동,,2025-07-25 16:00:00,2025-07-25 18:00:00
2266,저녁식사,,2025-07-25 18:00:00,2025-07-25 20:00:00
2267,실내활동,,2025-07-25 20:00:00,2025-07-25 21:00:00
2268,운동,,2025-07-25 21:00:00,2025-07-25 23:00:00
2269,실내활동,,2025-07-25 23:00:00,2025-07-26 00:00:00
2270,관람,,2025-07-25 22:00:00,2025-07-25 23:00:00
2271,공원,,2025-07-25 22:00:00,2025-07-25 23:00:00
2272,아침식사,,2025-07-26 08:00:00,2025-07-26 10:00:00
2273,기타,,2025-07-26 10:00:00,2025-07-26 12:00:00
2274,점심식사,,2025-07-26 12:00:00,2025-07-26 14:00:00
2275,스포츠,,2025-07-26 14:00:00,2025-07-26 15:00:00
2276,스포츠,,2025-07-26 15:00:00,2025-07-26 16:00:00
2277,스포츠,,2025-07-26 16:00:00,2025-07-26 17:00:00
2278,기타,,2025-07-26 17:00:00,2025-07-26 19:00:00
2279,스포츠,,2025-07-26 19:00:00,2025-07-26 21:00:00
2280,운동,,2025-07-26 21:00:00,2025-07-26 22:00:00
2281,기타,,2025-07-26 22:00:00,2025-07-27 00:00:00
2282,아침식사,,2025-07-27 08:00:00,2025-07-27 10:00:00
2283,관람,,2025-07-27 10:00:00,2025-07-27 11:00:00
2284,운동,,2025-07-27 11:00:00,2025-07-27 13:00:00
2285,관람,,2025-07-27 13:00:00,2025-07-27 15:00:00
2286,기타,,2025-07-27 15:00:00,2025-07-27 16:00:00
2287,공부,,2025-07-27 16:00:00,2025-07-27 17:00:00
2288,공부,,2025-07-27 17:00:00,2025-07-27 18:00:00
2289,저녁식사,,2025-07-27 18:00:00,2025-07-27 20:00:00
2290,기타,,2025-07-27 20:00:00,2025-07-27 21:00:00
2291,운동,,2025-07-27 21:00:00,2025-07-27 23:00:00
2292,운동,,2025-07-27 23:00:00,2025-07-28 00:00:00
2293,실내활동,,2025-07-27 22:00:00,2025-07-27 23:00:00
2294,아침식사,,2025-07-28 08:00:00,2025-07-28 10:00:00
2295,관람,,2025-07-28 10:00:00,2025-07-28 12:00:00
2296,점심식사,,2025-07-28 12:00:00,2025-07-28 14:00:00
2297,운동,,2025-07-28 14:00:00,2025-07-28 16:00:00
2298,관람,,2025-07-28 16:00:00,2025-07-28 17:00:00
2299,관람,,2025-07-28 17:00:00,2025-07-28 18:00:00
2300,저녁식사,,2025-07-28 18:00:00,2025-07-28 20:00:00
2301,관람,,2025-07-28 20:00:00,2025-07-28 22:00:00
2302,관람,,2025-07-28 22:00:00,2025-07-28 23:00:00
2303,관람,,2025-07-28 23:00:00,2025-07-29 00:00:00
2304,공원,,2025-07-28 22:00:00,2025-07-28 23:00:00
2305,기타,,2025-07-28 22:00:00,2025-07-28 23:00:00
2306,아침식사,,2025-07-29 08:00:00,2025-07-29 10:00:00
2307,운동,,2025-07-29 10:00:00,2025-07-29 12:00:00
2308,점심식사,,2025-07-29 12:00:00,2025-07-29 14:00:00
2309,운동,,2025-07-29 14:00:00,2025-07-29 15:00:00
2310,공부,,2025-07-29 15:00:00,2025-07-29 16:00:00
2311,공부,,2025-07-29 16:00:00,2025-07-29 18:00:00
2312,저녁식사,,2025-07-29 18:00:00,2025-07-29 20:00:00
2313,기타,,2025-07-29 20:00:00,2025-07-29 22:00:00
2314,공부,,2025-07-29 22:00:00,2025-07-30 00:00:00
2315,아침식사,,2025-07-30 08:00:00,2025-07-30 10:00:00
2316,실내활동,,2025-07-30 10:00:00,2025-07-30 12:00:00
2317,점심식사,,2025-07-30 12:00:00,2025-07-30 14:00:00
2318,실내활동,,2025-07-30 14:00:00,2025-07-30 16:00:00
2319,운동,,2025-07-30 16:00:00,2025-07-30 17:00:00
2320,운동,,2025-07-30 17:00:00,2025-07-30 18:00:00
2321,저녁식사,,2025-07-30 18:00:00,2025-07-30 20:00:00
2322,운동,,2025-07-30 20:00:00,2025-07-30 21:00:00
2323,기타,,2025-07-30 21:00:00,2025-07-30 22:00:00
2324,기타,,2025-07-30 22:00:00,2025-07-31 00:00:00
2325,공부,,2025-07-30 22:00:00,2025-07-30 23:00:00
2326,공원,,2025-07-30 22:00:00,2025-07-30 23:00:00
2327,아침식사,,2025-07-31 08:00:00,2025-07-31 10:00:00
2328,운동,,2025-07-31 10:00:00,2025-07-31 11:00:00
2329,실내활동,,2025-07-31 11:00:00,2025-07-31 13:00:00
2330,운동,,2025-07-31 13:00:00,2025-07-31 15:00:00
2331,기타,,2025-07-31 15:00:00,2025-07-31 17:00:00
2332,운동,,2025-07-31 17:00:00,2025-07-31 19:00:00
2333,운동,,2025-07-31 19:00:00,2025-07-31 20:00:00
2334,운동,,2025-07-31 20:00:00,2025-07-31 22:00:00
2335,실내활동,,2025-07-31 22:00:00,2025-07-31 23:00:00
2336,실내활동,,2025-07-31 23:00:00,2025-08-01 00:00:00
2337,아침식사,,2025-08-01 08:00:00,2025-08-01 10:00:00
2338,공원,,2025-08-01 10:00:00,2025-08-01 12:00:00
2339,점심식사,,2025-08-01 12:00:00,2025-08-01 14:00:00
2340,기타,,2025-08-01 14:00:00,2025-08-01 15:00:00
2341,관람,,2025-08-01 15:00:00,2025-08-01 17:00:00
2342,실내활동,,2025-08-01 17:00:00,2025-08-01 18:00:00
2343,저녁식사,,2025-08-01 18:00:00,2025-08-01 20:00:00
2344,공원,,2025-08-01 20:00:00,2025-08-01 21:00:00
2345,관람,,2025-08-01 21:00:00,2025-08-01 23:00:00
2346,공원,,2025-08-01 23:00:00,2025-08-02 00:00:00
2347,운동,,2025-08-01 22:00:00,2025-08-01 23:00:00
2348,아침식사,,2025-08-02 08:00:00,2025-08-02 10:00:00
2349,스포츠,,2025-08-02 10:00:00,2025-08-02 12:00:00
2350,점심식사,,2025-08-02 12:00:00,2025-08-02 14:00:00
2351,운동,,2025-08-02 14:00:00,2025-08-02 16:00:00
2352,스포츠,,2025-08-02 16:00:00,2025-08-02 17:00:00
2353,기타,,2025-08-02 17:00:00,2025-08-02 18:00:00
2354,저녁식사,,2025-08-02 18:00:00,2025-08-02 20:00:00
2355,기타,,2025-08-02 20:00:00,2025-08-02 21:00:00
2356,기타,,2025-08-02 21:00:00,2025-08-02 22:00:00
2357,운동,,2025-08-02 22:00:00,2025-08-02 23:00:00
2358,운동,,2025-08-02 23:00:00,2025-08-03 00:00:00
2359,아침식사,,2025-08-03 08:00:00,2025-08-03 10:00:00
2360,실내활동,,2025-08-03 10:00:00,2025-08-03 11:00:00
2361,기타,,2025-08-03 11:00:00,2025-08-03 13:00:00
2362,관람,,2025-08-03 13:00:00,2025-08-03 15:00:00
2363,기타,,2025-08-03 15:00:00,2025-08-03 16:00:00
2364,기타,,2025-08-03 16:00:00,2025-08-03 18:00:00
2365,저녁식사,,2025-08-03 18:00:00,2025-08-03 20:00:00
2366,관람,,2025-08-03 20:00:00,2025-08-03 22:00:00
2367,관람,,2025-08-03 22:00:00,2025-08-04 00:00:00
2368,운동,,2025-08-03 22:00:00,2025-08-03 23:00:00
2369,공부,,2025-08-03 22:00:00,2025-08-03 23:00:00
2370,아침식사,,2025-08-04 08:00:00,2025-08-04 10:00:00
2371,운동,,2025-08-04 10:00:00,2025-08-04 11:00:00
2372,관람,,2025-08-04 11:00:00,2025-08-04 13:00:00
2373,공원,,2025-08-04 13:00:00,2025-08-04 14:00:00
2374,공원,,2025-08-04 14:00:00,2025-08-04 15:00:00
2375,운동,,2025-08-04 15:00:00,2025-08-04 16:00:00
2376,기타,,2025-08-04 16:00:00,2025-08-04 17:00:00
2377,관람,,2025-08-04 17:00:00,2025-08-04 18:00:00
2378,저녁식사,,2025-08-04 18:00:00,2025-08-04 20:00:00
2379,기타,,2025-08-04 20:00:00,2025-08-04 22:00:00
2380,운동,,2025-08-04 22:00:00,2025-08-05 00:00:00
2381,아침식사,,2025-08-05 08:00:00,2025-08-05 10:00:00
2382,운동,,2025-08-05 10:00:00,2025-08-05 12:00:00
2383,점심식사,,2025-08-05 12:00:00,2025-08-05 14:00:00
2384,기타,,2025-08-05 14:00:00,2025-08-05 15:00:00
2385,기타,,2025-08-05 15:00:00,2025-08-05 16:00:00
2386,운동,,2025-08-05 16:00:00,2025-08-05 18:00:00
2387,저녁식사,,2025-08-05 18:00:00,2025-08-05 20:00:00
2388,공부,,2025-08-05 20:00:00,2025-08-05 21:00:00
2389,공부,,2025-08-05 21:00:00,2025-08-05 23:00:00
2390,공부,,2025-08-05 23:00:00,2025-08-06 00:00:00
2391,아침식사,,2025-08-06 08:00:00,2025-08-06 10:00:00
2392,공원,,2025-08-06 10:00:00,2025-08-06 11:00:00
2393,실내활동,,2025-08-06 11:00:00,2025-08-06 13:00:00
2394,운동,,2025-08-06 13:00:00,2025-08-06 15:00:00
2395,기타,,2025-08-06 15:00:00,2025-08-06 17:00:00
2396,실내활동,,2025-08-06 17:00:00,2025-08-06 18:00:00
2397,저녁식사,,2025-08-06 18:00:00,2025-08-06 20:00:00
2398,공원,,2025-08-06 20:00:00,2025-08-06 21:00:00
2399,기타,,2025-08-06 21:00:00,2025-08-06 22:00:00
2400,운동,,2025-08-06 22:00:00,2025-08-06 23:00:00
2401,운동,,2025-08-06 23:00:00,2025-08-07 00:00:00
2402,공부,,2025-08-06 22:00:00,2025-08-06 23:00:00
2403,아침식사,,2025-08-07 08:00:00,2025-08-07 10:00:00
2404,실내활동,,2025-08-07 10:00:00,2025-08-07 11:00:00
2405,기타,,2025-08-07 11:00:00,2025-08-07 12:00:00
2406,점심식사,,2025-08-07 12:00:00,2025-08-07 14:00:00
2407,운동,,2025-08-07 14:00:00,2025-08-07 16:00:00
2408,실내활동,,2025-08-07 16:00:00,2025-08-07 18:00:00
2409,저녁식사,,2025-08-07 18:00:00,2025-08-07 20:00:00
2410,기타,,2025-08-07 20:00:00,2025-08-07 22:00:00
2411,기타,,2025-08-07 22:00:00,2025-08-07 23:00:00
2412,운동,,2025-08-07 23:00:00,2025-08-08 00:00:00
2413,아침식사,,2025-08-08 08:00:00,2025-08-08 10:00:00
2414,관람,,2025-08-08 10:00:00,2025-08-08 12:00:00
2415,점심식사,,2025-08-08 12:00:00,2025-08-08 14:00:00
2416,운동,,2025-08-08 14:00:00,2025-08-08 16:00:00
2417,관람,,2025-08-08 16:00:00,2025-08-08 18:00:00
2418,저녁식사,,2025-08-08 18:00:00,2025-08-08 20:00:00
2419,공원,,2025-08-08 20:00:00,2025-08-08 22:00:00
2420,관람,,2025-08-08 22:00:00,2025-08-08 23:00:00
2421,기타,,2025-08-08 23:00:00,2025-08-09 00:00:00
2422,실내활동,,2025-08-08 22:00:00,2025-08-08 23:00:00
2423,아침식사,,2025-08-09 08:00:00,2025-08-09 10:00:00
2424,스포츠,,2025-08-09 10:00:00,2025-08-09 12:00:00
2425,점심식사,,2025-08-09 12:00:00,2025-08-09 14:00:00
2426,운동,,2025-08-09 14:00:00,2025-08-09 15:00:00
2427,기타,,2025-08-09 15:00:00,2025-08-09 16:00:00
2428,스포츠,,2025-08-09 16:00:00,2025-08-09 18:00:00
2429,저녁식사,,2025-08-09 18:00:00,2025-08-09 20:00:00
2430,스포츠,,2025-08-09 20:00:00,2025-08-09 22:00:00
2431,스포츠,,2025-08-09 22:00:00,2025-08-10 00:00:00
2432,아침식사,,2025-08-10 08:00:00,2025-08-10 10:00:00
2433,공부,,2025-08-10 10:00:00,2025-08-10 11:00:00
2434,관람,,2025-08-10 11:00:00,2025-08-10 12:00:00
2435,점심식사,,2025-08-10 12:00:00,2025-08-10 14:00:00
2436,관람,,2025-08-10 14:00:00,2025-08-10 15:00:00
2437,공부,,2025-08-10 15:00:00,2025-08-10 17:00:00
2438,공부,,2025-08-10 17:00:00,2025-08-10 18:00:00
2439,저녁식사,,2025-08-10 18:00:00,2025-08-10 20:00:00
2440,공부,,2025-08-10 20:00:00,2025-08-10 22:00:00
2441,운동,,2025-08-10 22:00:00,2025-08-10 23:00:00
2442,공부,,2025-08-10 23:00:00,2025-08-11 00:00:00
2443,실내활동,,2025-08-10 22:00:00,2025-08-10 23:00:00
2444,기타,,2025-08-10 22:00:00,2025-08-10 23:00:00
2445,아침식사,,2025-08-11 08:00:00,2025-08-11 10:00:00
2446,기타,,2025-08-11 10:00:00,2025-08-11 12:00:00
2447,점심식사,,2025-08-11 12:00:00,2025-08-11 14:00:00
2448,관람,,2025-08-11 14:00:00,2025-08-11 16:00:00
2449,기타,,2025-08-11 16:00:00,2025-08-11 18:00:00
2450,저녁식사,,2025-08-11 18:00:00,2025-08-11 20:00:00
2451,기타,,2025-08-11 20:00:00,2025-08-11 22:00:00
2452,운동,,2025-08-11 22:00:00,2025-08-11 23:00:00
2453,관람,,2025-08-11 23:00:00,2025-08-12 00:00:00
2454,공원,,2025-08-11 22:00:00,2025-08-11 23:00:00
2455,아침식사,,2025-08-12 08:00:00,2025-08-12 10:00:00
2456,운동,,2025-08-12 10:00:00,2025-08-12 12:00:00
2457,점심식사,,2025-08-12 12:00:00,2025-08-12 14:00:00
2458,공부,,2025-08-12 14:00:00,2025-08-12 16:00:00
2459,운동,,2025-08-12 16:00:00,2025-08-12 17:00:00
2460,운동,,2025-08-12 17:00:00,2025-08-12 18:00:00
2461,저녁식사,,2025-08-12 18:00:00,2025-08-12 20:00:00
2462,운동,,2025-08-12 20:00:00,2025-08-12 22:00:00
2463,운동,,2025-08-12 22:00:00,2025-08-12 23:00:00
2464,운동,,2025-08-12 23:00:00,2025-08-13 00:00:00
2465,기타,,2025-08-12 22:00:00,2025-08-12 23:00:00
2466,아침식사,,2025-08-13 08:00:00,2025-08-13 10:00:00
2467,실내활동,,2025-08-13 10:00:00,2025-08-13 11:00:00
2468,기타,,2025-08-13 11:00:00,2025-08-13 12:00:00
2469,점심식사,,2025-08-13 12:00:00,2025-08-13 14:00:00
2470,공원,,2025-08-13 14:00:00,2025-08-13 15:00:00
2471,공부,,2025-08-13 15:00:00,2025-08-13 17:00:00
2472,운동,,2025-08-13 17:00:00,2025-08-13 19:00:00
2473,기타,,2025-08-13 19:00:00,2025-08-13 21:00:00
2474,공부,,2025-08-13 21:00:00,2025-08-13 23:00:00
2475,운동,,2025-08-13 23:00:00,2025-08-14 00:00:00
2476,아침식사,,2025-08-14 08:00:00,2025-08-14 10:00:00
2477,운동,,2025-08-14 10:00:00,2025-08-14 11:00:00
2478,실내활동,,2025-08-14 11:00:00,2025-08-14 12:00:00
2479,점심식사,,2025-08-14 12:00:00,2025-08-14 14:00:00
2480,기타,,2025-08-14 14:00:00,2025-08-14 16:00:00
2481,운동,,2025-08-14 16:00:00,2025-08-14 17:00:00
2482,기타,,2025-08-14 17:00:00,2025-08-14 18:00:00
2483,저녁식사,,2025-08-14 18:00:00,2025-08-14 20:00:00
2484,운동,,2025-08-14 20:00:00,2025-08-14 21:00:00
2485,운동,,2025-08-14 21:00:00,2025-08-14 22:00:00
2486,실내활동,,2025-08-14 22:00:00,2025-08-15 00:00:00
2487,아침식사,,2025-08-15 08:00:00,2025-08-15 10:00:00
2488,운동,,2025-08-15 10:00:00,2025-08-15 12:00:00
2489,점심식사,,2025-08-15 12:00:00,2025-08-15 14:00:00
2490,관람,,2025-08-15 14:00:00,2025-08-15 15:00:00
2491,운동,,2025-08-15 15:00:00,2025-08-15 17:00:00
2492,공원,,2025-08-15 17:00:00,2025-08-15 19:00:00
2493,관람,,2025-08-15 19:00:00,2025-08-15 21:00:00
2494,운동,,2025-08-15 21:00:00,2025-08-15 23:00:00
2495,실내활동,,2025-08-15 23:00:00,2025-08-16 00:00:00
2496,기타,,2025-08-15 22:00:00,2025-08-15 23:00:00
2497,아침식사,,2025-08-16 08:00:00,2025-08-16 10:00:00
2498,운동,,2025-08-16 10:00:00,2025-08-16 11:00:00
2499,기타,,2025-08-16 11:00:00,2025-08-16 12:00:00
2500,점심식사,,2025-08-16 12:00:00,2025-08-16 14:00:00
2501,운동,,2025-08-16 14:00:00,2025-08-16 16:00:00
2502,운동,,2025-08-16 16:00:00,2025-08-16 17:00:00
2503,스포츠,,2025-08-16 17:00:00,2025-08-16 18:00:00
2504,저녁식사,,2025-08-16 18:00:00,2025-08-16 20:00:00
2505,스포츠,,2025-08-16 20:00:00,2025-08-16 22:00:00
2506,기타,,2025-08-16 22:00:00,2025-08-17 00:00:00
2507,아침식사,,2025-08-17 08:00:00,2025-08-17 10:00:00
2508,관람,,2025-08-17 10:00:00,2025-08-17 12:00:00
2509,점심식사,,2025-08-17 12:00:00,2025-08-17 14:00:00
2510,실내활동,,2025-08-17 14:00:00,2025-08-17 15:00:00
2511,공부,,2025-08-17 15:00:00,2025-08-17 16:00:00
2512,관람,,2025-08-17 16:00:00,2025-08-17 18:00:00
2513,저녁식사,,2025-08-17 18:00:00,2025-08-17 20:00:00
2514,실내활동,,2025-08-17 20:00:00,2025-08-17 22:00:00
2515,실내활동,,2025-08-17 22:00:00,2025-08-17 23:00:00
2516,관람,,2025-08-17 23:00:00,2025-08-18 00:00:00
2517,운동,,2025-08-17 22:00:00,2025-08-17 23:00:00
2518,기타,,2025-08-17 22:00:00,2025-08-17 23:00:00
2519,아침식사,,2025-08-18 08:00:00,2025-08-18 10:00:00
2520,기타,,2025-08-18 10:00:00,2025-08-18 11:00:00
2521,공원,,2025-08-18 11:00:00,2025-08-18 12:00:00
2522,점심식사,,2025-08-18 12:00:00,2025-08-18 14:00:00
2523,기타,,2025-08-18 14:00:00,2025-08-18 15:00:00
2524,공원,,2025-08-18 15:00:00,2025-08-18 17:00:00
2525,관람,,2025-08-18 17:00:00,2025-08-18 18:00:00
2526,저녁식사,,2025-08-18 18:00:00,2025-08-18 20:00:00
2527,기타,,2025-08-18 20:00:00,2025-08-18 22:00:00
2528,기타,,2025-08-18 22:00:00,2025-08-19 00:00:00
2529,운동,,2025-08-18 22:00:00,2025-08-18 23:00:00
2530,아침식사,,2025-08-19 08:00:00,2025-08-19 10:00:00
2531,운동,,2025-08-19 10:00:00,2025-08-19 11:00:00
2532,기타,,2025-08-19 11:00:00,2025-08-19 12:00:00
2533,점심식사,,2025-08-19 12:00:00,2025-08-19 14:00:00
2534,기타,,2025-08-19 14:00:00,2025-08-19 15:00:00
2535,공부,,2025-08-19 15:00:00,2025-08-19 16:00:00
2536,공부,,2025-08-19 16:00:00,2025-08-19 18:00:00
2537,저녁식사,,2025-08-19 18:00:00,2025-08-19 20:00:00
2538,공부,,2025-08-19 20:00:00,2025-08-19 21:00:00
2539,기타,,2025-08-19 21:00:00,2025-08-19 23:00:00
2540,공부,,2025-08-19 23:00:00,2025-08-20 00:00:00
2541,아침식사,,2025-08-20 08:00:00,2025-08-20 10:00:00
2542,기타,,2025-08-20 10:00:00,2025-08-20 12:00:00
2543,점심식사,,2025-08-20 12:00:00,2025-08-20 14:00:00
2544,공원,,2025-08-20 14:00:00,2025-08-20 15:00:00
2545,운동,,2025-08-20 15:00:00,2025-08-20 17:00:00
2546,실내활동,,2025-08-20 17:00:00,2025-08-20 19:00:00
2547,공원,,2025-08-20 19:00:00,2025-08-20 21:00:00
2548,공부,,2025-08-20 21:00:00,2025-08-20 23:00:00
2549,실내활동,,2025-08-20 23:00:00,2025-08-21 00:00:00
2550,아침식사,,2025-08-21 08:00:00,2025-08-21 10:00:00
2551,기타,,2025-08-21 10:00:00,2025-08-21 11:00:00
2552,실내활동,,2025-08-21 11:00:00,2025-08-21 12:00:00
2553,점심식사,,2025-08-21 12:00:00,2025-08-21 14:00:00
2554,기타,,2025-08-21 14:00:00,2025-08-21 16:00:00
2555,운동,,2025-08-21 16:00:00,2025-08-21 17:00:00
2556,운동,,2025-08-21 17:00:00,2025-08-21 18:00:00
2557,저녁식사,,2025-08-21 18:00:00,2025-08-21 20:00:00
2558,운동,,2025-08-21 20:00:00,2025-08-21 22:00:00
2559,실내활동,,2025-08-21 22:00:00,2025-08-22 00:00:00
2560,아침식사,,2025-08-22 08:00:00,2025-08-22 10:00:00
2561,기타,,2025-08-22 10:00:00,2025-08-22 12:00:00
2562,점심식사,,2025-08-22 12:00:00,2025-08-22 14:00:00
2563,기타,,2025-08-22 14:00:00,2025-08-22 16:00:00
2564,운동,,2025-08-22 16:00:00,2025-08-22 17:00:00
2565,실내활동,,2025-08-22 17:00:00,2025-08-22 18:00:00
2566,저녁식사,,2025-08-22 18:00:00,2025-08-22 20:00:00
2567,공원,,2025-08-22 20:00:00,2025-08-22 21:00:00
2568,기타,,2025-08-22 21:00:00,2025-08-22 23:00:00
2569,기타,,2025-08-22 23:00:00,2025-08-23 00:00:00
2570,관람,,2025-08-22 22:00:00,2025-08-22 23:00:00
2571,아침식사,,2025-08-23 08:00:00,2025-08-23 10:00:00
2572,기타,,2025-08-23 10:00:00,2025-08-23 11:00:00
2573,운동,,2025-08-23 11:00:00,2025-08-23 12:00:00
2574,점심식사,,2025-08-23 12:00:00,2025-08-23 14:00:00
2575,운동,,2025-08-23 14:00:00,2025-08-23 15:00:00
2576,스포츠,,2025-08-23 15:00:00,2025-08-23 16:00:00
2577,기타,,2025-08-23 16:00:00,2025-08-23 17:00:00
2578,기타,,2025-08-23 17:00:00,2025-08-23 18:00:00
2579,저녁식사,,2025-08-23 18:00:00,2025-08-23 20:00:00
2580,스포츠,,2025-08-23 20:00:00,2025-08-23 22:00:00
2581,스포츠,,2025-08-23 22:00:00,2025-08-24 00:00:00
2582,아침식사,,2025-08-24 08:00:00,2025-08-24 10:00:00
2583,공부,,2025-08-24 10:00:00,2025-08-24 12:00:00
2584,점심식사,,2025-08-24 12:00:00,2025-08-24 14:00:00
2585,기타,,2025-08-24 14:00:00,2025-08-24 16:00:00
2586,실내활동,,2025-08-24 16:00:00,2025-08-24 18:00:00
2587,저녁식사,,2025-08-24 18:00:00,2025-08-24 20:00:00
2588,관람,,2025-08-24 20:00:00,2025-08-24 21:00:00
2589,기타,,2025-08-24 21:00:00,2025-08-24 23:00:00
2590,공부,,2025-08-24 23:00:00,2025-08-25 00:00:00
2591,운동,,2025-08-24 22:00:00,2025-08-24 23:00:00
2592,아침식사,,2025-08-25 08:00:00,2025-08-25 10:00:00
2593,관람,,2025-08-25 10:00:00,2025-08-25 11:00:00
2594,기타,,2025-08-25 11:00:00,2025-08-25 13:00:00
2595,공원,,2025-08-25 13:00:00,2025-08-25 15:00:00
2596,관람,,2025-08-25 15:00:00,2025-08-25 16:00:00
2597,기타,,2025-08-25 16:00:00,2025-08-25 17:00:00
2598,기타,,2025-08-25 17:00:00,2025-08-25 19:00:00
2599,관람,,2025-08-25 19:00:00,2025-08-25 20:00:00
2600,기타,,2025-08-25 20:00:00,2025-08-25 21:00:00
2601,공원,,2025-08-25 21:00:00,2025-08-25 23:00:00
2602,기타,,2025-08-25 23:00:00,2025-08-26 00:00:00
2603,운동,,2025-08-25 22:00:00,2025-08-25 23:00:00
2604,아침식사,,2025-08-26 08:00:00,2025-08-26 10:00:00
2605,기타,,2025-08-26 10:00:00,2025-08-26 12:00:00
2606,점심식사,,2025-08-26 12:00:00,2025-08-26 14:00:00
2607,운동,,2025-08-26 14:00:00,2025-08-26 16:00:00
2608,기타,,2025-08-26 16:00:00,2025-08-26 17:00:00
2609,기타,,2025-08-26 17:00:00,2025-08-26 19:00:00
2610,운동,,2025-08-26 19:00:00,2025-08-26 21:00:00
2611,공부,,2025-08-26 21:00:00,2025-08-26 22:00:00
2612,공부,,2025-08-26 22:00:00,2025-08-26 23:00:00
2613,운동,,2025-08-26 23:00:00,2025-08-27 00:00:00
2614,아침식사,,2025-08-27 08:00:00,2025-08-27 10:00:00
2615,공원,,2025-08-27 10:00:00,2025-08-27 12:00:00
2616,점심식사,,2025-08-27 12:00:00,2025-08-27 14:00:00
2617,운동,,2025-08-27 14:00:00,2025-08-27 15:00:00
2618,기타,,2025-08-27 15:00:00,2025-08-27 16:00:00
2619,실내활동,,2025-08-27 16:00:00,2025-08-27 18:00:00
2620,저녁식사,,2025-08-27 18:00:00,2025-08-27 20:00:00
2621,운동,,2025-08-27 20:00:00,2025-08-27 22:00:00
2622,공원,,2025-08-27 22:00:00,2025-08-27 23:00:00
2623,기타,,2025-08-27 23:00:00,2025-08-28 00:00:00
2624,공부,,2025-08-27 22:00:00,2025-08-27 23:00:00
2625,아침식사,,2025-08-28 08:00:00,2025-08-28 10:00:00
2626,운동,,2025-08-28 10:00:00,2025-08-28 11:00:00
2627,운동,,2025-08-28 11:00:00,2025-08-28 12:00:00
2628,점심식사,,2025-08-28 12:00:00,2025-08-28 14:00:00
2629,기타,,2025-08-28 14:00:00,2025-08-28 15:00:00
2630,운동,,2025-08-28 15:00:00,2025-08-28 16:00:00
2631,운동,,2025-08-28 16:00:00,2025-08-28 18:00:00
2632,저녁식사,,2025-08-28 18:00:00,2025-08-28 20:00:00
2633,기타,,2025-08-28 20:00:00,2025-08-28 22:00:00
2634,운동,,2025-08-28 22:00:00,2025-08-29 00:00:00
2635,실내활동,,2025-08-28 22:00:00,2025-08-28 23:00:00
2636,아침식사,,2025-08-29 08:00:00,2025-08-29 10:00:00
2637,관람,,2025-08-29 10:00:00,2025-08-29 11:00:00
2638,기타,,2025-08-29 11:00:00,2025-08-29 13:00:00
2639,관람,,2025-08-29 13:00:00,2025-08-29 14:00:00
2640,관람,,2025-08-29 14:00:00,2025-08-29 15:00:00
2641,실내활동,,2025-08-29 15:00:00,2025-08-29 17:00:00
2642,기타,,2025-08-29 17:00:00,2025-08-29 18:00:00
2643,저녁식사,,2025-08-29 18:00:00,2025-08-29 20:00:00
2644,운동,,2025-08-29 20:00:00,2025-08-29 21:00:00
2645,기타,,2025-08-29 21:00:00,2025-08-29 22:00:00
2646,운동,,2025-08-29 22:00:00,2025-08-30 00:00:00
2647,공원,,2025-08-29 22:00:00,2025-08-29 23:00:00
2648,아침식사,,2025-08-30 08:00:00,2025-08-30 10:00:00
2649,스포츠,,2025-08-30 10:00:00,2025-08-30 12:00:00
2650,점심식사,,2025-08-30 12:00:00,2025-08-30 14:00:00
2651,운동,,2025-08-30 14:00:00,2025-08-30 16:00:00
2652,스포츠,,2025-08-30 16:00:00,2025-08-30 18:00:00
2653,저녁식사,,2025-08-30 18:00:00,2025-08-30 20:00:00
2654,기타,,2025-08-30 20:00:00,2025-08-30 21:00:00
2655,기타,,2025-08-30 21:00:00,2025-08-30 22:00:00
2656,기타,,2025-08-30 22:00:00,2025-08-30 23:00:00
2657,기타,,2025-08-30 23:00:00,2025-08-31 00:00:00
2658,아침식사,,2025-08-31 08:00:00,2025-08-31 10:00:00
2659,운동,,2025-08-31 10:00:00,2025-08-31 11:00:00
2660,운동,,2025-08-31 11:00:00,2025-08-31 13:00:00
2661,공부,,2025-08-31 13:00:00,2025-08-31 15:00:00
2662,기타,,2025-08-31 15:00:00,2025-08-31 16:00:00
2663,기타,,2025-08-31 16:00:00,2025-08-31 17:00:00
2664,기타,,2025-08-31 17:00:00,2025-08-31 19:00:00
2665,공부,,2025-08-31 19:00:00,2025-08-31 20:00:00
2666,실내활동,,2025-08-31 20:00:00,2025-08-31 22:00:00
2667,기타,,2025-08-31 22:00:00,2025-09-01 00:00:00
2668,관람,,2025-08-31 22:00:00,2025-08-31 23:00:00
2669,아침식사,,2025-09-01 08:00:00,2025-09-01 10:00:00
2670,기타,,2025-09-01 10:00:00,2025-09-01 12:00:00
2671,점심식사,,2025-09-01 12:00:00,2025-09-01 14:00:00
2672,관람,,2025-09-01 14:00:00,2025-09-01 16:00:00
2673,공원,,2025-09-01 16:00:00,2025-09-01 17:00:00
2674,관람,,2025-09-01 17:00:00,2025-09-01 19:00:00
2675,공원,,2025-09-01 19:00:00,2025-09-01 20:00:00
2676,공원,,2025-09-01 20:00:00,2025-09-01 22:00:00
2677,관람,,2025-09-01 22:00:00,2025-09-02 00:00:00
2678,운동,,2025-09-01 22:00:00,2025-09-01 23:00:00
2679,아침식사,,2025-09-02 08:00:00,2025-09-02 10:00:00
2680,기타,,2025-09-02 10:00:00,2025-09-02 12:00:00
2681,점심식사,,2025-09-02 12:00:00,2025-09-02 14:00:00
2682,운동,,2025-09-02 14:00:00,2025-09-02 16:00:00
2683,기타,,2025-09-02 16:00:00,2025-09-02 17:00:00
2684,기타,,2025-09-02 17:00:00,2025-09-02 18:00:00
2685,저녁식사,,2025-09-02 18:00:00,2025-09-02 20:00:00
2686,공부,,2025-09-02 20:00:00,2025-09-02 22:00:00
2687,운동,,2025-09-02 22:00:00,2025-09-02 23:00:00
2688,공부,,2025-09-02 23:00:00,2025-09-03 00:00:00
2689,아침식사,,2025-09-03 08:00:00,2025-09-03 10:00:00
2690,실내활동,,2025-09-03 10:00:00,2025-09-03 12:00:00
2691,점심식사,,2025-09-03 12:00:00,2025-09-03 14:00:00
2692,공부,,2025-09-03 14:00:00,2025-09-03 15:00:00
2693,실내활동,,2025-09-03 15:00:00,2025-09-03 16:00:00
2694,기타,,2025-09-03 16:00:00,2025-09-03 18:00:00
2695,저녁식사,,2025-09-03 18:00:00,2025-09-03 20:00:00
2696,공원,,2025-09-03 20:00:00,2025-09-03 22:00:00
2697,기타,,2025-09-03 22:00:00,2025-09-04 00:00:00
2698,운동,,2025-09-03 22:00:00,2025-09-03 23:00:00
2699,아침식사,,2025-09-04 08:00:00,2025-09-04 10:00:00
2700,운동,,2025-09-04 10:00:00,2025-09-04 12:00:00
2701,점심식사,,2025-09-04 12:00:00,2025-09-04 14:00:00
2702,운동,,2025-09-04 14:00:00,2025-09-04 15:00:00
2703,운동,,2025-09-04 15:00:00,2025-09-04 17:00:00
2704,실내활동,,2025-09-04 17:00:00,2025-09-04 18:00:00
2705,저녁식사,,2025-09-04 18:00:00,2025-09-04 20:00:00
2706,실내활동,,2025-09-04 20:00:00,2025-09-04 22:00:00
2707,기타,,2025-09-04 22:00:00,2025-09-05 00:00:00
2708,아침식사,,2025-09-05 08:00:00,2025-09-05 10:00:00
2709,실내활동,,2025-09-05 10:00:00,2025-09-05 11:00:00
2710,공원,,2025-09-05 11:00:00,2025-09-05 13:00:00
2711,운동,,2025-09-05 13:00:00,2025-09-05 14:00:00
2712,실내활동,,2025-09-05 14:00:00,2025-09-05 16:00:00
2713,운동,,2025-09-05 16:00:00,2025-09-05 18:00:00
2714,저녁식사,,2025-09-05 18:00:00,2025-09-05 20:00:00
2715,관람,,2025-09-05 20:00:00,2025-09-05 21:00:00
2716,운동,,2025-09-05 21:00:00,2025-09-05 22:00:00
2717,실내활동,,2025-09-05 22:00:00,2025-09-05 23:00:00
2718,실내활동,,2025-09-05 23:00:00,2025-09-06 00:00:00
2719,기타,,2025-09-05 22:00:00,2025-09-05 23:00:00
2720,아침식사,,2025-09-06 08:00:00,2025-09-06 10:00:00
2721,기타,,2025-09-06 10:00:00,2025-09-06 11:00:00
2722,기타,,2025-09-06 11:00:00,2025-09-06 12:00:00
2723,점심식사,,2025-09-06 12:00:00,2025-09-06 14:00:00
2724,기타,,2025-09-06 14:00:00,2025-09-06 16:00:00
2725,기타,,2025-09-06 16:00:00,2025-09-06 18:00:00
2726,저녁식사,,2025-09-06 18:00:00,2025-09-06 20:00:00
2727,기타,,2025-09-06 20:00:00,2025-09-06 21:00:00
2728,운동,,2025-09-06 21:00:00,2025-09-06 22:00:00
2729,기타,,2025-09-06 22:00:00,2025-09-06 23:00:00
2730,기타,,2025-09-06 23:00:00,2025-09-07 00:00:00
2731,스포츠,,2025-09-06 22:00:00,2025-09-06 23:00:00
2732,아침식사,,2025-09-07 08:00:00,2025-09-07 10:00:00
2733,기타,,2025-09-07 10:00:00,2025-09-07 12:00:00
2734,점심식사,,2025-09-07 12:00:00,2025-09-07 14:00:00
2735,관람,,2025-09-07 14:00:00,2025-09-07 15:00:00
2736,관람,,2025-09-07 15:00:00,2025-09-07 17:00:00
2737,실내활동,,2025-09-07 17:00:00,2025-09-07 19:00:00
2738,기타,,2025-09-07 19:00:00,2025-09-07 21:00:00
2739,공부,,2025-09-07 21:00:00,2025-09-07 22:00:00
2740,공부,,2025-09-07 22:00:00,2025-09-07 23:00:00
2741,공부,,2025-09-07 23:00:00,2025-09-08 00:00:00
2742,운동,,2025-09-07 22:00:00,2025-09-07 23:00:00
2743,아침식사,,2025-09-08 08:00:00,2025-09-08 10:00:00
2744,기타,,2025-09-08 10:00:00,2025-09-08 11:00:00
2745,관람,,2025-09-08 11:00:00,2025-09-08 13:00:00
2746,운동,,2025-09-08 13:00:00,2025-09-08 14:00:00
2747,공원,,2025-09-08 14:00:00,2025-09-08 15:00:00
2748,운동,,2025-09-08 15:00:00,2025-09-08 17:00:00
2749,기타,,2025-09-08 17:00:00,2025-09-08 19:00:00
2750,관람,,2025-09-08 19:00:00,2025-09-08 21:00:00
2751,기타,,2025-09-08 21:00:00,2025-09-08 22:00:00
2752,운동,,2025-09-08 22:00:00,2025-09-09 00:00:00
2753,아침식사,,2025-09-09 08:00:00,2025-09-09 10:00:00
2754,운동,,2025-09-09 10:00:00,2025-09-09 12:00:00
2755,점심식사,,2025-09-09 12:00:00,2025-09-09 14:00:00
2756,공부,,2025-09-09 14:00:00,2025-09-09 15:00:00
2757,운동,,2025-09-09 15:00:00,2025-09-09 17:00:00
2758,공부,,2025-09-09 17:00:00,2025-09-09 18:00:00
2759,저녁식사,,2025-09-09 18:00:00,2025-09-09 20:00:00
2760,기타,,2025-09-09 20:00:00,2025-09-09 21:00:00
2761,공부,,2025-09-09 21:00:00,2025-09-09 23:00:00
2762,운동,,2025-09-09 23:00:00,2025-09-10 00:00:00
2763,아침식사,,2025-09-10 08:00:00,2025-09-10 10:00:00
2764,실내활동,,2025-09-10 10:00:00,2025-09-10 12:00:00
2765,점심식사,,2025-09-10 12:00:00,2025-09-10 14:00:00
2766,기타,,2025-09-10 14:00:00,2025-09-10 16:00:00
2767,실내활동,,2025-09-10 16:00:00,2025-09-10 17:00:00
2768,운동,,2025-09-10 17:00:00,2025-09-10 19:00:00
2769,기타,,2025-09-10 19:00:00,2025-09-10 20:00:00
2770,공원,,2025-09-10 20:00:00,2025-09-10 22:00:00
2771,공부,,2025-09-10 22:00:00,2025-09-11 00:00:00
2772,아침식사,,2025-09-11 08:00:00,2025-09-11 10:00:00
2773,운동,,2025-09-11 10:00:00,2025-09-11 11:00:00
2774,기타,,2025-09-11 11:00:00,2025-09-11 12:00:00
2775,점심식사,,2025-09-11 12:00:00,2025-09-11 14:00:00
2776,운동,,2025-09-11 14:00:00,2025-09-11 16:00:00
2777,실내활동,,2025-09-11 16:00:00,2025-09-11 18:00:00
2778,저녁식사,,2025-09-11 18:00:00,2025-09-11 20:00:00
2779,실내활동,,2025-09-11 20:00:00,2025-09-11 22:00:00
2780,실내활동,,2025-09-11 22:00:00,2025-09-11 23:00:00
2781,실내활동,,2025-09-11 23:00:00,2025-09-12 00:00:00
2782,아침식사,,2025-09-12 08:00:00,2025-09-12 10:00:00
2783,기타,,2025-09-12 10:00:00,2025-09-12 12:00:00
2784,점심식사,,2025-09-12 12:00:00,2025-09-12 14:00:00
2785,기타,,2025-09-12 14:00:00,2025-09-12 16:00:00
2786,실내활동,,2025-09-12 16:00:00,2025-09-12 17:00:00
2787,공원,,2025-09-12 17:00:00,2025-09-12 19:00:00
2788,기타,,2025-09-12 19:00:00,2025-09-12 20:00:00
2789,운동,,2025-09-12 20:00:00,2025-09-12 22:00:00
2790,실내활동,,2025-09-12 22:00:00,2025-09-13 00:00:00
2791,관람,,2025-09-12 22:00:00,2025-09-12 23:00:00
2792,아침식사,,2025-09-13 08:00:00,2025-09-13 10:00:00
2793,운동,,2025-09-13 10:00:00,2025-09-13 11:00:00
2794,운동,,2025-09-13 11:00:00,2025-09-13 13:00:00
2795,스포츠,,2025-09-13 13:00:00,2025-09-13 14:00:00
2796,운동,,2025-09-13 14:00:00,2025-09-13 15:00:00
2797,운동,,2025-09-13 15:00:00,2025-09-13 17:00:00
2798,기타,,2025-09-13 17:00:00,2025-09-13 18:00:00
2799,저녁식사,,2025-09-13 18:00:00,2025-09-13 20:00:00
2800,스포츠,,2025-09-13 20:00:00,2025-09-13 21:00:00
2801,운동,,2025-09-13 21:00:00,2025-09-13 23:00:00
2802,스포츠,,2025-09-13 23:00:00,2025-09-14 00:00:00
2803,아침식사,,2025-09-14 08:00:00,2025-09-14 10:00:00
2804,공부,,2025-09-14 10:00:00,2025-09-14 11:00:00
2805,실내활동,,2025-09-14 11:00:00,2025-09-14 12:00:00
2806,점심식사,,2025-09-14 12:00:00,2025-09-14 14:00:00
2807,기타,,2025-09-14 14:00:00,2025-09-14 16:00:00
2808,관람,,2025-09-14 16:00:00,2025-09-14 18:00:00
2809,저녁식사,,2025-09-14 18:00:00,2025-09-14 20:00:00
2810,관람,,2025-09-14 20:00:00,2025-09-14 22:00:00
2811,공부,,2025-09-14 22:00:00,2025-09-15 00:00:00
2812,운동,,2025-09-14 22:00:00,2025-09-14 23:00:00
2813,아침식사,,2025-09-15 08:00:00,2025-09-15 10:00:00
2814,운동,,2025-09-15 10:00:00,2025-09-15 11:00:00
2815,운동,,2025-09-15 11:00:00,2025-09-15 13:00:00
2816,기타,,2025-09-15 13:00:00,2025-09-15 14:00:00
2817,기타,,2025-09-15 14:00:00,2025-09-15 16:00:00
2818,관람,,2025-09-15 16:00:00,2025-09-15 17:00:00
2819,공원,,2025-09-15 17:00:00,2025-09-15 19:00:00
2820,운동,,2025-09-15 19:00:00,2025-09-15 20:00:00
2821,기타,,2025-09-15 20:00:00,2025-09-15 21:00:00
2822,공원,,2025-09-15 21:00:00,2025-09-15 23:00:00
2823,관람,,2025-09-15 23:00:00,2025-09-16 00:00:00
2824,아침식사,,2025-09-16 08:00:00,2025-09-16 10:00:00
2825,운동,,2025-09-16 10:00:00,2025-09-16 12:00:00
2826,점심식사,,2025-09-16 12:00:00,2025-09-16 14:00:00
2827,기타,,2025-09-16 14:00:00,2025-09-16 16:00:00
2828,운동,,2025-09-16 16:00:00,2025-09-16 18:00:00
2829,저녁식사,,2025-09-16 18:00:00,2025-09-16 20:00:00
2830,운동,,2025-09-16 20:00:00,2025-09-16 22:00:00
2831,운동,,2025-09-16 22:00:00,2025-09-17 00:00:00
2832,공부,,2025-09-16 22:00:00,2025-09-16 23:00:00
2833,아침식사,,2025-09-17 08:00:00,2025-09-17 10:00:00
2834,공원,,2025-09-17 10:00:00,2025-09-17 12:00:00
2835,점심식사,,2025-09-17 12:00:00,2025-09-17 14:00:00
2836,기타,,2025-09-17 14:00:00,2025-09-17 15:00:00
2837,운동,,2025-09-17 15:00:00,2025-09-17 16:00:00
2838,공부,,2025-09-17 16:00:00,2025-09-17 18:00:00
2839,저녁식사,,2025-09-17 18:00:00,2025-09-17 20:00:00
2840,공부,,2025-09-17 20:00:00,2025-09-17 22:00:00
2841,기타,,2025-09-17 22:00:00,2025-09-18 00:00:00
2842,실내활동,,2025-09-17 22:00:00,2025-09-17 23:00:00
2843,아침식사,,2025-09-18 08:00:00,2025-09-18 10:00:00
2844,기타,,2025-09-18 10:00:00,2025-09-18 11:00:00
2845,운동,,2025-09-18 11:00:00,2025-09-18 12:00:00
2846,점심식사,,2025-09-18 12:00:00,2025-09-18 14:00:00
2847,실내활동,,2025-09-18 14:00:00,2025-09-18 16:00:00
2848,기타,,2025-09-18 16:00:00,2025-09-18 18:00:00
2849,저녁식사,,2025-09-18 18:00:00,2025-09-18 20:00:00
2850,실내활동,,2025-09-18 20:00:00,2025-09-18 22:00:00
2851,운동,,2025-09-18 22:00:00,2025-09-19 00:00:00
2852,아침식사,,2025-09-19 08:00:00,2025-09-19 10:00:00
2853,관람,,2025-09-19 10:00:00,2025-09-19 12:00:00
2854,점심식사,,2025-09-19 12:00:00,2025-09-19 14:00:00
2855,운동,,2025-09-19 14:00:00,2025-09-19 16:00:00
2856,운동,,2025-09-19 16:00:00,2025-09-19 17:00:00
2857,운동,,2025-09-19 17:00:00,2025-09-19 19:00:00
2858,실내활동,,2025-09-19 19:00:00,2025-09-19 20:00:00
2859,운동,,2025-09-19 20:00:00,2025-09-19 21:00:00
2860,공원,,2025-09-19 21:00:00,2025-09-19 23:00:00
2861,공원,,2025-09-19 23:00:00,2025-09-20 00:00:00
2862,기타,,2025-09-19 22:00:00,2025-09-19 23:00:00
2863,아침식사,,2025-09-20 08:00:00,2025-09-20 10:00:00
2864,스포츠,,2025-09-20 10:00:00,2025-09-20 11:00:00
2865,운동,,2025-09-20 11:00:00,2025-09-20 13:00:00
2866,스포츠,,2025-09-20 13:00:00,2025-09-20 14:00:00
2867,기타,,2025-09-20 14:00:00,2025-09-20 15:00:00
2868,기타,,2025-09-20 15:00:00,2025-09-20 16:00:00
2869,기타,,2025-09-20 16:00:00,2025-09-20 18:00:00
2870,저녁식사,,2025-09-20 18:00:00,2025-09-20 20:00:00
2871,스포츠,,2025-09-20 20:00:00,2025-09-20 22:00:00
2872,기타,,2025-09-20 22:00:00,2025-09-21 00:00:00
2873,아침식사,,2025-09-21 08:00:00,2025-09-21 10:00:00
2874,관람,,2025-09-21 10:00:00,2025-09-21 11:00:00
2875,관람,,2025-09-21 11:00:00,2025-09-21 12:00:00
2876,점심식사,,2025-09-21 12:00:00,2025-09-21 14:00:00
2877,기타,,2025-09-21 14:00:00,2025-09-21 16:00:00
2878,실내활동,,2025-09-21 16:00:00,2025-09-21 17:00:00
2879,관람,,2025-09-21 17:00:00,2025-09-21 19:00:00
2880,기타,,2025-09-21 19:00:00,2025-09-21 20:00:00
2881,공부,,2025-09-21 20:00:00,2025-09-21 21:00:00
2882,실내활동,,2025-09-21 21:00:00,2025-09-21 22:00:00
2883,공부,,2025-09-21 22:00:00,2025-09-21 23:00:00
2884,운동,,2025-09-21 23:00:00,2025-09-22 00:00:00
2885,아침식사,,2025-09-22 08:00:00,2025-09-22 10:00:00
2886,운동,,2025-09-22 10:00:00,2025-09-22 12:00:00
2887,점심식사,,2025-09-22 12:00:00,2025-09-22 14:00:00
2888,운동,,2025-09-22 14:00:00,2025-09-22 15:00:00
2889,운동,,2025-09-22 15:00:00,2025-09-22 17:00:00
2890,공원,,2025-09-22 17:00:00,2025-09-22 19:00:00
2891,공원,,2025-09-22 19:00:00,2025-09-22 21:00:00
2892,공원,,2025-09-22 21:00:00,2025-09-22 22:00:00
2893,운동,,2025-09-22 22:00:00,2025-09-23 00:00:00
2894,관람,,2025-09-22 22:00:00,2025-09-22 23:00:00
2895,기타,,2025-09-22 22:00:00,2025-09-22 23:00:00
2896,아침식사,,2025-09-23 08:00:00,2025-09-23 10:00:00
2897,운동,,2025-09-23 10:00:00,2025-09-23 11:00:00
2898,공부,,2025-09-23 11:00:00,2025-09-23 13:00:00
2899,운동,,2025-09-23 13:00:00,2025-09-23 14:00:00
2900,기타,,2025-09-23 14:00:00,2025-09-23 15:00:00
2901,공부,,2025-09-23 15:00:00,2025-09-23 16:00:00
2902,운동,,2025-09-23 16:00:00,2025-09-23 18:00:00
2903,저녁식사,,2025-09-23 18:00:00,2025-09-23 20:00:00
2904,기타,,2025-09-23 20:00:00,2025-09-23 22:00:00
2905,공부,,2025-09-23 22:00:00,2025-09-23 23:00:00
2906,기타,,2025-09-23 23:00:00,2025-09-24 00:00:00
2907,아침식사,,2025-09-24 08:00:00,2025-09-24 10:00:00
2908,실내활동,,2025-09-24 10:00:00,2025-09-24 11:00:00
2909,실내활동,,2025-09-24 11:00:00,2025-09-24 12:00:00
2910,점심식사,,2025-09-24 12:00:00,2025-09-24 14:00:00
2911,기타,,2025-09-24 14:00:00,2025-09-24 15:00:00
2912,운동,,2025-09-24 15:00:00,2025-09-24 16:00:00
2913,공원,,2025-09-24 16:00:00,2025-09-24 17:00:00
2914,공원,,2025-09-24 17:00:00,2025-09-24 18:00:00
2915,저녁식사,,2025-09-24 18:00:00,2025-09-24 20:00:00
2916,공부,,2025-09-24 20:00:00,2025-09-24 21:00:00
2917,공부,,2025-09-24 21:00:00,2025-09-24 22:00:00
2918,공원,,2025-09-24 22:00:00,2025-09-25 00:00:00
2919,아침식사,,2025-09-25 08:00:00,2025-09-25 10:00:00
2920,운동,,2025-09-25 10:00:00,2025-09-25 12:00:00
2921,점심식사,,2025-09-25 12:00:00,2025-09-25 14:00:00
2922,기타,,2025-09-25 14:00:00,2025-09-25 16:00:00
2923,기타,,2025-09-25 16:00:00,2025-09-25 17:00:00
2924,운동,,2025-09-25 17:00:00,2025-09-25 18:00:00
2925,저녁식사,,2025-09-25 18:00:00,2025-09-25 20:00:00
2926,운동,,2025-09-25 20:00:00,2025-09-25 21:00:00
2927,운동,,2025-09-25 21:00:00,2025-09-25 23:00:00
2928,기타,,2025-09-25 23:00:00,2025-09-26 00:00:00
2929,실내활동,,2025-09-25 22:00:00,2025-09-25 23:00:00
2930,아침식사,,2025-09-26 08:00:00,2025-09-26 10:00:00
2931,운동,,2025-09-26 10:00:00,2025-09-26 11:00:00
2932,실내활동,,2025-09-26 11:00:00,2025-09-26 13:00:00
2933,공원,,2025-09-26 13:00:00,2025-09-26 14:00:00
2934,실내활동,,2025-09-26 14:00:00,2025-09-26 15:00:00
2935,운동,,2025-09-26 15:00:00,2025-09-26 16:00:00
2936,기타,,2025-09-26 16:00:00,2025-09-26 17:00:00
2937,실내활동,,2025-09-26 17:00:00,2025-09-26 18:00:00
2938,저녁식사,,2025-09-26 18:00:00,2025-09-26 20:00:00
2939,관람,,2025-09-26 20:00:00,2025-09-26 21:00:00
2940,공원,,2025-09-26 21:00:00,2025-09-26 22:00:00
2941,운동,,2025-09-26 22:00:00,2025-09-26 23:00:00
2942,관람,,2025-09-26 23:00:00,2025-09-27 00:00:00
2943,아침식사,,2025-09-27 08:00:00,2025-09-27 10:00:00
2944,운동,,2025-09-27 10:00:00,2025-09-27 12:00:00
2945,점심식사,,2025-09-27 12:00:00,2025-09-27 14:00:00
2946,운동,,2025-09-27 14:00:00,2025-09-27 15:00:00
2947,스포츠,,2025-09-27 15:00:00,2025-09-27 16:00:00
2948,스포츠,,2025-09-27 16:00:00,2025-09-27 18:00:00
2949,저녁식사,,2025-09-27 18:00:00,2025-09-27 20:00:00
2950,기타,,2025-09-27 20:00:00,2025-09-27 21:00:00
2951,기타,,2025-09-27 21:00:00,2025-09-27 22:00:00
2952,운동,,2025-09-27 22:00:00,2025-09-28 00:00:00
2953,아침식사,,2025-09-28 08:00:00,2025-09-28 10:00:00
2954,실내활동,,2025-09-28 10:00:00,2025-09-28 12:00:00
2955,점심식사,,2025-09-28 12:00:00,2025-09-28 14:00:00
2956,실내활동,,2025-09-28 14:00:00,2025-09-28 15:00:00
2957,운동,,2025-09-28 15:00:00,2025-09-28 17:00:00
2958,실내활동,,2025-09-28 17:00:00,2025-09-28 18:00:00
2959,저녁식사,,2025-09-28 18:00:00,2025-09-28 20:00:00
2960,운동,,2025-09-28 20:00:00,2025-09-28 21:00:00
2961,실내활동,,2025-09-28 21:00:00,2025-09-28 23:00:00
2962,실내활동,,2025-09-28 23:00:00,2025-09-29 00:00:00
2963,공부,,2025-09-28 22:00:00,2025-09-28 23:00:00
2964,관람,,2025-09-28 22:00:00,2025-09-28 23:00:00
2965,기타,,2025-09-28 22:00:00,2025-09-28 23:00:00
2966,아침식사,,2025-09-29 08:00:00,2025-09-29 10:00:00
2967,공원,,2025-09-29 10:00:00,2025-09-29 11:00:00
2968,공원,,2025-09-29 11:00:00,2025-09-29 13:00:00
2969,기타,,2025-09-29 13:00:00,2025-09-29 14:00:00
2970,관람,,2025-09-29 14:00:00,2025-09-29 16:00:00
2971,공원,,2025-09-29 16:00:00,2025-09-29 18:00:00
2972,저녁식사,,2025-09-29 18:00:00,2025-09-29 20:00:00
2973,공원,,2025-09-29 20:00:00,2025-09-29 22:00:00
2974,운동,,2025-09-29 22:00:00,2025-09-29 23:00:00
2975,운동,,2025-09-29 23:00:00,2025-09-30 00:00:00
2976,아침식사,,2025-09-30 08:00:00,2025-09-30 10:00:00
2977,기타,,2025-09-30 10:00:00,2025-09-30 11:00:00
2978,운동,,2025-09-30 11:00:00,2025-09-30 13:00:00
2979,공부,,2025-09-30 13:00:00,2025-09-30 14:00:00
2980,기타,,2025-09-30 14:00:00,2025-09-30 15:00:00
2981,공부,,2025-09-30 15:00:00,2025-09-30 16:00:00
2982,기타,,2025-09-30 16:00:00,2025-09-30 17:00:00
2983,공부,,2025-09-30 17:00:00,2025-09-30 18:00:00
2984,저녁식사,,2025-09-30 18:00:00,2025-09-30 20:00:00
2985,운동,,2025-09-30 20:00:00,2025-09-30 22:00:00
2986,공부,,2025-09-30 22:00:00,2025-10-01 00:00:00
2987,아침식사,,2025-10-01 08:00:00,2025-10-01 10:00:00
2988,실내활동,,2025-10-01 10:00:00,2025-10-01 11:00:00
2989,운동,,2025-10-01 11:00:00,2025-10-01 13:00:00
2990,공원,,2025-10-01 13:00:00,2025-10-01 14:00:00
2991,운동,,2025-10-01 14:00:00,2025-10-01 15:00:00
2992,공부,,2025-10-01 15:00:00,2025-10-01 16:00:00
2993,운동,,2025-10-01 16:00:00,2025-10-01 18:00:00
2994,저녁식사,,2025-10-01 18:00:00,2025-10-01 20:00:00
2995,실내활동,,2025-10-01 20:00:00,2025-10-01 22:00:00
2996,실내활동,,2025-10-01 22:00:00,2025-10-02 00:00:00
2997,기타,,2025-10-01 22:00:00,2025-10-01 23:00:00
2998,아침식사,,2025-10-02 08:00:00,2025-10-02 10:00:00
2999,실내활동,,2025-10-02 10:00:00,2025-10-02 11:00:00
3000,기타,,2025-10-02 11:00:00,2025-10-02 13:00:00
3001,운동,,2025-10-02 13:00:00,2025-10-02 14:00:00
3002,운동,,2025-10-02 14:00:00,2025-10-02 15:00:00
3003,운동,,2025-10-02 15:00:00,2025-10-02 16:00:00
3004,실내활동,,2025-10-02 16:00:00,2025-10-02 18:00:00
3005,저녁식사,,2025-10-02 18:00:00,2025-10-02 20:00:00
3006,실내활동,,2025-10-02 20:00:00,2025-10-02 22:00:00
3007,기타,,2025-10-02 22:00:00,2025-10-02 23:00:00
3008,기타,,2025-10-02 23:00:00,2025-10-03 00:00:00
3009,아침식사,,2025-10-03 08:00:00,2025-10-03 10:00:00
3010,관람,,2025-10-03 10:00:00,2025-10-03 11:00:00
3011,운동,,2025-10-03 11:00:00,2025-10-03 13:00:00
3012,관람,,2025-10-03 13:00:00,2025-10-03 15:00:00
3013,관람,,2025-10-03 15:00:00,2025-10-03 17:00:00
3014,공원,,2025-10-03 17:00:00,2025-10-03 19:00:00
3015,실내활동,,2025-10-03 19:00:00,2025-10-03 20:00:00
3016,공원,,2025-10-03 20:00:00,2025-10-03 22:00:00
3017,기타,,2025-10-03 22:00:00,2025-10-04 00:00:00
3018,아침식사,,2025-10-04 08:00:00,2025-10-04 10:00:00
3019,스포츠,,2025-10-04 10:00:00,2025-10-04 12:00:00
3020,점심식사,,2025-10-04 12:00:00,2025-10-04 14:00:00
3021,운동,,2025-10-04 14:00:00,2025-10-04 16:00:00
3022,운동,,2025-10-04 16:00:00,2025-10-04 18:00:00
3023,저녁식사,,2025-10-04 18:00:00,2025-10-04 20:00:00
3024,운동,,2025-10-04 20:00:00,2025-10-04 21:00:00
3025,운동,,2025-10-04 21:00:00,2025-10-04 23:00:00
3026,기타,,2025-10-04 23:00:00,2025-10-05 00:00:00
3027,아침식사,,2025-10-05 08:00:00,2025-10-05 10:00:00
3028,공부,,2025-10-05 10:00:00,2025-10-05 12:00:00
3029,점심식사,,2025-10-05 12:00:00,2025-10-05 14:00:00
3030,실내활동,,2025-10-05 14:00:00,2025-10-05 16:00:00
3031,실내활동,,2025-10-05 16:00:00,2025-10-05 17:00:00
3032,관람,,2025-10-05 17:00:00,2025-10-05 19:00:00
3033,실내활동,,2025-10-05 19:00:00,2025-10-05 20:00:00
3034,관람,,2025-10-05 20:00:00,2025-10-05 21:00:00
3035,공부,,2025-10-05 21:00:00,2025-10-05 22:00:00
3036,관람,,2025-10-05 22:00:00,2025-10-05 23:00:00
3037,운동,,2025-10-05 23:00:00,2025-10-06 00:00:00
3038,기타,,2025-10-05 22:00:00,2025-10-05 23:00:00
3039,아침식사,,2025-10-06 08:00:00,2025-10-06 10:00:00
3040,공원,,2025-10-06 10:00:00,2025-10-06 12:00:00
3041,점심식사,,2025-10-06 12:00:00,2025-10-06 14:00:00
3042,관람,,2025-10-06 14:00:00,2025-10-06 16:00:00
3043,공원,,2025-10-06 16:00:00,2025-10-06 17:00:00
3044,운동,,2025-10-06 17:00:00,2025-10-06 19:00:00
3045,기타,,2025-10-06 19:00:00,2025-10-06 21:00:00
3046,기타,,2025-10-06 21:00:00,2025-10-06 23:00:00
3047,관람,,2025-10-06 23:00:00,2025-10-07 00:00:00
3048,아침식사,,2025-10-07 08:00:00,2025-10-07 10:00:00
3049,기타,,2025-10-07 10:00:00,2025-10-07 11:00:00
3050,공부,,2025-10-07 11:00:00,2025-10-07 13:00:00
3051,기타,,2025-10-07 13:00:00,2025-10-07 15:00:00
3052,운동,,2025-10-07 15:00:00,2025-10-07 16:00:00
3053,운동,,2025-10-07 16:00:00,2025-10-07 18:00:00
3054,저녁식사,,2025-10-07 18:00:00,2025-10-07 20:00:00
3055,운동,,2025-10-07 20:00:00,2025-10-07 21:00:00
3056,공부,,2025-10-07 21:00:00,2025-10-07 23:00:00
3057,공부,,2025-10-07 23:00:00,2025-10-08 00:00:00
3058,아침식사,,2025-10-08 08:00:00,2025-10-08 10:00:00
3059,공원,,2025-10-08 10:00:00,2025-10-08 11:00:00
3060,실내활동,,2025-10-08 11:00:00,2025-10-08 12:00:00
3061,점심식사,,2025-10-08 12:00:00,2025-10-08 14:00:00
3062,운동,,2025-10-08 14:00:00,2025-10-08 15:00:00
3063,기타,,2025-10-08 15:00:00,2025-10-08 16:00:00
3064,기타,,2025-10-08 16:00:00,2025-10-08 18:00:00
3065,저녁식사,,2025-10-08 18:00:00,2025-10-08 20:00:00
3066,기타,,2025-10-08 20:00:00,2025-10-08 22:00:00
3067,실내활동,,2025-10-08 22:00:00,2025-10-09 00:00:00
3068,공부,,2025-10-08 22:00:00,2025-10-08 23:00:00
3069,아침식사,,2025-10-09 08:00:00,2025-10-09 10:00:00
3070,운동,,2025-10-09 10:00:00,2025-10-09 12:00:00
3071,점심식사,,2025-10-09 12:00:00,2025-10-09 14:00:00
3072,운동,,2025-10-09 14:00:00,2025-10-09 15:00:00
3073,실내활동,,2025-10-09 15:00:00,2025-10-09 16:00:00
3074,기타,,2025-10-09 16:00:00,2025-10-09 17:00:00
3075,실내활동,,2025-10-09 17:00:00,2025-10-09 18:00:00
3076,저녁식사,,2025-10-09 18:00:00,2025-10-09 20:00:00
3077,실내활동,,2025-10-09 20:00:00,2025-10-09 21:00:00
3078,실내활동,,2025-10-09 21:00:00,2025-10-09 23:00:00
3079,실내활동,,2025-10-09 23:00:00,2025-10-10 00:00:00
3080,아침식사,,2025-10-10 08:00:00,2025-10-10 10:00:00
3081,기타,,2025-10-10 10:00:00,2025-10-10 12:00:00
3082,점심식사,,2025-10-10 12:00:00,2025-10-10 14:00:00
3083,실내활동,,2025-10-10 14:00:00,2025-10-10 16:00:00
3084,실내활동,,2025-10-10 16:00:00,2025-10-10 18:00:00
3085,저녁식사,,2025-10-10 18:00:00,2025-10-10 20:00:00
3086,관람,,2025-10-10 20:00:00,2025-10-10 21:00:00
3087,관람,,2025-10-10 21:00:00,2025-10-10 23:00:00
3088,공원,,2025-10-10 23:00:00,2025-10-11 00:00:00
3089,운동,,2025-10-10 22:00:00,2025-10-10 23:00:00
3090,아침식사,,2025-10-11 08:00:00,2025-10-11 10:00:00
3091,스포츠,,2025-10-11 10:00:00,2025-10-11 11:00:00
3092,기타,,2025-10-11 11:00:00,2025-10-11 13:00:00
3093,운동,,2025-10-11 13:00:00,2025-10-11 15:00:00
3094,기타,,2025-10-11 15:00:00,2025-10-11 16:00:00
3095,운동,,2025-10-11 16:00:00,2025-10-11 18:00:00
3096,저녁식사,,2025-10-11 18:00:00,2025-10-11 20:00:00
3097,운동,,2025-10-11 20:00:00,2025-10-11 21:00:00
3098,스포츠,,2025-10-11 21:00:00,2025-10-11 23:00:00
3099,운동,,2025-10-11 23:00:00,2025-10-12 00:00:00
3100,아침식사,,2025-10-12 08:00:00,2025-10-12 10:00:00
3101,공부,,2025-10-12 10:00:00,2025-10-12 12:00:00
3102,점심식사,,2025-10-12 12:00:00,2025-10-12 14:00:00
3103,운동,,2025-10-12 14:00:00,2025-10-12 16:00:00
3104,운동,,2025-10-12 16:00:00,2025-10-12 17:00:00
3105,기타,,2025-10-12 17:00:00,2025-10-12 19:00:00
3106,공부,,2025-10-12 19:00:00,2025-10-12 20:00:00
3107,관람,,2025-10-12 20:00:00,2025-10-12 22:00:00
3108,공부,,2025-10-12 22:00:00,2025-10-12 23:00:00
3109,실내활동,,2025-10-12 23:00:00,2025-10-13 00:00:00
3110,아침식사,,2025-10-13 08:00:00,2025-10-13 10:00:00
3111,관람,,2025-10-13 10:00:00,2025-10-13 12:00:00
3112,점심식사,,2025-10-13 12:00:00,2025-10-13 14:00:00
3113,기타,,2025-10-13 14:00:00,2025-10-13 16:00:00
3114,기타,,2025-10-13 16:00:00,2025-10-13 17:00:00
3115,관람,,2025-10-13 17:00:00,2025-10-13 18:00:00
3116,저녁식사,,2025-10-13 18:00:00,2025-10-13 20:00:00
3117,운동,,2025-10-13 20:00:00,2025-10-13 22:00:00
3118,운동,,2025-10-13 22:00:00,2025-10-14 00:00:00
3119,공원,,2025-10-13 22:00:00,2025-10-13 23:00:00
3120,아침식사,,2025-10-14 08:00:00,2025-10-14 10:00:00
3121,기타,,2025-10-14 10:00:00,2025-10-14 11:00:00
3122,공부,,2025-10-14 11:00:00,2025-10-14 12:00:00
3123,점심식사,,2025-10-14 12:00:00,2025-10-14 14:00:00
3124,공부,,2025-10-14 14:00:00,2025-10-14 15:00:00
3125,운동,,2025-10-14 15:00:00,2025-10-14 16:00:00
3126,기타,,2025-10-14 16:00:00,2025-10-14 17:00:00
3127,기타,,2025-10-14 17:00:00,2025-10-14 19:00:00
3128,공부,,2025-10-14 19:00:00,2025-10-14 20:00:00
3129,운동,,2025-10-14 20:00:00,2025-10-14 22:00:00
3130,운동,,2025-10-14 22:00:00,2025-10-15 00:00:00
3131,아침식사,,2025-10-15 08:00:00,2025-10-15 10:00:00
3132,기타,,2025-10-15 10:00:00,2025-10-15 11:00:00
3133,기타,,2025-10-15 11:00:00,2025-10-15 12:00:00
3134,점심식사,,2025-10-15 12:00:00,2025-10-15 14:00:00
3135,기타,,2025-10-15 14:00:00,2025-10-15 15:00:00
3136,공원,,2025-10-15 15:00:00,2025-10-15 17:00:00
3137,기타,,2025-10-15 17:00:00,2025-10-15 19:00:00
3138,공원,,2025-10-15 19:00:00,2025-10-15 21:00:00
3139,기타,,2025-10-15 21:00:00,2025-10-15 23:00:00
3140,공원,,2025-10-15 23:00:00,2025-10-16 00:00:00
3141,운동,,2025-10-15 22:00:00,2025-10-15 23:00:00
3142,공부,,2025-10-15 22:00:00,2025-10-15 23:00:00
3143,실내활동,,2025-10-15 22:00:00,2025-10-15 23:00:00
3144,아침식사,,2025-10-16 08:00:00,2025-10-16 10:00:00
3145,실내활동,,2025-10-16 10:00:00,2025-10-16 12:00:00
3146,점심식사,,2025-10-16 12:00:00,2025-10-16 14:00:00
3147,실내활동,,2025-10-16 14:00:00,2025-10-16 15:00:00
3148,실내활동,,2025-10-16 15:00:00,2025-10-16 17:00:00
3149,실내활동,,2025-10-16 17:00:00,2025-10-16 18:00:00
3150,저녁식사,,2025-10-16 18:00:00,2025-10-16 20:00:00
3151,실내활동,,2025-10-16 20:00:00,2025-10-16 22:00:00
3152,운동,,2025-10-16 22:00:00,2025-10-17 00:00:00
3153,기타,,2025-10-16 22:00:00,2025-10-16 23:00:00
3154,아침식사,,2025-10-17 08:00:00,2025-10-17 10:00:00
3155,실내활동,,2025-10-17 10:00:00,2025-10-17 12:00:00
3156,점심식사,,2025-10-17 12:00:00,2025-10-17 14:00:00
3157,기타,,2025-10-17 14:00:00,2025-10-17 16:00:00
3158,관람,,2025-10-17 16:00:00,2025-10-17 18:00:00
3159,저녁식사,,2025-10-17 18:00:00,2025-10-17 20:00:00
3160,운동,,2025-10-17 20:00:00,2025-10-17 21:00:00
3161,운동,,2025-10-17 21:00:00,2025-10-17 23:00:00
3162,기타,,2025-10-17 23:00:00,2025-10-18 00:00:00
3163,공원,,2025-10-17 22:00:00,2025-10-17 23:00:00
3164,아침식사,,2025-10-18 08:00:00,2025-10-18 10:00:00
3165,기타,,2025-10-18 10:00:00,2025-10-18 11:00:00
3166,스포츠,,2025-10-18 11:00:00,2025-10-18 13:00:00
3167,운동,,2025-10-18 13:00:00,2025-10-18 14:00:00
3168,운동,,2025-10-18 14:00:00,2025-10-18 15:00:00
3169,운동,,2025-10-18 15:00:00,2025-10-18 16:00:00
3170,기타,,2025-10-18 16:00:00,2025-10-18 18:00:00
3171,저녁식사,,2025-10-18 18:00:00,2025-10-18 20:00:00
3172,스포츠,,2025-10-18 20:00:00,2025-10-18 21:00:00
3173,운동,,2025-10-18 21:00:00,2025-10-18 23:00:00
3174,스포츠,,2025-10-18 23:00:00,2025-10-19 00:00:00
3175,아침식사,,2025-10-19 08:00:00,2025-10-19 10:00:00
3176,기타,,2025-10-19 10:00:00,2025-10-19 11:00:00
3177,실내활동,,2025-10-19 11:00:00,2025-10-19 13:00:00
3178,기타,,2025-10-19 13:00:00,2025-10-19 15:00:00
3179,공부,,2025-10-19 15:00:00,2025-10-19 17:00:00
3180,운동,,2025-10-19 17:00:00,2025-10-19 19:00:00
3181,실내활동,,2025-10-19 19:00:00,2025-10-19 20:00:00
3182,관람,,2025-10-19 20:00:00,2025-10-19 22:00:00
3183,기타,,2025-10-19 22:00:00,2025-10-20 00:00:00
3184,아침식사,,2025-10-20 08:00:00,2025-10-20 10:00:00
3185,운동,,2025-10-20 10:00:00,2025-10-20 11:00:00
3186,관람,,2025-10-20 11:00:00,2025-10-20 13:00:00
3187,운동,,2025-10-20 13:00:00,2025-10-20 14:00:00
3188,관람,,2025-10-20 14:00:00,2025-10-20 15:00:00
3189,운동,,2025-10-20 15:00:00,2025-10-20 16:00:00
3190,공원,,2025-10-20 16:00:00,2025-10-20 18:00:00
3191,저녁식사,,2025-10-20 18:00:00,2025-10-20 20:00:00
3192,관람,,2025-10-20 20:00:00,2025-10-20 21:00:00
3193,공원,,2025-10-20 21:00:00,2025-10-20 22:00:00
3194,관람,,2025-10-20 22:00:00,2025-10-20 23:00:00
3195,기타,,2025-10-20 23:00:00,2025-10-21 00:00:00
3196,아침식사,,2025-10-21 08:00:00,2025-10-21 10:00:00
3197,공부,,2025-10-21 10:00:00,2025-10-21 11:00:00
3198,운동,,2025-10-21 11:00:00,2025-10-21 12:00:00
3199,점심식사,,2025-10-21 12:00:00,2025-10-21 14:00:00
3200,공부,,2025-10-21 14:00:00,2025-10-21 16:00:00
3201,운동,,2025-10-21 16:00:00,2025-10-21 18:00:00
3202,저녁식사,,2025-10-21 18:00:00,2025-10-21 20:00:00
3203,공부,,2025-10-21 20:00:00,2025-10-21 22:00:00
3204,운동,,2025-10-21 22:00:00,2025-10-21 23:00:00
3205,운동,,2025-10-21 23:00:00,2025-10-22 00:00:00
3206,기타,,2025-10-21 22:00:00,2025-10-21 23:00:00
3207,아침식사,,2025-10-22 08:00:00,2025-10-22 10:00:00
3208,기타,,2025-10-22 10:00:00,2025-10-22 12:00:00
3209,점심식사,,2025-10-22 12:00:00,2025-10-22 14:00:00
3210,공부,,2025-10-22 14:00:00,2025-10-22 15:00:00
3211,공원,,2025-10-22 15:00:00,2025-10-22 17:00:00
3212,공부,,2025-10-22 17:00:00,2025-10-22 19:00:00
3213,운동,,2025-10-22 19:00:00,2025-10-22 20:00:00
3214,실내활동,,2025-10-22 20:00:00,2025-10-22 22:00:00
3215,공원,,2025-10-22 22:00:00,2025-10-22 23:00:00
3216,기타,,2025-10-22 23:00:00,2025-10-23 00:00:00
3217,아침식사,,2025-10-23 08:00:00,2025-10-23 10:00:00
3218,운동,,2025-10-23 10:00:00,2025-10-23 11:00:00
3219,실내활동,,2025-10-23 11:00:00,2025-10-23 12:00:00
3220,점심식사,,2025-10-23 12:00:00,2025-10-23 14:00:00
3221,기타,,2025-10-23 14:00:00,2025-10-23 15:00:00
3222,운동,,2025-10-23 15:00:00,2025-10-23 17:00:00
3223,기타,,2025-10-23 17:00:00,2025-10-23 19:00:00
3224,실내활동,,2025-10-23 19:00:00,2025-10-23 20:00:00
3225,실내활동,,2025-10-23 20:00:00,2025-10-23 21:00:00
3226,실내활동,,2025-10-23 21:00:00,2025-10-23 22:00:00
3227,운동,,2025-10-23 22:00:00,2025-10-24 00:00:00
3228,아침식사,,2025-10-24 08:00:00,2025-10-24 10:00:00
3229,운동,,2025-10-24 10:00:00,2025-10-24 12:00:00
3230,점심식사,,2025-10-24 12:00:00,2025-10-24 14:00:00
3231,기타,,2025-10-24 14:00:00,2025-10-24 16:00:00
3232,관람,,2025-10-24 16:00:00,2025-10-24 17:00:00
3233,실내활동,,2025-10-24 17:00:00,2025-10-24 18:00:00
3234,저녁식사,,2025-10-24 18:00:00,2025-10-24 20:00:00
3235,기타,,2025-10-24 20:00:00,2025-10-24 21:00:00
3236,실내활동,,2025-10-24 21:00:00,2025-10-24 22:00:00
3237,운동,,2025-10-24 22:00:00,2025-10-25 00:00:00
3238,공원,,2025-10-24 22:00:00,2025-10-24 23:00:00
3239,아침식사,,2025-10-25 08:00:00,2025-10-25 10:00:00
3240,스포츠,,2025-10-25 10:00:00,2025-10-25 11:00:00
3241,운동,,2025-10-25 11:00:00,2025-10-25 13:00:00
3242,운동,,2025-10-25 13:00:00,2025-10-25 14:00:00
3243,기타,,2025-10-25 14:00:00,2025-10-25 16:00:00
3244,기타,,2025-10-25 16:00:00,2025-10-25 17:00:00
3245,운동,,2025-10-25 17:00:00,2025-10-25 19:00:00
3246,기타,,2025-10-25 19:00:00,2025-10-25 20:00:00
3247,기타,,2025-10-25 20:00:00,2025-10-25 21:00:00
3248,스포츠,,2025-10-25 21:00:00,2025-10-25 23:00:00
3249,운동,,2025-10-25 23:00:00,2025-10-26 00:00:00
3250,아침식사,,2025-10-26 08:00:00,2025-10-26 10:00:00
3251,운동,,2025-10-26 10:00:00,2025-10-26 12:00:00
3252,점심식사,,2025-10-26 12:00:00,2025-10-26 14:00:00
3253,실내활동,,2025-10-26 14:00:00,2025-10-26 16:00:00
3254,공부,,2025-10-26 16:00:00,2025-10-26 18:00:00
3255,저녁식사,,2025-10-26 18:00:00,2025-10-26 20:00:00
3256,운동,,2025-10-26 20:00:00,2025-10-26 21:00:00
3257,공부,,2025-10-26 21:00:00,2025-10-26 23:00:00
3258,기타,,2025-10-26 23:00:00,2025-10-27 00:00:00
3259,관람,,2025-10-26 22:00:00,2025-10-26 23:00:00
3260,아침식사,,2025-10-27 08:00:00,2025-10-27 10:00:00
3261,운동,,2025-10-27 10:00:00,2025-10-27 12:00:00
3262,점심식사,,2025-10-27 12:00:00,2025-10-27 14:00:00
3263,공원,,2025-10-27 14:00:00,2025-10-27 15:00:00
3264,운동,,2025-10-27 15:00:00,2025-10-27 16:00:00
3265,관람,,2025-10-27 16:00:00,2025-10-27 17:00:00
3266,기타,,2025-10-27 17:00:00,2025-10-27 19:00:00
3267,기타,,2025-10-27 19:00:00,2025-10-27 20:00:00
3268,공원,,2025-10-27 20:00:00,2025-10-27 22:00:00
3269,관람,,2025-10-27 22:00:00,2025-10-27 23:00:00
3270,운동,,2025-10-27 23:00:00,2025-10-28 00:00:00
3271,아침식사,,2025-10-28 08:00:00,2025-10-28 10:00:00
3272,운동,,2025-10-28 10:00:00,2025-10-28 11:00:00
3273,기타,,2025-10-28 11:00:00,2025-10-28 12:00:00
3274,점심식사,,2025-10-28 12:00:00,2025-10-28 14:00:00
3275,기타,,2025-10-28 14:00:00,2025-10-28 16:00:00
3276,운동,,2025-10-28 16:00:00,2025-10-28 18:00:00
3277,저녁식사,,2025-10-28 18:00:00,2025-10-28 20:00:00
3278,기타,,2025-10-28 20:00:00,2025-10-28 21:00:00
3279,운동,,2025-10-28 21:00:00,2025-10-28 23:00:00
3280,운동,,2025-10-28 23:00:00,2025-10-29 00:00:00
3281,공부,,2025-10-28 22:00:00,2025-10-28 23:00:00
3282,아침식사,,2025-10-29 08:00:00,2025-10-29 10:00:00
3283,공원,,2025-10-29 10:00:00,2025-10-29 11:00:00
3284,공부,,2025-10-29 11:00:00,2025-10-29 12:00:00
3285,점심식사,,2025-10-29 12:00:00,2025-10-29 14:00:00
3286,기타,,2025-10-29 14:00:00,2025-10-29 16:00:00
3287,공부,,2025-10-29 16:00:00,2025-10-29 18:00:00
3288,저녁식사,,2025-10-29 18:00:00,2025-10-29 20:00:00
3289,실내활동,,2025-10-29 20:00:00,2025-10-29 21:00:00
3290,기타,,2025-10-29 21:00:00,2025-10-29 23:00:00
3291,공원,,2025-10-29 23:00:00,2025-10-30 00:00:00
3292,운동,,2025-10-29 22:00:00,2025-10-29 23:00:00
3293,아침식사,,2025-10-30 08:00:00,2025-10-30 10:00:00
3294,운동,,2025-10-30 10:00:00,2025-10-30 11:00:00
3295,실내활동,,2025-10-30 11:00:00,2025-10-30 12:00:00
3296,점심식사,,2025-10-30 12:00:00,2025-10-30 14:00:00
3297,실내활동,,2025-10-30 14:00:00,2025-10-30 16:00:00
3298,기타,,2025-10-30 16:00:00,2025-10-30 17:00:00
3299,운동,,2025-10-30 17:00:00,2025-10-30 18:00:00
3300,저녁식사,,2025-10-30 18:00:00,2025-10-30 20:00:00
3301,기타,,2025-10-30 20:00:00,2025-10-30 22:00:00
3302,기타,,2025-10-30 22:00:00,2025-10-31 00:00:00
3303,아침식사,,2025-10-31 08:00:00,2025-10-31 10:00:00
3304,관람,,2025-10-31 10:00:00,2025-10-31 11:00:00
3305,공원,,2025-10-31 11:00:00,2025-10-31 12:00:00
3306,점심식사,,2025-10-31 12:00:00,2025-10-31 14:00:00
3307,실내활동,,2025-10-31 14:00:00,2025-10-31 16:00:00
3308,관람,,2025-10-31 16:00:00,2025-10-31 17:00:00
3309,관람,,2025-10-31 17:00:00,2025-10-31 18:00:00
3310,저녁식사,,2025-10-31 18:00:00,2025-10-31 20:00:00
3311,공원,,2025-10-31 20:00:00,2025-10-31 22:00:00
3312,관람,,2025-10-31 22:00:00,2025-11-01 00:00:00
3313,운동,,2025-10-31 22:00:00,2025-10-31 23:00:00
3314,기타,,2025-10-31 22:00:00,2025-10-31 23:00:00
3315,아침식사,,2025-11-01 08:00:00,2025-11-01 10:00:00
3316,스포츠,,2025-11-01 10:00:00,2025-11-01 12:00:00
3317,점심식사,,2025-11-01 12:00:00,2025-11-01 14:00:00
3318,운동,,2025-11-01 14:00:00,2025-11-01 15:00:00
3319,기타,,2025-11-01 15:00:00,2025-11-01 17:00:00
3320,스포츠,,2025-11-01 17:00:00,2025-11-01 19:00:00
3321,기타,,2025-11-01 19:00:00,2025-11-01 21:00:00
3322,운동,,2025-11-01 21:00:00,2025-11-01 23:00:00
3323,기타,,2025-11-01 23:00:00,2025-11-02 00:00:00
3324,아침식사,,2025-11-02 08:00:00,2025-11-02 10:00:00
3325,기타,,2025-11-02 10:00:00,2025-11-02 11:00:00
3326,공부,,2025-11-02 11:00:00,2025-11-02 12:00:00
3327,점심식사,,2025-11-02 12:00:00,2025-11-02 14:00:00
3328,실내활동,,2025-11-02 14:00:00,2025-11-02 16:00:00
3329,운동,,2025-11-02 16:00:00,2025-11-02 17:00:00
3330,공부,,2025-11-02 17:00:00,2025-11-02 18:00:00
3331,저녁식사,,2025-11-02 18:00:00,2025-11-02 20:00:00
3332,공부,,2025-11-02 20:00:00,2025-11-02 21:00:00
3333,공부,,2025-11-02 21:00:00,2025-11-02 23:00:00
3334,관람,,2025-11-02 23:00:00,2025-11-03 00:00:00
3335,아침식사,,2025-11-03 08:00:00,2025-11-03 10:00:00
3336,공원,,2025-11-03 10:00:00,2025-11-03 12:00:00
3337,점심식사,,2025-11-03 12:00:00,2025-11-03 14:00:00
3338,공원,,2025-11-03 14:00:00,2025-11-03 16:00:00
3339,운동,,2025-11-03 16:00:00,2025-11-03 17:00:00
3340,공원,,2025-11-03 17:00:00,2025-11-03 18:00:00
3341,저녁식사,,2025-11-03 18:00:00,2025-11-03 20:00:00
3342,기타,,2025-11-03 20:00:00,2025-11-03 22:00:00
3343,관람,,2025-11-03 22:00:00,2025-11-03 23:00:00
3344,운동,,2025-11-03 23:00:00,2025-11-04 00:00:00
3345,아침식사,,2025-11-04 08:00:00,2025-11-04 10:00:00
3346,운동,,2025-11-04 10:00:00,2025-11-04 11:00:00
3347,운동,,2025-11-04 11:00:00,2025-11-04 13:00:00
3348,기타,,2025-11-04 13:00:00,2025-11-04 14:00:00
3349,공부,,2025-11-04 14:00:00,2025-11-04 15:00:00
3350,공부,,2025-11-04 15:00:00,2025-11-04 16:00:00
3351,운동,,2025-11-04 16:00:00,2025-11-04 18:00:00
3352,저녁식사,,2025-11-04 18:00:00,2025-11-04 20:00:00
3353,기타,,2025-11-04 20:00:00,2025-11-04 21:00:00
3354,공부,,2025-11-04 21:00:00,2025-11-04 22:00:00
3355,기타,,2025-11-04 22:00:00,2025-11-05 00:00:00
3356,아침식사,,2025-11-05 08:00:00,2025-11-05 10:00:00
3357,운동,,2025-11-05 10:00:00,2025-11-05 12:00:00
3358,점심식사,,2025-11-05 12:00:00,2025-11-05 14:00:00
3359,실내활동,,2025-11-05 14:00:00,2025-11-05 16:00:00
3360,공원,,2025-11-05 16:00:00,2025-11-05 17:00:00
3361,실내활동,,2025-11-05 17:00:00,2025-11-05 18:00:00
3362,저녁식사,,2025-11-05 18:00:00,2025-11-05 20:00:00
3363,공원,,2025-11-05 20:00:00,2025-11-05 22:00:00
3364,실내활동,,2025-11-05 22:00:00,2025-11-06 00:00:00
3365,공부,,2025-11-05 22:00:00,2025-11-05 23:00:00
3366,기타,,2025-11-05 22:00:00,2025-11-05 23:00:00
3367,아침식사,,2025-11-06 08:00:00,2025-11-06 10:00:00
3368,운동,,2025-11-06 10:00:00,2025-11-06 12:00:00
3369,점심식사,,2025-11-06 12:00:00,2025-11-06 14:00:00
3370,기타,,2025-11-06 14:00:00,2025-11-06 15:00:00
3371,운동,,2025-11-06 15:00:00,2025-11-06 16:00:00
3372,운동,,2025-11-06 16:00:00,2025-11-06 17:00:00
3373,기타,,2025-11-06 17:00:00,2025-11-06 19:00:00
3374,운동,,2025-11-06 19:00:00,2025-11-06 21:00:00
3375,실내활동,,2025-11-06 21:00:00,2025-11-06 22:00:00
3376,운동,,2025-11-06 22:00:00,2025-11-07 00:00:00
3377,아침식사,,2025-11-07 08:00:00,2025-11-07 10:00:00
3378,운동,,2025-11-07 10:00:00,2025-11-07 11:00:00
3379,실내활동,,2025-11-07 11:00:00,2025-11-07 12:00:00
3380,점심식사,,2025-11-07 12:00:00,2025-11-07 14:00:00
3381,관람,,2025-11-07 14:00:00,2025-11-07 16:00:00
3382,공원,,2025-11-07 16:00:00,2025-11-07 17:00:00
3383,관람,,2025-11-07 17:00:00,2025-11-07 19:00:00
3384,실내활동,,2025-11-07 19:00:00,2025-11-07 21:00:00
3385,실내활동,,2025-11-07 21:00:00,2025-11-07 23:00:00
3386,관람,,2025-11-07 23:00:00,2025-11-08 00:00:00
3387,기타,,2025-11-07 22:00:00,2025-11-07 23:00:00
3388,아침식사,,2025-11-08 08:00:00,2025-11-08 10:00:00
3389,스포츠,,2025-11-08 10:00:00,2025-11-08 11:00:00
3390,기타,,2025-11-08 11:00:00,2025-11-08 13:00:00
3391,기타,,2025-11-08 13:00:00,2025-11-08 15:00:00
3392,스포츠,,2025-11-08 15:00:00,2025-11-08 16:00:00
3393,기타,,2025-11-08 16:00:00,2025-11-08 18:00:00
3394,저녁식사,,2025-11-08 18:00:00,2025-11-08 20:00:00
3395,기타,,2025-11-08 20:00:00,2025-11-08 22:00:00
3396,운동,,2025-11-08 22:00:00,2025-11-08 23:00:00
3397,스포츠,,2025-11-08 23:00:00,2025-11-09 00:00:00
3398,아침식사,,2025-11-09 08:00:00,2025-11-09 10:00:00
3399,관람,,2025-11-09 10:00:00,2025-11-09 11:00:00
3400,관람,,2025-11-09 11:00:00,2025-11-09 13:00:00
3401,실내활동,,2025-11-09 13:00:00,2025-11-09 15:00:00
3402,관람,,2025-11-09 15:00:00,2025-11-09 16:00:00
3403,관람,,2025-11-09 16:00:00,2025-11-09 18:00:00
3404,저녁식사,,2025-11-09 18:00:00,2025-11-09 20:00:00
3405,운동,,2025-11-09 20:00:00,2025-11-09 21:00:00
3406,관람,,2025-11-09 21:00:00,2025-11-09 22:00:00
3407,공부,,2025-11-09 22:00:00,2025-11-09 23:00:00
3408,관람,,2025-11-09 23:00:00,2025-11-10 00:00:00
3409,기타,,2025-11-09 22:00:00,2025-11-09 23:00:00
3410,아침식사,,2025-11-10 08:00:00,2025-11-10 10:00:00
3411,공원,,2025-11-10 10:00:00,2025-11-10 12:00:00
3412,점심식사,,2025-11-10 12:00:00,2025-11-10 14:00:00
3413,기타,,2025-11-10 14:00:00,2025-11-10 16:00:00
3414,운동,,2025-11-10 16:00:00,2025-11-10 18:00:00
3415,저녁식사,,2025-11-10 18:00:00,2025-11-10 20:00:00
3416,공원,,2025-11-10 20:00:00,2025-11-10 22:00:00
3417,기타,,2025-11-10 22:00:00,2025-11-10 23:00:00
3418,기타,,2025-11-10 23:00:00,2025-11-11 00:00:00
3419,관람,,2025-11-10 22:00:00,2025-11-10 23:00:00
3420,아침식사,,2025-11-11 08:00:00,2025-11-11 10:00:00
3421,운동,,2025-11-11 10:00:00,2025-11-11 12:00:00
3422,점심식사,,2025-11-11 12:00:00,2025-11-11 14:00:00
3423,운동,,2025-11-11 14:00:00,2025-11-11 16:00:00
3424,운동,,2025-11-11 16:00:00,2025-11-11 17:00:00
3425,운동,,2025-11-11 17:00:00,2025-11-11 19:00:00
3426,운동,,2025-11-11 19:00:00,2025-11-11 21:00:00
3427,기타,,2025-11-11 21:00:00,2025-11-11 22:00:00
3428,운동,,2025-11-11 22:00:00,2025-11-12 00:00:00
3429,공부,,2025-11-11 22:00:00,2025-11-11 23:00:00
3430,아침식사,,2025-11-12 08:00:00,2025-11-12 10:00:00
3431,공부,,2025-11-12 10:00:00,2025-11-12 11:00:00
3432,운동,,2025-11-12 11:00:00,2025-11-12 13:00:00
3433,실내활동,,2025-11-12 13:00:00,2025-11-12 14:00:00
3434,기타,,2025-11-12 14:00:00,2025-11-12 15:00:00
3435,공원,,2025-11-12 15:00:00,2025-11-12 16:00:00
3436,기타,,2025-11-12 16:00:00,2025-11-12 17:00:00
3437,공부,,2025-11-12 17:00:00,2025-11-12 19:00:00
3438,운동,,2025-11-12 19:00:00,2025-11-12 20:00:00
3439,공원,,2025-11-12 20:00:00,2025-11-12 22:00:00
3440,공원,,2025-11-12 22:00:00,2025-11-13 00:00:00
3441,아침식사,,2025-11-13 08:00:00,2025-11-13 10:00:00
3442,운동,,2025-11-13 10:00:00,2025-11-13 11:00:00
3443,운동,,2025-11-13 11:00:00,2025-11-13 13:00:00
3444,실내활동,,2025-11-13 13:00:00,2025-11-13 15:00:00
3445,기타,,2025-11-13 15:00:00,2025-11-13 16:00:00
3446,실내활동,,2025-11-13 16:00:00,2025-11-13 17:00:00
3447,운동,,2025-11-13 17:00:00,2025-11-13 19:00:00
3448,운동,,2025-11-13 19:00:00,2025-11-13 21:00:00
3449,실내활동,,2025-11-13 21:00:00,2025-11-13 22:00:00
3450,실내활동,,2025-11-13 22:00:00,2025-11-13 23:00:00
3451,실내활동,,2025-11-13 23:00:00,2025-11-14 00:00:00
3452,아침식사,,2025-11-14 08:00:00,2025-11-14 10:00:00
3453,실내활동,,2025-11-14 10:00:00,2025-11-14 12:00:00
3454,점심식사,,2025-11-14 12:00:00,2025-11-14 14:00:00
3455,기타,,2025-11-14 14:00:00,2025-11-14 15:00:00
3456,기타,,2025-11-14 15:00:00,2025-11-14 16:00:00
3457,관람,,2025-11-14 16:00:00,2025-11-14 17:00:00
3458,기타,,2025-11-14 17:00:00,2025-11-14 18:00:00
3459,저녁식사,,2025-11-14 18:00:00,2025-11-14 20:00:00
3460,운동,,2025-11-14 20:00:00,2025-11-14 22:00:00
3461,운동,,2025-11-14 22:00:00,2025-11-14 23:00:00
3462,운동,,2025-11-14 23:00:00,2025-11-15 00:00:00
3463,공원,,2025-11-14 22:00:00,2025-11-14 23:00:00
3464,아침식사,,2025-11-15 08:00:00,2025-11-15 10:00:00
3465,스포츠,,2025-11-15 10:00:00,2025-11-15 11:00:00
3466,기타,,2025-11-15 11:00:00,2025-11-15 12:00:00
3467,점심식사,,2025-11-15 12:00:00,2025-11-15 14:00:00
3468,기타,,2025-11-15 14:00:00,2025-11-15 16:00:00
3469,기타,,2025-11-15 16:00:00,2025-11-15 17:00:00
3470,운동,,2025-11-15 17:00:00,2025-11-15 19:00:00
3471,스포츠,,2025-11-15 19:00:00,2025-11-15 21:00:00
3472,기타,,2025-11-15 21:00:00,2025-11-15 22:00:00
3473,기타,,2025-11-15 22:00:00,2025-11-15 23:00:00
3474,기타,,2025-11-15 23:00:00,2025-11-16 00:00:00
3475,아침식사,,2025-11-16 08:00:00,2025-11-16 10:00:00
3476,관람,,2025-11-16 10:00:00,2025-11-16 11:00:00
3477,운동,,2025-11-16 11:00:00,2025-11-16 12:00:00
3478,점심식사,,2025-11-16 12:00:00,2025-11-16 14:00:00
3479,관람,,2025-11-16 14:00:00,2025-11-16 16:00:00
3480,운동,,2025-11-16 16:00:00,2025-11-16 18:00:00
3481,저녁식사,,2025-11-16 18:00:00,2025-11-16 20:00:00
3482,공부,,2025-11-16 20:00:00,2025-11-16 21:00:00
3483,운동,,2025-11-16 21:00:00,2025-11-16 23:00:00
3484,운동,,2025-11-16 23:00:00,2025-11-17 00:00:00
3485,실내활동,,2025-11-16 22:00:00,2025-11-16 23:00:00
3486,기타,,2025-11-16 22:00:00,2025-11-16 23:00:00
3487,아침식사,,2025-11-17 08:00:00,2025-11-17 10:00:00
3488,관람,,2025-11-17 10:00:00,2025-11-17 11:00:00
3489,기타,,2025-11-17 11:00:00,2025-11-17 12:00:00
3490,점심식사,,2025-11-17 12:00:00,2025-11-17 14:00:00
3491,공원,,2025-11-17 14:00:00,2025-11-17 16:00:00
3492,공원,,2025-11-17 16:00:00,2025-11-17 18:00:00
3493,저녁식사,,2025-11-17 18:00:00,2025-11-17 20:00:00
3494,기타,,2025-11-17 20:00:00,2025-11-17 22:00:00
3495,관람,,2025-11-17 22:00:00,2025-11-17 23:00:00
3496,공원,,2025-11-17 23:00:00,2025-11-18 00:00:00
3497,운동,,2025-11-17 22:00:00,2025-11-17 23:00:00
3498,아침식사,,2025-11-18 08:00:00,2025-11-18 10:00:00
3499,기타,,2025-11-18 10:00:00,2025-11-18 12:00:00
3500,점심식사,,2025-11-18 12:00:00,2025-11-18 14:00:00
3501,기타,,2025-11-18 14:00:00,2025-11-18 16:00:00
3502,운동,,2025-11-18 16:00:00,2025-11-18 18:00:00
3503,저녁식사,,2025-11-18 18:00:00,2025-11-18 20:00:00
3504,운동,,2025-11-18 20:00:00,2025-11-18 22:00:00
3505,공부,,2025-11-18 22:00:00,2025-11-18 23:00:00
3506,운동,,2025-11-18 23:00:00,2025-11-19 00:00:00
3507,아침식사,,2025-11-19 08:00:00,2025-11-19 10:00:00
3508,실내활동,,2025-11-19 10:00:00,2025-11-19 11:00:00
3509,공원,,2025-11-19 11:00:00,2025-11-19 12:00:00
3510,점심식사,,2025-11-19 12:00:00,2025-11-19 14:00:00
3511,실내활동,,2025-11-19 14:00:00,2025-11-19 16:00:00
3512,기타,,2025-11-19 16:00:00,2025-11-19 18:00:00
3513,저녁식사,,2025-11-19 18:00:00,2025-11-19 20:00:00
3514,공원,,2025-11-19 20:00:00,2025-11-19 22:00:00
3515,공원,,2025-11-19 22:00:00,2025-11-19 23:00:00
3516,공부,,2025-11-19 23:00:00,2025-11-20 00:00:00
3517,운동,,2025-11-19 22:00:00,2025-11-19 23:00:00
3518,아침식사,,2025-11-20 08:00:00,2025-11-20 10:00:00
3519,실내활동,,2025-11-20 10:00:00,2025-11-20 12:00:00
3520,점심식사,,2025-11-20 12:00:00,2025-11-20 14:00:00
3521,기타,,2025-11-20 14:00:00,2025-11-20 16:00:00
3522,실내활동,,2025-11-20 16:00:00,2025-11-20 18:00:00
3523,저녁식사,,2025-11-20 18:00:00,2025-11-20 20:00:00
3524,실내활동,,2025-11-20 20:00:00,2025-11-20 22:00:00
3525,기타,,2025-11-20 22:00:00,2025-11-20 23:00:00
3526,운동,,2025-11-20 23:00:00,2025-11-21 00:00:00
3527,아침식사,,2025-11-21 08:00:00,2025-11-21 10:00:00
3528,실내활동,,2025-11-21 10:00:00,2025-11-21 12:00:00
3529,점심식사,,2025-11-21 12:00:00,2025-11-21 14:00:00
3530,관람,,2025-11-21 14:00:00,2025-11-21 15:00:00
3531,실내활동,,2025-11-21 15:00:00,2025-11-21 17:00:00
3532,실내활동,,2025-11-21 17:00:00,2025-11-21 18:00:00
3533,저녁식사,,2025-11-21 18:00:00,2025-11-21 20:00:00
3534,공원,,2025-11-21 20:00:00,2025-11-21 21:00:00
3535,기타,,2025-11-21 21:00:00,2025-11-21 22:00:00
3536,실내활동,,2025-11-21 22:00:00,2025-11-21 23:00:00
3537,공원,,2025-11-21 23:00:00,2025-11-22 00:00:00
3538,운동,,2025-11-21 22:00:00,2025-11-21 23:00:00
3539,아침식사,,2025-11-22 08:00:00,2025-11-22 10:00:00
3540,기타,,2025-11-22 10:00:00,2025-11-22 11:00:00
3541,기타,,2025-11-22 11:00:00,2025-11-22 12:00:00
3542,점심식사,,2025-11-22 12:00:00,2025-11-22 14:00:00
3543,기타,,2025-11-22 14:00:00,2025-11-22 15:00:00
3544,운동,,2025-11-22 15:00:00,2025-11-22 16:00:00
3545,운동,,2025-11-22 16:00:00,2025-11-22 17:00:00
3546,기타,,2025-11-22 17:00:00,2025-11-22 19:00:00
3547,운동,,2025-11-22 19:00:00,2025-11-22 21:00:00
3548,기타,,2025-11-22 21:00:00,2025-11-22 23:00:00
3549,기타,,2025-11-22 23:00:00,2025-11-23 00:00:00
3550,스포츠,,2025-11-22 22:00:00,2025-11-22 23:00:00
3551,아침식사,,2025-11-23 08:00:00,2025-11-23 10:00:00
3552,공부,,2025-11-23 10:00:00,2025-11-23 12:00:00
3553,점심식사,,2025-11-23 12:00:00,2025-11-23 14:00:00
3554,관람,,2025-11-23 14:00:00,2025-11-23 15:00:00
3555,실내활동,,2025-11-23 15:00:00,2025-11-23 16:00:00
3556,운동,,2025-11-23 16:00:00,2025-11-23 18:00:00
3557,저녁식사,,2025-11-23 18:00:00,2025-11-23 20:00:00
3558,관람,,2025-11-23 20:00:00,2025-11-23 21:00:00
3559,운동,,2025-11-23 21:00:00,2025-11-23 23:00:00
3560,실내활동,,2025-11-23 23:00:00,2025-11-24 00:00:00
3561,기타,,2025-11-23 22:00:00,2025-11-23 23:00:00
3562,아침식사,,2025-11-24 08:00:00,2025-11-24 10:00:00
3563,운동,,2025-11-24 10:00:00,2025-11-24 11:00:00
3564,공원,,2025-11-24 11:00:00,2025-11-24 13:00:00
3565,기타,,2025-11-24 13:00:00,2025-11-24 14:00:00
3566,운동,,2025-11-24 14:00:00,2025-11-24 15:00:00
3567,공원,,2025-11-24 15:00:00,2025-11-24 16:00:00
3568,공원,,2025-11-24 16:00:00,2025-11-24 18:00:00
3569,저녁식사,,2025-11-24 18:00:00,2025-11-24 20:00:00
3570,운동,,2025-11-24 20:00:00,2025-11-24 21:00:00
3571,운동,,2025-11-24 21:00:00,2025-11-24 23:00:00
3572,운동,,2025-11-24 23:00:00,2025-11-25 00:00:00
3573,관람,,2025-11-24 22:00:00,2025-11-24 23:00:00
3574,아침식사,,2025-11-25 08:00:00,2025-11-25 10:00:00
3575,운동,,2025-11-25 10:00:00,2025-11-25 12:00:00
3576,점심식사,,2025-11-25 12:00:00,2025-11-25 14:00:00
3577,기타,,2025-11-25 14:00:00,2025-11-25 15:00:00
3578,운동,,2025-11-25 15:00:00,2025-11-25 16:00:00
3579,운동,,2025-11-25 16:00:00,2025-11-25 18:00:00
3580,저녁식사,,2025-11-25 18:00:00,2025-11-25 20:00:00
3581,운동,,2025-11-25 20:00:00,2025-11-25 21:00:00
3582,운동,,2025-11-25 21:00:00,2025-11-25 22:00:00
3583,기타,,2025-11-25 22:00:00,2025-11-26 00:00:00
3584,공부,,2025-11-25 22:00:00,2025-11-25 23:00:00
3585,아침식사,,2025-11-26 08:00:00,2025-11-26 10:00:00
3586,공부,,2025-11-26 10:00:00,2025-11-26 11:00:00
3587,운동,,2025-11-26 11:00:00,2025-11-26 13:00:00
3588,공원,,2025-11-26 13:00:00,2025-11-26 14:00:00
3589,운동,,2025-11-26 14:00:00,2025-11-26 15:00:00
3590,실내활동,,2025-11-26 15:00:00,2025-11-26 16:00:00
3591,운동,,2025-11-26 16:00:00,2025-11-26 17:00:00
3592,기타,,2025-11-26 17:00:00,2025-11-26 19:00:00
3593,운동,,2025-11-26 19:00:00,2025-11-26 21:00:00
3594,공원,,2025-11-26 21:00:00,2025-11-26 23:00:00
3595,실내활동,,2025-11-26 23:00:00,2025-11-27 00:00:00
3596,아침식사,,2025-11-27 08:00:00,2025-11-27 10:00:00
3597,실내활동,,2025-11-27 10:00:00,2025-11-27 12:00:00
3598,점심식사,,2025-11-27 12:00:00,2025-11-27 14:00:00
3599,실내활동,,2025-11-27 14:00:00,2025-11-27 15:00:00
3600,운동,,2025-11-27 15:00:00,2025-11-27 16:00:00
3601,기타,,2025-11-27 16:00:00,2025-11-27 17:00:00
3602,실내활동,,2025-11-27 17:00:00,2025-11-27 19:00:00
3603,실내활동,,2025-11-27 19:00:00,2025-11-27 21:00:00
3604,실내활동,,2025-11-27 21:00:00,2025-11-27 22:00:00
3605,실내활동,,2025-11-27 22:00:00,2025-11-27 23:00:00
3606,실내활동,,2025-11-27 23:00:00,2025-11-28 00:00:00
3607,아침식사,,2025-11-28 08:00:00,2025-11-28 10:00:00
3608,운동,,2025-11-28 10:00:00,2025-11-28 12:00:00
3609,점심식사,,2025-11-28 12:00:00,2025-11-28 14:00:00
3610,기타,,2025-11-28 14:00:00,2025-11-28 16:00:00
3611,공원,,2025-11-28 16:00:00,2025-11-28 17:00:00
3612,운동,,2025-11-28 17:00:00,2025-11-28 18:00:00
3613,저녁식사,,2025-11-28 18:00:00,2025-11-28 20:00:00
3614,관람,,2025-11-28 20:00:00,2025-11-28 21:00:00
3615,관람,,2025-11-28 21:00:00,2025-11-28 23:00:00
3616,운동,,2025-11-28 23:00:00,2025-11-29 00:00:00
3617,실내활동,,2025-11-28 22:00:00,2025-11-28 23:00:00
3618,아침식사,,2025-11-29 08:00:00,2025-11-29 10:00:00
3619,기타,,2025-11-29 10:00:00,2025-11-29 11:00:00
3620,스포츠,,2025-11-29 11:00:00,2025-11-29 13:00:00
3621,운동,,2025-11-29 13:00:00,2025-11-29 14:00:00
3622,운동,,2025-11-29 14:00:00,2025-11-29 15:00:00
3623,기타,,2025-11-29 15:00:00,2025-11-29 16:00:00
3624,운동,,2025-11-29 16:00:00,2025-11-29 18:00:00
3625,저녁식사,,2025-11-29 18:00:00,2025-11-29 20:00:00
3626,운동,,2025-11-29 20:00:00,2025-11-29 22:00:00
3627,운동,,2025-11-29 22:00:00,2025-11-30 00:00:00
3628,아침식사,,2025-11-30 08:00:00,2025-11-30 10:00:00
3629,실내활동,,2025-11-30 10:00:00,2025-11-30 11:00:00
3630,실내활동,,2025-11-30 11:00:00,2025-11-30 12:00:00
3631,점심식사,,2025-11-30 12:00:00,2025-11-30 14:00:00
3632,실내활동,,2025-11-30 14:00:00,2025-11-30 15:00:00
3633,공부,,2025-11-30 15:00:00,2025-11-30 17:00:00
3634,기타,,2025-11-30 17:00:00,2025-11-30 18:00:00
3635,저녁식사,,2025-11-30 18:00:00,2025-11-30 20:00:00
3636,실내활동,,2025-11-30 20:00:00,2025-11-30 22:00:00
3637,실내활동,,2025-11-30 22:00:00,2025-12-01 00:00:00
3638,운동,,2025-11-30 22:00:00,2025-11-30 23:00:00
3639,관람,,2025-11-30 22:00:00,2025-11-30 23:00:00
3640,아침식사,,2025-12-01 08:00:00,2025-12-01 10:00:00
3641,기타,,2025-12-01 10:00:00,2025-12-01 12:00:00
3642,점심식사,,2025-12-01 12:00:00,2025-12-01 14:00:00
3643,운동,,2025-12-01 14:00:00,2025-12-01 16:00:00
3644,공원,,2025-12-01 16:00:00,2025-12-01 18:00:00
3645,저녁식사,,2025-12-01 18:00:00,2025-12-01 20:00:00
3646,기타,,2025-12-01 20:00:00,2025-12-01 22:00:00
3647,기타,,2025-12-01 22:00:00,2025-12-02 00:00:00
3648,관람,,2025-12-01 22:00:00,2025-12-01 23:00:00
3649,아침식사,,2025-12-02 08:00:00,2025-12-02 10:00:00
3650,공부,,2025-12-02 10:00:00,2025-12-02 12:00:00
3651,점심식사,,2025-12-02 12:00:00,2025-12-02 14:00:00
3652,기타,,2025-12-02 14:00:00,2025-12-02 15:00:00
3653,운동,,2025-12-02 15:00:00,2025-12-02 16:00:00
3654,공부,,2025-12-02 16:00:00,2025-12-02 17:00:00
3655,공부,,2025-12-02 17:00:00,2025-12-02 19:00:00
3656,기타,,2025-12-02 19:00:00,2025-12-02 20:00:00
3657,기타,,2025-12-02 20:00:00,2025-12-02 21:00:00
3658,기타,,2025-12-02 21:00:00,2025-12-02 22:00:00
3659,공부,,2025-12-02 22:00:00,2025-12-03 00:00:00
3660,아침식사,,2025-12-03 08:00:00,2025-12-03 10:00:00
3661,기타,,2025-12-03 10:00:00,2025-12-03 11:00:00
3662,실내활동,,2025-12-03 11:00:00,2025-12-03 13:00:00
3663,공부,,2025-12-03 13:00:00,2025-12-03 15:00:00
3664,공원,,2025-12-03 15:00:00,2025-12-03 16:00:00
3665,공원,,2025-12-03 16:00:00,2025-12-03 18:00:00
3666,저녁식사,,2025-12-03 18:00:00,2025-12-03 20:00:00
3667,운동,,2025-12-03 20:00:00,2025-12-03 22:00:00
3668,공원,,2025-12-03 22:00:00,2025-12-03 23:00:00
3669,운동,,2025-12-03 23:00:00,2025-12-04 00:00:00
3670,아침식사,,2025-12-04 08:00:00,2025-12-04 10:00:00
3671,운동,,2025-12-04 10:00:00,2025-12-04 12:00:00
3672,점심식사,,2025-12-04 12:00:00,2025-12-04 14:00:00
3673,실내활동,,2025-12-04 14:00:00,2025-12-04 15:00:00
3674,운동,,2025-12-04 15:00:00,2025-12-04 16:00:00
3675,실내활동,,2025-12-04 16:00:00,2025-12-04 17:00:00
3676,실내활동,,2025-12-04 17:00:00,2025-12-04 19:00:00
3677,기타,,2025-12-04 19:00:00,2025-12-04 21:00:00
3678,실내활동,,2025-12-04 21:00:00,2025-12-04 22:00:00
3679,기타,,2025-12-04 22:00:00,2025-12-04 23:00:00
3680,실내활동,,2025-12-04 23:00:00,2025-12-05 00:00:00
3681,아침식사,,2025-12-05 08:00:00,2025-12-05 10:00:00
3682,실내활동,,2025-12-05 10:00:00,2025-12-05 12:00:00
3683,점심식사,,2025-12-05 12:00:00,2025-12-05 14:00:00
3684,관람,,2025-12-05 14:00:00,2025-12-05 16:00:00
3685,실내활동,,2025-12-05 16:00:00,2025-12-05 18:00:00
3686,저녁식사,,2025-12-05 18:00:00,2025-12-05 20:00:00
3687,기타,,2025-12-05 20:00:00,2025-12-05 22:00:00
3688,실내활동,,2025-12-05 22:00:00,2025-12-06 00:00:00
3689,운동,,2025-12-05 22:00:00,2025-12-05 23:00:00
3690,공원,,2025-12-05 22:00:00,2025-12-05 23:00:00
3691,아침식사,,2025-12-06 08:00:00,2025-12-06 10:00:00
3692,운동,,2025-12-06 10:00:00,2025-12-06 12:00:00
3693,점심식사,,2025-12-06 12:00:00,2025-12-06 14:00:00
3694,운동,,2025-12-06 14:00:00,2025-12-06 16:00:00
3695,운동,,2025-12-06 16:00:00,2025-12-06 18:00:00
3696,저녁식사,,2025-12-06 18:00:00,2025-12-06 20:00:00
3697,스포츠,,2025-12-06 20:00:00,2025-12-06 22:00:00
3698,기타,,2025-12-06 22:00:00,2025-12-06 23:00:00
3699,스포츠,,2025-12-06 23:00:00,2025-12-07 00:00:00
3700,아침식사,,2025-12-07 08:00:00,2025-12-07 10:00:00
3701,관람,,2025-12-07 10:00:00,2025-12-07 12:00:00
3702,점심식사,,2025-12-07 12:00:00,2025-12-07 14:00:00
3703,관람,,2025-12-07 14:00:00,2025-12-07 15:00:00
3704,실내활동,,2025-12-07 15:00:00,2025-12-07 17:00:00
3705,공부,,2025-12-07 17:00:00,2025-12-07 19:00:00
3706,관람,,2025-12-07 19:00:00,2025-12-07 20:00:00
3707,실내활동,,2025-12-07 20:00:00,2025-12-07 22:00:00
3708,관람,,2025-12-07 22:00:00,2025-12-08 00:00:00
3709,운동,,2025-12-07 22:00:00,2025-12-07 23:00:00
3710,기타,,2025-12-07 22:00:00,2025-12-07 23:00:00
3711,아침식사,,2025-12-08 08:00:00,2025-12-08 10:00:00
3712,관람,,2025-12-08 10:00:00,2025-12-08 11:00:00
3713,관람,,2025-12-08 11:00:00,2025-12-08 13:00:00
3714,기타,,2025-12-08 13:00:00,2025-12-08 14:00:00
3715,운동,,2025-12-08 14:00:00,2025-12-08 16:00:00
3716,기타,,2025-12-08 16:00:00,2025-12-08 17:00:00
3717,공원,,2025-12-08 17:00:00,2025-12-08 19:00:00
3718,관람,,2025-12-08 19:00:00,2025-12-08 21:00:00
3719,관람,,2025-12-08 21:00:00,2025-12-08 23:00:00
3720,공원,,2025-12-08 23:00:00,2025-12-09 00:00:00
3721,아침식사,,2025-12-09 08:00:00,2025-12-09 10:00:00
3722,공부,,2025-12-09 10:00:00,2025-12-09 11:00:00
3723,공부,,2025-12-09 11:00:00,2025-12-09 13:00:00
3724,기타,,2025-12-09 13:00:00,2025-12-09 14:00:00
3725,운동,,2025-12-09 14:00:00,2025-12-09 16:00:00
3726,운동,,2025-12-09 16:00:00,2025-12-09 18:00:00
3727,저녁식사,,2025-12-09 18:00:00,2025-12-09 20:00:00
3728,운동,,2025-12-09 20:00:00,2025-12-09 22:00:00
3729,운동,,2025-12-09 22:00:00,2025-12-09 23:00:00
3730,공부,,2025-12-09 23:00:00,2025-12-10 00:00:00
3731,아침식사,,2025-12-10 08:00:00,2025-12-10 10:00:00
3732,공원,,2025-12-10 10:00:00,2025-12-10 11:00:00
3733,기타,,2025-12-10 11:00:00,2025-12-10 12:00:00
3734,점심식사,,2025-12-10 12:00:00,2025-12-10 14:00:00
3735,운동,,2025-12-10 14:00:00,2025-12-10 16:00:00
3736,실내활동,,2025-12-10 16:00:00,2025-12-10 17:00:00
3737,운동,,2025-12-10 17:00:00,2025-12-10 18:00:00
3738,저녁식사,,2025-12-10 18:00:00,2025-12-10 20:00:00
3739,실내활동,,2025-12-10 20:00:00,2025-12-10 22:00:00
3740,운동,,2025-12-10 22:00:00,2025-12-10 23:00:00
3741,공부,,2025-12-10 23:00:00,2025-12-11 00:00:00
3742,아침식사,,2025-12-11 08:00:00,2025-12-11 10:00:00
3743,기타,,2025-12-11 10:00:00,2025-12-11 11:00:00
3744,기타,,2025-12-11 11:00:00,2025-12-11 13:00:00
3745,운동,,2025-12-11 13:00:00,2025-12-11 15:00:00
3746,기타,,2025-12-11 15:00:00,2025-12-11 17:00:00
3747,실내활동,,2025-12-11 17:00:00,2025-12-11 19:00:00
3748,운동,,2025-12-11 19:00:00,2025-12-11 20:00:00
3749,기타,,2025-12-11 20:00:00,2025-12-11 22:00:00
3750,기타,,2025-12-11 22:00:00,2025-12-11 23:00:00
3751,실내활동,,2025-12-11 23:00:00,2025-12-12 00:00:00
3752,아침식사,,2025-12-12 08:00:00,2025-12-12 10:00:00
3753,실내활동,,2025-12-12 10:00:00,2025-12-12 11:00:00
3754,기타,,2025-12-12 11:00:00,2025-12-12 13:00:00
3755,공원,,2025-12-12 13:00:00,2025-12-12 15:00:00
3756,기타,,2025-12-12 15:00:00,2025-12-12 16:00:00
3757,관람,,2025-12-12 16:00:00,2025-12-12 18:00:00
3758,저녁식사,,2025-12-12 18:00:00,2025-12-12 20:00:00
3759,운동,,2025-12-12 20:00:00,2025-12-12 22:00:00
3760,공원,,2025-12-12 22:00:00,2025-12-13 00:00:00
3761,아침식사,,2025-12-13 08:00:00,2025-12-13 10:00:00
3762,기타,,2025-12-13 10:00:00,2025-12-13 12:00:00
3763,점심식사,,2025-12-13 12:00:00,2025-12-13 14:00:00
3764,스포츠,,2025-12-13 14:00:00,2025-12-13 16:00:00
3765,스포츠,,2025-12-13 16:00:00,2025-12-13 18:00:00
3766,저녁식사,,2025-12-13 18:00:00,2025-12-13 20:00:00
3767,운동,,2025-12-13 20:00:00,2025-12-13 22:00:00
3768,기타,,2025-12-13 22:00:00,2025-12-13 23:00:00
3769,스포츠,,2025-12-13 23:00:00,2025-12-14 00:00:00
3770,아침식사,,2025-12-14 08:00:00,2025-12-14 10:00:00
3771,공부,,2025-12-14 10:00:00,2025-12-14 12:00:00
3772,점심식사,,2025-12-14 12:00:00,2025-12-14 14:00:00
3773,실내활동,,2025-12-14 14:00:00,2025-12-14 15:00:00
3774,공부,,2025-12-14 15:00:00,2025-12-14 17:00:00
3775,공부,,2025-12-14 17:00:00,2025-12-14 18:00:00
3776,저녁식사,,2025-12-14 18:00:00,2025-12-14 20:00:00
3777,기타,,2025-12-14 20:00:00,2025-12-14 22:00:00
3778,운동,,2025-12-14 22:00:00,2025-12-15 00:00:00
3779,관람,,2025-12-14 22:00:00,2025-12-14 23:00:00
3780,아침식사,,2025-12-15 08:00:00,2025-12-15 10:00:00
3781,관람,,2025-12-15 10:00:00,2025-12-15 11:00:00
3782,운동,,2025-12-15 11:00:00,2025-12-15 13:00:00
3783,관람,,2025-12-15 13:00:00,2025-12-15 14:00:00
3784,관람,,2025-12-15 14:00:00,2025-12-15 16:00:00
3785,운동,,2025-12-15 16:00:00,2025-12-15 18:00:00
3786,저녁식사,,2025-12-15 18:00:00,2025-12-15 20:00:00
3787,관람,,2025-12-15 20:00:00,2025-12-15 22:00:00
3788,운동,,2025-12-15 22:00:00,2025-12-16 00:00:00
3789,공원,,2025-12-15 22:00:00,2025-12-15 23:00:00
3790,기타,,2025-12-15 22:00:00,2025-12-15 23:00:00
3791,아침식사,,2025-12-16 08:00:00,2025-12-16 10:00:00
3792,공부,,2025-12-16 10:00:00,2025-12-16 11:00:00
3793,공부,,2025-12-16 11:00:00,2025-12-16 13:00:00
3794,기타,,2025-12-16 13:00:00,2025-12-16 15:00:00
3795,기타,,2025-12-16 15:00:00,2025-12-16 17:00:00
3796,공부,,2025-12-16 17:00:00,2025-12-16 19:00:00
3797,기타,,2025-12-16 19:00:00,2025-12-16 20:00:00
3798,운동,,2025-12-16 20:00:00,2025-12-16 22:00:00
3799,운동,,2025-12-16 22:00:00,2025-12-17 00:00:00
3800,아침식사,,2025-12-17 08:00:00,2025-12-17 10:00:00
3801,기타,,2025-12-17 10:00:00,2025-12-17 12:00:00
3802,점심식사,,2025-12-17 12:00:00,2025-12-17 14:00:00
3803,공원,,2025-12-17 14:00:00,2025-12-17 15:00:00
3804,기타,,2025-12-17 15:00:00,2025-12-17 16:00:00
3805,공원,,2025-12-17 16:00:00,2025-12-17 18:00:00
3806,저녁식사,,2025-12-17 18:00:00,2025-12-17 20:00:00
3807,기타,,2025-12-17 20:00:00,2025-12-17 21:00:00
3808,공부,,2025-12-17 21:00:00,2025-12-17 22:00:00
3809,공부,,2025-12-17 22:00:00,2025-12-18 00:00:00
3810,운동,,2025-12-17 22:00:00,2025-12-17 23:00:00
3811,실내활동,,2025-12-17 22:00:00,2025-12-17 23:00:00
3812,아침식사,,2025-12-18 08:00:00,2025-12-18 10:00:00
3813,기타,,2025-12-18 10:00:00,2025-12-18 12:00:00
3814,점심식사,,2025-12-18 12:00:00,2025-12-18 14:00:00
3815,운동,,2025-12-18 14:00:00,2025-12-18 15:00:00
3816,기타,,2025-12-18 15:00:00,2025-12-18 16:00:00
3817,기타,,2025-12-18 16:00:00,2025-12-18 17:00:00
3818,실내활동,,2025-12-18 17:00:00,2025-12-18 18:00:00
3819,저녁식사,,2025-12-18 18:00:00,2025-12-18 20:00:00
3820,운동,,2025-12-18 20:00:00,2025-12-18 21:00:00
3821,운동,,2025-12-18 21:00:00,2025-12-18 22:00:00
3822,운동,,2025-12-18 22:00:00,2025-12-18 23:00:00
3823,실내활동,,2025-12-18 23:00:00,2025-12-19 00:00:00
3824,아침식사,,2025-12-19 08:00:00,2025-12-19 10:00:00
3825,관람,,2025-12-19 10:00:00,2025-12-19 12:00:00
3826,점심식사,,2025-12-19 12:00:00,2025-12-19 14:00:00
3827,기타,,2025-12-19 14:00:00,2025-12-19 15:00:00
3828,공원,,2025-12-19 15:00:00,2025-12-19 17:00:00
3829,기타,,2025-12-19 17:00:00,2025-12-19 19:00:00
3830,공원,,2025-12-19 19:00:00,2025-12-19 21:00:00
3831,공원,,2025-12-19 21:00:00,2025-12-19 23:00:00
3832,실내활동,,2025-12-19 23:00:00,2025-12-20 00:00:00
3833,운동,,2025-12-19 22:00:00,2025-12-19 23:00:00
3834,아침식사,,2025-12-20 08:00:00,2025-12-20 10:00:00
3835,운동,,2025-12-20 10:00:00,2025-12-20 11:00:00
3836,기타,,2025-12-20 11:00:00,2025-12-20 13:00:00
3837,운동,,2025-12-20 13:00:00,2025-12-20 14:00:00
3838,기타,,2025-12-20 14:00:00,2025-12-20 15:00:00
3839,스포츠,,2025-12-20 15:00:00,2025-12-20 17:00:00
3840,운동,,2025-12-20 17:00:00,2025-12-20 18:00:00
3841,저녁식사,,2025-12-20 18:00:00,2025-12-20 20:00:00
3842,스포츠,,2025-12-20 20:00:00,2025-12-20 22:00:00
3843,스포츠,,2025-12-20 22:00:00,2025-12-21 00:00:00
3844,아침식사,,2025-12-21 08:00:00,2025-12-21 10:00:00
3845,관람,,2025-12-21 10:00:00,2025-12-21 11:00:00
3846,관람,,2025-12-21 11:00:00,2025-12-21 12:00:00
3847,점심식사,,2025-12-21 12:00:00,2025-12-21 14:00:00
3848,실내활동,,2025-12-21 14:00:00,2025-12-21 16:00:00
3849,실내활동,,2025-12-21 16:00:00,2025-12-21 18:00:00
3850,저녁식사,,2025-12-21 18:00:00,2025-12-21 20:00:00
3851,공부,,2025-12-21 20:00:00,2025-12-21 22:00:00
3852,기타,,2025-12-21 22:00:00,2025-12-22 00:00:00
3853,운동,,2025-12-21 22:00:00,2025-12-21 23:00:00
3854,아침식사,,2025-12-22 08:00:00,2025-12-22 10:00:00
3855,관람,,2025-12-22 10:00:00,2025-12-22 12:00:00
3856,점심식사,,2025-12-22 12:00:00,2025-12-22 14:00:00
3857,기타,,2025-12-22 14:00:00,2025-12-22 16:00:00
3858,기타,,2025-12-22 16:00:00,2025-12-22 17:00:00
3859,관람,,2025-12-22 17:00:00,2025-12-22 18:00:00
3860,저녁식사,,2025-12-22 18:00:00,2025-12-22 20:00:00
3861,공원,,2025-12-22 20:00:00,2025-12-22 21:00:00
3862,운동,,2025-12-22 21:00:00,2025-12-22 23:00:00
3863,관람,,2025-12-22 23:00:00,2025-12-23 00:00:00
3864,아침식사,,2025-12-23 08:00:00,2025-12-23 10:00:00
3865,기타,,2025-12-23 10:00:00,2025-12-23 12:00:00
3866,점심식사,,2025-12-23 12:00:00,2025-12-23 14:00:00
3867,기타,,2025-12-23 14:00:00,2025-12-23 16:00:00
3868,기타,,2025-12-23 16:00:00,2025-12-23 17:00:00
3869,공부,,2025-12-23 17:00:00,2025-12-23 19:00:00
3870,공부,,2025-12-23 19:00:00,2025-12-23 20:00:00
3871,공부,,2025-12-23 20:00:00,2025-12-23 21:00:00
3872,공부,,2025-12-23 21:00:00,2025-12-23 22:00:00
3873,운동,,2025-12-23 22:00:00,2025-12-23 23:00:00
3874,공부,,2025-12-23 23:00:00,2025-12-24 00:00:00
3875,아침식사,,2025-12-24 08:00:00,2025-12-24 10:00:00
3876,실내활동,,2025-12-24 10:00:00,2025-12-24 11:00:00
3877,실내활동,,2025-12-24 11:00:00,2025-12-24 12:00:00
3878,점심식사,,2025-12-24 12:00:00,2025-12-24 14:00:00
3879,공원,,2025-12-24 14:00:00,2025-12-24 15:00:00
3880,실내활동,,2025-12-24 15:00:00,2025-12-24 16:00:00
3881,기타,,2025-12-24 16:00:00,2025-12-24 18:00:00
3882,저녁식사,,2025-12-24 18:00:00,2025-12-24 20:00:00
3883,공부,,2025-12-24 20:00:00,2025-12-24 22:00:00
3884,공원,,2025-12-24 22:00:00,2025-12-25 00:00:00
3885,운동,,2025-12-24 22:00:00,2025-12-24 23:00:00
3886,아침식사,,2025-12-25 08:00:00,2025-12-25 10:00:00
3887,실내활동,,2025-12-25 10:00:00,2025-12-25 11:00:00
3888,기타,,2025-12-25 11:00:00,2025-12-25 13:00:00
3889,운동,,2025-12-25 13:00:00,2025-12-25 14:00:00
3890,기타,,2025-12-25 14:00:00,2025-12-25 15:00:00
3891,운동,,2025-12-25 15:00:00,2025-12-25 16:00:00
3892,기타,,2025-12-25 16:00:00,2025-12-25 18:00:00
3893,저녁식사,,2025-12-25 18:00:00,2025-12-25 20:00:00
3894,운동,,2025-12-25 20:00:00,2025-12-25 21:00:00
3895,기타,,2025-12-25 21:00:00,2025-12-25 22:00:00
3896,실내활동,,2025-12-25 22:00:00,2025-12-25 23:00:00
3897,실내활동,,2025-12-25 23:00:00,2025-12-26 00:00:00
3898,아침식사,,2025-12-26 08:00:00,2025-12-26 10:00:00
3899,공원,,2025-12-26 10:00:00,2025-12-26 11:00:00
3900,실내활동,,2025-12-26 11:00:00,2025-12-26 12:00:00
3901,점심식사,,2025-12-26 12:00:00,2025-12-26 14:00:00
3902,공원,,2025-12-26 14:00:00,2025-12-26 15:00:00
3903,공원,,2025-12-26 15:00:00,2025-12-26 17:00:00
3904,실내활동,,2025-12-26 17:00:00,2025-12-26 18:00:00
3905,저녁식사,,2025-12-26 18:00:00,2025-12-26 20:00:00
3906,운동,,2025-12-26 20:00:00,2025-12-26 21:00:00
3907,실내활동,,2025-12-26 21:00:00,2025-12-26 22:00:00
3908,실내활동,,2025-12-26 22:00:00,2025-12-26 23:00:00
3909,기타,,2025-12-26 23:00:00,2025-12-27 00:00:00
3910,관람,,2025-12-26 22:00:00,2025-12-26 23:00:00
3911,아침식사,,2025-12-27 08:00:00,2025-12-27 10:00:00
3912,기타,,2025-12-27 10:00:00,2025-12-27 12:00:00
3913,점심식사,,2025-12-27 12:00:00,2025-12-27 14:00:00
3914,운동,,2025-12-27 14:00:00,2025-12-27 16:00:00
3915,스포츠,,2025-12-27 16:00:00,2025-12-27 18:00:00
3916,저녁식사,,2025-12-27 18:00:00,2025-12-27 20:00:00
3917,운동,,2025-12-27 20:00:00,2025-12-27 21:00:00
3918,기타,,2025-12-27 21:00:00,2025-12-27 23:00:00
3919,운동,,2025-12-27 23:00:00,2025-12-28 00:00:00
3920,아침식사,,2025-12-28 08:00:00,2025-12-28 10:00:00
3921,기타,,2025-12-28 10:00:00,2025-12-28 11:00:00
3922,기타,,2025-12-28 11:00:00,2025-12-28 12:00:00
3923,점심식사,,2025-12-28 12:00:00,2025-12-28 14:00:00
3924,운동,,2025-12-28 14:00:00,2025-12-28 16:00:00
3925,기타,,2025-12-28 16:00:00,2025-12-28 17:00:00
3926,실내활동,,2025-12-28 17:00:00,2025-12-28 18:00:00
3927,저녁식사,,2025-12-28 18:00:00,2025-12-28 20:00:00
3928,공부,,2025-12-28 20:00:00,2025-12-28 21:00:00
3929,실내활동,,2025-12-28 21:00:00,2025-12-28 23:00:00
3930,실내활동,,2025-12-28 23:00:00,2025-12-29 00:00:00
3931,관람,,2025-12-28 22:00:00,2025-12-28 23:00:00
3932,아침식사,,2025-12-29 08:00:00,2025-12-29 10:00:00
3933,운동,,2025-12-29 10:00:00,2025-12-29 12:00:00
3934,점심식사,,2025-12-29 12:00:00,2025-12-29 14:00:00
3935,운동,,2025-12-29 14:00:00,2025-12-29 15:00:00
3936,기타,,2025-12-29 15:00:00,2025-12-29 16:00:00
3937,관람,,2025-12-29 16:00:00,2025-12-29 18:00:00
3938,저녁식사,,2025-12-29 18:00:00,2025-12-29 20:00:00
3939,관람,,2025-12-29 20:00:00,2025-12-29 22:00:00
3940,기타,,2025-12-29 22:00:00,2025-12-29 23:00:00
3941,운동,,2025-12-29 23:00:00,2025-12-30 00:00:00
3942,공원,,2025-12-29 22:00:00,2025-12-29 23:00:00
3943,아침식사,,2025-12-30 08:00:00,2025-12-30 10:00:00
3944,운동,,2025-12-30 10:00:00,2025-12-30 12:00:00
3945,점심식사,,2025-12-30 12:00:00,2025-12-30 14:00:00
3946,기타,,2025-12-30 14:00:00,2025-12-30 16:00:00
3947,운동,,2025-12-30 16:00:00,2025-12-30 18:00:00
3948,저녁식사,,2025-12-30 18:00:00,2025-12-30 20:00:00
3949,공부,,2025-12-30 20:00:00,2025-12-30 21:00:00
3950,기타,,2025-12-30 21:00:00,2025-12-30 23:00:00
3951,운동,,2025-12-30 23:00:00,2025-12-31 00:00:00
3952,아침식사,,2025-12-31 08:00:00,2025-12-31 10:00:00
3953,기타,,2025-12-31 10:00:00,2025-12-31 12:00:00
3954,점심식사,,2025-12-31 12:00:00,2025-12-31 14:00:00
3955,공원,,2025-12-31 14:00:00,2025-12-31 15:00:00
3956,기타,,2025-12-31 15:00:00,2025-12-31 16:00:00
3957,공원,,2025-12-31 16:00:00,2025-12-31 18:00:00
3958,저녁식사,,2025-12-31 18:00:00,2025-12-31 20:00:00
3959,공원,,2025-12-31 20:00:00,2025-12-31 22:00:00
3960,공원,,2025-12-31 22:00:00,2025-12-31 23:00:00
3961,운동,,2025-12-31 23:00:00,2026-01-01 00:00:00
3962,공부,,2025-12-31 22:00:00,2025-12-31 23:00:00
3963,실내활동,,2025-12-31 22:00:00,2025-12-31 23:00:00
3964,아침식사,,2026-01-01 08:00:00,2026-01-01 10:00:00
3965,기타,,2026-01-01 10:00:00,2026-01-01 11:00:00
3966,운동,,2026-01-01 11:00:00,2026-01-01 13:00:00
3967,기타,,2026-01-01 13:00:00,2026-01-01 15:00:00
3968,운동,,2026-01-01 15:00:00,2026-01-01 16:00:00
3969,기타,,2026-01-01 16:00:00,2026-01-01 18:00:00
3970,저녁식사,,2026-01-01 18:00:00,2026-01-01 20:00:00
3971,운동,,2026-01-01 20:00:00,2026-01-01 21:00:00
3972,운동,,2026-01-01 21:00:00,2026-01-01 23:00:00
3973,실내활동,,2026-01-01 23:00:00,2026-01-02 00:00:00
3974,아침식사,,2026-01-02 08:00:00,2026-01-02 10:00:00
3975,기타,,2026-01-02 10:00:00,2026-01-02 12:00:00
3976,점심식사,,2026-01-02 12:00:00,2026-01-02 14:00:00
3977,관람,,2026-01-02 14:00:00,2026-01-02 16:00:00
3978,관람,,2026-01-02 16:00:00,2026-01-02 17:00:00
3979,실내활동,,2026-01-02 17:00:00,2026-01-02 18:00:00
3980,저녁식사,,2026-01-02 18:00:00,2026-01-02 20:00:00
3981,관람,,2026-01-02 20:00:00,2026-01-02 22:00:00
3982,실내활동,,2026-01-02 22:00:00,2026-01-02 23:00:00
3983,실내활동,,2026-01-02 23:00:00,2026-01-03 00:00:00
3984,운동,,2026-01-02 22:00:00,2026-01-02 23:00:00
3985,공원,,2026-01-02 22:00:00,2026-01-02 23:00:00
3986,아침식사,,2026-01-03 08:00:00,2026-01-03 10:00:00
3987,운동,,2026-01-03 10:00:00,2026-01-03 12:00:00
3988,점심식사,,2026-01-03 12:00:00,2026-01-03 14:00:00
3989,기타,,2026-01-03 14:00:00,2026-01-03 15:00:00
3990,기타,,2026-01-03 15:00:00,2026-01-03 16:00:00
3991,운동,,2026-01-03 16:00:00,2026-01-03 17:00:00
3992,운동,,2026-01-03 17:00:00,2026-01-03 19:00:00
3993,기타,,2026-01-03 19:00:00,2026-01-03 21:00:00
3994,운동,,2026-01-03 21:00:00,2026-01-03 23:00:00
3995,스포츠,,2026-01-03 23:00:00,2026-01-04 00:00:00
3996,아침식사,,2026-01-04 08:00:00,2026-01-04 10:00:00
3997,실내활동,,2026-01-04 10:00:00,2026-01-04 12:00:00
3998,점심식사,,2026-01-04 12:00:00,2026-01-04 14:00:00
3999,운동,,2026-01-04 14:00:00,2026-01-04 16:00:00
4000,운동,,2026-01-04 16:00:00,2026-01-04 17:00:00
4001,관람,,2026-01-04 17:00:00,2026-01-04 19:00:00
4002,기타,,2026-01-04 19:00:00,2026-01-04 20:00:00
4003,기타,,2026-01-04 20:00:00,2026-01-04 21:00:00
4004,관람,,2026-01-04 21:00:00,2026-01-04 22:00:00
4005,관람,,2026-01-04 22:00:00,2026-01-04 23:00:00
4006,관람,,2026-01-04 23:00:00,2026-01-05 00:00:00
4007,공부,,2026-01-04 22:00:00,2026-01-04 23:00:00
4008,아침식사,,2026-01-05 08:00:00,2026-01-05 10:00:00
4009,관람,,2026-01-05 10:00:00,2026-01-05 12:00:00
4010,점심식사,,2026-01-05 12:00:00,2026-01-05 14:00:00
4011,운동,,2026-01-05 14:00:00,2026-01-05 15:00:00
4012,관람,,2026-01-05 15:00:00,2026-01-05 16:00:00
4013,기타,,2026-01-05 16:00:00,2026-01-05 18:00:00
4014,저녁식사,,2026-01-05 18:00:00,2026-01-05 20:00:00
4015,관람,,2026-01-05 20:00:00,2026-01-05 21:00:00
4016,공원,,2026-01-05 21:00:00,2026-01-05 22:00:00
4017,운동,,2026-01-05 22:00:00,2026-01-05 23:00:00
4018,운동,,2026-01-05 23:00:00,2026-01-06 00:00:00
4019,아침식사,,2026-01-06 08:00:00,2026-01-06 10:00:00
4020,기타,,2026-01-06 10:00:00,2026-01-06 12:00:00
4021,점심식사,,2026-01-06 12:00:00,2026-01-06 14:00:00
4022,공부,,2026-01-06 14:00:00,2026-01-06 15:00:00
4023,공부,,2026-01-06 15:00:00,2026-01-06 16:00:00
4024,운동,,2026-01-06 16:00:00,2026-01-06 17:00:00
4025,기타,,2026-01-06 17:00:00,2026-01-06 19:00:00
4026,기타,,2026-01-06 19:00:00,2026-01-06 21:00:00
4027,공부,,2026-01-06 21:00:00,2026-01-06 23:00:00
4028,공부,,2026-01-06 23:00:00,2026-01-07 00:00:00
4029,아침식사,,2026-01-07 08:00:00,2026-01-07 10:00:00
4030,공부,,2026-01-07 10:00:00,2026-01-07 11:00:00
4031,운동,,2026-01-07 11:00:00,2026-01-07 13:00:00
4032,실내활동,,2026-01-07 13:00:00,2026-01-07 14:00:00
4033,운동,,2026-01-07 14:00:00,2026-01-07 15:00:00
4034,공부,,2026-01-07 15:00:00,2026-01-07 16:00:00
4035,실내활동,,2026-01-07 16:00:00,2026-01-07 18:00:00
4036,저녁식사,,2026-01-07 18:00:00,2026-01-07 20:00:00
4037,공원,,2026-01-07 20:00:00,2026-01-07 22:00:00
4038,운동,,2026-01-07 22:00:00,2026-01-08 00:00:00
4039,기타,,2026-01-07 22:00:00,2026-01-07 23:00:00
4040,아침식사,,2026-01-08 08:00:00,2026-01-08 10:00:00
4041,운동,,2026-01-08 10:00:00,2026-01-08 11:00:00
4042,실내활동,,2026-01-08 11:00:00,2026-01-08 13:00:00
4043,실내활동,,2026-01-08 13:00:00,2026-01-08 15:00:00
4044,기타,,2026-01-08 15:00:00,2026-01-08 17:00:00
4045,실내활동,,2026-01-08 17:00:00,2026-01-08 19:00:00
4046,기타,,2026-01-08 19:00:00,2026-01-08 20:00:00
4047,실내활동,,2026-01-08 20:00:00,2026-01-08 22:00:00
4048,실내활동,,2026-01-08 22:00:00,2026-01-08 23:00:00
4049,운동,,2026-01-08 23:00:00,2026-01-09 00:00:00
4050,아침식사,,2026-01-09 08:00:00,2026-01-09 10:00:00
4051,운동,,2026-01-09 10:00:00,2026-01-09 11:00:00
4052,공원,,2026-01-09 11:00:00,2026-01-09 13:00:00
4053,관람,,2026-01-09 13:00:00,2026-01-09 14:00:00
4054,실내활동,,2026-01-09 14:00:00,2026-01-09 16:00:00
4055,관람,,2026-01-09 16:00:00,2026-01-09 18:00:00
4056,저녁식사,,2026-01-09 18:00:00,2026-01-09 20:00:00
4057,공원,,2026-01-09 20:00:00,2026-01-09 21:00:00
4058,공원,,2026-01-09 21:00:00,2026-01-09 23:00:00
4059,공원,,2026-01-09 23:00:00,2026-01-10 00:00:00
4060,기타,,2026-01-09 22:00:00,2026-01-09 23:00:00
4061,아침식사,,2026-01-10 08:00:00,2026-01-10 10:00:00
4062,기타,,2026-01-10 10:00:00,2026-01-10 11:00:00
4063,스포츠,,2026-01-10 11:00:00,2026-01-10 13:00:00
4064,운동,,2026-01-10 13:00:00,2026-01-10 14:00:00
4065,운동,,2026-01-10 14:00:00,2026-01-10 16:00:00
4066,스포츠,,2026-01-10 16:00:00,2026-01-10 18:00:00
4067,저녁식사,,2026-01-10 18:00:00,2026-01-10 20:00:00
4068,기타,,2026-01-10 20:00:00,2026-01-10 21:00:00
4069,스포츠,,2026-01-10 21:00:00,2026-01-10 23:00:00
4070,운동,,2026-01-10 23:00:00,2026-01-11 00:00:00
4071,아침식사,,2026-01-11 08:00:00,2026-01-11 10:00:00
4072,기타,,2026-01-11 10:00:00,2026-01-11 12:00:00
4073,점심식사,,2026-01-11 12:00:00,2026-01-11 14:00:00
4074,공부,,2026-01-11 14:00:00,2026-01-11 16:00:00
4075,운동,,2026-01-11 16:00:00,2026-01-11 17:00:00
4076,실내활동,,2026-01-11 17:00:00,2026-01-11 18:00:00
4077,저녁식사,,2026-01-11 18:00:00,2026-01-11 20:00:00
4078,운동,,2026-01-11 20:00:00,2026-01-11 22:00:00
4079,운동,,2026-01-11 22:00:00,2026-01-11 23:00:00
4080,실내활동,,2026-01-11 23:00:00,2026-01-12 00:00:00
4081,관람,,2026-01-11 22:00:00,2026-01-11 23:00:00
4082,아침식사,,2026-01-12 08:00:00,2026-01-12 10:00:00
4083,공원,,2026-01-12 10:00:00,2026-01-12 12:00:00
4084,점심식사,,2026-01-12 12:00:00,2026-01-12 14:00:00
4085,관람,,2026-01-12 14:00:00,2026-01-12 16:00:00
4086,관람,,2026-01-12 16:00:00,2026-01-12 17:00:00
4087,기타,,2026-01-12 17:00:00,2026-01-12 18:00:00
4088,저녁식사,,2026-01-12 18:00:00,2026-01-12 20:00:00
4089,기타,,2026-01-12 20:00:00,2026-01-12 21:00:00
4090,기타,,2026-01-12 21:00:00,2026-01-12 22:00:00
4091,운동,,2026-01-12 22:00:00,2026-01-13 00:00:00
4092,아침식사,,2026-01-13 08:00:00,2026-01-13 10:00:00
4093,공부,,2026-01-13 10:00:00,2026-01-13 12:00:00
4094,점심식사,,2026-01-13 12:00:00,2026-01-13 14:00:00
4095,기타,,2026-01-13 14:00:00,2026-01-13 16:00:00
4096,공부,,2026-01-13 16:00:00,2026-01-13 17:00:00
4097,공부,,2026-01-13 17:00:00,2026-01-13 18:00:00
4098,저녁식사,,2026-01-13 18:00:00,2026-01-13 20:00:00
4099,기타,,2026-01-13 20:00:00,2026-01-13 21:00:00
4100,공부,,2026-01-13 21:00:00,2026-01-13 22:00:00
4101,공부,,2026-01-13 22:00:00,2026-01-14 00:00:00
4102,운동,,2026-01-13 22:00:00,2026-01-13 23:00:00
4103,아침식사,,2026-01-14 08:00:00,2026-01-14 10:00:00
4104,공원,,2026-01-14 10:00:00,2026-01-14 12:00:00
4105,점심식사,,2026-01-14 12:00:00,2026-01-14 14:00:00
4106,운동,,2026-01-14 14:00:00,2026-01-14 15:00:00
4107,실내활동,,2026-01-14 15:00:00,2026-01-14 16:00:00
4108,운동,,2026-01-14 16:00:00,2026-01-14 17:00:00
4109,운동,,2026-01-14 17:00:00,2026-01-14 19:00:00
4110,기타,,2026-01-14 19:00:00,2026-01-14 20:00:00
4111,운동,,2026-01-14 20:00:00,2026-01-14 21:00:00
4112,공부,,2026-01-14 21:00:00,2026-01-14 22:00:00
4113,공원,,2026-01-14 22:00:00,2026-01-14 23:00:00
4114,공부,,2026-01-14 23:00:00,2026-01-15 00:00:00
4115,아침식사,,2026-01-15 08:00:00,2026-01-15 10:00:00
4116,실내활동,,2026-01-15 10:00:00,2026-01-15 12:00:00
4117,점심식사,,2026-01-15 12:00:00,2026-01-15 14:00:00
4118,기타,,2026-01-15 14:00:00,2026-01-15 16:00:00
4119,기타,,2026-01-15 16:00:00,2026-01-15 17:00:00
4120,기타,,2026-01-15 17:00:00,2026-01-15 19:00:00
4121,실내활동,,2026-01-15 19:00:00,2026-01-15 20:00:00
4122,실내활동,,2026-01-15 20:00:00,2026-01-15 22:00:00
4123,실내활동,,2026-01-15 22:00:00,2026-01-16 00:00:00
4124,운동,,2026-01-15 22:00:00,2026-01-15 23:00:00
4125,아침식사,,2026-01-16 08:00:00,2026-01-16 10:00:00
4126,관람,,2026-01-16 10:00:00,2026-01-16 11:00:00
4127,운동,,2026-01-16 11:00:00,2026-01-16 13:00:00
4128,실내활동,,2026-01-16 13:00:00,2026-01-16 14:00:00
4129,운동,,2026-01-16 14:00:00,2026-01-16 16:00:00
4130,운동,,2026-01-16 16:00:00,2026-01-16 18:00:00
4131,저녁식사,,2026-01-16 18:00:00,2026-01-16 20:00:00
4132,운동,,2026-01-16 20:00:00,2026-01-16 21:00:00
4133,실내활동,,2026-01-16 21:00:00,2026-01-16 22:00:00
4134,기타,,2026-01-16 22:00:00,2026-01-17 00:00:00
4135,공원,,2026-01-16 22:00:00,2026-01-16 23:00:00
4136,아침식사,,2026-01-17 08:00:00,2026-01-17 10:00:00
4137,스포츠,,2026-01-17 10:00:00,2026-01-17 12:00:00
4138,점심식사,,2026-01-17 12:00:00,2026-01-17 14:00:00
4139,스포츠,,2026-01-17 14:00:00,2026-01-17 16:00:00
4140,스포츠,,2026-01-17 16:00:00,2026-01-17 18:00:00
4141,저녁식사,,2026-01-17 18:00:00,2026-01-17 20:00:00
4142,스포츠,,2026-01-17 20:00:00,2026-01-17 22:00:00
4143,기타,,2026-01-17 22:00:00,2026-01-18 00:00:00
4144,운동,,2026-01-17 22:00:00,2026-01-17 23:00:00
4145,아침식사,,2026-01-18 08:00:00,2026-01-18 10:00:00
4146,공부,,2026-01-18 10:00:00,2026-01-18 12:00:00
4147,점심식사,,2026-01-18 12:00:00,2026-01-18 14:00:00
4148,기타,,2026-01-18 14:00:00,2026-01-18 16:00:00
4149,기타,,2026-01-18 16:00:00,2026-01-18 18:00:00
4150,저녁식사,,2026-01-18 18:00:00,2026-01-18 20:00:00
4151,관람,,2026-01-18 20:00:00,2026-01-18 22:00:00
4152,기타,,2026-01-18 22:00:00,2026-01-18 23:00:00
4153,기타,,2026-01-18 23:00:00,2026-01-19 00:00:00
4154,운동,,2026-01-18 22:00:00,2026-01-18 23:00:00
4155,실내활동,,2026-01-18 22:00:00,2026-01-18 23:00:00
4156,아침식사,,2026-01-19 08:00:00,2026-01-19 10:00:00
4157,관람,,2026-01-19 10:00:00,2026-01-19 11:00:00
4158,운동,,2026-01-19 11:00:00,2026-01-19 12:00:00
4159,점심식사,,2026-01-19 12:00:00,2026-01-19 14:00:00
4160,관람,,2026-01-19 14:00:00,2026-01-19 15:00:00
4161,공원,,2026-01-19 15:00:00,2026-01-19 16:00:00
4162,기타,,2026-01-19 16:00:00,2026-01-19 17:00:00
4163,기타,,2026-01-19 17:00:00,2026-01-19 19:00:00
4164,공원,,2026-01-19 19:00:00,2026-01-19 20:00:00
4165,운동,,2026-01-19 20:00:00,2026-01-19 21:00:00
4166,공원,,2026-01-19 21:00:00,2026-01-19 23:00:00
4167,공원,,2026-01-19 23:00:00,2026-01-20 00:00:00
4168,아침식사,,2026-01-20 08:00:00,2026-01-20 10:00:00
4169,공부,,2026-01-20 10:00:00,2026-01-20 11:00:00
4170,공부,,2026-01-20 11:00:00,2026-01-20 13:00:00
4171,공부,,2026-01-20 13:00:00,2026-01-20 14:00:00
4172,운동,,2026-01-20 14:00:00,2026-01-20 16:00:00
4173,공부,,2026-01-20 16:00:00,2026-01-20 18:00:00
4174,저녁식사,,2026-01-20 18:00:00,2026-01-20 20:00:00
4175,공부,,2026-01-20 20:00:00,2026-01-20 21:00:00
4176,운동,,2026-01-20 21:00:00,2026-01-20 22:00:00
4177,공부,,2026-01-20 22:00:00,2026-01-20 23:00:00
4178,공부,,2026-01-20 23:00:00,2026-01-21 00:00:00
4179,기타,,2026-01-20 22:00:00,2026-01-20 23:00:00
4180,아침식사,,2026-01-21 08:00:00,2026-01-21 10:00:00
4181,공부,,2026-01-21 10:00:00,2026-01-21 12:00:00
4182,점심식사,,2026-01-21 12:00:00,2026-01-21 14:00:00
4183,공원,,2026-01-21 14:00:00,2026-01-21 16:00:00
4184,공부,,2026-01-21 16:00:00,2026-01-21 18:00:00
4185,저녁식사,,2026-01-21 18:00:00,2026-01-21 20:00:00
4186,실내활동,,2026-01-21 20:00:00,2026-01-21 21:00:00
4187,공원,,2026-01-21 21:00:00,2026-01-21 22:00:00
4188,공부,,2026-01-21 22:00:00,2026-01-22 00:00:00
4189,운동,,2026-01-21 22:00:00,2026-01-21 23:00:00
4190,기타,,2026-01-21 22:00:00,2026-01-21 23:00:00
4191,아침식사,,2026-01-22 08:00:00,2026-01-22 10:00:00
4192,실내활동,,2026-01-22 10:00:00,2026-01-22 12:00:00
4193,점심식사,,2026-01-22 12:00:00,2026-01-22 14:00:00
4194,기타,,2026-01-22 14:00:00,2026-01-22 16:00:00
4195,기타,,2026-01-22 16:00:00,2026-01-22 18:00:00
4196,저녁식사,,2026-01-22 18:00:00,2026-01-22 20:00:00
4197,실내활동,,2026-01-22 20:00:00,2026-01-22 22:00:00
4198,기타,,2026-01-22 22:00:00,2026-01-22 23:00:00
4199,기타,,2026-01-22 23:00:00,2026-01-23 00:00:00
4200,운동,,2026-01-22 22:00:00,2026-01-22 23:00:00
4201,아침식사,,2026-01-23 08:00:00,2026-01-23 10:00:00
4202,실내활동,,2026-01-23 10:00:00,2026-01-23 11:00:00
4203,운동,,2026-01-23 11:00:00,2026-01-23 12:00:00
4204,점심식사,,2026-01-23 12:00:00,2026-01-23 14:00:00
4205,운동,,2026-01-23 14:00:00,2026-01-23 16:00:00
4206,공원,,2026-01-23 16:00:00,2026-01-23 17:00:00
4207,기타,,2026-01-23 17:00:00,2026-01-23 18:00:00
4208,저녁식사,,2026-01-23 18:00:00,2026-01-23 20:00:00
4209,실내활동,,2026-01-23 20:00:00,2026-01-23 22:00:00
4210,공원,,2026-01-23 22:00:00,2026-01-23 23:00:00
4211,실내활동,,2026-01-23 23:00:00,2026-01-24 00:00:00
4212,관람,,2026-01-23 22:00:00,2026-01-23 23:00:00
4213,아침식사,,2026-01-24 08:00:00,2026-01-24 10:00:00
4214,기타,,2026-01-24 10:00:00,2026-01-24 12:00:00
4215,점심식사,,2026-01-24 12:00:00,2026-01-24 14:00:00
4216,운동,,2026-01-24 14:00:00,2026-01-24 15:00:00
4217,기타,,2026-01-24 15:00:00,2026-01-24 17:00:00
4218,운동,,2026-01-24 17:00:00,2026-01-24 19:00:00
4219,운동,,2026-01-24 19:00:00,2026-01-24 21:00:00
4220,스포츠,,2026-01-24 21:00:00,2026-01-24 23:00:00
4221,기타,,2026-01-24 23:00:00,2026-01-25 00:00:00
4222,아침식사,,2026-01-25 08:00:00,2026-01-25 10:00:00
4223,기타,,2026-01-25 10:00:00,2026-01-25 12:00:00
4224,점심식사,,2026-01-25 12:00:00,2026-01-25 14:00:00
4225,운동,,2026-01-25 14:00:00,2026-01-25 15:00:00
4226,기타,,2026-01-25 15:00:00,2026-01-25 17:00:00
4227,공부,,2026-01-25 17:00:00,2026-01-25 18:00:00
4228,저녁식사,,2026-01-25 18:00:00,2026-01-25 20:00:00
4229,기타,,2026-01-25 20:00:00,2026-01-25 21:00:00
4230,기타,,2026-01-25 21:00:00,2026-01-25 22:00:00
4231,기타,,2026-01-25 22:00:00,2026-01-26 00:00:00
4232,실내활동,,2026-01-25 22:00:00,2026-01-25 23:00:00
4233,관람,,2026-01-25 22:00:00,2026-01-25 23:00:00
4234,아침식사,,2026-01-26 08:00:00,2026-01-26 10:00:00
4235,기타,,2026-01-26 10:00:00,2026-01-26 12:00:00
4236,점심식사,,2026-01-26 12:00:00,2026-01-26 14:00:00
4237,운동,,2026-01-26 14:00:00,2026-01-26 16:00:00
4238,공원,,2026-01-26 16:00:00,2026-01-26 18:00:00
4239,저녁식사,,2026-01-26 18:00:00,2026-01-26 20:00:00
4240,운동,,2026-01-26 20:00:00,2026-01-26 21:00:00
4241,운동,,2026-01-26 21:00:00,2026-01-26 22:00:00
4242,기타,,2026-01-26 22:00:00,2026-01-27 00:00:00
4243,관람,,2026-01-26 22:00:00,2026-01-26 23:00:00
4244,아침식사,,2026-01-27 08:00:00,2026-01-27 10:00:00
4245,기타,,2026-01-27 10:00:00,2026-01-27 12:00:00
4246,점심식사,,2026-01-27 12:00:00,2026-01-27 14:00:00
4247,운동,,2026-01-27 14:00:00,2026-01-27 15:00:00
4248,기타,,2026-01-27 15:00:00,2026-01-27 17:00:00
4249,운동,,2026-01-27 17:00:00,2026-01-27 19:00:00
4250,공부,,2026-01-27 19:00:00,2026-01-27 20:00:00
4251,공부,,2026-01-27 20:00:00,2026-01-27 22:00:00
4252,공부,,2026-01-27 22:00:00,2026-01-27 23:00:00
4253,기타,,2026-01-27 23:00:00,2026-01-28 00:00:00
4254,아침식사,,2026-01-28 08:00:00,2026-01-28 10:00:00
4255,운동,,2026-01-28 10:00:00,2026-01-28 12:00:00
4256,점심식사,,2026-01-28 12:00:00,2026-01-28 14:00:00
4257,기타,,2026-01-28 14:00:00,2026-01-28 16:00:00
4258,기타,,2026-01-28 16:00:00,2026-01-28 17:00:00
4259,기타,,2026-01-28 17:00:00,2026-01-28 19:00:00
4260,운동,,2026-01-28 19:00:00,2026-01-28 21:00:00
4261,공부,,2026-01-28 21:00:00,2026-01-28 23:00:00
4262,기타,,2026-01-28 23:00:00,2026-01-29 00:00:00
4263,실내활동,,2026-01-28 22:00:00,2026-01-28 23:00:00
4264,공원,,2026-01-28 22:00:00,2026-01-28 23:00:00
4265,아침식사,,2026-01-29 08:00:00,2026-01-29 10:00:00
4266,기타,,2026-01-29 10:00:00,2026-01-29 11:00:00
4267,실내활동,,2026-01-29 11:00:00,2026-01-29 12:00:00
4268,점심식사,,2026-01-29 12:00:00,2026-01-29 14:00:00
4269,기타,,2026-01-29 14:00:00,2026-01-29 15:00:00
4270,실내활동,,2026-01-29 15:00:00,2026-01-29 17:00:00
4271,기타,,2026-01-29 17:00:00,2026-01-29 18:00:00
4272,저녁식사,,2026-01-29 18:00:00,2026-01-29 20:00:00
4273,기타,,2026-01-29 20:00:00,2026-01-29 21:00:00
4274,기타,,2026-01-29 21:00:00,2026-01-29 23:00:00
4275,운동,,2026-01-29 23:00:00,2026-01-30 00:00:00
4276,아침식사,,2026-01-30 08:00:00,2026-01-30 10:00:00
4277,공원,,2026-01-30 10:00:00,2026-01-30 12:00:00
4278,점심식사,,2026-01-30 12:00:00,2026-01-30 14:00:00
4279,기타,,2026-01-30 14:00:00,2026-01-30 15:00:00
4280,운동,,2026-01-30 15:00:00,2026-01-30 17:00:00
4281,관람,,2026-01-30 17:00:00,2026-01-30 19:00:00
4282,실내활동,,2026-01-30 19:00:00,2026-01-30 20:00:00
4283,공원,,2026-01-30 20:00:00,2026-01-30 22:00:00
4284,실내활동,,2026-01-30 22:00:00,2026-01-31 00:00:00
4285,아침식사,,2026-01-31 08:00:00,2026-01-31 10:00:00
4286,기타,,2026-01-31 10:00:00,2026-01-31 11:00:00
4287,운동,,2026-01-31 11:00:00,2026-01-31 13:00:00
4288,기타,,2026-01-31 13:00:00,2026-01-31 15:00:00
4289,운동,,2026-01-31 15:00:00,2026-01-31 16:00:00
4290,운동,,2026-01-31 16:00:00,2026-01-31 18:00:00
4291,저녁식사,,2026-01-31 18:00:00,2026-01-31 20:00:00
4292,운동,,2026-01-31 20:00:00,2026-01-31 21:00:00
4293,운동,,2026-01-31 21:00:00,2026-01-31 23:00:00
4294,기타,,2026-01-31 23:00:00,2026-02-01 00:00:00
4295,스포츠,,2026-01-31 22:00:00,2026-01-31 23:00:00
4296,아침식사,,2026-02-01 08:00:00,2026-02-01 10:00:00
4297,관람,,2026-02-01 10:00:00,2026-02-01 11:00:00
4298,기타,,2026-02-01 11:00:00,2026-02-01 13:00:00
4299,운동,,2026-02-01 13:00:00,2026-02-01 14:00:00
4300,기타,,2026-02-01 14:00:00,2026-02-01 16:00:00
4301,운동,,2026-02-01 16:00:00,2026-02-01 17:00:00
4302,기타,,2026-02-01 17:00:00,2026-02-01 19:00:00
4303,운동,,2026-02-01 19:00:00,2026-02-01 20:00:00
4304,관람,,2026-02-01 20:00:00,2026-02-01 22:00:00
4305,실내활동,,2026-02-01 22:00:00,2026-02-02 00:00:00
4306,공부,,2026-02-01 22:00:00,2026-02-01 23:00:00
4307,아침식사,,2026-02-02 08:00:00,2026-02-02 10:00:00
4308,운동,,2026-02-02 10:00:00,2026-02-02 11:00:00
4309,기타,,2026-02-02 11:00:00,2026-02-02 13:00:00
4310,공원,,2026-02-02 13:00:00,2026-02-02 14:00:00
4311,기타,,2026-02-02 14:00:00,2026-02-02 16:00:00
4312,기타,,2026-02-02 16:00:00,2026-02-02 17:00:00
4313,관람,,2026-02-02 17:00:00,2026-02-02 19:00:00
4314,관람,,2026-02-02 19:00:00,2026-02-02 21:00:00
4315,공원,,2026-02-02 21:00:00,2026-02-02 22:00:00
4316,공원,,2026-02-02 22:00:00,2026-02-03 00:00:00
4317,아침식사,,2026-02-03 08:00:00,2026-02-03 10:00:00
4318,운동,,2026-02-03 10:00:00,2026-02-03 12:00:00
4319,점심식사,,2026-02-03 12:00:00,2026-02-03 14:00:00
4320,운동,,2026-02-03 14:00:00,2026-02-03 15:00:00
4321,운동,,2026-02-03 15:00:00,2026-02-03 17:00:00
4322,운동,,2026-02-03 17:00:00,2026-02-03 18:00:00
4323,저녁식사,,2026-02-03 18:00:00,2026-02-03 20:00:00
4324,운동,,2026-02-03 20:00:00,2026-02-03 21:00:00
4325,운동,,2026-02-03 21:00:00,2026-02-03 23:00:00
4326,공부,,2026-02-03 23:00:00,2026-02-04 00:00:00
4327,기타,,2026-02-03 22:00:00,2026-02-03 23:00:00
4328,아침식사,,2026-02-04 08:00:00,2026-02-04 10:00:00
4329,공부,,2026-02-04 10:00:00,2026-02-04 11:00:00
4330,공부,,2026-02-04 11:00:00,2026-02-04 13:00:00
4331,실내활동,,2026-02-04 13:00:00,2026-02-04 14:00:00
4332,실내활동,,2026-02-04 14:00:00,2026-02-04 16:00:00
4333,기타,,2026-02-04 16:00:00,2026-02-04 18:00:00
4334,저녁식사,,2026-02-04 18:00:00,2026-02-04 20:00:00
4335,운동,,2026-02-04 20:00:00,2026-02-04 21:00:00
4336,공부,,2026-02-04 21:00:00,2026-02-04 22:00:00
4337,기타,,2026-02-04 22:00:00,2026-02-04 23:00:00
4338,공부,,2026-02-04 23:00:00,2026-02-05 00:00:00
4339,공원,,2026-02-04 22:00:00,2026-02-04 23:00:00
4340,아침식사,,2026-02-05 08:00:00,2026-02-05 10:00:00
4341,기타,,2026-02-05 10:00:00,2026-02-05 11:00:00
4342,실내활동,,2026-02-05 11:00:00,2026-02-05 13:00:00
4343,기타,,2026-02-05 13:00:00,2026-02-05 14:00:00
4344,기타,,2026-02-05 14:00:00,2026-02-05 15:00:00
4345,운동,,2026-02-05 15:00:00,2026-02-05 16:00:00
4346,기타,,2026-02-05 16:00:00,2026-02-05 17:00:00
4347,운동,,2026-02-05 17:00:00,2026-02-05 19:00:00
4348,기타,,2026-02-05 19:00:00,2026-02-05 21:00:00
4349,기타,,2026-02-05 21:00:00,2026-02-05 23:00:00
4350,운동,,2026-02-05 23:00:00,2026-02-06 00:00:00
4351,아침식사,,2026-02-06 08:00:00,2026-02-06 10:00:00
4352,관람,,2026-02-06 10:00:00,2026-02-06 11:00:00
4353,운동,,2026-02-06 11:00:00,2026-02-06 13:00:00
4354,관람,,2026-02-06 13:00:00,2026-02-06 14:00:00
4355,운동,,2026-02-06 14:00:00,2026-02-06 16:00:00
4356,관람,,2026-02-06 16:00:00,2026-02-06 18:00:00
4357,저녁식사,,2026-02-06 18:00:00,2026-02-06 20:00:00
4358,운동,,2026-02-06 20:00:00,2026-02-06 22:00:00
4359,실내활동,,2026-02-06 22:00:00,2026-02-06 23:00:00
4360,운동,,2026-02-06 23:00:00,2026-02-07 00:00:00
4361,공원,,2026-02-06 22:00:00,2026-02-06 23:00:00
4362,기타,,2026-02-06 22:00:00,2026-02-06 23:00:00
4363,아침식사,,2026-02-07 08:00:00,2026-02-07 10:00:00
4364,운동,,2026-02-07 10:00:00,2026-02-07 11:00:00
4365,운동,,2026-02-07 11:00:00,2026-02-07 13:00:00
4366,기타,,2026-02-07 13:00:00,2026-02-07 14:00:00
4367,운동,,2026-02-07 14:00:00,2026-02-07 15:00:00
4368,운동,,2026-02-07 15:00:00,2026-02-07 17:00:00
4369,스포츠,,2026-02-07 17:00:00,2026-02-07 19:00:00
4370,운동,,2026-02-07 19:00:00,2026-02-07 21:00:00
4371,기타,,2026-02-07 21:00:00,2026-02-07 23:00:00
4372,스포츠,,2026-02-07 23:00:00,2026-02-08 00:00:00
4373,아침식사,,2026-02-08 08:00:00,2026-02-08 10:00:00
4374,실내활동,,2026-02-08 10:00:00,2026-02-08 12:00:00
4375,점심식사,,2026-02-08 12:00:00,2026-02-08 14:00:00
4376,기타,,2026-02-08 14:00:00,2026-02-08 15:00:00
4377,실내활동,,2026-02-08 15:00:00,2026-02-08 16:00:00
4378,실내활동,,2026-02-08 16:00:00,2026-02-08 17:00:00
4379,실내활동,,2026-02-08 17:00:00,2026-02-08 18:00:00
4380,저녁식사,,2026-02-08 18:00:00,2026-02-08 20:00:00
4381,기타,,2026-02-08 20:00:00,2026-02-08 22:00:00
4382,공부,,2026-02-08 22:00:00,2026-02-09 00:00:00
4383,운동,,2026-02-08 22:00:00,2026-02-08 23:00:00
4384,관람,,2026-02-08 22:00:00,2026-02-08 23:00:00
4385,아침식사,,2026-02-09 08:00:00,2026-02-09 10:00:00
4386,기타,,2026-02-09 10:00:00,2026-02-09 12:00:00
4387,점심식사,,2026-02-09 12:00:00,2026-02-09 14:00:00
4388,운동,,2026-02-09 14:00:00,2026-02-09 15:00:00
4389,기타,,2026-02-09 15:00:00,2026-02-09 17:00:00
4390,기타,,2026-02-09 17:00:00,2026-02-09 19:00:00
4391,공원,,2026-02-09 19:00:00,2026-02-09 20:00:00
4392,운동,,2026-02-09 20:00:00,2026-02-09 21:00:00
4393,기타,,2026-02-09 21:00:00,2026-02-09 23:00:00
4394,관람,,2026-02-09 23:00:00,2026-02-10 00:00:00
4395,아침식사,,2026-02-10 08:00:00,2026-02-10 10:00:00
4396,기타,,2026-02-10 10:00:00,2026-02-10 11:00:00
4397,운동,,2026-02-10 11:00:00,2026-02-10 13:00:00
4398,기타,,2026-02-10 13:00:00,2026-02-10 14:00:00
4399,운동,,2026-02-10 14:00:00,2026-02-10 15:00:00
4400,운동,,2026-02-10 15:00:00,2026-02-10 16:00:00
4401,기타,,2026-02-10 16:00:00,2026-02-10 18:00:00
4402,저녁식사,,2026-02-10 18:00:00,2026-02-10 20:00:00
4403,공부,,2026-02-10 20:00:00,2026-02-10 21:00:00
4404,기타,,2026-02-10 21:00:00,2026-02-10 22:00:00
4405,기타,,2026-02-10 22:00:00,2026-02-11 00:00:00
4406,아침식사,,2026-02-11 08:00:00,2026-02-11 10:00:00
4407,공부,,2026-02-11 10:00:00,2026-02-11 11:00:00
4408,실내활동,,2026-02-11 11:00:00,2026-02-11 12:00:00
4409,점심식사,,2026-02-11 12:00:00,2026-02-11 14:00:00
4410,기타,,2026-02-11 14:00:00,2026-02-11 16:00:00
4411,공부,,2026-02-11 16:00:00,2026-02-11 17:00:00
4412,공부,,2026-02-11 17:00:00,2026-02-11 19:00:00
4413,공원,,2026-02-11 19:00:00,2026-02-11 21:00:00
4414,공부,,2026-02-11 21:00:00,2026-02-11 22:00:00
4415,실내활동,,2026-02-11 22:00:00,2026-02-11 23:00:00
4416,기타,,2026-02-11 23:00:00,2026-02-12 00:00:00
4417,운동,,2026-02-11 22:00:00,2026-02-11 23:00:00
4418,아침식사,,2026-02-12 08:00:00,2026-02-12 10:00:00
4419,운동,,2026-02-12 10:00:00,2026-02-12 11:00:00
4420,운동,,2026-02-12 11:00:00,2026-02-12 13:00:00
4421,운동,,2026-02-12 13:00:00,2026-02-12 15:00:00
4422,실내활동,,2026-02-12 15:00:00,2026-02-12 17:00:00
4423,운동,,2026-02-12 17:00:00,2026-02-12 19:00:00
4424,운동,,2026-02-12 19:00:00,2026-02-12 21:00:00
4425,기타,,2026-02-12 21:00:00,2026-02-12 22:00:00
4426,운동,,2026-02-12 22:00:00,2026-02-12 23:00:00
4427,기타,,2026-02-12 23:00:00,2026-02-13 00:00:00
4428,아침식사,,2026-02-13 08:00:00,2026-02-13 10:00:00
4429,실내활동,,2026-02-13 10:00:00,2026-02-13 12:00:00
4430,점심식사,,2026-02-13 12:00:00,2026-02-13 14:00:00
4431,운동,,2026-02-13 14:00:00,2026-02-13 15:00:00
4432,관람,,2026-02-13 15:00:00,2026-02-13 17:00:00
4433,실내활동,,2026-02-13 17:00:00,2026-02-13 18:00:00
4434,저녁식사,,2026-02-13 18:00:00,2026-02-13 20:00:00
4435,실내활동,,2026-02-13 20:00:00,2026-02-13 22:00:00
4436,공원,,2026-02-13 22:00:00,2026-02-13 23:00:00
4437,운동,,2026-02-13 23:00:00,2026-02-14 00:00:00
4438,기타,,2026-02-13 22:00:00,2026-02-13 23:00:00
4439,아침식사,,2026-02-14 08:00:00,2026-02-14 10:00:00
4440,기타,,2026-02-14 10:00:00,2026-02-14 11:00:00
4441,스포츠,,2026-02-14 11:00:00,2026-02-14 13:00:00
4442,스포츠,,2026-02-14 13:00:00,2026-02-14 14:00:00
4443,운동,,2026-02-14 14:00:00,2026-02-14 16:00:00
4444,기타,,2026-02-14 16:00:00,2026-02-14 17:00:00
4445,스포츠,,2026-02-14 17:00:00,2026-02-14 18:00:00
4446,저녁식사,,2026-02-14 18:00:00,2026-02-14 20:00:00
4447,기타,,2026-02-14 20:00:00,2026-02-14 22:00:00
4448,기타,,2026-02-14 22:00:00,2026-02-14 23:00:00
4449,기타,,2026-02-14 23:00:00,2026-02-15 00:00:00
4450,아침식사,,2026-02-15 08:00:00,2026-02-15 10:00:00
4451,실내활동,,2026-02-15 10:00:00,2026-02-15 11:00:00
4452,실내활동,,2026-02-15 11:00:00,2026-02-15 13:00:00
4453,관람,,2026-02-15 13:00:00,2026-02-15 14:00:00
4454,운동,,2026-02-15 14:00:00,2026-02-15 16:00:00
4455,운동,,2026-02-15 16:00:00,2026-02-15 18:00:00
4456,저녁식사,,2026-02-15 18:00:00,2026-02-15 20:00:00
4457,공부,,2026-02-15 20:00:00,2026-02-15 22:00:00
4458,관람,,2026-02-15 22:00:00,2026-02-15 23:00:00
4459,실내활동,,2026-02-15 23:00:00,2026-02-16 00:00:00
4460,기타,,2026-02-15 22:00:00,2026-02-15 23:00:00
4461,아침식사,,2026-02-16 08:00:00,2026-02-16 10:00:00
4462,공원,,2026-02-16 10:00:00,2026-02-16 11:00:00
4463,기타,,2026-02-16 11:00:00,2026-02-16 13:00:00
4464,기타,,2026-02-16 13:00:00,2026-02-16 15:00:00
4465,운동,,2026-02-16 15:00:00,2026-02-16 17:00:00
4466,운동,,2026-02-16 17:00:00,2026-02-16 19:00:00
4467,공원,,2026-02-16 19:00:00,2026-02-16 20:00:00
4468,기타,,2026-02-16 20:00:00,2026-02-16 21:00:00
4469,기타,,2026-02-16 21:00:00,2026-02-16 22:00:00
4470,기타,,2026-02-16 22:00:00,2026-02-17 00:00:00
4471,관람,,2026-02-16 22:00:00,2026-02-16 23:00:00
4472,아침식사,,2026-02-17 08:00:00,2026-02-17 10:00:00
4473,기타,,2026-02-17 10:00:00,2026-02-17 11:00:00
4474,공부,,2026-02-17 11:00:00,2026-02-17 13:00:00
4475,기타,,2026-02-17 13:00:00,2026-02-17 15:00:00
4476,운동,,2026-02-17 15:00:00,2026-02-17 16:00:00
4477,기타,,2026-02-17 16:00:00,2026-02-17 18:00:00
4478,저녁식사,,2026-02-17 18:00:00,2026-02-17 20:00:00
4479,공부,,2026-02-17 20:00:00,2026-02-17 22:00:00
4480,공부,,2026-02-17 22:00:00,2026-02-18 00:00:00
4481,아침식사,,2026-02-18 08:00:00,2026-02-18 10:00:00
4482,공원,,2026-02-18 10:00:00,2026-02-18 12:00:00
4483,점심식사,,2026-02-18 12:00:00,2026-02-18 14:00:00
4484,운동,,2026-02-18 14:00:00,2026-02-18 15:00:00
4485,공부,,2026-02-18 15:00:00,2026-02-18 16:00:00
4486,공원,,2026-02-18 16:00:00,2026-02-18 18:00:00
4487,저녁식사,,2026-02-18 18:00:00,2026-02-18 20:00:00
4488,운동,,2026-02-18 20:00:00,2026-02-18 22:00:00
4489,기타,,2026-02-18 22:00:00,2026-02-19 00:00:00
4490,실내활동,,2026-02-18 22:00:00,2026-02-18 23:00:00
4491,아침식사,,2026-02-19 08:00:00,2026-02-19 10:00:00
4492,운동,,2026-02-19 10:00:00,2026-02-19 11:00:00
4493,기타,,2026-02-19 11:00:00,2026-02-19 13:00:00
4494,운동,,2026-02-19 13:00:00,2026-02-19 14:00:00
4495,운동,,2026-02-19 14:00:00,2026-02-19 16:00:00
4496,운동,,2026-02-19 16:00:00,2026-02-19 17:00:00
4497,실내활동,,2026-02-19 17:00:00,2026-02-19 18:00:00
4498,저녁식사,,2026-02-19 18:00:00,2026-02-19 20:00:00
4499,기타,,2026-02-19 20:00:00,2026-02-19 22:00:00
4500,운동,,2026-02-19 22:00:00,2026-02-19 23:00:00
4501,기타,,2026-02-19 23:00:00,2026-02-20 00:00:00
4502,아침식사,,2026-02-20 08:00:00,2026-02-20 10:00:00
4503,관람,,2026-02-20 10:00:00,2026-02-20 11:00:00
4504,공원,,2026-02-20 11:00:00,2026-02-20 13:00:00
4505,실내활동,,2026-02-20 13:00:00,2026-02-20 14:00:00
4506,기타,,2026-02-20 14:00:00,2026-02-20 16:00:00
4507,기타,,2026-02-20 16:00:00,2026-02-20 18:00:00
4508,저녁식사,,2026-02-20 18:00:00,2026-02-20 20:00:00
4509,운동,,2026-02-20 20:00:00,2026-02-20 21:00:00
4510,공원,,2026-02-20 21:00:00,2026-02-20 23:00:00
4511,실내활동,,2026-02-20 23:00:00,2026-02-21 00:00:00
4512,아침식사,,2026-02-21 08:00:00,2026-02-21 10:00:00
4513,운동,,2026-02-21 10:00:00,2026-02-21 11:00:00
4514,기타,,2026-02-21 11:00:00,2026-02-21 13:00:00
4515,스포츠,,2026-02-21 13:00:00,2026-02-21 15:00:00
4516,기타,,2026-02-21 15:00:00,2026-02-21 17:00:00
4517,운동,,2026-02-21 17:00:00,2026-02-21 19:00:00
4518,스포츠,,2026-02-21 19:00:00,2026-02-21 21:00:00
4519,스포츠,,2026-02-21 21:00:00,2026-02-21 22:00:00
4520,기타,,2026-02-21 22:00:00,2026-02-22 00:00:00
4521,아침식사,,2026-02-22 08:00:00,2026-02-22 10:00:00
4522,관람,,2026-02-22 10:00:00,2026-02-22 11:00:00
4523,실내활동,,2026-02-22 11:00:00,2026-02-22 13:00:00
4524,공부,,2026-02-22 13:00:00,2026-02-22 15:00:00
4525,기타,,2026-02-22 15:00:00,2026-02-22 17:00:00
4526,공부,,2026-02-22 17:00:00,2026-02-22 18:00:00
4527,저녁식사,,2026-02-22 18:00:00,2026-02-22 20:00:00
4528,운동,,2026-02-22 20:00:00,2026-02-22 22:00:00
4529,운동,,2026-02-22 22:00:00,2026-02-23 00:00:00
4530,아침식사,,2026-02-23 08:00:00,2026-02-23 10:00:00
4531,운동,,2026-02-23 10:00:00,2026-02-23 11:00:00
4532,공원,,2026-02-23 11:00:00,2026-02-23 12:00:00
4533,점심식사,,2026-02-23 12:00:00,2026-02-23 14:00:00
4534,운동,,2026-02-23 14:00:00,2026-02-23 15:00:00
4535,기타,,2026-02-23 15:00:00,2026-02-23 17:00:00
4536,운동,,2026-02-23 17:00:00,2026-02-23 18:00:00
4537,저녁식사,,2026-02-23 18:00:00,2026-02-23 20:00:00
4538,공원,,2026-02-23 20:00:00,2026-02-23 21:00:00
4539,공원,,2026-02-23 21:00:00,2026-02-23 22:00:00
4540,공원,,2026-02-23 22:00:00,2026-02-23 23:00:00
4541,운동,,2026-02-23 23:00:00,2026-02-24 00:00:00
4542,관람,,2026-02-23 22:00:00,2026-02-23 23:00:00
4543,아침식사,,2026-02-24 08:00:00,2026-02-24 10:00:00
4544,공부,,2026-02-24 10:00:00,2026-02-24 12:00:00
4545,점심식사,,2026-02-24 12:00:00,2026-02-24 14:00:00
4546,공부,,2026-02-24 14:00:00,2026-02-24 16:00:00
4547,기타,,2026-02-24 16:00:00,2026-02-24 17:00:00
4548,공부,,2026-02-24 17:00:00,2026-02-24 19:00:00
4549,운동,,2026-02-24 19:00:00,2026-02-24 21:00:00
4550,운동,,2026-02-24 21:00:00,2026-02-24 22:00:00
4551,기타,,2026-02-24 22:00:00,2026-02-25 00:00:00
4552,아침식사,,2026-02-25 08:00:00,2026-02-25 10:00:00
4553,공부,,2026-02-25 10:00:00,2026-02-25 11:00:00
4554,공원,,2026-02-25 11:00:00,2026-02-25 12:00:00
4555,점심식사,,2026-02-25 12:00:00,2026-02-25 14:00:00
4556,실내활동,,2026-02-25 14:00:00,2026-02-25 16:00:00
4557,기타,,2026-02-25 16:00:00,2026-02-25 17:00:00
4558,공원,,2026-02-25 17:00:00,2026-02-25 18:00:00
4559,저녁식사,,2026-02-25 18:00:00,2026-02-25 20:00:00
4560,기타,,2026-02-25 20:00:00,2026-02-25 21:00:00
4561,공원,,2026-02-25 21:00:00,2026-02-25 23:00:00
4562,공원,,2026-02-25 23:00:00,2026-02-26 00:00:00
4563,운동,,2026-02-25 22:00:00,2026-02-25 23:00:00
4564,아침식사,,2026-02-26 08:00:00,2026-02-26 10:00:00
4565,실내활동,,2026-02-26 10:00:00,2026-02-26 11:00:00
4566,기타,,2026-02-26 11:00:00,2026-02-26 12:00:00
4567,점심식사,,2026-02-26 12:00:00,2026-02-26 14:00:00
4568,운동,,2026-02-26 14:00:00,2026-02-26 15:00:00
4569,운동,,2026-02-26 15:00:00,2026-02-26 17:00:00
4570,실내활동,,2026-02-26 17:00:00,2026-02-26 18:00:00
4571,저녁식사,,2026-02-26 18:00:00,2026-02-26 20:00:00
4572,운동,,2026-02-26 20:00:00,2026-02-26 22:00:00
4573,운동,,2026-02-26 22:00:00,2026-02-27 00:00:00
4574,아침식사,,2026-02-27 08:00:00,2026-02-27 10:00:00
4575,운동,,2026-02-27 10:00:00,2026-02-27 11:00:00
4576,관람,,2026-02-27 11:00:00,2026-02-27 12:00:00
4577,점심식사,,2026-02-27 12:00:00,2026-02-27 14:00:00
4578,관람,,2026-02-27 14:00:00,2026-02-27 16:00:00
4579,실내활동,,2026-02-27 16:00:00,2026-02-27 18:00:00
4580,저녁식사,,2026-02-27 18:00:00,2026-02-27 20:00:00
4581,관람,,2026-02-27 20:00:00,2026-02-27 21:00:00
4582,관람,,2026-02-27 21:00:00,2026-02-27 23:00:00
4583,기타,,2026-02-27 23:00:00,2026-02-28 00:00:00
4584,공원,,2026-02-27 22:00:00,2026-02-27 23:00:00
4585,아침식사,,2026-02-28 08:00:00,2026-02-28 10:00:00
4586,운동,,2026-02-28 10:00:00,2026-02-28 12:00:00
4587,점심식사,,2026-02-28 12:00:00,2026-02-28 14:00:00
4588,스포츠,,2026-02-28 14:00:00,2026-02-28 16:00:00
4589,스포츠,,2026-02-28 16:00:00,2026-02-28 18:00:00
4590,저녁식사,,2026-02-28 18:00:00,2026-02-28 20:00:00
4591,기타,,2026-02-28 20:00:00,2026-02-28 21:00:00
4592,운동,,2026-02-28 21:00:00,2026-02-28 22:00:00
4593,기타,,2026-02-28 22:00:00,2026-02-28 23:00:00
4594,스포츠,,2026-02-28 23:00:00,2026-03-01 00:00:00
4595,아침식사,,2026-03-01 08:00:00,2026-03-01 10:00:00
4596,기타,,2026-03-01 10:00:00,2026-03-01 11:00:00
4597,기타,,2026-03-01 11:00:00,2026-03-01 12:00:00
4598,점심식사,,2026-03-01 12:00:00,2026-03-01 14:00:00
4599,공부,,2026-03-01 14:00:00,2026-03-01 15:00:00
4600,공부,,2026-03-01 15:00:00,2026-03-01 16:00:00
4601,기타,,2026-03-01 16:00:00,2026-03-01 18:00:00
4602,저녁식사,,2026-03-01 18:00:00,2026-03-01 20:00:00
4603,관람,,2026-03-01 20:00:00,2026-03-01 22:00:00
4604,공부,,2026-03-01 22:00:00,2026-03-02 00:00:00
4605,운동,,2026-03-01 22:00:00,2026-03-01 23:00:00
4606,실내활동,,2026-03-01 22:00:00,2026-03-01 23:00:00
4607,아침식사,,2026-03-02 08:00:00,2026-03-02 10:00:00
4608,관람,,2026-03-02 10:00:00,2026-03-02 11:00:00
4609,공원,,2026-03-02 11:00:00,2026-03-02 12:00:00
4610,점심식사,,2026-03-02 12:00:00,2026-03-02 14:00:00
4611,운동,,2026-03-02 14:00:00,2026-03-02 15:00:00
4612,공원,,2026-03-02 15:00:00,2026-03-02 16:00:00
4613,운동,,2026-03-02 16:00:00,2026-03-02 17:00:00
4614,운동,,2026-03-02 17:00:00,2026-03-02 19:00:00
4615,운동,,2026-03-02 19:00:00,2026-03-02 20:00:00
4616,운동,,2026-03-02 20:00:00,2026-03-02 22:00:00
4617,공원,,2026-03-02 22:00:00,2026-03-02 23:00:00
4618,운동,,2026-03-02 23:00:00,2026-03-03 00:00:00
4619,기타,,2026-03-02 22:00:00,2026-03-02 23:00:00
4620,아침식사,,2026-03-03 08:00:00,2026-03-03 10:00:00
4621,운동,,2026-03-03 10:00:00,2026-03-03 11:00:00
4622,기타,,2026-03-03 11:00:00,2026-03-03 12:00:00
4623,점심식사,,2026-03-03 12:00:00,2026-03-03 14:00:00
4624,공부,,2026-03-03 14:00:00,2026-03-03 16:00:00
4625,기타,,2026-03-03 16:00:00,2026-03-03 17:00:00
4626,공부,,2026-03-03 17:00:00,2026-03-03 19:00:00
4627,기타,,2026-03-03 19:00:00,2026-03-03 20:00:00
4628,기타,,2026-03-03 20:00:00,2026-03-03 21:00:00
4629,기타,,2026-03-03 21:00:00,2026-03-03 22:00:00
4630,공부,,2026-03-03 22:00:00,2026-03-03 23:00:00
4631,기타,,2026-03-03 23:00:00,2026-03-04 00:00:00
4632,아침식사,,2026-03-04 08:00:00,2026-03-04 10:00:00
4633,공원,,2026-03-04 10:00:00,2026-03-04 11:00:00
4634,운동,,2026-03-04 11:00:00,2026-03-04 12:00:00
4635,점심식사,,2026-03-04 12:00:00,2026-03-04 14:00:00
4636,공원,,2026-03-04 14:00:00,2026-03-04 15:00:00
4637,기타,,2026-03-04 15:00:00,2026-03-04 17:00:00
4638,운동,,2026-03-04 17:00:00,2026-03-04 19:00:00
4639,공원,,2026-03-04 19:00:00,2026-03-04 20:00:00
4640,기타,,2026-03-04 20:00:00,2026-03-04 22:00:00
4641,실내활동,,2026-03-04 22:00:00,2026-03-05 00:00:00
4642,공부,,2026-03-04 22:00:00,2026-03-04 23:00:00
4643,아침식사,,2026-03-05 08:00:00,2026-03-05 10:00:00
4644,운동,,2026-03-05 10:00:00,2026-03-05 12:00:00
4645,점심식사,,2026-03-05 12:00:00,2026-03-05 14:00:00
4646,운동,,2026-03-05 14:00:00,2026-03-05 16:00:00
4647,실내활동,,2026-03-05 16:00:00,2026-03-05 18:00:00
4648,저녁식사,,2026-03-05 18:00:00,2026-03-05 20:00:00
4649,운동,,2026-03-05 20:00:00,2026-03-05 22:00:00
4650,실내활동,,2026-03-05 22:00:00,2026-03-05 23:00:00
4651,실내활동,,2026-03-05 23:00:00,2026-03-06 00:00:00
4652,기타,,2026-03-05 22:00:00,2026-03-05 23:00:00
4653,아침식사,,2026-03-06 08:00:00,2026-03-06 10:00:00
4654,공원,,2026-03-06 10:00:00,2026-03-06 11:00:00
4655,관람,,2026-03-06 11:00:00,2026-03-06 12:00:00
4656,점심식사,,2026-03-06 12:00:00,2026-03-06 14:00:00
4657,운동,,2026-03-06 14:00:00,2026-03-06 16:00:00
4658,기타,,2026-03-06 16:00:00,2026-03-06 17:00:00
4659,기타,,2026-03-06 17:00:00,2026-03-06 19:00:00
4660,공원,,2026-03-06 19:00:00,2026-03-06 21:00:00
4661,공원,,2026-03-06 21:00:00,2026-03-06 22:00:00
4662,운동,,2026-03-06 22:00:00,2026-03-06 23:00:00
4663,실내활동,,2026-03-06 23:00:00,2026-03-07 00:00:00
4664,아침식사,,2026-03-07 08:00:00,2026-03-07 10:00:00
4665,운동,,2026-03-07 10:00:00,2026-03-07 12:00:00
4666,점심식사,,2026-03-07 12:00:00,2026-03-07 14:00:00
4667,운동,,2026-03-07 14:00:00,2026-03-07 16:00:00
4668,기타,,2026-03-07 16:00:00,2026-03-07 17:00:00
4669,스포츠,,2026-03-07 17:00:00,2026-03-07 19:00:00
4670,스포츠,,2026-03-07 19:00:00,2026-03-07 20:00:00
4671,기타,,2026-03-07 20:00:00,2026-03-07 22:00:00
4672,기타,,2026-03-07 22:00:00,2026-03-07 23:00:00
4673,기타,,2026-03-07 23:00:00,2026-03-08 00:00:00
4674,아침식사,,2026-03-08 08:00:00,2026-03-08 10:00:00
4675,실내활동,,2026-03-08 10:00:00,2026-03-08 12:00:00
4676,점심식사,,2026-03-08 12:00:00,2026-03-08 14:00:00
4677,공부,,2026-03-08 14:00:00,2026-03-08 15:00:00
4678,실내활동,,2026-03-08 15:00:00,2026-03-08 17:00:00
4679,기타,,2026-03-08 17:00:00,2026-03-08 18:00:00
4680,저녁식사,,2026-03-08 18:00:00,2026-03-08 20:00:00
4681,공부,,2026-03-08 20:00:00,2026-03-08 21:00:00
4682,관람,,2026-03-08 21:00:00,2026-03-08 23:00:00
4683,관람,,2026-03-08 23:00:00,2026-03-09 00:00:00
4684,운동,,2026-03-08 22:00:00,2026-03-08 23:00:00
4685,아침식사,,2026-03-09 08:00:00,2026-03-09 10:00:00
4686,공원,,2026-03-09 10:00:00,2026-03-09 12:00:00
4687,점심식사,,2026-03-09 12:00:00,2026-03-09 14:00:00
4688,관람,,2026-03-09 14:00:00,2026-03-09 15:00:00
4689,관람,,2026-03-09 15:00:00,2026-03-09 17:00:00
4690,기타,,2026-03-09 17:00:00,2026-03-09 18:00:00
4691,저녁식사,,2026-03-09 18:00:00,2026-03-09 20:00:00
4692,운동,,2026-03-09 20:00:00,2026-03-09 22:00:00
4693,공원,,2026-03-09 22:00:00,2026-03-09 23:00:00
4694,기타,,2026-03-09 23:00:00,2026-03-10 00:00:00
4695,아침식사,,2026-03-10 08:00:00,2026-03-10 10:00:00
4696,운동,,2026-03-10 10:00:00,2026-03-10 11:00:00
4697,운동,,2026-03-10 11:00:00,2026-03-10 13:00:00
4698,기타,,2026-03-10 13:00:00,2026-03-10 14:00:00
4699,공부,,2026-03-10 14:00:00,2026-03-10 15:00:00
4700,운동,,2026-03-10 15:00:00,2026-03-10 16:00:00
4701,운동,,2026-03-10 16:00:00,2026-03-10 18:00:00
4702,저녁식사,,2026-03-10 18:00:00,2026-03-10 20:00:00
4703,공부,,2026-03-10 20:00:00,2026-03-10 21:00:00
4704,기타,,2026-03-10 21:00:00,2026-03-10 23:00:00
4705,공부,,2026-03-10 23:00:00,2026-03-11 00:00:00
4706,아침식사,,2026-03-11 08:00:00,2026-03-11 10:00:00
4707,공부,,2026-03-11 10:00:00,2026-03-11 11:00:00
4708,기타,,2026-03-11 11:00:00,2026-03-11 13:00:00
4709,운동,,2026-03-11 13:00:00,2026-03-11 14:00:00
4710,기타,,2026-03-11 14:00:00,2026-03-11 16:00:00
4711,공부,,2026-03-11 16:00:00,2026-03-11 18:00:00
4712,저녁식사,,2026-03-11 18:00:00,2026-03-11 20:00:00
4713,기타,,2026-03-11 20:00:00,2026-03-11 22:00:00
4714,실내활동,,2026-03-11 22:00:00,2026-03-11 23:00:00
4715,공원,,2026-03-11 23:00:00,2026-03-12 00:00:00
4716,아침식사,,2026-03-12 08:00:00,2026-03-12 10:00:00
4717,실내활동,,2026-03-12 10:00:00,2026-03-12 11:00:00
4718,실내활동,,2026-03-12 11:00:00,2026-03-12 13:00:00
4719,기타,,2026-03-12 13:00:00,2026-03-12 14:00:00
4720,실내활동,,2026-03-12 14:00:00,2026-03-12 15:00:00
4721,기타,,2026-03-12 15:00:00,2026-03-12 17:00:00
4722,기타,,2026-03-12 17:00:00,2026-03-12 19:00:00
4723,운동,,2026-03-12 19:00:00,2026-03-12 21:00:00
4724,기타,,2026-03-12 21:00:00,2026-03-12 22:00:00
4725,운동,,2026-03-12 22:00:00,2026-03-12 23:00:00
4726,실내활동,,2026-03-12 23:00:00,2026-03-13 00:00:00
4727,아침식사,,2026-03-13 08:00:00,2026-03-13 10:00:00
4728,기타,,2026-03-13 10:00:00,2026-03-13 12:00:00
4729,점심식사,,2026-03-13 12:00:00,2026-03-13 14:00:00
4730,공원,,2026-03-13 14:00:00,2026-03-13 16:00:00
4731,관람,,2026-03-13 16:00:00,2026-03-13 18:00:00
4732,저녁식사,,2026-03-13 18:00:00,2026-03-13 20:00:00
4733,관람,,2026-03-13 20:00:00,2026-03-13 21:00:00
4734,기타,,2026-03-13 21:00:00,2026-03-13 23:00:00
4735,공원,,2026-03-13 23:00:00,2026-03-14 00:00:00
4736,운동,,2026-03-13 22:00:00,2026-03-13 23:00:00
4737,실내활동,,2026-03-13 22:00:00,2026-03-13 23:00:00
4738,아침식사,,2026-03-14 08:00:00,2026-03-14 10:00:00
4739,기타,,2026-03-14 10:00:00,2026-03-14 11:00:00
4740,기타,,2026-03-14 11:00:00,2026-03-14 12:00:00
4741,점심식사,,2026-03-14 12:00:00,2026-03-14 14:00:00
4742,기타,,2026-03-14 14:00:00,2026-03-14 16:00:00
4743,운동,,2026-03-14 16:00:00,2026-03-14 17:00:00
4744,운동,,2026-03-14 17:00:00,2026-03-14 18:00:00
4745,저녁식사,,2026-03-14 18:00:00,2026-03-14 20:00:00
4746,기타,,2026-03-14 20:00:00,2026-03-14 21:00:00
4747,운동,,2026-03-14 21:00:00,2026-03-14 22:00:00
4748,스포츠,,2026-03-14 22:00:00,2026-03-14 23:00:00
4749,기타,,2026-03-14 23:00:00,2026-03-15 00:00:00
4750,아침식사,,2026-03-15 08:00:00,2026-03-15 10:00:00
4751,실내활동,,2026-03-15 10:00:00,2026-03-15 12:00:00
4752,점심식사,,2026-03-15 12:00:00,2026-03-15 14:00:00
4753,공부,,2026-03-15 14:00:00,2026-03-15 16:00:00
4754,관람,,2026-03-15 16:00:00,2026-03-15 18:00:00
4755,저녁식사,,2026-03-15 18:00:00,2026-03-15 20:00:00
4756,운동,,2026-03-15 20:00:00,2026-03-15 21:00:00
4757,기타,,2026-03-15 21:00:00,2026-03-15 23:00:00
4758,실내활동,,2026-03-15 23:00:00,2026-03-16 00:00:00
4759,아침식사,,2026-03-16 08:00:00,2026-03-16 10:00:00
4760,공원,,2026-03-16 10:00:00,2026-03-16 12:00:00
4761,점심식사,,2026-03-16 12:00:00,2026-03-16 14:00:00
4762,기타,,2026-03-16 14:00:00,2026-03-16 15:00:00
4763,공원,,2026-03-16 15:00:00,2026-03-16 16:00:00
4764,기타,,2026-03-16 16:00:00,2026-03-16 18:00:00
4765,저녁식사,,2026-03-16 18:00:00,2026-03-16 20:00:00
4766,운동,,2026-03-16 20:00:00,2026-03-16 22:00:00
4767,기타,,2026-03-16 22:00:00,2026-03-16 23:00:00
4768,관람,,2026-03-16 23:00:00,2026-03-17 00:00:00
4769,아침식사,,2026-03-17 08:00:00,2026-03-17 10:00:00
4770,운동,,2026-03-17 10:00:00,2026-03-17 11:00:00
4771,운동,,2026-03-17 11:00:00,2026-03-17 12:00:00
4772,점심식사,,2026-03-17 12:00:00,2026-03-17 14:00:00
4773,운동,,2026-03-17 14:00:00,2026-03-17 15:00:00
4774,공부,,2026-03-17 15:00:00,2026-03-17 16:00:00
4775,운동,,2026-03-17 16:00:00,2026-03-17 17:00:00
4776,운동,,2026-03-17 17:00:00,2026-03-17 18:00:00
4777,저녁식사,,2026-03-17 18:00:00,2026-03-17 20:00:00
4778,공부,,2026-03-17 20:00:00,2026-03-17 21:00:00
4779,운동,,2026-03-17 21:00:00,2026-03-17 22:00:00
4780,공부,,2026-03-17 22:00:00,2026-03-17 23:00:00
4781,공부,,2026-03-17 23:00:00,2026-03-18 00:00:00
4782,기타,,2026-03-17 22:00:00,2026-03-17 23:00:00
4783,아침식사,,2026-03-18 08:00:00,2026-03-18 10:00:00
4784,운동,,2026-03-18 10:00:00,2026-03-18 12:00:00
4785,점심식사,,2026-03-18 12:00:00,2026-03-18 14:00:00
4786,운동,,2026-03-18 14:00:00,2026-03-18 16:00:00
4787,공원,,2026-03-18 16:00:00,2026-03-18 18:00:00
4788,저녁식사,,2026-03-18 18:00:00,2026-03-18 20:00:00
4789,공원,,2026-03-18 20:00:00,2026-03-18 22:00:00
4790,실내활동,,2026-03-18 22:00:00,2026-03-18 23:00:00
4791,공원,,2026-03-18 23:00:00,2026-03-19 00:00:00
4792,공부,,2026-03-18 22:00:00,2026-03-18 23:00:00
4793,기타,,2026-03-18 22:00:00,2026-03-18 23:00:00
4794,아침식사,,2026-03-19 08:00:00,2026-03-19 10:00:00
4795,실내활동,,2026-03-19 10:00:00,2026-03-19 12:00:00
4796,점심식사,,2026-03-19 12:00:00,2026-03-19 14:00:00
4797,운동,,2026-03-19 14:00:00,2026-03-19 15:00:00
4798,실내활동,,2026-03-19 15:00:00,2026-03-19 16:00:00
4799,운동,,2026-03-19 16:00:00,2026-03-19 18:00:00
4800,저녁식사,,2026-03-19 18:00:00,2026-03-19 20:00:00
4801,기타,,2026-03-19 20:00:00,2026-03-19 22:00:00
4802,운동,,2026-03-19 22:00:00,2026-03-19 23:00:00
4803,운동,,2026-03-19 23:00:00,2026-03-20 00:00:00
4804,아침식사,,2026-03-20 08:00:00,2026-03-20 10:00:00
4805,운동,,2026-03-20 10:00:00,2026-03-20 12:00:00
4806,점심식사,,2026-03-20 12:00:00,2026-03-20 14:00:00
4807,운동,,2026-03-20 14:00:00,2026-03-20 16:00:00
4808,공원,,2026-03-20 16:00:00,2026-03-20 18:00:00
4809,저녁식사,,2026-03-20 18:00:00,2026-03-20 20:00:00
4810,관람,,2026-03-20 20:00:00,2026-03-20 21:00:00
4811,관람,,2026-03-20 21:00:00,2026-03-20 23:00:00
4812,실내활동,,2026-03-20 23:00:00,2026-03-21 00:00:00
4813,기타,,2026-03-20 22:00:00,2026-03-20 23:00:00
4814,아침식사,,2026-03-21 08:00:00,2026-03-21 10:00:00
4815,운동,,2026-03-21 10:00:00,2026-03-21 11:00:00
4816,기타,,2026-03-21 11:00:00,2026-03-21 12:00:00
4817,점심식사,,2026-03-21 12:00:00,2026-03-21 14:00:00
4818,기타,,2026-03-21 14:00:00,2026-03-21 16:00:00
4819,기타,,2026-03-21 16:00:00,2026-03-21 17:00:00
4820,기타,,2026-03-21 17:00:00,2026-03-21 19:00:00
4821,운동,,2026-03-21 19:00:00,2026-03-21 20:00:00
4822,스포츠,,2026-03-21 20:00:00,2026-03-21 22:00:00
4823,스포츠,,2026-03-21 22:00:00,2026-03-22 00:00:00
4824,아침식사,,2026-03-22 08:00:00,2026-03-22 10:00:00
4825,기타,,2026-03-22 10:00:00,2026-03-22 12:00:00
4826,점심식사,,2026-03-22 12:00:00,2026-03-22 14:00:00
4827,기타,,2026-03-22 14:00:00,2026-03-22 15:00:00
4828,실내활동,,2026-03-22 15:00:00,2026-03-22 16:00:00
4829,실내활동,,2026-03-22 16:00:00,2026-03-22 17:00:00
4830,운동,,2026-03-22 17:00:00,2026-03-22 18:00:00
4831,저녁식사,,2026-03-22 18:00:00,2026-03-22 20:00:00
4832,기타,,2026-03-22 20:00:00,2026-03-22 21:00:00
4833,운동,,2026-03-22 21:00:00,2026-03-22 23:00:00
4834,운동,,2026-03-22 23:00:00,2026-03-23 00:00:00
4835,공부,,2026-03-22 22:00:00,2026-03-22 23:00:00
4836,관람,,2026-03-22 22:00:00,2026-03-22 23:00:00
4837,아침식사,,2026-03-23 08:00:00,2026-03-23 10:00:00
4838,공원,,2026-03-23 10:00:00,2026-03-23 12:00:00
4839,점심식사,,2026-03-23 12:00:00,2026-03-23 14:00:00
4840,관람,,2026-03-23 14:00:00,2026-03-23 16:00:00
4841,기타,,2026-03-23 16:00:00,2026-03-23 18:00:00
4842,저녁식사,,2026-03-23 18:00:00,2026-03-23 20:00:00
4843,공원,,2026-03-23 20:00:00,2026-03-23 22:00:00
4844,관람,,2026-03-23 22:00:00,2026-03-24 00:00:00
4845,운동,,2026-03-23 22:00:00,2026-03-23 23:00:00
4846,아침식사,,2026-03-24 08:00:00,2026-03-24 10:00:00
4847,기타,,2026-03-24 10:00:00,2026-03-24 12:00:00
4848,점심식사,,2026-03-24 12:00:00,2026-03-24 14:00:00
4849,운동,,2026-03-24 14:00:00,2026-03-24 16:00:00
4850,운동,,2026-03-24 16:00:00,2026-03-24 18:00:00
4851,저녁식사,,2026-03-24 18:00:00,2026-03-24 20:00:00
4852,운동,,2026-03-24 20:00:00,2026-03-24 21:00:00
4853,공부,,2026-03-24 21:00:00,2026-03-24 23:00:00
4854,공부,,2026-03-24 23:00:00,2026-03-25 00:00:00
4855,아침식사,,2026-03-25 08:00:00,2026-03-25 10:00:00
4856,공부,,2026-03-25 10:00:00,2026-03-25 11:00:00
4857,공원,,2026-03-25 11:00:00,2026-03-25 13:00:00
4858,기타,,2026-03-25 13:00:00,2026-03-25 14:00:00
4859,공부,,2026-03-25 14:00:00,2026-03-25 16:00:00
4860,공부,,2026-03-25 16:00:00,2026-03-25 18:00:00
4861,저녁식사,,2026-03-25 18:00:00,2026-03-25 20:00:00
4862,실내활동,,2026-03-25 20:00:00,2026-03-25 21:00:00
4863,실내활동,,2026-03-25 21:00:00,2026-03-25 22:00:00
4864,공부,,2026-03-25 22:00:00,2026-03-26 00:00:00
4865,운동,,2026-03-25 22:00:00,2026-03-25 23:00:00
4866,아침식사,,2026-03-26 08:00:00,2026-03-26 10:00:00
4867,실내활동,,2026-03-26 10:00:00,2026-03-26 12:00:00
4868,점심식사,,2026-03-26 12:00:00,2026-03-26 14:00:00
4869,기타,,2026-03-26 14:00:00,2026-03-26 16:00:00
4870,실내활동,,2026-03-26 16:00:00,2026-03-26 17:00:00
4871,실내활동,,2026-03-26 17:00:00,2026-03-26 19:00:00
4872,실내활동,,2026-03-26 19:00:00,2026-03-26 20:00:00
4873,기타,,2026-03-26 20:00:00,2026-03-26 21:00:00
4874,기타,,2026-03-26 21:00:00,2026-03-26 23:00:00
4875,실내활동,,2026-03-26 23:00:00,2026-03-27 00:00:00
4876,운동,,2026-03-26 22:00:00,2026-03-26 23:00:00
4877,아침식사,,2026-03-27 08:00:00,2026-03-27 10:00:00
4878,운동,,2026-03-27 10:00:00,2026-03-27 12:00:00
4879,점심식사,,2026-03-27 12:00:00,2026-03-27 14:00:00
4880,공원,,2026-03-27 14:00:00,2026-03-27 15:00:00
4881,운동,,2026-03-27 15:00:00,2026-03-27 16:00:00
4882,공원,,2026-03-27 16:00:00,2026-03-27 18:00:00
4883,저녁식사,,2026-03-27 18:00:00,2026-03-27 20:00:00
4884,운동,,2026-03-27 20:00:00,2026-03-27 22:00:00
4885,기타,,2026-03-27 22:00:00,2026-03-28 00:00:00
4886,실내활동,,2026-03-27 22:00:00,2026-03-27 23:00:00
4887,관람,,2026-03-27 22:00:00,2026-03-27 23:00:00
4888,아침식사,,2026-03-28 08:00:00,2026-03-28 10:00:00
4889,기타,,2026-03-28 10:00:00,2026-03-28 12:00:00
4890,점심식사,,2026-03-28 12:00:00,2026-03-28 14:00:00
4891,기타,,2026-03-28 14:00:00,2026-03-28 16:00:00
4892,기타,,2026-03-28 16:00:00,2026-03-28 17:00:00
4893,기타,,2026-03-28 17:00:00,2026-03-28 18:00:00
4894,저녁식사,,2026-03-28 18:00:00,2026-03-28 20:00:00
4895,운동,,2026-03-28 20:00:00,2026-03-28 21:00:00
4896,스포츠,,2026-03-28 21:00:00,2026-03-28 22:00:00
4897,기타,,2026-03-28 22:00:00,2026-03-29 00:00:00
4898,아침식사,,2026-03-29 08:00:00,2026-03-29 10:00:00
4899,기타,,2026-03-29 10:00:00,2026-03-29 11:00:00
4900,기타,,2026-03-29 11:00:00,2026-03-29 13:00:00
4901,공부,,2026-03-29 13:00:00,2026-03-29 14:00:00
4902,기타,,2026-03-29 14:00:00,2026-03-29 15:00:00
4903,실내활동,,2026-03-29 15:00:00,2026-03-29 17:00:00
4904,운동,,2026-03-29 17:00:00,2026-03-29 18:00:00
4905,저녁식사,,2026-03-29 18:00:00,2026-03-29 20:00:00
4906,운동,,2026-03-29 20:00:00,2026-03-29 21:00:00
4907,관람,,2026-03-29 21:00:00,2026-03-29 22:00:00
4908,운동,,2026-03-29 22:00:00,2026-03-29 23:00:00
4909,관람,,2026-03-29 23:00:00,2026-03-30 00:00:00
4910,아침식사,,2026-03-30 08:00:00,2026-03-30 10:00:00
4911,운동,,2026-03-30 10:00:00,2026-03-30 11:00:00
4912,관람,,2026-03-30 11:00:00,2026-03-30 13:00:00
4913,관람,,2026-03-30 13:00:00,2026-03-30 14:00:00
4914,기타,,2026-03-30 14:00:00,2026-03-30 16:00:00
4915,운동,,2026-03-30 16:00:00,2026-03-30 17:00:00
4916,운동,,2026-03-30 17:00:00,2026-03-30 18:00:00
4917,저녁식사,,2026-03-30 18:00:00,2026-03-30 20:00:00
4918,공원,,2026-03-30 20:00:00,2026-03-30 22:00:00
4919,기타,,2026-03-30 22:00:00,2026-03-31 00:00:00
4920,아침식사,,2026-03-31 08:00:00,2026-03-31 10:00:00
4921,기타,,2026-03-31 10:00:00,2026-03-31 11:00:00
4922,공부,,2026-03-31 11:00:00,2026-03-31 12:00:00
4923,점심식사,,2026-03-31 12:00:00,2026-03-31 14:00:00
4924,기타,,2026-03-31 14:00:00,2026-03-31 15:00:00
4925,기타,,2026-03-31 15:00:00,2026-03-31 17:00:00
4926,기타,,2026-03-31 17:00:00,2026-03-31 18:00:00
4927,저녁식사,,2026-03-31 18:00:00,2026-03-31 20:00:00
4928,기타,,2026-03-31 20:00:00,2026-03-31 22:00:00
4929,기타,,2026-03-31 22:00:00,2026-03-31 23:00:00
4930,공부,,2026-03-31 23:00:00,2026-04-01 00:00:00
4931,운동,,2026-03-31 22:00:00,2026-03-31 23:00:00
4932,아침식사,,2026-04-01 08:00:00,2026-04-01 10:00:00
4933,공부,,2026-04-01 10:00:00,2026-04-01 11:00:00
4934,공원,,2026-04-01 11:00:00,2026-04-01 12:00:00
4935,점심식사,,2026-04-01 12:00:00,2026-04-01 14:00:00
4936,공원,,2026-04-01 14:00:00,2026-04-01 15:00:00
4937,공부,,2026-04-01 15:00:00,2026-04-01 16:00:00
4938,실내활동,,2026-04-01 16:00:00,2026-04-01 18:00:00
4939,저녁식사,,2026-04-01 18:00:00,2026-04-01 20:00:00
4940,공원,,2026-04-01 20:00:00,2026-04-01 21:00:00
4941,실내활동,,2026-04-01 21:00:00,2026-04-01 23:00:00
4942,실내활동,,2026-04-01 23:00:00,2026-04-02 00:00:00
4943,운동,,2026-04-01 22:00:00,2026-04-01 23:00:00
4944,기타,,2026-04-01 22:00:00,2026-04-01 23:00:00
4945,아침식사,,2026-04-02 08:00:00,2026-04-02 10:00:00
4946,기타,,2026-04-02 10:00:00,2026-04-02 11:00:00
4947,운동,,2026-04-02 11:00:00,2026-04-02 13:00:00
4948,실내활동,,2026-04-02 13:00:00,2026-04-02 15:00:00
4949,기타,,2026-04-02 15:00:00,2026-04-02 17:00:00
4950,운동,,2026-04-02 17:00:00,2026-04-02 19:00:00
4951,운동,,2026-04-02 19:00:00,2026-04-02 21:00:00
4952,기타,,2026-04-02 21:00:00,2026-04-02 22:00:00
4953,기타,,2026-04-02 22:00:00,2026-04-03 00:00:00
4954,아침식사,,2026-04-03 08:00:00,2026-04-03 10:00:00
4955,공원,,2026-04-03 10:00:00,2026-04-03 11:00:00
4956,실내활동,,2026-04-03 11:00:00,2026-04-03 13:00:00
4957,실내활동,,2026-04-03 13:00:00,2026-04-03 14:00:00
4958,운동,,2026-04-03 14:00:00,2026-04-03 15:00:00
4959,기타,,2026-04-03 15:00:00,2026-04-03 16:00:00
4960,운동,,2026-04-03 16:00:00,2026-04-03 18:00:00
4961,저녁식사,,2026-04-03 18:00:00,2026-04-03 20:00:00
4962,관람,,2026-04-03 20:00:00,2026-04-03 21:00:00
4963,관람,,2026-04-03 21:00:00,2026-04-03 23:00:00
4964,기타,,2026-04-03 23:00:00,2026-04-04 00:00:00
4965,아침식사,,2026-04-04 08:00:00,2026-04-04 10:00:00
4966,운동,,2026-04-04 10:00:00,2026-04-04 12:00:00
4967,점심식사,,2026-04-04 12:00:00,2026-04-04 14:00:00
4968,기타,,2026-04-04 14:00:00,2026-04-04 16:00:00
4969,기타,,2026-04-04 16:00:00,2026-04-04 17:00:00
4970,운동,,2026-04-04 17:00:00,2026-04-04 18:00:00
4971,저녁식사,,2026-04-04 18:00:00,2026-04-04 20:00:00
4972,운동,,2026-04-04 20:00:00,2026-04-04 22:00:00
4973,기타,,2026-04-04 22:00:00,2026-04-04 23:00:00
4974,스포츠,,2026-04-04 23:00:00,2026-04-05 00:00:00
4975,아침식사,,2026-04-05 08:00:00,2026-04-05 10:00:00
4976,실내활동,,2026-04-05 10:00:00,2026-04-05 11:00:00
4977,운동,,2026-04-05 11:00:00,2026-04-05 12:00:00
4978,점심식사,,2026-04-05 12:00:00,2026-04-05 14:00:00
4979,실내활동,,2026-04-05 14:00:00,2026-04-05 15:00:00
4980,공부,,2026-04-05 15:00:00,2026-04-05 16:00:00
4981,공부,,2026-04-05 16:00:00,2026-04-05 18:00:00
4982,저녁식사,,2026-04-05 18:00:00,2026-04-05 20:00:00
4983,기타,,2026-04-05 20:00:00,2026-04-05 22:00:00
4984,실내활동,,2026-04-05 22:00:00,2026-04-06 00:00:00
4985,관람,,2026-04-05 22:00:00,2026-04-05 23:00:00
4986,아침식사,,2026-04-06 08:00:00,2026-04-06 10:00:00
4987,공원,,2026-04-06 10:00:00,2026-04-06 12:00:00
4988,점심식사,,2026-04-06 12:00:00,2026-04-06 14:00:00
4989,관람,,2026-04-06 14:00:00,2026-04-06 16:00:00
4990,관람,,2026-04-06 16:00:00,2026-04-06 17:00:00
4991,관람,,2026-04-06 17:00:00,2026-04-06 19:00:00
4992,공원,,2026-04-06 19:00:00,2026-04-06 21:00:00
4993,기타,,2026-04-06 21:00:00,2026-04-06 23:00:00
4994,공원,,2026-04-06 23:00:00,2026-04-07 00:00:00
4995,운동,,2026-04-06 22:00:00,2026-04-06 23:00:00
4996,아침식사,,2026-04-07 08:00:00,2026-04-07 10:00:00
4997,운동,,2026-04-07 10:00:00,2026-04-07 12:00:00
4998,점심식사,,2026-04-07 12:00:00,2026-04-07 14:00:00
4999,기타,,2026-04-07 14:00:00,2026-04-07 16:00:00
5000,공부,,2026-04-07 16:00:00,2026-04-07 18:00:00
5001,저녁식사,,2026-04-07 18:00:00,2026-04-07 20:00:00
5002,기타,,2026-04-07 20:00:00,2026-04-07 22:00:00
5003,기타,,2026-04-07 22:00:00,2026-04-07 23:00:00
5004,운동,,2026-04-07 23:00:00,2026-04-08 00:00:00
5005,아침식사,,2026-04-08 08:00:00,2026-04-08 10:00:00
5006,실내활동,,2026-04-08 10:00:00,2026-04-08 12:00:00
5007,점심식사,,2026-04-08 12:00:00,2026-04-08 14:00:00
5008,공부,,2026-04-08 14:00:00,2026-04-08 16:00:00
5009,공부,,2026-04-08 16:00:00,2026-04-08 17:00:00
5010,공원,,2026-04-08 17:00:00,2026-04-08 19:00:00
5011,공원,,2026-04-08 19:00:00,2026-04-08 20:00:00
5012,공부,,2026-04-08 20:00:00,2026-04-08 21:00:00
5013,실내활동,,2026-04-08 21:00:00,2026-04-08 23:00:00
5014,공부,,2026-04-08 23:00:00,2026-04-09 00:00:00
5015,운동,,2026-04-08 22:00:00,2026-04-08 23:00:00
5016,기타,,2026-04-08 22:00:00,2026-04-08 23:00:00
5017,아침식사,,2026-04-09 08:00:00,2026-04-09 10:00:00
5018,기타,,2026-04-09 10:00:00,2026-04-09 11:00:00
5019,실내활동,,2026-04-09 11:00:00,2026-04-09 13:00:00
5020,운동,,2026-04-09 13:00:00,2026-04-09 14:00:00
5021,운동,,2026-04-09 14:00:00,2026-04-09 15:00:00
5022,운동,,2026-04-09 15:00:00,2026-04-09 17:00:00
5023,운동,,2026-04-09 17:00:00,2026-04-09 18:00:00
5024,저녁식사,,2026-04-09 18:00:00,2026-04-09 20:00:00
5025,기타,,2026-04-09 20:00:00,2026-04-09 21:00:00
5026,운동,,2026-04-09 21:00:00,2026-04-09 23:00:00
5027,운동,,2026-04-09 23:00:00,2026-04-10 00:00:00
5028,아침식사,,2026-04-10 08:00:00,2026-04-10 10:00:00
5029,운동,,2026-04-10 10:00:00,2026-04-10 12:00:00
5030,점심식사,,2026-04-10 12:00:00,2026-04-10 14:00:00
5031,관람,,2026-04-10 14:00:00,2026-04-10 16:00:00
5032,실내활동,,2026-04-10 16:00:00,2026-04-10 17:00:00
5033,공원,,2026-04-10 17:00:00,2026-04-10 18:00:00
5034,저녁식사,,2026-04-10 18:00:00,2026-04-10 20:00:00
5035,실내활동,,2026-04-10 20:00:00,2026-04-10 21:00:00
5036,기타,,2026-04-10 21:00:00,2026-04-10 22:00:00
5037,공원,,2026-04-10 22:00:00,2026-04-11 00:00:00
5038,아침식사,,2026-04-11 08:00:00,2026-04-11 10:00:00
5039,기타,,2026-04-11 10:00:00,2026-04-11 11:00:00
5040,스포츠,,2026-04-11 11:00:00,2026-04-11 13:00:00
5041,기타,,2026-04-11 13:00:00,2026-04-11 14:00:00
5042,운동,,2026-04-11 14:00:00,2026-04-11 16:00:00
5043,운동,,2026-04-11 16:00:00,2026-04-11 18:00:00
5044,저녁식사,,2026-04-11 18:00:00,2026-04-11 20:00:00
5045,운동,,2026-04-11 20:00:00,2026-04-11 21:00:00
5046,기타,,2026-04-11 21:00:00,2026-04-11 23:00:00
5047,스포츠,,2026-04-11 23:00:00,2026-04-12 00:00:00
5048,아침식사,,2026-04-12 08:00:00,2026-04-12 10:00:00
5049,관람,,2026-04-12 10:00:00,2026-04-12 12:00:00
5050,점심식사,,2026-04-12 12:00:00,2026-04-12 14:00:00
5051,실내활동,,2026-04-12 14:00:00,2026-04-12 15:00:00
5052,기타,,2026-04-12 15:00:00,2026-04-12 17:00:00
5053,기타,,2026-04-12 17:00:00,2026-04-12 19:00:00
5054,공부,,2026-04-12 19:00:00,2026-04-12 21:00:00
5055,공부,,2026-04-12 21:00:00,2026-04-12 22:00:00
5056,실내활동,,2026-04-12 22:00:00,2026-04-13 00:00:00
5057,운동,,2026-04-12 22:00:00,2026-04-12 23:00:00
5058,아침식사,,2026-04-13 08:00:00,2026-04-13 10:00:00
5059,관람,,2026-04-13 10:00:00,2026-04-13 11:00:00
5060,기타,,2026-04-13 11:00:00,2026-04-13 12:00:00
5061,점심식사,,2026-04-13 12:00:00,2026-04-13 14:00:00
5062,기타,,2026-04-13 14:00:00,2026-04-13 16:00:00
5063,기타,,2026-04-13 16:00:00,2026-04-13 17:00:00
5064,기타,,2026-04-13 17:00:00,2026-04-13 19:00:00
5065,기타,,2026-04-13 19:00:00,2026-04-13 20:00:00
5066,관람,,2026-04-13 20:00:00,2026-04-13 22:00:00
5067,기타,,2026-04-13 22:00:00,2026-04-14 00:00:00
5068,운동,,2026-04-13 22:00:00,2026-04-13 23:00:00
5069,공원,,2026-04-13 22:00:00,2026-04-13 23:00:00
5070,아침식사,,2026-04-14 08:00:00,2026-04-14 10:00:00
5071,기타,,2026-04-14 10:00:00,2026-04-14 11:00:00
5072,운동,,2026-04-14 11:00:00,2026-04-14 12:00:00
5073,점심식사,,2026-04-14 12:00:00,2026-04-14 14:00:00
5074,공부,,2026-04-14 14:00:00,2026-04-14 15:00:00
5075,운동,,2026-04-14 15:00:00,2026-04-14 17:00:00
5076,기타,,2026-04-14 17:00:00,2026-04-14 19:00:00
5077,기타,,2026-04-14 19:00:00,2026-04-14 21:00:00
5078,공부,,2026-04-14 21:00:00,2026-04-14 23:00:00
5079,공부,,2026-04-14 23:00:00,2026-04-15 00:00:00
5080,아침식사,,2026-04-15 08:00:00,2026-04-15 10:00:00
5081,기타,,2026-04-15 10:00:00,2026-04-15 11:00:00
5082,공부,,2026-04-15 11:00:00,2026-04-15 12:00:00
5083,점심식사,,2026-04-15 12:00:00,2026-04-15 14:00:00
5084,실내활동,,2026-04-15 14:00:00,2026-04-15 16:00:00
5085,공원,,2026-04-15 16:00:00,2026-04-15 18:00:00
5086,저녁식사,,2026-04-15 18:00:00,2026-04-15 20:00:00
5087,공원,,2026-04-15 20:00:00,2026-04-15 21:00:00
5088,실내활동,,2026-04-15 21:00:00,2026-04-15 22:00:00
5089,실내활동,,2026-04-15 22:00:00,2026-04-16 00:00:00
5090,운동,,2026-04-15 22:00:00,2026-04-15 23:00:00
5091,아침식사,,2026-04-16 08:00:00,2026-04-16 10:00:00
5092,기타,,2026-04-16 10:00:00,2026-04-16 12:00:00
5093,점심식사,,2026-04-16 12:00:00,2026-04-16 14:00:00
5094,기타,,2026-04-16 14:00:00,2026-04-16 16:00:00
5095,실내활동,,2026-04-16 16:00:00,2026-04-16 17:00:00
5096,운동,,2026-04-16 17:00:00,2026-04-16 18:00:00
5097,저녁식사,,2026-04-16 18:00:00,2026-04-16 20:00:00
5098,실내활동,,2026-04-16 20:00:00,2026-04-16 21:00:00
5099,기타,,2026-04-16 21:00:00,2026-04-16 23:00:00
5100,운동,,2026-04-16 23:00:00,2026-04-17 00:00:00
5101,아침식사,,2026-04-17 08:00:00,2026-04-17 10:00:00
5102,실내활동,,2026-04-17 10:00:00,2026-04-17 11:00:00
5103,운동,,2026-04-17 11:00:00,2026-04-17 13:00:00
5104,관람,,2026-04-17 13:00:00,2026-04-17 14:00:00
5105,공원,,2026-04-17 14:00:00,2026-04-17 15:00:00
5106,운동,,2026-04-17 15:00:00,2026-04-17 16:00:00
5107,실내활동,,2026-04-17 16:00:00,2026-04-17 18:00:00
5108,저녁식사,,2026-04-17 18:00:00,2026-04-17 20:00:00
5109,관람,,2026-04-17 20:00:00,2026-04-17 21:00:00
5110,실내활동,,2026-04-17 21:00:00,2026-04-17 23:00:00
5111,공원,,2026-04-17 23:00:00,2026-04-18 00:00:00
5112,기타,,2026-04-17 22:00:00,2026-04-17 23:00:00
5113,아침식사,,2026-04-18 08:00:00,2026-04-18 10:00:00
5114,스포츠,,2026-04-18 10:00:00,2026-04-18 12:00:00
5115,점심식사,,2026-04-18 12:00:00,2026-04-18 14:00:00
5116,기타,,2026-04-18 14:00:00,2026-04-18 15:00:00
5117,기타,,2026-04-18 15:00:00,2026-04-18 17:00:00
5118,스포츠,,2026-04-18 17:00:00,2026-04-18 19:00:00
5119,운동,,2026-04-18 19:00:00,2026-04-18 20:00:00
5120,기타,,2026-04-18 20:00:00,2026-04-18 22:00:00
5121,기타,,2026-04-18 22:00:00,2026-04-19 00:00:00
5122,아침식사,,2026-04-19 08:00:00,2026-04-19 10:00:00
5123,공부,,2026-04-19 10:00:00,2026-04-19 12:00:00
5124,점심식사,,2026-04-19 12:00:00,2026-04-19 14:00:00
5125,운동,,2026-04-19 14:00:00,2026-04-19 15:00:00
5126,운동,,2026-04-19 15:00:00,2026-04-19 16:00:00
5127,관람,,2026-04-19 16:00:00,2026-04-19 18:00:00
5128,저녁식사,,2026-04-19 18:00:00,2026-04-19 20:00:00
5129,실내활동,,2026-04-19 20:00:00,2026-04-19 21:00:00
5130,실내활동,,2026-04-19 21:00:00,2026-04-19 23:00:00
5131,실내활동,,2026-04-19 23:00:00,2026-04-20 00:00:00
5132,기타,,2026-04-19 22:00:00,2026-04-19 23:00:00
5133,아침식사,,2026-04-20 08:00:00,2026-04-20 10:00:00
5134,공원,,2026-04-20 10:00:00,2026-04-20 11:00:00
5135,관람,,2026-04-20 11:00:00,2026-04-20 12:00:00
5136,점심식사,,2026-04-20 12:00:00,2026-04-20 14:00:00
5137,공원,,2026-04-20 14:00:00,2026-04-20 15:00:00
5138,관람,,2026-04-20 15:00:00,2026-04-20 16:00:00
5139,공원,,2026-04-20 16:00:00,2026-04-20 18:00:00
5140,저녁식사,,2026-04-20 18:00:00,2026-04-20 20:00:00
5141,운동,,2026-04-20 20:00:00,2026-04-20 22:00:00
5142,공원,,2026-04-20 22:00:00,2026-04-20 23:00:00
5143,기타,,2026-04-20 23:00:00,2026-04-21 00:00:00
5144,아침식사,,2026-04-21 08:00:00,2026-04-21 10:00:00
5145,공부,,2026-04-21 10:00:00,2026-04-21 12:00:00
5146,점심식사,,2026-04-21 12:00:00,2026-04-21 14:00:00
5147,공부,,2026-04-21 14:00:00,2026-04-21 16:00:00
5148,기타,,2026-04-21 16:00:00,2026-04-21 17:00:00
5149,공부,,2026-04-21 17:00:00,2026-04-21 19:00:00
5150,운동,,2026-04-21 19:00:00,2026-04-21 21:00:00
5151,운동,,2026-04-21 21:00:00,2026-04-21 23:00:00
5152,운동,,2026-04-21 23:00:00,2026-04-22 00:00:00
5153,아침식사,,2026-04-22 08:00:00,2026-04-22 10:00:00
5154,공부,,2026-04-22 10:00:00,2026-04-22 11:00:00
5155,운동,,2026-04-22 11:00:00,2026-04-22 12:00:00
5156,점심식사,,2026-04-22 12:00:00,2026-04-22 14:00:00
5157,공원,,2026-04-22 14:00:00,2026-04-22 15:00:00
5158,공부,,2026-04-22 15:00:00,2026-04-22 16:00:00
5159,기타,,2026-04-22 16:00:00,2026-04-22 17:00:00
5160,공원,,2026-04-22 17:00:00,2026-04-22 18:00:00
5161,저녁식사,,2026-04-22 18:00:00,2026-04-22 20:00:00
5162,공원,,2026-04-22 20:00:00,2026-04-22 22:00:00
5163,공부,,2026-04-22 22:00:00,2026-04-23 00:00:00
5164,실내활동,,2026-04-22 22:00:00,2026-04-22 23:00:00
5165,아침식사,,2026-04-23 08:00:00,2026-04-23 10:00:00
5166,기타,,2026-04-23 10:00:00,2026-04-23 11:00:00
5167,운동,,2026-04-23 11:00:00,2026-04-23 13:00:00
5168,운동,,2026-04-23 13:00:00,2026-04-23 15:00:00
5169,기타,,2026-04-23 15:00:00,2026-04-23 16:00:00
5170,운동,,2026-04-23 16:00:00,2026-04-23 17:00:00
5171,운동,,2026-04-23 17:00:00,2026-04-23 19:00:00
5172,실내활동,,2026-04-23 19:00:00,2026-04-23 21:00:00
5173,운동,,2026-04-23 21:00:00,2026-04-23 23:00:00
5174,기타,,2026-04-23 23:00:00,2026-04-24 00:00:00
5175,아침식사,,2026-04-24 08:00:00,2026-04-24 10:00:00
5176,공원,,2026-04-24 10:00:00,2026-04-24 11:00:00
5177,공원,,2026-04-24 11:00:00,2026-04-24 12:00:00
5178,점심식사,,2026-04-24 12:00:00,2026-04-24 14:00:00
5179,실내활동,,2026-04-24 14:00:00,2026-04-24 15:00:00
5180,공원,,2026-04-24 15:00:00,2026-04-24 16:00:00
5181,실내활동,,2026-04-24 16:00:00,2026-04-24 17:00:00
5182,운동,,2026-04-24 17:00:00,2026-04-24 19:00:00
5183,운동,,2026-04-24 19:00:00,2026-04-24 21:00:00
5184,실내활동,,2026-04-24 21:00:00,2026-04-24 22:00:00
5185,실내활동,,2026-04-24 22:00:00,2026-04-24 23:00:00
5186,공원,,2026-04-24 23:00:00,2026-04-25 00:00:00
5187,관람,,2026-04-24 22:00:00,2026-04-24 23:00:00
5188,기타,,2026-04-24 22:00:00,2026-04-24 23:00:00
5189,아침식사,,2026-04-25 08:00:00,2026-04-25 10:00:00
5190,기타,,2026-04-25 10:00:00,2026-04-25 11:00:00
5191,기타,,2026-04-25 11:00:00,2026-04-25 12:00:00
5192,점심식사,,2026-04-25 12:00:00,2026-04-25 14:00:00
5193,운동,,2026-04-25 14:00:00,2026-04-25 15:00:00
5194,스포츠,,2026-04-25 15:00:00,2026-04-25 17:00:00
5195,기타,,2026-04-25 17:00:00,2026-04-25 18:00:00
5196,저녁식사,,2026-04-25 18:00:00,2026-04-25 20:00:00
5197,기타,,2026-04-25 20:00:00,2026-04-25 21:00:00
5198,기타,,2026-04-25 21:00:00,2026-04-25 22:00:00
5199,스포츠,,2026-04-25 22:00:00,2026-04-26 00:00:00
5200,아침식사,,2026-04-26 08:00:00,2026-04-26 10:00:00
5201,공부,,2026-04-26 10:00:00,2026-04-26 11:00:00
5202,실내활동,,2026-04-26 11:00:00,2026-04-26 13:00:00
5203,관람,,2026-04-26 13:00:00,2026-04-26 15:00:00
5204,관람,,2026-04-26 15:00:00,2026-04-26 16:00:00
5205,공부,,2026-04-26 16:00:00,2026-04-26 17:00:00
5206,공부,,2026-04-26 17:00:00,2026-04-26 19:00:00
5207,기타,,2026-04-26 19:00:00,2026-04-26 21:00:00
5208,실내활동,,2026-04-26 21:00:00,2026-04-26 23:00:00
5209,기타,,2026-04-26 23:00:00,2026-04-27 00:00:00
5210,운동,,2026-04-26 22:00:00,2026-04-26 23:00:00
5211,아침식사,,2026-04-27 08:00:00,2026-04-27 10:00:00
5212,공원,,2026-04-27 10:00:00,2026-04-27 11:00:00
5213,기타,,2026-04-27 11:00:00,2026-04-27 12:00:00
5214,점심식사,,2026-04-27 12:00:00,2026-04-27 14:00:00
5215,기타,,2026-04-27 14:00:00,2026-04-27 15:00:00
5216,운동,,2026-04-27 15:00:00,2026-04-27 17:00:00
5217,공원,,2026-04-27 17:00:00,2026-04-27 18:00:00
5218,저녁식사,,2026-04-27 18:00:00,2026-04-27 20:00:00
5219,관람,,2026-04-27 20:00:00,2026-04-27 22:00:00
5220,공원,,2026-04-27 22:00:00,2026-04-27 23:00:00
5221,기타,,2026-04-27 23:00:00,2026-04-28 00:00:00
5222,아침식사,,2026-04-28 08:00:00,2026-04-28 10:00:00
5223,기타,,2026-04-28 10:00:00,2026-04-28 11:00:00
5224,운동,,2026-04-28 11:00:00,2026-04-28 12:00:00
5225,점심식사,,2026-04-28 12:00:00,2026-04-28 14:00:00
5226,기타,,2026-04-28 14:00:00,2026-04-28 16:00:00
5227,운동,,2026-04-28 16:00:00,2026-04-28 17:00:00
5228,공부,,2026-04-28 17:00:00,2026-04-28 18:00:00
5229,저녁식사,,2026-04-28 18:00:00,2026-04-28 20:00:00
5230,기타,,2026-04-28 20:00:00,2026-04-28 21:00:00
5231,기타,,2026-04-28 21:00:00,2026-04-28 23:00:00
5232,공부,,2026-04-28 23:00:00,2026-04-29 00:00:00
5233,아침식사,,2026-04-29 08:00:00,2026-04-29 10:00:00
5234,공원,,2026-04-29 10:00:00,2026-04-29 11:00:00
5235,공부,,2026-04-29 11:00:00,2026-04-29 12:00:00
5236,점심식사,,2026-04-29 12:00:00,2026-04-29 14:00:00
5237,기타,,2026-04-29 14:00:00,2026-04-29 16:00:00
5238,실내활동,,2026-04-29 16:00:00,2026-04-29 18:00:00
5239,저녁식사,,2026-04-29 18:00:00,2026-04-29 20:00:00
5240,공원,,2026-04-29 20:00:00,2026-04-29 22:00:00
5241,공부,,2026-04-29 22:00:00,2026-04-29 23:00:00
5242,운동,,2026-04-29 23:00:00,2026-04-30 00:00:00
5243,아침식사,,2026-04-30 08:00:00,2026-04-30 10:00:00
5244,운동,,2026-04-30 10:00:00,2026-04-30 11:00:00
5245,기타,,2026-04-30 11:00:00,2026-04-30 12:00:00
5246,점심식사,,2026-04-30 12:00:00,2026-04-30 14:00:00
5247,실내활동,,2026-04-30 14:00:00,2026-04-30 16:00:00
5248,기타,,2026-04-30 16:00:00,2026-04-30 18:00:00
5249,저녁식사,,2026-04-30 18:00:00,2026-04-30 20:00:00
5250,기타,,2026-04-30 20:00:00,2026-04-30 22:00:00
5251,실내활동,,2026-04-30 22:00:00,2026-04-30 23:00:00
5252,기타,,2026-04-30 23:00:00,2026-05-01 00:00:00
5253,아침식사,,2026-05-01 08:00:00,2026-05-01 10:00:00
5254,기타,,2026-05-01 10:00:00,2026-05-01 11:00:00
5255,관람,,2026-05-01 11:00:00,2026-05-01 13:00:00
5256,실내활동,,2026-05-01 13:00:00,2026-05-01 14:00:00
5257,기타,,2026-05-01 14:00:00,2026-05-01 15:00:00
5258,기타,,2026-05-01 15:00:00,2026-05-01 17:00:00
5259,실내활동,,2026-05-01 17:00:00,2026-05-01 18:00:00
5260,저녁식사,,2026-05-01 18:00:00,2026-05-01 20:00:00
5261,기타,,2026-05-01 20:00:00,2026-05-01 21:00:00
5262,실내활동,,2026-05-01 21:00:00,2026-05-01 22:00:00
5263,기타,,2026-05-01 22:00:00,2026-05-02 00:00:00
5264,운동,,2026-05-01 22:00:00,2026-05-01 23:00:00
5265,공원,,2026-05-01 22:00:00,2026-05-01 23:00:00
5266,아침식사,,2026-05-02 08:00:00,2026-05-02 10:00:00
5267,기타,,2026-05-02 10:00:00,2026-05-02 12:00:00
5268,점심식사,,2026-05-02 12:00:00,2026-05-02 14:00:00
5269,기타,,2026-05-02 14:00:00,2026-05-02 15:00:00
5270,기타,,2026-05-02 15:00:00,2026-05-02 16:00:00
5271,기타,,2026-05-02 16:00:00,2026-05-02 18:00:00
5272,저녁식사,,2026-05-02 18:00:00,2026-05-02 20:00:00
5273,운동,,2026-05-02 20:00:00,2026-05-02 21:00:00
5274,운동,,2026-05-02 21:00:00,2026-05-02 23:00:00
5275,운동,,2026-05-02 23:00:00,2026-05-03 00:00:00
5276,스포츠,,2026-05-02 22:00:00,2026-05-02 23:00:00
5277,아침식사,,2026-05-03 08:00:00,2026-05-03 10:00:00
5278,운동,,2026-05-03 10:00:00,2026-05-03 11:00:00
5279,실내활동,,2026-05-03 11:00:00,2026-05-03 13:00:00
5280,실내활동,,2026-05-03 13:00:00,2026-05-03 15:00:00
5281,공부,,2026-05-03 15:00:00,2026-05-03 17:00:00
5282,관람,,2026-05-03 17:00:00,2026-05-03 19:00:00
5283,공부,,2026-05-03 19:00:00,2026-05-03 20:00:00
5284,기타,,2026-05-03 20:00:00,2026-05-03 21:00:00
5285,기타,,2026-05-03 21:00:00,2026-05-03 23:00:00
5286,공부,,2026-05-03 23:00:00,2026-05-04 00:00:00
5287,아침식사,,2026-05-04 08:00:00,2026-05-04 10:00:00
5288,운동,,2026-05-04 10:00:00,2026-05-04 11:00:00
5289,기타,,2026-05-04 11:00:00,2026-05-04 13:00:00
5290,기타,,2026-05-04 13:00:00,2026-05-04 15:00:00
5291,공원,,2026-05-04 15:00:00,2026-05-04 17:00:00
5292,관람,,2026-05-04 17:00:00,2026-05-04 19:00:00
5293,관람,,2026-05-04 19:00:00,2026-05-04 20:00:00
5294,공원,,2026-05-04 20:00:00,2026-05-04 21:00:00
5295,운동,,2026-05-04 21:00:00,2026-05-04 23:00:00
5296,기타,,2026-05-04 23:00:00,2026-05-05 00:00:00
5297,아침식사,,2026-05-05 08:00:00,2026-05-05 10:00:00
5298,공부,,2026-05-05 10:00:00,2026-05-05 11:00:00
5299,기타,,2026-05-05 11:00:00,2026-05-05 12:00:00
5300,점심식사,,2026-05-05 12:00:00,2026-05-05 14:00:00
5301,공부,,2026-05-05 14:00:00,2026-05-05 15:00:00
5302,운동,,2026-05-05 15:00:00,2026-05-05 17:00:00
5303,기타,,2026-05-05 17:00:00,2026-05-05 19:00:00
5304,운동,,2026-05-05 19:00:00,2026-05-05 21:00:00
5305,운동,,2026-05-05 21:00:00,2026-05-05 22:00:00
5306,운동,,2026-05-05 22:00:00,2026-05-06 00:00:00
5307,아침식사,,2026-05-06 08:00:00,2026-05-06 10:00:00
5308,운동,,2026-05-06 10:00:00,2026-05-06 12:00:00
5309,점심식사,,2026-05-06 12:00:00,2026-05-06 14:00:00
5310,공부,,2026-05-06 14:00:00,2026-05-06 15:00:00
5311,기타,,2026-05-06 15:00:00,2026-05-06 17:00:00
5312,운동,,2026-05-06 17:00:00,2026-05-06 18:00:00
5313,저녁식사,,2026-05-06 18:00:00,2026-05-06 20:00:00
5314,실내활동,,2026-05-06 20:00:00,2026-05-06 22:00:00
5315,실내활동,,2026-05-06 22:00:00,2026-05-06 23:00:00
5316,기타,,2026-05-06 23:00:00,2026-05-07 00:00:00
5317,공원,,2026-05-06 22:00:00,2026-05-06 23:00:00
5318,아침식사,,2026-05-07 08:00:00,2026-05-07 10:00:00
5319,운동,,2026-05-07 10:00:00,2026-05-07 11:00:00
5320,실내활동,,2026-05-07 11:00:00,2026-05-07 13:00:00
5321,실내활동,,2026-05-07 13:00:00,2026-05-07 15:00:00
5322,기타,,2026-05-07 15:00:00,2026-05-07 16:00:00
5323,기타,,2026-05-07 16:00:00,2026-05-07 18:00:00
5324,저녁식사,,2026-05-07 18:00:00,2026-05-07 20:00:00
5325,실내활동,,2026-05-07 20:00:00,2026-05-07 21:00:00
5326,기타,,2026-05-07 21:00:00,2026-05-07 22:00:00
5327,실내활동,,2026-05-07 22:00:00,2026-05-07 23:00:00
5328,운동,,2026-05-07 23:00:00,2026-05-08 00:00:00
5329,아침식사,,2026-05-08 08:00:00,2026-05-08 10:00:00
5330,공원,,2026-05-08 10:00:00,2026-05-08 12:00:00
5331,점심식사,,2026-05-08 12:00:00,2026-05-08 14:00:00
5332,공원,,2026-05-08 14:00:00,2026-05-08 15:00:00
5333,기타,,2026-05-08 15:00:00,2026-05-08 16:00:00
5334,실내활동,,2026-05-08 16:00:00,2026-05-08 17:00:00
5335,기타,,2026-05-08 17:00:00,2026-05-08 18:00:00
5336,저녁식사,,2026-05-08 18:00:00,2026-05-08 20:00:00
5337,공원,,2026-05-08 20:00:00,2026-05-08 21:00:00
5338,운동,,2026-05-08 21:00:00,2026-05-08 22:00:00
5339,관람,,2026-05-08 22:00:00,2026-05-08 23:00:00
5340,공원,,2026-05-08 23:00:00,2026-05-09 00:00:00
5341,아침식사,,2026-05-09 08:00:00,2026-05-09 10:00:00
5342,운동,,2026-05-09 10:00:00,2026-05-09 11:00:00
5343,스포츠,,2026-05-09 11:00:00,2026-05-09 13:00:00
5344,기타,,2026-05-09 13:00:00,2026-05-09 15:00:00
5345,스포츠,,2026-05-09 15:00:00,2026-05-09 17:00:00
5346,운동,,2026-05-09 17:00:00,2026-05-09 18:00:00
5347,저녁식사,,2026-05-09 18:00:00,2026-05-09 20:00:00
5348,운동,,2026-05-09 20:00:00,2026-05-09 22:00:00
5349,운동,,2026-05-09 22:00:00,2026-05-10 00:00:00
5350,아침식사,,2026-05-10 08:00:00,2026-05-10 10:00:00
5351,공부,,2026-05-10 10:00:00,2026-05-10 12:00:00
5352,점심식사,,2026-05-10 12:00:00,2026-05-10 14:00:00
5353,실내활동,,2026-05-10 14:00:00,2026-05-10 16:00:00
5354,운동,,2026-05-10 16:00:00,2026-05-10 18:00:00
5355,저녁식사,,2026-05-10 18:00:00,2026-05-10 20:00:00
5356,기타,,2026-05-10 20:00:00,2026-05-10 21:00:00
5357,기타,,2026-05-10 21:00:00,2026-05-10 22:00:00
5358,실내활동,,2026-05-10 22:00:00,2026-05-11 00:00:00
5359,관람,,2026-05-10 22:00:00,2026-05-10 23:00:00
5360,아침식사,,2026-05-11 08:00:00,2026-05-11 10:00:00
5361,공원,,2026-05-11 10:00:00,2026-05-11 11:00:00
5362,공원,,2026-05-11 11:00:00,2026-05-11 12:00:00
5363,점심식사,,2026-05-11 12:00:00,2026-05-11 14:00:00
5364,기타,,2026-05-11 14:00:00,2026-05-11 16:00:00
5365,운동,,2026-05-11 16:00:00,2026-05-11 17:00:00
5366,운동,,2026-05-11 17:00:00,2026-05-11 18:00:00
5367,저녁식사,,2026-05-11 18:00:00,2026-05-11 20:00:00
5368,기타,,2026-05-11 20:00:00,2026-05-11 21:00:00
5369,관람,,2026-05-11 21:00:00,2026-05-11 23:00:00
5370,관람,,2026-05-11 23:00:00,2026-05-12 00:00:00
5371,아침식사,,2026-05-12 08:00:00,2026-05-12 10:00:00
5372,운동,,2026-05-12 10:00:00,2026-05-12 12:00:00
5373,점심식사,,2026-05-12 12:00:00,2026-05-12 14:00:00
5374,공부,,2026-05-12 14:00:00,2026-05-12 15:00:00
5375,운동,,2026-05-12 15:00:00,2026-05-12 16:00:00
5376,기타,,2026-05-12 16:00:00,2026-05-12 17:00:00
5377,운동,,2026-05-12 17:00:00,2026-05-12 18:00:00
5378,저녁식사,,2026-05-12 18:00:00,2026-05-12 20:00:00
5379,운동,,2026-05-12 20:00:00,2026-05-12 22:00:00
5380,운동,,2026-05-12 22:00:00,2026-05-12 23:00:00
5381,공부,,2026-05-12 23:00:00,2026-05-13 00:00:00
5382,아침식사,,2026-05-13 08:00:00,2026-05-13 10:00:00
5383,공부,,2026-05-13 10:00:00,2026-05-13 12:00:00
5384,점심식사,,2026-05-13 12:00:00,2026-05-13 14:00:00
5385,공부,,2026-05-13 14:00:00,2026-05-13 16:00:00
5386,운동,,2026-05-13 16:00:00,2026-05-13 18:00:00
5387,저녁식사,,2026-05-13 18:00:00,2026-05-13 20:00:00
5388,실내활동,,2026-05-13 20:00:00,2026-05-13 22:00:00
5389,운동,,2026-05-13 22:00:00,2026-05-13 23:00:00
5390,공원,,2026-05-13 23:00:00,2026-05-14 00:00:00
5391,기타,,2026-05-13 22:00:00,2026-05-13 23:00:00
5392,아침식사,,2026-05-14 08:00:00,2026-05-14 10:00:00
5393,운동,,2026-05-14 10:00:00,2026-05-14 11:00:00
5394,기타,,2026-05-14 11:00:00,2026-05-14 13:00:00
5395,실내활동,,2026-05-14 13:00:00,2026-05-14 14:00:00
5396,운동,,2026-05-14 14:00:00,2026-05-14 15:00:00
5397,기타,,2026-05-14 15:00:00,2026-05-14 17:00:00
5398,실내활동,,2026-05-14 17:00:00,2026-05-14 18:00:00
5399,저녁식사,,2026-05-14 18:00:00,2026-05-14 20:00:00
5400,운동,,2026-05-14 20:00:00,2026-05-14 21:00:00
5401,실내활동,,2026-05-14 21:00:00,2026-05-14 23:00:00
5402,기타,,2026-05-14 23:00:00,2026-05-15 00:00:00
5403,아침식사,,2026-05-15 08:00:00,2026-05-15 10:00:00
5404,기타,,2026-05-15 10:00:00,2026-05-15 12:00:00
5405,점심식사,,2026-05-15 12:00:00,2026-05-15 14:00:00
5406,기타,,2026-05-15 14:00:00,2026-05-15 16:00:00
5407,운동,,2026-05-15 16:00:00,2026-05-15 18:00:00
5408,저녁식사,,2026-05-15 18:00:00,2026-05-15 20:00:00
5409,관람,,2026-05-15 20:00:00,2026-05-15 21:00:00
5410,공원,,2026-05-15 21:00:00,2026-05-15 23:00:00
5411,운동,,2026-05-15 23:00:00,2026-05-16 00:00:00
5412,실내활동,,2026-05-15 22:00:00,2026-05-15 23:00:00
5413,아침식사,,2026-05-16 08:00:00,2026-05-16 10:00:00
5414,기타,,2026-05-16 10:00:00,2026-05-16 11:00:00
5415,기타,,2026-05-16 11:00:00,2026-05-16 13:00:00
5416,스포츠,,2026-05-16 13:00:00,2026-05-16 15:00:00
5417,기타,,2026-05-16 15:00:00,2026-05-16 16:00:00
5418,기타,,2026-05-16 16:00:00,2026-05-16 18:00:00
5419,저녁식사,,2026-05-16 18:00:00,2026-05-16 20:00:00
5420,운동,,2026-05-16 20:00:00,2026-05-16 22:00:00
5421,운동,,2026-05-16 22:00:00,2026-05-16 23:00:00
5422,기타,,2026-05-16 23:00:00,2026-05-17 00:00:00
5423,아침식사,,2026-05-17 08:00:00,2026-05-17 10:00:00
5424,공부,,2026-05-17 10:00:00,2026-05-17 11:00:00
5425,관람,,2026-05-17 11:00:00,2026-05-17 12:00:00
5426,점심식사,,2026-05-17 12:00:00,2026-05-17 14:00:00
5427,공부,,2026-05-17 14:00:00,2026-05-17 16:00:00
5428,실내활동,,2026-05-17 16:00:00,2026-05-17 17:00:00
5429,관람,,2026-05-17 17:00:00,2026-05-17 18:00:00
5430,저녁식사,,2026-05-17 18:00:00,2026-05-17 20:00:00
5431,운동,,2026-05-17 20:00:00,2026-05-17 22:00:00
5432,운동,,2026-05-17 22:00:00,2026-05-17 23:00:00
5433,실내활동,,2026-05-17 23:00:00,2026-05-18 00:00:00
5434,기타,,2026-05-17 22:00:00,2026-05-17 23:00:00
5435,아침식사,,2026-05-18 08:00:00,2026-05-18 10:00:00
5436,운동,,2026-05-18 10:00:00,2026-05-18 11:00:00
5437,운동,,2026-05-18 11:00:00,2026-05-18 13:00:00
5438,운동,,2026-05-18 13:00:00,2026-05-18 15:00:00
5439,공원,,2026-05-18 15:00:00,2026-05-18 16:00:00
5440,공원,,2026-05-18 16:00:00,2026-05-18 17:00:00
5441,운동,,2026-05-18 17:00:00,2026-05-18 18:00:00
5442,저녁식사,,2026-05-18 18:00:00,2026-05-18 20:00:00
5443,관람,,2026-05-18 20:00:00,2026-05-18 21:00:00
5444,관람,,2026-05-18 21:00:00,2026-05-18 22:00:00
5445,기타,,2026-05-18 22:00:00,2026-05-18 23:00:00
5446,기타,,2026-05-18 23:00:00,2026-05-19 00:00:00
5447,아침식사,,2026-05-19 08:00:00,2026-05-19 10:00:00
5448,공부,,2026-05-19 10:00:00,2026-05-19 11:00:00
5449,공부,,2026-05-19 11:00:00,2026-05-19 13:00:00
5450,기타,,2026-05-19 13:00:00,2026-05-19 14:00:00
5451,기타,,2026-05-19 14:00:00,2026-05-19 15:00:00
5452,기타,,2026-05-19 15:00:00,2026-05-19 16:00:00
5453,운동,,2026-05-19 16:00:00,2026-05-19 17:00:00
5454,공부,,2026-05-19 17:00:00,2026-05-19 19:00:00
5455,운동,,2026-05-19 19:00:00,2026-05-19 20:00:00
5456,공부,,2026-05-19 20:00:00,2026-05-19 21:00:00
5457,공부,,2026-05-19 21:00:00,2026-05-19 23:00:00
5458,공부,,2026-05-19 23:00:00,2026-05-20 00:00:00
5459,아침식사,,2026-05-20 08:00:00,2026-05-20 10:00:00
5460,공부,,2026-05-20 10:00:00,2026-05-20 11:00:00
5461,공원,,2026-05-20 11:00:00,2026-05-20 12:00:00
5462,점심식사,,2026-05-20 12:00:00,2026-05-20 14:00:00
5463,공부,,2026-05-20 14:00:00,2026-05-20 16:00:00
5464,운동,,2026-05-20 16:00:00,2026-05-20 18:00:00
5465,저녁식사,,2026-05-20 18:00:00,2026-05-20 20:00:00
5466,기타,,2026-05-20 20:00:00,2026-05-20 21:00:00
5467,공원,,2026-05-20 21:00:00,2026-05-20 22:00:00
5468,기타,,2026-05-20 22:00:00,2026-05-20 23:00:00
5469,실내활동,,2026-05-20 23:00:00,2026-05-21 00:00:00
5470,아침식사,,2026-05-21 08:00:00,2026-05-21 10:00:00
5471,기타,,2026-05-21 10:00:00,2026-05-21 11:00:00
5472,기타,,2026-05-21 11:00:00,2026-05-21 13:00:00
5473,기타,,2026-05-21 13:00:00,2026-05-21 14:00:00
5474,실내활동,,2026-05-21 14:00:00,2026-05-21 16:00:00
5475,실내활동,,2026-05-21 16:00:00,2026-05-21 18:00:00
5476,저녁식사,,2026-05-21 18:00:00,2026-05-21 20:00:00
5477,운동,,2026-05-21 20:00:00,2026-05-21 22:00:00
5478,기타,,2026-05-21 22:00:00,2026-05-22 00:00:00
5479,아침식사,,2026-05-22 08:00:00,2026-05-22 10:00:00
5480,공원,,2026-05-22 10:00:00,2026-05-22 11:00:00
5481,관람,,2026-05-22 11:00:00,2026-05-22 12:00:00
5482,점심식사,,2026-05-22 12:00:00,2026-05-22 14:00:00
5483,실내활동,,2026-05-22 14:00:00,2026-05-22 16:00:00
5484,실내활동,,2026-05-22 16:00:00,2026-05-22 18:00:00
5485,저녁식사,,2026-05-22 18:00:00,2026-05-22 20:00:00
5486,관람,,2026-05-22 20:00:00,2026-05-22 22:00:00
5487,관람,,2026-05-22 22:00:00,2026-05-23 00:00:00
5488,운동,,2026-05-22 22:00:00,2026-05-22 23:00:00
5489,기타,,2026-05-22 22:00:00,2026-05-22 23:00:00
5490,아침식사,,2026-05-23 08:00:00,2026-05-23 10:00:00
5491,스포츠,,2026-05-23 10:00:00,2026-05-23 11:00:00
5492,운동,,2026-05-23 11:00:00,2026-05-23 13:00:00
5493,기타,,2026-05-23 13:00:00,2026-05-23 14:00:00
5494,운동,,2026-05-23 14:00:00,2026-05-23 16:00:00
5495,스포츠,,2026-05-23 16:00:00,2026-05-23 18:00:00
5496,저녁식사,,2026-05-23 18:00:00,2026-05-23 20:00:00
5497,스포츠,,2026-05-23 20:00:00,2026-05-23 21:00:00
5498,스포츠,,2026-05-23 21:00:00,2026-05-23 22:00:00
5499,운동,,2026-05-23 22:00:00,2026-05-23 23:00:00
5500,스포츠,,2026-05-23 23:00:00,2026-05-24 00:00:00
5501,아침식사,,2026-05-24 08:00:00,2026-05-24 10:00:00
5502,공부,,2026-05-24 10:00:00,2026-05-24 11:00:00
5503,운동,,2026-05-24 11:00:00,2026-05-24 12:00:00
5504,점심식사,,2026-05-24 12:00:00,2026-05-24 14:00:00
5505,운동,,2026-05-24 14:00:00,2026-05-24 16:00:00
5506,관람,,2026-05-24 16:00:00,2026-05-24 17:00:00
5507,실내활동,,2026-05-24 17:00:00,2026-05-24 19:00:00
5508,관람,,2026-05-24 19:00:00,2026-05-24 20:00:00
5509,관람,,2026-05-24 20:00:00,2026-05-24 22:00:00
5510,실내활동,,2026-05-24 22:00:00,2026-05-24 23:00:00
5511,실내활동,,2026-05-24 23:00:00,2026-05-25 00:00:00
5512,기타,,2026-05-24 22:00:00,2026-05-24 23:00:00
5513,아침식사,,2026-05-25 08:00:00,2026-05-25 10:00:00
5514,기타,,2026-05-25 10:00:00,2026-05-25 11:00:00
5515,운동,,2026-05-25 11:00:00,2026-05-25 13:00:00
5516,운동,,2026-05-25 13:00:00,2026-05-25 14:00:00
5517,공원,,2026-05-25 14:00:00,2026-05-25 16:00:00
5518,운동,,2026-05-25 16:00:00,2026-05-25 17:00:00
5519,기타,,2026-05-25 17:00:00,2026-05-25 18:00:00
5520,저녁식사,,2026-05-25 18:00:00,2026-05-25 20:00:00
5521,기타,,2026-05-25 20:00:00,2026-05-25 22:00:00
5522,기타,,2026-05-25 22:00:00,2026-05-26 00:00:00
5523,관람,,2026-05-25 22:00:00,2026-05-25 23:00:00
5524,아침식사,,2026-05-26 08:00:00,2026-05-26 10:00:00
5525,기타,,2026-05-26 10:00:00,2026-05-26 12:00:00
5526,점심식사,,2026-05-26 12:00:00,2026-05-26 14:00:00
5527,공부,,2026-05-26 14:00:00,2026-05-26 15:00:00
5528,공부,,2026-05-26 15:00:00,2026-05-26 16:00:00
5529,기타,,2026-05-26 16:00:00,2026-05-26 17:00:00
5530,공부,,2026-05-26 17:00:00,2026-05-26 18:00:00
5531,저녁식사,,2026-05-26 18:00:00,2026-05-26 20:00:00
5532,공부,,2026-05-26 20:00:00,2026-05-26 22:00:00
5533,공부,,2026-05-26 22:00:00,2026-05-26 23:00:00
5534,운동,,2026-05-26 23:00:00,2026-05-27 00:00:00
5535,아침식사,,2026-05-27 08:00:00,2026-05-27 10:00:00
5536,공부,,2026-05-27 10:00:00,2026-05-27 11:00:00
5537,공원,,2026-05-27 11:00:00,2026-05-27 12:00:00
5538,점심식사,,2026-05-27 12:00:00,2026-05-27 14:00:00
5539,기타,,2026-05-27 14:00:00,2026-05-27 16:00:00
5540,공부,,2026-05-27 16:00:00,2026-05-27 17:00:00
5541,기타,,2026-05-27 17:00:00,2026-05-27 18:00:00
5542,저녁식사,,2026-05-27 18:00:00,2026-05-27 20:00:00
5543,실내활동,,2026-05-27 20:00:00,2026-05-27 21:00:00
5544,공원,,2026-05-27 21:00:00,2026-05-27 23:00:00
5545,기타,,2026-05-27 23:00:00,2026-05-28 00:00:00
5546,운동,,2026-05-27 22:00:00,2026-05-27 23:00:00
5547,아침식사,,2026-05-28 08:00:00,2026-05-28 10:00:00
5548,운동,,2026-05-28 10:00:00,2026-05-28 11:00:00
5549,실내활동,,2026-05-28 11:00:00,2026-05-28 13:00:00
5550,기타,,2026-05-28 13:00:00,2026-05-28 15:00:00
5551,실내활동,,2026-05-28 15:00:00,2026-05-28 17:00:00
5552,운동,,2026-05-28 17:00:00,2026-05-28 18:00:00
5553,저녁식사,,2026-05-28 18:00:00,2026-05-28 20:00:00
5554,운동,,2026-05-28 20:00:00,2026-05-28 22:00:00
5555,기타,,2026-05-28 22:00:00,2026-05-28 23:00:00
5556,기타,,2026-05-28 23:00:00,2026-05-29 00:00:00
5557,아침식사,,2026-05-29 08:00:00,2026-05-29 10:00:00
5558,공원,,2026-05-29 10:00:00,2026-05-29 12:00:00
5559,점심식사,,2026-05-29 12:00:00,2026-05-29 14:00:00
5560,공원,,2026-05-29 14:00:00,2026-05-29 16:00:00
5561,운동,,2026-05-29 16:00:00,2026-05-29 17:00:00
5562,실내활동,,2026-05-29 17:00:00,2026-05-29 18:00:00
5563,저녁식사,,2026-05-29 18:00:00,2026-05-29 20:00:00
5564,기타,,2026-05-29 20:00:00,2026-05-29 21:00:00
5565,기타,,2026-05-29 21:00:00,2026-05-29 23:00:00
5566,실내활동,,2026-05-29 23:00:00,2026-05-30 00:00:00
5567,관람,,2026-05-29 22:00:00,2026-05-29 23:00:00
5568,아침식사,,2026-05-30 08:00:00,2026-05-30 10:00:00
5569,운동,,2026-05-30 10:00:00,2026-05-30 11:00:00
5570,기타,,2026-05-30 11:00:00,2026-05-30 12:00:00
5571,점심식사,,2026-05-30 12:00:00,2026-05-30 14:00:00
5572,스포츠,,2026-05-30 14:00:00,2026-05-30 15:00:00
5573,운동,,2026-05-30 15:00:00,2026-05-30 16:00:00
5574,스포츠,,2026-05-30 16:00:00,2026-05-30 18:00:00
5575,저녁식사,,2026-05-30 18:00:00,2026-05-30 20:00:00
5576,운동,,2026-05-30 20:00:00,2026-05-30 22:00:00
5577,기타,,2026-05-30 22:00:00,2026-05-30 23:00:00
5578,스포츠,,2026-05-30 23:00:00,2026-05-31 00:00:00
5579,아침식사,,2026-05-31 08:00:00,2026-05-31 10:00:00
5580,관람,,2026-05-31 10:00:00,2026-05-31 12:00:00
5581,점심식사,,2026-05-31 12:00:00,2026-05-31 14:00:00
5582,운동,,2026-05-31 14:00:00,2026-05-31 16:00:00
5583,기타,,2026-05-31 16:00:00,2026-05-31 17:00:00
5584,실내활동,,2026-05-31 17:00:00,2026-05-31 19:00:00
5585,관람,,2026-05-31 19:00:00,2026-05-31 20:00:00
5586,실내활동,,2026-05-31 20:00:00,2026-05-31 22:00:00
5587,운동,,2026-05-31 22:00:00,2026-06-01 00:00:00
5588,공부,,2026-05-31 22:00:00,2026-05-31 23:00:00
5589,아침식사,,2026-06-01 08:00:00,2026-06-01 10:00:00
5590,공원,,2026-06-01 10:00:00,2026-06-01 11:00:00
5591,운동,,2026-06-01 11:00:00,2026-06-01 13:00:00
5592,운동,,2026-06-01 13:00:00,2026-06-01 14:00:00
5593,관람,,2026-06-01 14:00:00,2026-06-01 15:00:00
5594,공원,,2026-06-01 15:00:00,2026-06-01 17:00:00
5595,관람,,2026-06-01 17:00:00,2026-06-01 18:00:00
5596,저녁식사,,2026-06-01 18:00:00,2026-06-01 20:00:00
5597,관람,,2026-06-01 20:00:00,2026-06-01 22:00:00
5598,운동,,2026-06-01 22:00:00,2026-06-01 23:00:00
5599,공원,,2026-06-01 23:00:00,2026-06-02 00:00:00
5600,기타,,2026-06-01 22:00:00,2026-06-01 23:00:00
5601,아침식사,,2026-06-02 08:00:00,2026-06-02 10:00:00
5602,운동,,2026-06-02 10:00:00,2026-06-02 12:00:00
5603,점심식사,,2026-06-02 12:00:00,2026-06-02 14:00:00
5604,운동,,2026-06-02 14:00:00,2026-06-02 15:00:00
5605,운동,,2026-06-02 15:00:00,2026-06-02 17:00:00
5606,공부,,2026-06-02 17:00:00,2026-06-02 19:00:00
5607,기타,,2026-06-02 19:00:00,2026-06-02 20:00:00
5608,운동,,2026-06-02 20:00:00,2026-06-02 21:00:00
5609,운동,,2026-06-02 21:00:00,2026-06-02 23:00:00
5610,운동,,2026-06-02 23:00:00,2026-06-03 00:00:00
5611,아침식사,,2026-06-03 08:00:00,2026-06-03 10:00:00
5612,공원,,2026-06-03 10:00:00,2026-06-03 11:00:00
5613,기타,,2026-06-03 11:00:00,2026-06-03 12:00:00
5614,점심식사,,2026-06-03 12:00:00,2026-06-03 14:00:00
5615,실내활동,,2026-06-03 14:00:00,2026-06-03 15:00:00
5616,공부,,2026-06-03 15:00:00,2026-06-03 17:00:00
5617,기타,,2026-06-03 17:00:00,2026-06-03 19:00:00
5618,공원,,2026-06-03 19:00:00,2026-06-03 21:00:00
5619,운동,,2026-06-03 21:00:00,2026-06-03 22:00:00
5620,운동,,2026-06-03 22:00:00,2026-06-03 23:00:00
5621,공원,,2026-06-03 23:00:00,2026-06-04 00:00:00
5622,아침식사,,2026-06-04 08:00:00,2026-06-04 10:00:00
5623,운동,,2026-06-04 10:00:00,2026-06-04 11:00:00
5624,운동,,2026-06-04 11:00:00,2026-06-04 13:00:00
5625,기타,,2026-06-04 13:00:00,2026-06-04 15:00:00
5626,기타,,2026-06-04 15:00:00,2026-06-04 17:00:00
5627,실내활동,,2026-06-04 17:00:00,2026-06-04 19:00:00
5628,운동,,2026-06-04 19:00:00,2026-06-04 21:00:00
5629,운동,,2026-06-04 21:00:00,2026-06-04 22:00:00
5630,운동,,2026-06-04 22:00:00,2026-06-04 23:00:00
5631,기타,,2026-06-04 23:00:00,2026-06-05 00:00:00
5632,아침식사,,2026-06-05 08:00:00,2026-06-05 10:00:00
5633,공원,,2026-06-05 10:00:00,2026-06-05 11:00:00
5634,기타,,2026-06-05 11:00:00,2026-06-05 13:00:00
5635,공원,,2026-06-05 13:00:00,2026-06-05 14:00:00
5636,공원,,2026-06-05 14:00:00,2026-06-05 16:00:00
5637,실내활동,,2026-06-05 16:00:00,2026-06-05 18:00:00
5638,저녁식사,,2026-06-05 18:00:00,2026-06-05 20:00:00
5639,기타,,2026-06-05 20:00:00,2026-06-05 21:00:00
5640,운동,,2026-06-05 21:00:00,2026-06-05 22:00:00
5641,운동,,2026-06-05 22:00:00,2026-06-06 00:00:00
5642,관람,,2026-06-05 22:00:00,2026-06-05 23:00:00
5643,아침식사,,2026-06-06 08:00:00,2026-06-06 10:00:00
5644,기타,,2026-06-06 10:00:00,2026-06-06 12:00:00
5645,점심식사,,2026-06-06 12:00:00,2026-06-06 14:00:00
5646,기타,,2026-06-06 14:00:00,2026-06-06 16:00:00
5647,스포츠,,2026-06-06 16:00:00,2026-06-06 18:00:00
5648,저녁식사,,2026-06-06 18:00:00,2026-06-06 20:00:00
5649,스포츠,,2026-06-06 20:00:00,2026-06-06 21:00:00
5650,스포츠,,2026-06-06 21:00:00,2026-06-06 22:00:00
5651,스포츠,,2026-06-06 22:00:00,2026-06-07 00:00:00
5652,운동,,2026-06-06 22:00:00,2026-06-06 23:00:00
5653,아침식사,,2026-06-07 08:00:00,2026-06-07 10:00:00
5654,관람,,2026-06-07 10:00:00,2026-06-07 11:00:00
5655,실내활동,,2026-06-07 11:00:00,2026-06-07 12:00:00
5656,점심식사,,2026-06-07 12:00:00,2026-06-07 14:00:00
5657,공부,,2026-06-07 14:00:00,2026-06-07 16:00:00
5658,실내활동,,2026-06-07 16:00:00,2026-06-07 18:00:00
5659,저녁식사,,2026-06-07 18:00:00,2026-06-07 20:00:00
5660,기타,,2026-06-07 20:00:00,2026-06-07 22:00:00
5661,관람,,2026-06-07 22:00:00,2026-06-07 23:00:00
5662,실내활동,,2026-06-07 23:00:00,2026-06-08 00:00:00
5663,운동,,2026-06-07 22:00:00,2026-06-07 23:00:00
5664,아침식사,,2026-06-08 08:00:00,2026-06-08 10:00:00
5665,운동,,2026-06-08 10:00:00,2026-06-08 12:00:00
5666,점심식사,,2026-06-08 12:00:00,2026-06-08 14:00:00
5667,공원,,2026-06-08 14:00:00,2026-06-08 16:00:00
5668,운동,,2026-06-08 16:00:00,2026-06-08 18:00:00
5669,저녁식사,,2026-06-08 18:00:00,2026-06-08 20:00:00
5670,기타,,2026-06-08 20:00:00,2026-06-08 22:00:00
5671,관람,,2026-06-08 22:00:00,2026-06-08 23:00:00
5672,기타,,2026-06-08 23:00:00,2026-06-09 00:00:00
5673,아침식사,,2026-06-09 08:00:00,2026-06-09 10:00:00
5674,공부,,2026-06-09 10:00:00,2026-06-09 11:00:00
5675,공부,,2026-06-09 11:00:00,2026-06-09 13:00:00
5676,기타,,2026-06-09 13:00:00,2026-06-09 14:00:00
5677,공부,,2026-06-09 14:00:00,2026-06-09 15:00:00
5678,공부,,2026-06-09 15:00:00,2026-06-09 16:00:00
5679,기타,,2026-06-09 16:00:00,2026-06-09 17:00:00
5680,기타,,2026-06-09 17:00:00,2026-06-09 19:00:00
5681,기타,,2026-06-09 19:00:00,2026-06-09 20:00:00
5682,운동,,2026-06-09 20:00:00,2026-06-09 21:00:00
5683,운동,,2026-06-09 21:00:00,2026-06-09 22:00:00
5684,기타,,2026-06-09 22:00:00,2026-06-10 00:00:00
5685,아침식사,,2026-06-10 08:00:00,2026-06-10 10:00:00
5686,공부,,2026-06-10 10:00:00,2026-06-10 12:00:00
5687,점심식사,,2026-06-10 12:00:00,2026-06-10 14:00:00
5688,공부,,2026-06-10 14:00:00,2026-06-10 15:00:00
5689,공원,,2026-06-10 15:00:00,2026-06-10 17:00:00
5690,기타,,2026-06-10 17:00:00,2026-06-10 19:00:00
5691,공원,,2026-06-10 19:00:00,2026-06-10 21:00:00
5692,기타,,2026-06-10 21:00:00,2026-06-10 23:00:00
5693,운동,,2026-06-10 23:00:00,2026-06-11 00:00:00
5694,실내활동,,2026-06-10 22:00:00,2026-06-10 23:00:00
5695,아침식사,,2026-06-11 08:00:00,2026-06-11 10:00:00
5696,기타,,2026-06-11 10:00:00,2026-06-11 12:00:00
5697,점심식사,,2026-06-11 12:00:00,2026-06-11 14:00:00
5698,기타,,2026-06-11 14:00:00,2026-06-11 15:00:00
5699,기타,,2026-06-11 15:00:00,2026-06-11 17:00:00
5700,실내활동,,2026-06-11 17:00:00,2026-06-11 19:00:00
5701,기타,,2026-06-11 19:00:00,2026-06-11 20:00:00
5702,기타,,2026-06-11 20:00:00,2026-06-11 21:00:00
5703,기타,,2026-06-11 21:00:00,2026-06-11 23:00:00
5704,실내활동,,2026-06-11 23:00:00,2026-06-12 00:00:00
5705,운동,,2026-06-11 22:00:00,2026-06-11 23:00:00
5706,아침식사,,2026-06-12 08:00:00,2026-06-12 10:00:00
5707,기타,,2026-06-12 10:00:00,2026-06-12 11:00:00
5708,기타,,2026-06-12 11:00:00,2026-06-12 13:00:00
5709,공원,,2026-06-12 13:00:00,2026-06-12 15:00:00
5710,관람,,2026-06-12 15:00:00,2026-06-12 17:00:00
5711,실내활동,,2026-06-12 17:00:00,2026-06-12 19:00:00
5712,공원,,2026-06-12 19:00:00,2026-06-12 21:00:00
5713,기타,,2026-06-12 21:00:00,2026-06-12 23:00:00
5714,관람,,2026-06-12 23:00:00,2026-06-13 00:00:00
5715,운동,,2026-06-12 22:00:00,2026-06-12 23:00:00
5716,아침식사,,2026-06-13 08:00:00,2026-06-13 10:00:00
5717,스포츠,,2026-06-13 10:00:00,2026-06-13 11:00:00
5718,기타,,2026-06-13 11:00:00,2026-06-13 12:00:00
5719,점심식사,,2026-06-13 12:00:00,2026-06-13 14:00:00
5720,스포츠,,2026-06-13 14:00:00,2026-06-13 15:00:00
5721,운동,,2026-06-13 15:00:00,2026-06-13 16:00:00
5722,스포츠,,2026-06-13 16:00:00,2026-06-13 18:00:00
5723,저녁식사,,2026-06-13 18:00:00,2026-06-13 20:00:00
5724,기타,,2026-06-13 20:00:00,2026-06-13 22:00:00
5725,운동,,2026-06-13 22:00:00,2026-06-13 23:00:00
5726,기타,,2026-06-13 23:00:00,2026-06-14 00:00:00
5727,아침식사,,2026-06-14 08:00:00,2026-06-14 10:00:00
5728,운동,,2026-06-14 10:00:00,2026-06-14 11:00:00
5729,운동,,2026-06-14 11:00:00,2026-06-14 12:00:00
5730,점심식사,,2026-06-14 12:00:00,2026-06-14 14:00:00
5731,기타,,2026-06-14 14:00:00,2026-06-14 16:00:00
5732,운동,,2026-06-14 16:00:00,2026-06-14 18:00:00
5733,저녁식사,,2026-06-14 18:00:00,2026-06-14 20:00:00
5734,관람,,2026-06-14 20:00:00,2026-06-14 22:00:00
5735,기타,,2026-06-14 22:00:00,2026-06-15 00:00:00
5736,공부,,2026-06-14 22:00:00,2026-06-14 23:00:00
5737,실내활동,,2026-06-14 22:00:00,2026-06-14 23:00:00
5738,아침식사,,2026-06-15 08:00:00,2026-06-15 10:00:00
5739,운동,,2026-06-15 10:00:00,2026-06-15 11:00:00
5740,관람,,2026-06-15 11:00:00,2026-06-15 13:00:00
5741,기타,,2026-06-15 13:00:00,2026-06-15 15:00:00
5742,공원,,2026-06-15 15:00:00,2026-06-15 16:00:00
5743,공원,,2026-06-15 16:00:00,2026-06-15 18:00:00
5744,저녁식사,,2026-06-15 18:00:00,2026-06-15 20:00:00
5745,공원,,2026-06-15 20:00:00,2026-06-15 22:00:00
5746,운동,,2026-06-15 22:00:00,2026-06-16 00:00:00
5747,아침식사,,2026-06-16 08:00:00,2026-06-16 10:00:00
5748,공부,,2026-06-16 10:00:00,2026-06-16 12:00:00
5749,점심식사,,2026-06-16 12:00:00,2026-06-16 14:00:00
5750,운동,,2026-06-16 14:00:00,2026-06-16 15:00:00
5751,기타,,2026-06-16 15:00:00,2026-06-16 17:00:00
5752,기타,,2026-06-16 17:00:00,2026-06-16 19:00:00
5753,기타,,2026-06-16 19:00:00,2026-06-16 21:00:00
5754,운동,,2026-06-16 21:00:00,2026-06-16 22:00:00
5755,운동,,2026-06-16 22:00:00,2026-06-16 23:00:00
5756,공부,,2026-06-16 23:00:00,2026-06-17 00:00:00
5757,아침식사,,2026-06-17 08:00:00,2026-06-17 10:00:00
5758,기타,,2026-06-17 10:00:00,2026-06-17 11:00:00
5759,실내활동,,2026-06-17 11:00:00,2026-06-17 12:00:00
5760,점심식사,,2026-06-17 12:00:00,2026-06-17 14:00:00
5761,기타,,2026-06-17 14:00:00,2026-06-17 15:00:00
5762,공원,,2026-06-17 15:00:00,2026-06-17 16:00:00
5763,기타,,2026-06-17 16:00:00,2026-06-17 18:00:00
5764,저녁식사,,2026-06-17 18:00:00,2026-06-17 20:00:00
5765,공부,,2026-06-17 20:00:00,2026-06-17 22:00:00
5766,실내활동,,2026-06-17 22:00:00,2026-06-18 00:00:00
5767,운동,,2026-06-17 22:00:00,2026-06-17 23:00:00
5768,아침식사,,2026-06-18 08:00:00,2026-06-18 10:00:00
5769,기타,,2026-06-18 10:00:00,2026-06-18 11:00:00
5770,실내활동,,2026-06-18 11:00:00,2026-06-18 13:00:00
5771,운동,,2026-06-18 13:00:00,2026-06-18 15:00:00
5772,운동,,2026-06-18 15:00:00,2026-06-18 16:00:00
5773,기타,,2026-06-18 16:00:00,2026-06-18 18:00:00
5774,저녁식사,,2026-06-18 18:00:00,2026-06-18 20:00:00
5775,운동,,2026-06-18 20:00:00,2026-06-18 22:00:00
5776,실내활동,,2026-06-18 22:00:00,2026-06-18 23:00:00
5777,운동,,2026-06-18 23:00:00,2026-06-19 00:00:00
5778,아침식사,,2026-06-19 08:00:00,2026-06-19 10:00:00
5779,실내활동,,2026-06-19 10:00:00,2026-06-19 12:00:00
5780,점심식사,,2026-06-19 12:00:00,2026-06-19 14:00:00
5781,기타,,2026-06-19 14:00:00,2026-06-19 16:00:00
5782,관람,,2026-06-19 16:00:00,2026-06-19 18:00:00
5783,저녁식사,,2026-06-19 18:00:00,2026-06-19 20:00:00
5784,기타,,2026-06-19 20:00:00,2026-06-19 22:00:00
5785,실내활동,,2026-06-19 22:00:00,2026-06-19 23:00:00
5786,실내활동,,2026-06-19 23:00:00,2026-06-20 00:00:00
5787,운동,,2026-06-19 22:00:00,2026-06-19 23:00:00
5788,공원,,2026-06-19 22:00:00,2026-06-19 23:00:00
5789,아침식사,,2026-06-20 08:00:00,2026-06-20 10:00:00
5790,기타,,2026-06-20 10:00:00,2026-06-20 12:00:00
5791,점심식사,,2026-06-20 12:00:00,2026-06-20 14:00:00
5792,기타,,2026-06-20 14:00:00,2026-06-20 16:00:00
5793,스포츠,,2026-06-20 16:00:00,2026-06-20 17:00:00
5794,기타,,2026-06-20 17:00:00,2026-06-20 18:00:00
5795,저녁식사,,2026-06-20 18:00:00,2026-06-20 20:00:00
5796,운동,,2026-06-20 20:00:00,2026-06-20 22:00:00
5797,기타,,2026-06-20 22:00:00,2026-06-21 00:00:00
5798,아침식사,,2026-06-21 08:00:00,2026-06-21 10:00:00
5799,기타,,2026-06-21 10:00:00,2026-06-21 11:00:00
5800,기타,,2026-06-21 11:00:00,2026-06-21 12:00:00
5801,점심식사,,2026-06-21 12:00:00,2026-06-21 14:00:00
5802,공부,,2026-06-21 14:00:00,2026-06-21 15:00:00
5803,운동,,2026-06-21 15:00:00,2026-06-21 16:00:00
5804,관람,,2026-06-21 16:00:00,2026-06-21 18:00:00
5805,저녁식사,,2026-06-21 18:00:00,2026-06-21 20:00:00
5806,공부,,2026-06-21 20:00:00,2026-06-21 22:00:00
5807,운동,,2026-06-21 22:00:00,2026-06-21 23:00:00
5808,실내활동,,2026-06-21 23:00:00,2026-06-22 00:00:00
5809,아침식사,,2026-06-22 08:00:00,2026-06-22 10:00:00
5810,운동,,2026-06-22 10:00:00,2026-06-22 11:00:00
5811,공원,,2026-06-22 11:00:00,2026-06-22 12:00:00
5812,점심식사,,2026-06-22 12:00:00,2026-06-22 14:00:00
5813,운동,,2026-06-22 14:00:00,2026-06-22 16:00:00
5814,운동,,2026-06-22 16:00:00,2026-06-22 17:00:00
5815,운동,,2026-06-22 17:00:00,2026-06-22 18:00:00
5816,저녁식사,,2026-06-22 18:00:00,2026-06-22 20:00:00
5817,공원,,2026-06-22 20:00:00,2026-06-22 21:00:00
5818,기타,,2026-06-22 21:00:00,2026-06-22 22:00:00
5819,기타,,2026-06-22 22:00:00,2026-06-22 23:00:00
5820,관람,,2026-06-22 23:00:00,2026-06-23 00:00:00
5821,아침식사,,2026-06-23 08:00:00,2026-06-23 10:00:00
5822,기타,,2026-06-23 10:00:00,2026-06-23 11:00:00
5823,기타,,2026-06-23 11:00:00,2026-06-23 13:00:00
5824,운동,,2026-06-23 13:00:00,2026-06-23 15:00:00
5825,기타,,2026-06-23 15:00:00,2026-06-23 16:00:00
5826,기타,,2026-06-23 16:00:00,2026-06-23 17:00:00
5827,공부,,2026-06-23 17:00:00,2026-06-23 18:00:00
5828,저녁식사,,2026-06-23 18:00:00,2026-06-23 20:00:00
5829,공부,,2026-06-23 20:00:00,2026-06-23 21:00:00
5830,기타,,2026-06-23 21:00:00,2026-06-23 23:00:00
5831,공부,,2026-06-23 23:00:00,2026-06-24 00:00:00
5832,아침식사,,2026-06-24 08:00:00,2026-06-24 10:00:00
5833,실내활동,,2026-06-24 10:00:00,2026-06-24 12:00:00
5834,점심식사,,2026-06-24 12:00:00,2026-06-24 14:00:00
5835,공원,,2026-06-24 14:00:00,2026-06-24 15:00:00
5836,실내활동,,2026-06-24 15:00:00,2026-06-24 17:00:00
5837,운동,,2026-06-24 17:00:00,2026-06-24 19:00:00
5838,공부,,2026-06-24 19:00:00,2026-06-24 21:00:00
5839,기타,,2026-06-24 21:00:00,2026-06-24 23:00:00
5840,운동,,2026-06-24 23:00:00,2026-06-25 00:00:00
5841,아침식사,,2026-06-25 08:00:00,2026-06-25 10:00:00
5842,실내활동,,2026-06-25 10:00:00,2026-06-25 12:00:00
5843,점심식사,,2026-06-25 12:00:00,2026-06-25 14:00:00
5844,기타,,2026-06-25 14:00:00,2026-06-25 16:00:00
5845,기타,,2026-06-25 16:00:00,2026-06-25 17:00:00
5846,기타,,2026-06-25 17:00:00,2026-06-25 18:00:00
5847,저녁식사,,2026-06-25 18:00:00,2026-06-25 20:00:00
5848,기타,,2026-06-25 20:00:00,2026-06-25 21:00:00
5849,운동,,2026-06-25 21:00:00,2026-06-25 23:00:00
5850,기타,,2026-06-25 23:00:00,2026-06-26 00:00:00
5851,아침식사,,2026-06-26 08:00:00,2026-06-26 10:00:00
5852,실내활동,,2026-06-26 10:00:00,2026-06-26 12:00:00
5853,점심식사,,2026-06-26 12:00:00,2026-06-26 14:00:00
5854,실내활동,,2026-06-26 14:00:00,2026-06-26 16:00:00
5855,실내활동,,2026-06-26 16:00:00,2026-06-26 17:00:00
5856,운동,,2026-06-26 17:00:00,2026-06-26 19:00:00
5857,실내활동,,2026-06-26 19:00:00,2026-06-26 21:00:00
5858,기타,,2026-06-26 21:00:00,2026-06-26 23:00:00
5859,관람,,2026-06-26 23:00:00,2026-06-27 00:00:00
5860,공원,,2026-06-26 22:00:00,2026-06-26 23:00:00
5861,아침식사,,2026-06-27 08:00:00,2026-06-27 10:00:00
5862,기타,,2026-06-27 10:00:00,2026-06-27 11:00:00
5863,운동,,2026-06-27 11:00:00,2026-06-27 13:00:00
5864,기타,,2026-06-27 13:00:00,2026-06-27 15:00:00
5865,스포츠,,2026-06-27 15:00:00,2026-06-27 16:00:00
5866,운동,,2026-06-27 16:00:00,2026-06-27 17:00:00
5867,운동,,2026-06-27 17:00:00,2026-06-27 19:00:00
5868,운동,,2026-06-27 19:00:00,2026-06-27 20:00:00
5869,스포츠,,2026-06-27 20:00:00,2026-06-27 21:00:00
5870,스포츠,,2026-06-27 21:00:00,2026-06-27 23:00:00
5871,기타,,2026-06-27 23:00:00,2026-06-28 00:00:00
5872,아침식사,,2026-06-28 08:00:00,2026-06-28 10:00:00
5873,관람,,2026-06-28 10:00:00,2026-06-28 12:00:00
5874,점심식사,,2026-06-28 12:00:00,2026-06-28 14:00:00
5875,관람,,2026-06-28 14:00:00,2026-06-28 16:00:00
5876,공부,,2026-06-28 16:00:00,2026-06-28 18:00:00
5877,저녁식사,,2026-06-28 18:00:00,2026-06-28 20:00:00
5878,기타,,2026-06-28 20:00:00,2026-06-28 22:00:00
5879,기타,,2026-06-28 22:00:00,2026-06-29 00:00:00
5880,운동,,2026-06-28 22:00:00,2026-06-28 23:00:00
5881,실내활동,,2026-06-28 22:00:00,2026-06-28 23:00:00
5882,아침식사,,2026-06-29 08:00:00,2026-06-29 10:00:00
5883,기타,,2026-06-29 10:00:00,2026-06-29 12:00:00
5884,점심식사,,2026-06-29 12:00:00,2026-06-29 14:00:00
5885,공원,,2026-06-29 14:00:00,2026-06-29 15:00:00
5886,기타,,2026-06-29 15:00:00,2026-06-29 16:00:00
5887,공원,,2026-06-29 16:00:00,2026-06-29 18:00:00
5888,저녁식사,,2026-06-29 18:00:00,2026-06-29 20:00:00
5889,기타,,2026-06-29 20:00:00,2026-06-29 22:00:00
5890,운동,,2026-06-29 22:00:00,2026-06-30 00:00:00
5891,관람,,2026-06-29 22:00:00,2026-06-29 23:00:00
5892,아침식사,,2026-06-30 08:00:00,2026-06-30 10:00:00
5893,공부,,2026-06-30 10:00:00,2026-06-30 11:00:00
5894,공부,,2026-06-30 11:00:00,2026-06-30 12:00:00
5895,점심식사,,2026-06-30 12:00:00,2026-06-30 14:00:00
5896,기타,,2026-06-30 14:00:00,2026-06-30 16:00:00
5897,공부,,2026-06-30 16:00:00,2026-06-30 18:00:00
5898,저녁식사,,2026-06-30 18:00:00,2026-06-30 20:00:00
5899,공부,,2026-06-30 20:00:00,2026-06-30 22:00:00
5900,기타,,2026-06-30 22:00:00,2026-07-01 00:00:00
5901,운동,,2026-06-30 22:00:00,2026-06-30 23:00:00
5902,아침식사,,2026-07-01 08:00:00,2026-07-01 10:00:00
5903,공원,,2026-07-01 10:00:00,2026-07-01 12:00:00
5904,점심식사,,2026-07-01 12:00:00,2026-07-01 14:00:00
5905,운동,,2026-07-01 14:00:00,2026-07-01 16:00:00
5906,공부,,2026-07-01 16:00:00,2026-07-01 17:00:00
5907,공원,,2026-07-01 17:00:00,2026-07-01 19:00:00
5908,공부,,2026-07-01 19:00:00,2026-07-01 20:00:00
5909,기타,,2026-07-01 20:00:00,2026-07-01 22:00:00
5910,기타,,2026-07-01 22:00:00,2026-07-01 23:00:00
5911,운동,,2026-07-01 23:00:00,2026-07-02 00:00:00
5912,실내활동,,2026-07-01 22:00:00,2026-07-01 23:00:00
5913,아침식사,,2026-07-02 08:00:00,2026-07-02 10:00:00
5914,실내활동,,2026-07-02 10:00:00,2026-07-02 11:00:00
5915,기타,,2026-07-02 11:00:00,2026-07-02 13:00:00
5916,운동,,2026-07-02 13:00:00,2026-07-02 14:00:00
5917,기타,,2026-07-02 14:00:00,2026-07-02 15:00:00
5918,실내활동,,2026-07-02 15:00:00,2026-07-02 17:00:00
5919,기타,,2026-07-02 17:00:00,2026-07-02 18:00:00
5920,저녁식사,,2026-07-02 18:00:00,2026-07-02 20:00:00
5921,실내활동,,2026-07-02 20:00:00,2026-07-02 21:00:00
5922,기타,,2026-07-02 21:00:00,2026-07-02 23:00:00
5923,실내활동,,2026-07-02 23:00:00,2026-07-03 00:00:00
5924,아침식사,,2026-07-03 08:00:00,2026-07-03 10:00:00
5925,기타,,2026-07-03 10:00:00,2026-07-03 11:00:00
5926,관람,,2026-07-03 11:00:00,2026-07-03 13:00:00
5927,운동,,2026-07-03 13:00:00,2026-07-03 15:00:00
5928,공원,,2026-07-03 15:00:00,2026-07-03 17:00:00
5929,공원,,2026-07-03 17:00:00,2026-07-03 18:00:00
5930,저녁식사,,2026-07-03 18:00:00,2026-07-03 20:00:00
5931,실내활동,,2026-07-03 20:00:00,2026-07-03 21:00:00
5932,기타,,2026-07-03 21:00:00,2026-07-03 23:00:00
5933,공원,,2026-07-03 23:00:00,2026-07-04 00:00:00
5934,아침식사,,2026-07-04 08:00:00,2026-07-04 10:00:00
5935,기타,,2026-07-04 10:00:00,2026-07-04 12:00:00
5936,점심식사,,2026-07-04 12:00:00,2026-07-04 14:00:00
5937,스포츠,,2026-07-04 14:00:00,2026-07-04 15:00:00
5938,운동,,2026-07-04 15:00:00,2026-07-04 17:00:00
5939,기타,,2026-07-04 17:00:00,2026-07-04 18:00:00
5940,저녁식사,,2026-07-04 18:00:00,2026-07-04 20:00:00
5941,스포츠,,2026-07-04 20:00:00,2026-07-04 21:00:00
5942,운동,,2026-07-04 21:00:00,2026-07-04 22:00:00
5943,운동,,2026-07-04 22:00:00,2026-07-05 00:00:00
5944,아침식사,,2026-07-05 08:00:00,2026-07-05 10:00:00
5945,기타,,2026-07-05 10:00:00,2026-07-05 12:00:00
5946,점심식사,,2026-07-05 12:00:00,2026-07-05 14:00:00
5947,실내활동,,2026-07-05 14:00:00,2026-07-05 15:00:00
5948,공부,,2026-07-05 15:00:00,2026-07-05 17:00:00
5949,운동,,2026-07-05 17:00:00,2026-07-05 19:00:00
5950,공부,,2026-07-05 19:00:00,2026-07-05 21:00:00
5951,공부,,2026-07-05 21:00:00,2026-07-05 22:00:00
5952,공부,,2026-07-05 22:00:00,2026-07-06 00:00:00
5953,관람,,2026-07-05 22:00:00,2026-07-05 23:00:00
5954,아침식사,,2026-07-06 08:00:00,2026-07-06 10:00:00
5955,공원,,2026-07-06 10:00:00,2026-07-06 11:00:00
5956,공원,,2026-07-06 11:00:00,2026-07-06 12:00:00
5957,점심식사,,2026-07-06 12:00:00,2026-07-06 14:00:00
5958,기타,,2026-07-06 14:00:00,2026-07-06 15:00:00
5959,기타,,2026-07-06 15:00:00,2026-07-06 16:00:00
5960,공원,,2026-07-06 16:00:00,2026-07-06 18:00:00
5961,저녁식사,,2026-07-06 18:00:00,2026-07-06 20:00:00
5962,공원,,2026-07-06 20:00:00,2026-07-06 21:00:00
5963,운동,,2026-07-06 21:00:00,2026-07-06 22:00:00
5964,공원,,2026-07-06 22:00:00,2026-07-07 00:00:00
5965,관람,,2026-07-06 22:00:00,2026-07-06 23:00:00
5966,아침식사,,2026-07-07 08:00:00,2026-07-07 10:00:00
5967,기타,,2026-07-07 10:00:00,2026-07-07 11:00:00
5968,운동,,2026-07-07 11:00:00,2026-07-07 12:00:00
5969,점심식사,,2026-07-07 12:00:00,2026-07-07 14:00:00
5970,운동,,2026-07-07 14:00:00,2026-07-07 15:00:00
5971,운동,,2026-07-07 15:00:00,2026-07-07 16:00:00
5972,운동,,2026-07-07 16:00:00,2026-07-07 18:00:00
5973,저녁식사,,2026-07-07 18:00:00,2026-07-07 20:00:00
5974,공부,,2026-07-07 20:00:00,2026-07-07 21:00:00
5975,기타,,2026-07-07 21:00:00,2026-07-07 22:00:00
5976,운동,,2026-07-07 22:00:00,2026-07-08 00:00:00
5977,아침식사,,2026-07-08 08:00:00,2026-07-08 10:00:00
5978,공부,,2026-07-08 10:00:00,2026-07-08 11:00:00
5979,공부,,2026-07-08 11:00:00,2026-07-08 12:00:00
5980,점심식사,,2026-07-08 12:00:00,2026-07-08 14:00:00
5981,공원,,2026-07-08 14:00:00,2026-07-08 15:00:00
5982,공부,,2026-07-08 15:00:00,2026-07-08 17:00:00
5983,운동,,2026-07-08 17:00:00,2026-07-08 18:00:00
5984,저녁식사,,2026-07-08 18:00:00,2026-07-08 20:00:00
5985,실내활동,,2026-07-08 20:00:00,2026-07-08 21:00:00
5986,공원,,2026-07-08 21:00:00,2026-07-08 23:00:00
5987,공부,,2026-07-08 23:00:00,2026-07-09 00:00:00
5988,기타,,2026-07-08 22:00:00,2026-07-08 23:00:00
5989,아침식사,,2026-07-09 08:00:00,2026-07-09 10:00:00
5990,운동,,2026-07-09 10:00:00,2026-07-09 11:00:00
5991,기타,,2026-07-09 11:00:00,2026-07-09 12:00:00
5992,점심식사,,2026-07-09 12:00:00,2026-07-09 14:00:00
5993,기타,,2026-07-09 14:00:00,2026-07-09 15:00:00
5994,기타,,2026-07-09 15:00:00,2026-07-09 17:00:00
5995,실내활동,,2026-07-09 17:00:00,2026-07-09 19:00:00
5996,실내활동,,2026-07-09 19:00:00,2026-07-09 20:00:00
5997,실내활동,,2026-07-09 20:00:00,2026-07-09 22:00:00
5998,실내활동,,2026-07-09 22:00:00,2026-07-10 00:00:00
5999,아침식사,,2026-07-10 08:00:00,2026-07-10 10:00:00
6000,운동,,2026-07-10 10:00:00,2026-07-10 11:00:00
6001,운동,,2026-07-10 11:00:00,2026-07-10 13:00:00
6002,실내활동,,2026-07-10 13:00:00,2026-07-10 14:00:00
6003,공원,,2026-07-10 14:00:00,2026-07-10 15:00:00
6004,공원,,2026-07-10 15:00:00,2026-07-10 17:00:00
6005,공원,,2026-07-10 17:00:00,2026-07-10 19:00:00
6006,운동,,2026-07-10 19:00:00,2026-07-10 20:00:00
6007,공원,,2026-07-10 20:00:00,2026-07-10 21:00:00
6008,기타,,2026-07-10 21:00:00,2026-07-10 22:00:00
6009,기타,,2026-07-10 22:00:00,2026-07-11 00:00:00
6010,관람,,2026-07-10 22:00:00,2026-07-10 23:00:00
6011,아침식사,,2026-07-11 08:00:00,2026-07-11 10:00:00
6012,기타,,2026-07-11 10:00:00,2026-07-11 11:00:00
6013,기타,,2026-07-11 11:00:00,2026-07-11 13:00:00
6014,운동,,2026-07-11 13:00:00,2026-07-11 14:00:00
6015,운동,,2026-07-11 14:00:00,2026-07-11 15:00:00
6016,기타,,2026-07-11 15:00:00,2026-07-11 17:00:00
6017,기타,,2026-07-11 17:00:00,2026-07-11 19:00:00
6018,기타,,2026-07-11 19:00:00,2026-07-11 20:00:00
6019,운동,,2026-07-11 20:00:00,2026-07-11 21:00:00
6020,기타,,2026-07-11 21:00:00,2026-07-11 22:00:00
6021,스포츠,,2026-07-11 22:00:00,2026-07-11 23:00:00
6022,스포츠,,2026-07-11 23:00:00,2026-07-12 00:00:00
6023,아침식사,,2026-07-12 08:00:00,2026-07-12 10:00:00
6024,기타,,2026-07-12 10:00:00,2026-07-12 11:00:00
6025,공부,,2026-07-12 11:00:00,2026-07-12 13:00:00
6026,공부,,2026-07-12 13:00:00,2026-07-12 15:00:00
6027,기타,,2026-07-12 15:00:00,2026-07-12 16:00:00
6028,관람,,2026-07-12 16:00:00,2026-07-12 18:00:00
6029,저녁식사,,2026-07-12 18:00:00,2026-07-12 20:00:00
6030,운동,,2026-07-12 20:00:00,2026-07-12 21:00:00
6031,기타,,2026-07-12 21:00:00,2026-07-12 22:00:00
6032,운동,,2026-07-12 22:00:00,2026-07-13 00:00:00
6033,실내활동,,2026-07-12 22:00:00,2026-07-12 23:00:00
6034,아침식사,,2026-07-13 08:00:00,2026-07-13 10:00:00
6035,운동,,2026-07-13 10:00:00,2026-07-13 12:00:00
6036,점심식사,,2026-07-13 12:00:00,2026-07-13 14:00:00
6037,관람,,2026-07-13 14:00:00,2026-07-13 15:00:00
6038,기타,,2026-07-13 15:00:00,2026-07-13 16:00:00
6039,기타,,2026-07-13 16:00:00,2026-07-13 18:00:00
6040,저녁식사,,2026-07-13 18:00:00,2026-07-13 20:00:00
6041,기타,,2026-07-13 20:00:00,2026-07-13 21:00:00
6042,공원,,2026-07-13 21:00:00,2026-07-13 22:00:00
6043,관람,,2026-07-13 22:00:00,2026-07-14 00:00:00
6044,아침식사,,2026-07-14 08:00:00,2026-07-14 10:00:00
6045,공부,,2026-07-14 10:00:00,2026-07-14 11:00:00
6046,공부,,2026-07-14 11:00:00,2026-07-14 12:00:00
6047,점심식사,,2026-07-14 12:00:00,2026-07-14 14:00:00
6048,기타,,2026-07-14 14:00:00,2026-07-14 15:00:00
6049,공부,,2026-07-14 15:00:00,2026-07-14 16:00:00
6050,공부,,2026-07-14 16:00:00,2026-07-14 17:00:00
6051,운동,,2026-07-14 17:00:00,2026-07-14 19:00:00
6052,기타,,2026-07-14 19:00:00,2026-07-14 21:00:00
6053,기타,,2026-07-14 21:00:00,2026-07-14 23:00:00
6054,공부,,2026-07-14 23:00:00,2026-07-15 00:00:00
6055,아침식사,,2026-07-15 08:00:00,2026-07-15 10:00:00
6056,실내활동,,2026-07-15 10:00:00,2026-07-15 11:00:00
6057,공원,,2026-07-15 11:00:00,2026-07-15 13:00:00
6058,운동,,2026-07-15 13:00:00,2026-07-15 14:00:00
6059,실내활동,,2026-07-15 14:00:00,2026-07-15 16:00:00
6060,운동,,2026-07-15 16:00:00,2026-07-15 17:00:00
6061,공원,,2026-07-15 17:00:00,2026-07-15 19:00:00
6062,실내활동,,2026-07-15 19:00:00,2026-07-15 20:00:00
6063,기타,,2026-07-15 20:00:00,2026-07-15 21:00:00
6064,공부,,2026-07-15 21:00:00,2026-07-15 22:00:00
6065,공원,,2026-07-15 22:00:00,2026-07-15 23:00:00
6066,실내활동,,2026-07-15 23:00:00,2026-07-16 00:00:00
6067,아침식사,,2026-07-16 08:00:00,2026-07-16 10:00:00
6068,실내활동,,2026-07-16 10:00:00,2026-07-16 11:00:00
6069,운동,,2026-07-16 11:00:00,2026-07-16 12:00:00
6070,점심식사,,2026-07-16 12:00:00,2026-07-16 14:00:00
6071,실내활동,,2026-07-16 14:00:00,2026-07-16 15:00:00
6072,운동,,2026-07-16 15:00:00,2026-07-16 17:00:00
6073,실내활동,,2026-07-16 17:00:00,2026-07-16 18:00:00
6074,저녁식사,,2026-07-16 18:00:00,2026-07-16 20:00:00
6075,실내활동,,2026-07-16 20:00:00,2026-07-16 21:00:00
6076,운동,,2026-07-16 21:00:00,2026-07-16 22:00:00
6077,기타,,2026-07-16 22:00:00,2026-07-16 23:00:00
6078,기타,,2026-07-16 23:00:00,2026-07-17 00:00:00
6079,아침식사,,2026-07-17 08:00:00,2026-07-17 10:00:00
6080,공원,,2026-07-17 10:00:00,2026-07-17 12:00:00
6081,점심식사,,2026-07-17 12:00:00,2026-07-17 14:00:00
6082,실내활동,,2026-07-17 14:00:00,2026-07-17 15:00:00
6083,실내활동,,2026-07-17 15:00:00,2026-07-17 17:00:00
6084,실내활동,,2026-07-17 17:00:00,2026-07-17 19:00:00
6085,관람,,2026-07-17 19:00:00,2026-07-17 20:00:00
6086,관람,,2026-07-17 20:00:00,2026-07-17 22:00:00
6087,기타,,2026-07-17 22:00:00,2026-07-17 23:00:00
6088,공원,,2026-07-17 23:00:00,2026-07-18 00:00:00
6089,운동,,2026-07-17 22:00:00,2026-07-17 23:00:00
6090,아침식사,,2026-07-18 08:00:00,2026-07-18 10:00:00
6091,기타,,2026-07-18 10:00:00,2026-07-18 12:00:00
6092,점심식사,,2026-07-18 12:00:00,2026-07-18 14:00:00
6093,스포츠,,2026-07-18 14:00:00,2026-07-18 15:00:00
6094,스포츠,,2026-07-18 15:00:00,2026-07-18 17:00:00
6095,스포츠,,2026-07-18 17:00:00,2026-07-18 18:00:00
6096,저녁식사,,2026-07-18 18:00:00,2026-07-18 20:00:00
6097,기타,,2026-07-18 20:00:00,2026-07-18 22:00:00
6098,기타,,2026-07-18 22:00:00,2026-07-19 00:00:00
6099,운동,,2026-07-18 22:00:00,2026-07-18 23:00:00
6100,아침식사,,2026-07-19 08:00:00,2026-07-19 10:00:00
6101,실내활동,,2026-07-19 10:00:00,2026-07-19 12:00:00
6102,점심식사,,2026-07-19 12:00:00,2026-07-19 14:00:00
6103,실내활동,,2026-07-19 14:00:00,2026-07-19 16:00:00
6104,관람,,2026-07-19 16:00:00,2026-07-19 17:00:00
6105,실내활동,,2026-07-19 17:00:00,2026-07-19 19:00:00
6106,운동,,2026-07-19 19:00:00,2026-07-19 20:00:00
6107,관람,,2026-07-19 20:00:00,2026-07-19 21:00:00
6108,실내활동,,2026-07-19 21:00:00,2026-07-19 23:00:00
6109,공부,,2026-07-19 23:00:00,2026-07-20 00:00:00
6110,기타,,2026-07-19 22:00:00,2026-07-19 23:00:00
6111,아침식사,,2026-07-20 08:00:00,2026-07-20 10:00:00
6112,공원,,2026-07-20 10:00:00,2026-07-20 12:00:00
6113,점심식사,,2026-07-20 12:00:00,2026-07-20 14:00:00
6114,관람,,2026-07-20 14:00:00,2026-07-20 16:00:00
6115,관람,,2026-07-20 16:00:00,2026-07-20 17:00:00
6116,공원,,2026-07-20 17:00:00,2026-07-20 19:00:00
6117,기타,,2026-07-20 19:00:00,2026-07-20 20:00:00
6118,관람,,2026-07-20 20:00:00,2026-07-20 21:00:00
6119,운동,,2026-07-20 21:00:00,2026-07-20 23:00:00
6120,운동,,2026-07-20 23:00:00,2026-07-21 00:00:00
6121,아침식사,,2026-07-21 08:00:00,2026-07-21 10:00:00
6122,운동,,2026-07-21 10:00:00,2026-07-21 12:00:00
6123,점심식사,,2026-07-21 12:00:00,2026-07-21 14:00:00
6124,기타,,2026-07-21 14:00:00,2026-07-21 16:00:00
6125,기타,,2026-07-21 16:00:00,2026-07-21 17:00:00
6126,공부,,2026-07-21 17:00:00,2026-07-21 18:00:00
6127,저녁식사,,2026-07-21 18:00:00,2026-07-21 20:00:00
6128,공부,,2026-07-21 20:00:00,2026-07-21 21:00:00
6129,기타,,2026-07-21 21:00:00,2026-07-21 22:00:00
6130,기타,,2026-07-21 22:00:00,2026-07-21 23:00:00
6131,기타,,2026-07-21 23:00:00,2026-07-22 00:00:00
6132,아침식사,,2026-07-22 08:00:00,2026-07-22 10:00:00
6133,운동,,2026-07-22 10:00:00,2026-07-22 11:00:00
6134,공원,,2026-07-22 11:00:00,2026-07-22 12:00:00
6135,점심식사,,2026-07-22 12:00:00,2026-07-22 14:00:00
6136,공원,,2026-07-22 14:00:00,2026-07-22 16:00:00
6137,기타,,2026-07-22 16:00:00,2026-07-22 18:00:00
6138,저녁식사,,2026-07-22 18:00:00,2026-07-22 20:00:00
6139,운동,,2026-07-22 20:00:00,2026-07-22 22:00:00
6140,실내활동,,2026-07-22 22:00:00,2026-07-22 23:00:00
6141,운동,,2026-07-22 23:00:00,2026-07-23 00:00:00
6142,공부,,2026-07-22 22:00:00,2026-07-22 23:00:00
6143,아침식사,,2026-07-23 08:00:00,2026-07-23 10:00:00
6144,운동,,2026-07-23 10:00:00,2026-07-23 11:00:00
6145,실내활동,,2026-07-23 11:00:00,2026-07-23 13:00:00
6146,운동,,2026-07-23 13:00:00,2026-07-23 14:00:00
6147,운동,,2026-07-23 14:00:00,2026-07-23 15:00:00
6148,기타,,2026-07-23 15:00:00,2026-07-23 17:00:00
6149,기타,,2026-07-23 17:00:00,2026-07-23 19:00:00
6150,실내활동,,2026-07-23 19:00:00,2026-07-23 20:00:00
6151,실내활동,,2026-07-23 20:00:00,2026-07-23 21:00:00
6152,기타,,2026-07-23 21:00:00,2026-07-23 23:00:00
6153,운동,,2026-07-23 23:00:00,2026-07-24 00:00:00
6154,아침식사,,2026-07-24 08:00:00,2026-07-24 10:00:00
6155,운동,,2026-07-24 10:00:00,2026-07-24 12:00:00
6156,점심식사,,2026-07-24 12:00:00,2026-07-24 14:00:00
6157,운동,,2026-07-24 14:00:00,2026-07-24 15:00:00
6158,운동,,2026-07-24 15:00:00,2026-07-24 16:00:00
6159,실내활동,,2026-07-24 16:00:00,2026-07-24 17:00:00
6160,운동,,2026-07-24 17:00:00,2026-07-24 18:00:00
6161,저녁식사,,2026-07-24 18:00:00,2026-07-24 20:00:00
6162,공원,,2026-07-24 20:00:00,2026-07-24 21:00:00
6163,관람,,2026-07-24 21:00:00,2026-07-24 22:00:00
6164,실내활동,,2026-07-24 22:00:00,2026-07-25 00:00:00
6165,기타,,2026-07-24 22:00:00,2026-07-24 23:00:00
6166,아침식사,,2026-07-25 08:00:00,2026-07-25 10:00:00
6167,기타,,2026-07-25 10:00:00,2026-07-25 12:00:00
6168,점심식사,,2026-07-25 12:00:00,2026-07-25 14:00:00
6169,기타,,2026-07-25 14:00:00,2026-07-25 15:00:00
6170,기타,,2026-07-25 15:00:00,2026-07-25 16:00:00
6171,기타,,2026-07-25 16:00:00,2026-07-25 17:00:00
6172,스포츠,,2026-07-25 17:00:00,2026-07-25 19:00:00
6173,운동,,2026-07-25 19:00:00,2026-07-25 21:00:00
6174,운동,,2026-07-25 21:00:00,2026-07-25 23:00:00
6175,기타,,2026-07-25 23:00:00,2026-07-26 00:00:00
6176,아침식사,,2026-07-26 08:00:00,2026-07-26 10:00:00
6177,관람,,2026-07-26 10:00:00,2026-07-26 11:00:00
6178,운동,,2026-07-26 11:00:00,2026-07-26 12:00:00
6179,점심식사,,2026-07-26 12:00:00,2026-07-26 14:00:00
6180,기타,,2026-07-26 14:00:00,2026-07-26 15:00:00
6181,기타,,2026-07-26 15:00:00,2026-07-26 17:00:00
6182,공부,,2026-07-26 17:00:00,2026-07-26 18:00:00
6183,저녁식사,,2026-07-26 18:00:00,2026-07-26 20:00:00
6184,운동,,2026-07-26 20:00:00,2026-07-26 22:00:00
6185,운동,,2026-07-26 22:00:00,2026-07-27 00:00:00
6186,실내활동,,2026-07-26 22:00:00,2026-07-26 23:00:00
6187,아침식사,,2026-07-27 08:00:00,2026-07-27 10:00:00
6188,공원,,2026-07-27 10:00:00,2026-07-27 12:00:00
6189,점심식사,,2026-07-27 12:00:00,2026-07-27 14:00:00
6190,공원,,2026-07-27 14:00:00,2026-07-27 15:00:00
6191,공원,,2026-07-27 15:00:00,2026-07-27 16:00:00
6192,관람,,2026-07-27 16:00:00,2026-07-27 17:00:00
6193,기타,,2026-07-27 17:00:00,2026-07-27 18:00:00
6194,저녁식사,,2026-07-27 18:00:00,2026-07-27 20:00:00
6195,관람,,2026-07-27 20:00:00,2026-07-27 21:00:00
6196,기타,,2026-07-27 21:00:00,2026-07-27 22:00:00
6197,공원,,2026-07-27 22:00:00,2026-07-28 00:00:00
6198,운동,,2026-07-27 22:00:00,2026-07-27 23:00:00
6199,아침식사,,2026-07-28 08:00:00,2026-07-28 10:00:00
6200,공부,,2026-07-28 10:00:00,2026-07-28 11:00:00
6201,공부,,2026-07-28 11:00:00,2026-07-28 12:00:00
6202,점심식사,,2026-07-28 12:00:00,2026-07-28 14:00:00
6203,기타,,2026-07-28 14:00:00,2026-07-28 16:00:00
6204,기타,,2026-07-28 16:00:00,2026-07-28 18:00:00
6205,저녁식사,,2026-07-28 18:00:00,2026-07-28 20:00:00
6206,기타,,2026-07-28 20:00:00,2026-07-28 22:00:00
6207,운동,,2026-07-28 22:00:00,2026-07-29 00:00:00
6208,아침식사,,2026-07-29 08:00:00,2026-07-29 10:00:00
6209,공원,,2026-07-29 10:00:00,2026-07-29 12:00:00
6210,점심식사,,2026-07-29 12:00:00,2026-07-29 14:00:00
6211,실내활동,,2026-07-29 14:00:00,2026-07-29 16:00:00
6212,공원,,2026-07-29 16:00:00,2026-07-29 17:00:00
6213,운동,,2026-07-29 17:00:00,2026-07-29 19:00:00
6214,실내활동,,2026-07-29 19:00:00,2026-07-29 21:00:00
6215,실내활동,,2026-07-29 21:00:00,2026-07-29 22:00:00
6216,공부,,2026-07-29 22:00:00,2026-07-30 00:00:00
6217,기타,,2026-07-29 22:00:00,2026-07-29 23:00:00
6218,아침식사,,2026-07-30 08:00:00,2026-07-30 10:00:00
6219,실내활동,,2026-07-30 10:00:00,2026-07-30 11:00:00
6220,운동,,2026-07-30 11:00:00,2026-07-30 13:00:00
6221,기타,,2026-07-30 13:00:00,2026-07-30 14:00:00
6222,운동,,2026-07-30 14:00:00,2026-07-30 15:00:00
6223,실내활동,,2026-07-30 15:00:00,2026-07-30 17:00:00
6224,운동,,2026-07-30 17:00:00,2026-07-30 19:00:00
6225,기타,,2026-07-30 19:00:00,2026-07-30 20:00:00
6226,실내활동,,2026-07-30 20:00:00,2026-07-30 21:00:00
6227,실내활동,,2026-07-30 21:00:00,2026-07-30 22:00:00
6228,실내활동,,2026-07-30 22:00:00,2026-07-30 23:00:00
6229,운동,,2026-07-30 23:00:00,2026-07-31 00:00:00
6230,아침식사,,2026-07-31 08:00:00,2026-07-31 10:00:00
6231,운동,,2026-07-31 10:00:00,2026-07-31 11:00:00
6232,운동,,2026-07-31 11:00:00,2026-07-31 12:00:00
6233,점심식사,,2026-07-31 12:00:00,2026-07-31 14:00:00
6234,공원,,2026-07-31 14:00:00,2026-07-31 16:00:00
6235,기타,,2026-07-31 16:00:00,2026-07-31 17:00:00
6236,운동,,2026-07-31 17:00:00,2026-07-31 19:00:00
6237,기타,,2026-07-31 19:00:00,2026-07-31 21:00:00
6238,실내활동,,2026-07-31 21:00:00,2026-07-31 23:00:00
6239,기타,,2026-07-31 23:00:00,2026-08-01 00:00:00
6240,관람,,2026-07-31 22:00:00,2026-07-31 23:00:00
6241,아침식사,,2026-08-01 08:00:00,2026-08-01 10:00:00
6242,기타,,2026-08-01 10:00:00,2026-08-01 12:00:00
6243,점심식사,,2026-08-01 12:00:00,2026-08-01 14:00:00
6244,스포츠,,2026-08-01 14:00:00,2026-08-01 16:00:00
6245,스포츠,,2026-08-01 16:00:00,2026-08-01 18:00:00
6246,저녁식사,,2026-08-01 18:00:00,2026-08-01 20:00:00
6247,스포츠,,2026-08-01 20:00:00,2026-08-01 21:00:00
6248,기타,,2026-08-01 21:00:00,2026-08-01 23:00:00
6249,기타,,2026-08-01 23:00:00,2026-08-02 00:00:00
6250,운동,,2026-08-01 22:00:00,2026-08-01 23:00:00
6251,아침식사,,2026-08-02 08:00:00,2026-08-02 10:00:00
6252,관람,,2026-08-02 10:00:00,2026-08-02 11:00:00
6253,공부,,2026-08-02 11:00:00,2026-08-02 13:00:00
6254,공부,,2026-08-02 13:00:00,2026-08-02 15:00:00
6255,공부,,2026-08-02 15:00:00,2026-08-02 17:00:00
6256,기타,,2026-08-02 17:00:00,2026-08-02 19:00:00
6257,공부,,2026-08-02 19:00:00,2026-08-02 21:00:00
6258,기타,,2026-08-02 21:00:00,2026-08-02 22:00:00
6259,공부,,2026-08-02 22:00:00,2026-08-02 23:00:00
6260,관람,,2026-08-02 23:00:00,2026-08-03 00:00:00
6261,운동,,2026-08-02 22:00:00,2026-08-02 23:00:00
6262,실내활동,,2026-08-02 22:00:00,2026-08-02 23:00:00
6263,아침식사,,2026-08-03 08:00:00,2026-08-03 10:00:00
6264,운동,,2026-08-03 10:00:00,2026-08-03 12:00:00
6265,점심식사,,2026-08-03 12:00:00,2026-08-03 14:00:00
6266,기타,,2026-08-03 14:00:00,2026-08-03 15:00:00
6267,관람,,2026-08-03 15:00:00,2026-08-03 16:00:00
6268,관람,,2026-08-03 16:00:00,2026-08-03 18:00:00
6269,저녁식사,,2026-08-03 18:00:00,2026-08-03 20:00:00
6270,기타,,2026-08-03 20:00:00,2026-08-03 22:00:00
6271,기타,,2026-08-03 22:00:00,2026-08-04 00:00:00
6272,공원,,2026-08-03 22:00:00,2026-08-03 23:00:00
6273,아침식사,,2026-08-04 08:00:00,2026-08-04 10:00:00
6274,공부,,2026-08-04 10:00:00,2026-08-04 12:00:00
6275,점심식사,,2026-08-04 12:00:00,2026-08-04 14:00:00
6276,기타,,2026-08-04 14:00:00,2026-08-04 15:00:00
6277,운동,,2026-08-04 15:00:00,2026-08-04 16:00:00
6278,기타,,2026-08-04 16:00:00,2026-08-04 17:00:00
6279,기타,,2026-08-04 17:00:00,2026-08-04 19:00:00
6280,기타,,2026-08-04 19:00:00,2026-08-04 21:00:00
6281,운동,,2026-08-04 21:00:00,2026-08-04 23:00:00
6282,운동,,2026-08-04 23:00:00,2026-08-05 00:00:00
6283,아침식사,,2026-08-05 08:00:00,2026-08-05 10:00:00
6284,공부,,2026-08-05 10:00:00,2026-08-05 11:00:00
6285,공원,,2026-08-05 11:00:00,2026-08-05 12:00:00
6286,점심식사,,2026-08-05 12:00:00,2026-08-05 14:00:00
6287,공부,,2026-08-05 14:00:00,2026-08-05 15:00:00
6288,실내활동,,2026-08-05 15:00:00,2026-08-05 17:00:00
6289,공원,,2026-08-05 17:00:00,2026-08-05 18:00:00
6290,저녁식사,,2026-08-05 18:00:00,2026-08-05 20:00:00
6291,기타,,2026-08-05 20:00:00,2026-08-05 21:00:00
6292,운동,,2026-08-05 21:00:00,2026-08-05 23:00:00
6293,기타,,2026-08-05 23:00:00,2026-08-06 00:00:00
6294,아침식사,,2026-08-06 08:00:00,2026-08-06 10:00:00
6295,운동,,2026-08-06 10:00:00,2026-08-06 11:00:00
6296,운동,,2026-08-06 11:00:00,2026-08-06 13:00:00
6297,실내활동,,2026-08-06 13:00:00,2026-08-06 15:00:00
6298,실내활동,,2026-08-06 15:00:00,2026-08-06 16:00:00
6299,기타,,2026-08-06 16:00:00,2026-08-06 18:00:00
6300,저녁식사,,2026-08-06 18:00:00,2026-08-06 20:00:00
6301,실내활동,,2026-08-06 20:00:00,2026-08-06 22:00:00
6302,운동,,2026-08-06 22:00:00,2026-08-06 23:00:00
6303,기타,,2026-08-06 23:00:00,2026-08-07 00:00:00
6304,아침식사,,2026-08-07 08:00:00,2026-08-07 10:00:00
6305,운동,,2026-08-07 10:00:00,2026-08-07 11:00:00
6306,관람,,2026-08-07 11:00:00,2026-08-07 12:00:00
6307,점심식사,,2026-08-07 12:00:00,2026-08-07 14:00:00
6308,운동,,2026-08-07 14:00:00,2026-08-07 16:00:00
6309,관람,,2026-08-07 16:00:00,2026-08-07 17:00:00
6310,실내활동,,2026-08-07 17:00:00,2026-08-07 18:00:00
6311,저녁식사,,2026-08-07 18:00:00,2026-08-07 20:00:00
6312,관람,,2026-08-07 20:00:00,2026-08-07 22:00:00
6313,실내활동,,2026-08-07 22:00:00,2026-08-07 23:00:00
6314,관람,,2026-08-07 23:00:00,2026-08-08 00:00:00
6315,공원,,2026-08-07 22:00:00,2026-08-07 23:00:00
6316,기타,,2026-08-07 22:00:00,2026-08-07 23:00:00
6317,아침식사,,2026-08-08 08:00:00,2026-08-08 10:00:00
6318,스포츠,,2026-08-08 10:00:00,2026-08-08 12:00:00
6319,점심식사,,2026-08-08 12:00:00,2026-08-08 14:00:00
6320,기타,,2026-08-08 14:00:00,2026-08-08 16:00:00
6321,기타,,2026-08-08 16:00:00,2026-08-08 18:00:00
6322,저녁식사,,2026-08-08 18:00:00,2026-08-08 20:00:00
6323,기타,,2026-08-08 20:00:00,2026-08-08 21:00:00
6324,스포츠,,2026-08-08 21:00:00,2026-08-08 22:00:00
6325,기타,,2026-08-08 22:00:00,2026-08-08 23:00:00
6326,기타,,2026-08-08 23:00:00,2026-08-09 00:00:00
6327,운동,,2026-08-08 22:00:00,2026-08-08 23:00:00
6328,아침식사,,2026-08-09 08:00:00,2026-08-09 10:00:00
6329,공부,,2026-08-09 10:00:00,2026-08-09 12:00:00
6330,점심식사,,2026-08-09 12:00:00,2026-08-09 14:00:00
6331,관람,,2026-08-09 14:00:00,2026-08-09 16:00:00
6332,기타,,2026-08-09 16:00:00,2026-08-09 17:00:00
6333,관람,,2026-08-09 17:00:00,2026-08-09 19:00:00
6334,기타,,2026-08-09 19:00:00,2026-08-09 20:00:00
6335,운동,,2026-08-09 20:00:00,2026-08-09 22:00:00
6336,관람,,2026-08-09 22:00:00,2026-08-10 00:00:00
6337,실내활동,,2026-08-09 22:00:00,2026-08-09 23:00:00
6338,아침식사,,2026-08-10 08:00:00,2026-08-10 10:00:00
6339,기타,,2026-08-10 10:00:00,2026-08-10 12:00:00
6340,점심식사,,2026-08-10 12:00:00,2026-08-10 14:00:00
6341,공원,,2026-08-10 14:00:00,2026-08-10 16:00:00
6342,기타,,2026-08-10 16:00:00,2026-08-10 17:00:00
6343,운동,,2026-08-10 17:00:00,2026-08-10 19:00:00
6344,운동,,2026-08-10 19:00:00,2026-08-10 21:00:00
6345,기타,,2026-08-10 21:00:00,2026-08-10 22:00:00
6346,관람,,2026-08-10 22:00:00,2026-08-11 00:00:00
6347,아침식사,,2026-08-11 08:00:00,2026-08-11 10:00:00
6348,공부,,2026-08-11 10:00:00,2026-08-11 11:00:00
6349,운동,,2026-08-11 11:00:00,2026-08-11 12:00:00
6350,점심식사,,2026-08-11 12:00:00,2026-08-11 14:00:00
6351,운동,,2026-08-11 14:00:00,2026-08-11 15:00:00
6352,운동,,2026-08-11 15:00:00,2026-08-11 16:00:00
6353,공부,,2026-08-11 16:00:00,2026-08-11 17:00:00
6354,공부,,2026-08-11 17:00:00,2026-08-11 18:00:00
6355,저녁식사,,2026-08-11 18:00:00,2026-08-11 20:00:00
6356,기타,,2026-08-11 20:00:00,2026-08-11 22:00:00
6357,운동,,2026-08-11 22:00:00,2026-08-11 23:00:00
6358,운동,,2026-08-11 23:00:00,2026-08-12 00:00:00
6359,아침식사,,2026-08-12 08:00:00,2026-08-12 10:00:00
6360,공원,,2026-08-12 10:00:00,2026-08-12 12:00:00
6361,점심식사,,2026-08-12 12:00:00,2026-08-12 14:00:00
6362,공원,,2026-08-12 14:00:00,2026-08-12 15:00:00
6363,운동,,2026-08-12 15:00:00,2026-08-12 16:00:00
6364,운동,,2026-08-12 16:00:00,2026-08-12 18:00:00
6365,저녁식사,,2026-08-12 18:00:00,2026-08-12 20:00:00
6366,공부,,2026-08-12 20:00:00,2026-08-12 21:00:00
6367,실내활동,,2026-08-12 21:00:00,2026-08-12 23:00:00
6368,공부,,2026-08-12 23:00:00,2026-08-13 00:00:00
6369,기타,,2026-08-12 22:00:00,2026-08-12 23:00:00
6370,아침식사,,2026-08-13 08:00:00,2026-08-13 10:00:00
6371,실내활동,,2026-08-13 10:00:00,2026-08-13 12:00:00
6372,점심식사,,2026-08-13 12:00:00,2026-08-13 14:00:00
6373,실내활동,,2026-08-13 14:00:00,2026-08-13 15:00:00
6374,기타,,2026-08-13 15:00:00,2026-08-13 17:00:00
6375,기타,,2026-08-13 17:00:00,2026-08-13 18:00:00
6376,저녁식사,,2026-08-13 18:00:00,2026-08-13 20:00:00
6377,기타,,2026-08-13 20:00:00,2026-08-13 21:00:00
6378,기타,,2026-08-13 21:00:00,2026-08-13 23:00:00
6379,운동,,2026-08-13 23:00:00,2026-08-14 00:00:00
6380,아침식사,,2026-08-14 08:00:00,2026-08-14 10:00:00
6381,운동,,2026-08-14 10:00:00,2026-08-14 12:00:00
6382,점심식사,,2026-08-14 12:00:00,2026-08-14 14:00:00
6383,실내활동,,2026-08-14 14:00:00,2026-08-14 16:00:00
6384,실내활동,,2026-08-14 16:00:00,2026-08-14 17:00:00
6385,기타,,2026-08-14 17:00:00,2026-08-14 19:00:00
6386,관람,,2026-08-14 19:00:00,2026-08-14 20:00:00
6387,실내활동,,2026-08-14 20:00:00,2026-08-14 21:00:00
6388,실내활동,,2026-08-14 21:00:00,2026-08-14 23:00:00
6389,공원,,2026-08-14 23:00:00,2026-08-15 00:00:00
6390,아침식사,,2026-08-15 08:00:00,2026-08-15 10:00:00
6391,스포츠,,2026-08-15 10:00:00,2026-08-15 11:00:00
6392,운동,,2026-08-15 11:00:00,2026-08-15 13:00:00
6393,스포츠,,2026-08-15 13:00:00,2026-08-15 15:00:00
6394,기타,,2026-08-15 15:00:00,2026-08-15 16:00:00
6395,스포츠,,2026-08-15 16:00:00,2026-08-15 17:00:00
6396,운동,,2026-08-15 17:00:00,2026-08-15 18:00:00
6397,저녁식사,,2026-08-15 18:00:00,2026-08-15 20:00:00
6398,운동,,2026-08-15 20:00:00,2026-08-15 22:00:00
6399,기타,,2026-08-15 22:00:00,2026-08-16 00:00:00
6400,아침식사,,2026-08-16 08:00:00,2026-08-16 10:00:00
6401,실내활동,,2026-08-16 10:00:00,2026-08-16 11:00:00
6402,운동,,2026-08-16 11:00:00,2026-08-16 13:00:00
6403,공부,,2026-08-16 13:00:00,2026-08-16 15:00:00
6404,운동,,2026-08-16 15:00:00,2026-08-16 17:00:00
6405,관람,,2026-08-16 17:00:00,2026-08-16 19:00:00
6406,공부,,2026-08-16 19:00:00,2026-08-16 21:00:00
6407,운동,,2026-08-16 21:00:00,2026-08-16 22:00:00
6408,공부,,2026-08-16 22:00:00,2026-08-17 00:00:00
6409,기타,,2026-08-16 22:00:00,2026-08-16 23:00:00
6410,아침식사,,2026-08-17 08:00:00,2026-08-17 10:00:00
6411,관람,,2026-08-17 10:00:00,2026-08-17 12:00:00
6412,점심식사,,2026-08-17 12:00:00,2026-08-17 14:00:00
6413,공원,,2026-08-17 14:00:00,2026-08-17 15:00:00
6414,관람,,2026-08-17 15:00:00,2026-08-17 16:00:00
6415,운동,,2026-08-17 16:00:00,2026-08-17 17:00:00
6416,관람,,2026-08-17 17:00:00,2026-08-17 19:00:00
6417,관람,,2026-08-17 19:00:00,2026-08-17 21:00:00
6418,기타,,2026-08-17 21:00:00,2026-08-17 23:00:00
6419,관람,,2026-08-17 23:00:00,2026-08-18 00:00:00
6420,아침식사,,2026-08-18 08:00:00,2026-08-18 10:00:00
6421,공부,,2026-08-18 10:00:00,2026-08-18 12:00:00
6422,점심식사,,2026-08-18 12:00:00,2026-08-18 14:00:00
6423,기타,,2026-08-18 14:00:00,2026-08-18 15:00:00
6424,기타,,2026-08-18 15:00:00,2026-08-18 16:00:00
6425,운동,,2026-08-18 16:00:00,2026-08-18 17:00:00
6426,운동,,2026-08-18 17:00:00,2026-08-18 19:00:00
6427,공부,,2026-08-18 19:00:00,2026-08-18 20:00:00
6428,운동,,2026-08-18 20:00:00,2026-08-18 22:00:00
6429,운동,,2026-08-18 22:00:00,2026-08-18 23:00:00
6430,운동,,2026-08-18 23:00:00,2026-08-19 00:00:00
6431,아침식사,,2026-08-19 08:00:00,2026-08-19 10:00:00
6432,운동,,2026-08-19 10:00:00,2026-08-19 12:00:00
6433,점심식사,,2026-08-19 12:00:00,2026-08-19 14:00:00
6434,공부,,2026-08-19 14:00:00,2026-08-19 16:00:00
6435,운동,,2026-08-19 16:00:00,2026-08-19 17:00:00
6436,공원,,2026-08-19 17:00:00,2026-08-19 18:00:00
6437,저녁식사,,2026-08-19 18:00:00,2026-08-19 20:00:00
6438,운동,,2026-08-19 20:00:00,2026-08-19 21:00:00
6439,공원,,2026-08-19 21:00:00,2026-08-19 22:00:00
6440,실내활동,,2026-08-19 22:00:00,2026-08-20 00:00:00
6441,기타,,2026-08-19 22:00:00,2026-08-19 23:00:00
6442,아침식사,,2026-08-20 08:00:00,2026-08-20 10:00:00
6443,기타,,2026-08-20 10:00:00,2026-08-20 12:00:00
6444,점심식사,,2026-08-20 12:00:00,2026-08-20 14:00:00
6445,실내활동,,2026-08-20 14:00:00,2026-08-20 16:00:00
6446,기타,,2026-08-20 16:00:00,2026-08-20 18:00:00
6447,저녁식사,,2026-08-20 18:00:00,2026-08-20 20:00:00
6448,기타,,2026-08-20 20:00:00,2026-08-20 22:00:00
6449,운동,,2026-08-20 22:00:00,2026-08-21 00:00:00
6450,아침식사,,2026-08-21 08:00:00,2026-08-21 10:00:00
6451,운동,,2026-08-21 10:00:00,2026-08-21 12:00:00
6452,점심식사,,2026-08-21 12:00:00,2026-08-21 14:00:00
6453,기타,,2026-08-21 14:00:00,2026-08-21 15:00:00
6454,관람,,2026-08-21 15:00:00,2026-08-21 16:00:00
6455,관람,,2026-08-21 16:00:00,2026-08-21 17:00:00
6456,실내활동,,2026-08-21 17:00:00,2026-08-21 18:00:00
6457,저녁식사,,2026-08-21 18:00:00,2026-08-21 20:00:00
6458,실내활동,,2026-08-21 20:00:00,2026-08-21 22:00:00
6459,실내활동,,2026-08-21 22:00:00,2026-08-21 23:00:00
6460,기타,,2026-08-21 23:00:00,2026-08-22 00:00:00
6461,공원,,2026-08-21 22:00:00,2026-08-21 23:00:00
6462,아침식사,,2026-08-22 08:00:00,2026-08-22 10:00:00
6463,운동,,2026-08-22 10:00:00,2026-08-22 12:00:00
6464,점심식사,,2026-08-22 12:00:00,2026-08-22 14:00:00
6465,스포츠,,2026-08-22 14:00:00,2026-08-22 15:00:00
6466,기타,,2026-08-22 15:00:00,2026-08-22 16:00:00
6467,기타,,2026-08-22 16:00:00,2026-08-22 17:00:00
6468,스포츠,,2026-08-22 17:00:00,2026-08-22 18:00:00
6469,저녁식사,,2026-08-22 18:00:00,2026-08-22 20:00:00
6470,운동,,2026-08-22 20:00:00,2026-08-22 21:00:00
6471,기타,,2026-08-22 21:00:00,2026-08-22 22:00:00
6472,기타,,2026-08-22 22:00:00,2026-08-23 00:00:00
6473,아침식사,,2026-08-23 08:00:00,2026-08-23 10:00:00
6474,실내활동,,2026-08-23 10:00:00,2026-08-23 11:00:00
6475,공부,,2026-08-23 11:00:00,2026-08-23 13:00:00
6476,관람,,2026-08-23 13:00:00,2026-08-23 14:00:00
6477,기타,,2026-08-23 14:00:00,2026-08-23 16:00:00
6478,공부,,2026-08-23 16:00:00,2026-08-23 18:00:00
6479,저녁식사,,2026-08-23 18:00:00,2026-08-23 20:00:00
6480,운동,,2026-08-23 20:00:00,2026-08-23 22:00:00
6481,공부,,2026-08-23 22:00:00,2026-08-24 00:00:00
6482,아침식사,,2026-08-24 08:00:00,2026-08-24 10:00:00
6483,관람,,2026-08-24 10:00:00,2026-08-24 11:00:00
6484,운동,,2026-08-24 11:00:00,2026-08-24 12:00:00
6485,점심식사,,2026-08-24 12:00:00,2026-08-24 14:00:00
6486,관람,,2026-08-24 14:00:00,2026-08-24 15:00:00
6487,운동,,2026-08-24 15:00:00,2026-08-24 16:00:00
6488,운동,,2026-08-24 16:00:00,2026-08-24 18:00:00
6489,저녁식사,,2026-08-24 18:00:00,2026-08-24 20:00:00
6490,관람,,2026-08-24 20:00:00,2026-08-24 21:00:00
6491,관람,,2026-08-24 21:00:00,2026-08-24 22:00:00
6492,운동,,2026-08-24 22:00:00,2026-08-24 23:00:00
6493,운동,,2026-08-24 23:00:00,2026-08-25 00:00:00
6494,공원,,2026-08-24 22:00:00,2026-08-24 23:00:00
6495,기타,,2026-08-24 22:00:00,2026-08-24 23:00:00
6496,아침식사,,2026-08-25 08:00:00,2026-08-25 10:00:00
6497,공부,,2026-08-25 10:00:00,2026-08-25 11:00:00
6498,공부,,2026-08-25 11:00:00,2026-08-25 13:00:00
6499,운동,,2026-08-25 13:00:00,2026-08-25 15:00:00
6500,공부,,2026-08-25 15:00:00,2026-08-25 16:00:00
6501,기타,,2026-08-25 16:00:00,2026-08-25 17:00:00
6502,운동,,2026-08-25 17:00:00,2026-08-25 19:00:00
6503,기타,,2026-08-25 19:00:00,2026-08-25 20:00:00
6504,기타,,2026-08-25 20:00:00,2026-08-25 21:00:00
6505,공부,,2026-08-25 21:00:00,2026-08-25 23:00:00
6506,운동,,2026-08-25 23:00:00,2026-08-26 00:00:00
6507,아침식사,,2026-08-26 08:00:00,2026-08-26 10:00:00
6508,실내활동,,2026-08-26 10:00:00,2026-08-26 12:00:00
6509,점심식사,,2026-08-26 12:00:00,2026-08-26 14:00:00
6510,기타,,2026-08-26 14:00:00,2026-08-26 16:00:00
6511,실내활동,,2026-08-26 16:00:00,2026-08-26 18:00:00
6512,저녁식사,,2026-08-26 18:00:00,2026-08-26 20:00:00
6513,공원,,2026-08-26 20:00:00,2026-08-26 22:00:00
6514,공부,,2026-08-26 22:00:00,2026-08-26 23:00:00
6515,기타,,2026-08-26 23:00:00,2026-08-27 00:00:00
6516,운동,,2026-08-26 22:00:00,2026-08-26 23:00:00
6517,아침식사,,2026-08-27 08:00:00,2026-08-27 10:00:00
6518,운동,,2026-08-27 10:00:00,2026-08-27 12:00:00
6519,점심식사,,2026-08-27 12:00:00,2026-08-27 14:00:00
6520,기타,,2026-08-27 14:00:00,2026-08-27 16:00:00
6521,실내활동,,2026-08-27 16:00:00,2026-08-27 18:00:00
6522,저녁식사,,2026-08-27 18:00:00,2026-08-27 20:00:00
6523,기타,,2026-08-27 20:00:00,2026-08-27 22:00:00
6524,실내활동,,2026-08-27 22:00:00,2026-08-28 00:00:00
6525,아침식사,,2026-08-28 08:00:00,2026-08-28 10:00:00
6526,공원,,2026-08-28 10:00:00,2026-08-28 12:00:00
6527,점심식사,,2026-08-28 12:00:00,2026-08-28 14:00:00
6528,관람,,2026-08-28 14:00:00,2026-08-28 15:00:00
6529,공원,,2026-08-28 15:00:00,2026-08-28 16:00:00
6530,기타,,2026-08-28 16:00:00,2026-08-28 17:00:00
6531,기타,,2026-08-28 17:00:00,2026-08-28 18:00:00
6532,저녁식사,,2026-08-28 18:00:00,2026-08-28 20:00:00
6533,실내활동,,2026-08-28 20:00:00,2026-08-28 21:00:00
6534,관람,,2026-08-28 21:00:00,2026-08-28 23:00:00
6535,실내활동,,2026-08-28 23:00:00,2026-08-29 00:00:00
6536,운동,,2026-08-28 22:00:00,2026-08-28 23:00:00
6537,아침식사,,2026-08-29 08:00:00,2026-08-29 10:00:00
6538,스포츠,,2026-08-29 10:00:00,2026-08-29 11:00:00
6539,기타,,2026-08-29 11:00:00,2026-08-29 13:00:00
6540,운동,,2026-08-29 13:00:00,2026-08-29 15:00:00
6541,스포츠,,2026-08-29 15:00:00,2026-08-29 17:00:00
6542,스포츠,,2026-08-29 17:00:00,2026-08-29 18:00:00
6543,저녁식사,,2026-08-29 18:00:00,2026-08-29 20:00:00
6544,운동,,2026-08-29 20:00:00,2026-08-29 22:00:00
6545,스포츠,,2026-08-29 22:00:00,2026-08-29 23:00:00
6546,기타,,2026-08-29 23:00:00,2026-08-30 00:00:00
6547,아침식사,,2026-08-30 08:00:00,2026-08-30 10:00:00
6548,운동,,2026-08-30 10:00:00,2026-08-30 12:00:00
6549,점심식사,,2026-08-30 12:00:00,2026-08-30 14:00:00
6550,기타,,2026-08-30 14:00:00,2026-08-30 16:00:00
6551,운동,,2026-08-30 16:00:00,2026-08-30 18:00:00
6552,저녁식사,,2026-08-30 18:00:00,2026-08-30 20:00:00
6553,공부,,2026-08-30 20:00:00,2026-08-30 22:00:00
6554,기타,,2026-08-30 22:00:00,2026-08-30 23:00:00
6555,공부,,2026-08-30 23:00:00,2026-08-31 00:00:00
6556,실내활동,,2026-08-30 22:00:00,2026-08-30 23:00:00
6557,관람,,2026-08-30 22:00:00,2026-08-30 23:00:00
6558,아침식사,,2026-08-31 08:00:00,2026-08-31 10:00:00
6559,기타,,2026-08-31 10:00:00,2026-08-31 11:00:00
6560,운동,,2026-08-31 11:00:00,2026-08-31 13:00:00
6561,운동,,2026-08-31 13:00:00,2026-08-31 15:00:00
6562,관람,,2026-08-31 15:00:00,2026-08-31 17:00:00
6563,기타,,2026-08-31 17:00:00,2026-08-31 19:00:00
6564,운동,,2026-08-31 19:00:00,2026-08-31 21:00:00
6565,운동,,2026-08-31 21:00:00,2026-08-31 23:00:00
6566,운동,,2026-08-31 23:00:00,2026-09-01 00:00:00
6567,공원,,2026-08-31 22:00:00,2026-08-31 23:00:00
6568,아침식사,,2026-09-01 08:00:00,2026-09-01 10:00:00
6569,공부,,2026-09-01 10:00:00,2026-09-01 11:00:00
6570,공부,,2026-09-01 11:00:00,2026-09-01 12:00:00
6571,점심식사,,2026-09-01 12:00:00,2026-09-01 14:00:00
6572,공부,,2026-09-01 14:00:00,2026-09-01 16:00:00
6573,운동,,2026-09-01 16:00:00,2026-09-01 17:00:00
6574,공부,,2026-09-01 17:00:00,2026-09-01 19:00:00
6575,운동,,2026-09-01 19:00:00,2026-09-01 21:00:00
6576,기타,,2026-09-01 21:00:00,2026-09-01 23:00:00
6577,운동,,2026-09-01 23:00:00,2026-09-02 00:00:00
6578,아침식사,,2026-09-02 08:00:00,2026-09-02 10:00:00
6579,공원,,2026-09-02 10:00:00,2026-09-02 11:00:00
6580,공원,,2026-09-02 11:00:00,2026-09-02 12:00:00
6581,점심식사,,2026-09-02 12:00:00,2026-09-02 14:00:00
6582,운동,,2026-09-02 14:00:00,2026-09-02 15:00:00
6583,기타,,2026-09-02 15:00:00,2026-09-02 17:00:00
6584,운동,,2026-09-02 17:00:00,2026-09-02 18:00:00
6585,저녁식사,,2026-09-02 18:00:00,2026-09-02 20:00:00
6586,실내활동,,2026-09-02 20:00:00,2026-09-02 21:00:00
6587,운동,,2026-09-02 21:00:00,2026-09-02 22:00:00
6588,공부,,2026-09-02 22:00:00,2026-09-02 23:00:00
6589,기타,,2026-09-02 23:00:00,2026-09-03 00:00:00
6590,아침식사,,2026-09-03 08:00:00,2026-09-03 10:00:00
6591,실내활동,,2026-09-03 10:00:00,2026-09-03 12:00:00
6592,점심식사,,2026-09-03 12:00:00,2026-09-03 14:00:00
6593,기타,,2026-09-03 14:00:00,2026-09-03 16:00:00
6594,실내활동,,2026-09-03 16:00:00,2026-09-03 17:00:00
6595,운동,,2026-09-03 17:00:00,2026-09-03 18:00:00
6596,저녁식사,,2026-09-03 18:00:00,2026-09-03 20:00:00
6597,운동,,2026-09-03 20:00:00,2026-09-03 22:00:00
6598,운동,,2026-09-03 22:00:00,2026-09-04 00:00:00
6599,아침식사,,2026-09-04 08:00:00,2026-09-04 10:00:00
6600,관람,,2026-09-04 10:00:00,2026-09-04 11:00:00
6601,공원,,2026-09-04 11:00:00,2026-09-04 12:00:00
6602,점심식사,,2026-09-04 12:00:00,2026-09-04 14:00:00
6603,운동,,2026-09-04 14:00:00,2026-09-04 16:00:00
6604,실내활동,,2026-09-04 16:00:00,2026-09-04 18:00:00
6605,저녁식사,,2026-09-04 18:00:00,2026-09-04 20:00:00
6606,공원,,2026-09-04 20:00:00,2026-09-04 21:00:00
6607,기타,,2026-09-04 21:00:00,2026-09-04 22:00:00
6608,운동,,2026-09-04 22:00:00,2026-09-04 23:00:00
6609,관람,,2026-09-04 23:00:00,2026-09-05 00:00:00
6610,아침식사,,2026-09-05 08:00:00,2026-09-05 10:00:00
6611,운동,,2026-09-05 10:00:00,2026-09-05 12:00:00
6612,점심식사,,2026-09-05 12:00:00,2026-09-05 14:00:00
6613,운동,,2026-09-05 14:00:00,2026-09-05 15:00:00
6614,스포츠,,2026-09-05 15:00:00,2026-09-05 17:00:00
6615,운동,,2026-09-05 17:00:00,2026-09-05 18:00:00
6616,저녁식사,,2026-09-05 18:00:00,2026-09-05 20:00:00
6617,운동,,2026-09-05 20:00:00,2026-09-05 22:00:00
6618,스포츠,,2026-09-05 22:00:00,2026-09-05 23:00:00
6619,스포츠,,2026-09-05 23:00:00,2026-09-06 00:00:00
6620,기타,,2026-09-05 22:00:00,2026-09-05 23:00:00
6621,아침식사,,2026-09-06 08:00:00,2026-09-06 10:00:00
6622,실내활동,,2026-09-06 10:00:00,2026-09-06 11:00:00
6623,관람,,2026-09-06 11:00:00,2026-09-06 12:00:00
6624,점심식사,,2026-09-06 12:00:00,2026-09-06 14:00:00
6625,기타,,2026-09-06 14:00:00,2026-09-06 16:00:00
6626,기타,,2026-09-06 16:00:00,2026-09-06 17:00:00
6627,기타,,2026-09-06 17:00:00,2026-09-06 19:00:00
6628,관람,,2026-09-06 19:00:00,2026-09-06 21:00:00
6629,운동,,2026-09-06 21:00:00,2026-09-06 22:00:00
6630,공부,,2026-09-06 22:00:00,2026-09-07 00:00:00
6631,아침식사,,2026-09-07 08:00:00,2026-09-07 10:00:00
6632,공원,,2026-09-07 10:00:00,2026-09-07 12:00:00
6633,점심식사,,2026-09-07 12:00:00,2026-09-07 14:00:00
6634,운동,,2026-09-07 14:00:00,2026-09-07 15:00:00
6635,기타,,2026-09-07 15:00:00,2026-09-07 16:00:00
6636,공원,,2026-09-07 16:00:00,2026-09-07 18:00:00
6637,저녁식사,,2026-09-07 18:00:00,2026-09-07 20:00:00
6638,공원,,2026-09-07 20:00:00,2026-09-07 21:00:00
6639,기타,,2026-09-07 21:00:00,2026-09-07 23:00:00
6640,기타,,2026-09-07 23:00:00,2026-09-08 00:00:00
6641,관람,,2026-09-07 22:00:00,2026-09-07 23:00:00
6642,아침식사,,2026-09-08 08:00:00,2026-09-08 10:00:00
6643,공부,,2026-09-08 10:00:00,2026-09-08 12:00:00
6644,점심식사,,2026-09-08 12:00:00,2026-09-08 14:00:00
6645,운동,,2026-09-08 14:00:00,2026-09-08 15:00:00
6646,운동,,2026-09-08 15:00:00,2026-09-08 16:00:00
6647,기타,,2026-09-08 16:00:00,2026-09-08 18:00:00
6648,저녁식사,,2026-09-08 18:00:00,2026-09-08 20:00:00
6649,운동,,2026-09-08 20:00:00,2026-09-08 22:00:00
6650,공부,,2026-09-08 22:00:00,2026-09-08 23:00:00
6651,운동,,2026-09-08 23:00:00,2026-09-09 00:00:00
6652,아침식사,,2026-09-09 08:00:00,2026-09-09 10:00:00
6653,실내활동,,2026-09-09 10:00:00,2026-09-09 11:00:00
6654,실내활동,,2026-09-09 11:00:00,2026-09-09 13:00:00
6655,공부,,2026-09-09 13:00:00,2026-09-09 14:00:00
6656,운동,,2026-09-09 14:00:00,2026-09-09 16:00:00
6657,공부,,2026-09-09 16:00:00,2026-09-09 18:00:00
6658,저녁식사,,2026-09-09 18:00:00,2026-09-09 20:00:00
6659,운동,,2026-09-09 20:00:00,2026-09-09 22:00:00
6660,공부,,2026-09-09 22:00:00,2026-09-10 00:00:00
6661,공원,,2026-09-09 22:00:00,2026-09-09 23:00:00
6662,기타,,2026-09-09 22:00:00,2026-09-09 23:00:00
6663,아침식사,,2026-09-10 08:00:00,2026-09-10 10:00:00
6664,운동,,2026-09-10 10:00:00,2026-09-10 11:00:00
6665,기타,,2026-09-10 11:00:00,2026-09-10 13:00:00
6666,기타,,2026-09-10 13:00:00,2026-09-10 15:00:00
6667,실내활동,,2026-09-10 15:00:00,2026-09-10 16:00:00
6668,운동,,2026-09-10 16:00:00,2026-09-10 18:00:00
6669,저녁식사,,2026-09-10 18:00:00,2026-09-10 20:00:00
6670,운동,,2026-09-10 20:00:00,2026-09-10 22:00:00
6671,기타,,2026-09-10 22:00:00,2026-09-11 00:00:00
6672,아침식사,,2026-09-11 08:00:00,2026-09-11 10:00:00
6673,관람,,2026-09-11 10:00:00,2026-09-11 11:00:00
6674,운동,,2026-09-11 11:00:00,2026-09-11 13:00:00
6675,공원,,2026-09-11 13:00:00,2026-09-11 15:00:00
6676,운동,,2026-09-11 15:00:00,2026-09-11 16:00:00
6677,관람,,2026-09-11 16:00:00,2026-09-11 18:00:00
6678,저녁식사,,2026-09-11 18:00:00,2026-09-11 20:00:00
6679,운동,,2026-09-11 20:00:00,2026-09-11 21:00:00
6680,공원,,2026-09-11 21:00:00,2026-09-11 22:00:00
6681,실내활동,,2026-09-11 22:00:00,2026-09-11 23:00:00
6682,실내활동,,2026-09-11 23:00:00,2026-09-12 00:00:00
6683,기타,,2026-09-11 22:00:00,2026-09-11 23:00:00
6684,아침식사,,2026-09-12 08:00:00,2026-09-12 10:00:00
6685,운동,,2026-09-12 10:00:00,2026-09-12 11:00:00
6686,스포츠,,2026-09-12 11:00:00,2026-09-12 13:00:00
6687,기타,,2026-09-12 13:00:00,2026-09-12 15:00:00
6688,기타,,2026-09-12 15:00:00,2026-09-12 17:00:00
6689,스포츠,,2026-09-12 17:00:00,2026-09-12 19:00:00
6690,스포츠,,2026-09-12 19:00:00,2026-09-12 20:00:00
6691,스포츠,,2026-09-12 20:00:00,2026-09-12 21:00:00
6692,운동,,2026-09-12 21:00:00,2026-09-12 23:00:00
6693,스포츠,,2026-09-12 23:00:00,2026-09-13 00:00:00
6694,아침식사,,2026-09-13 08:00:00,2026-09-13 10:00:00
6695,운동,,2026-09-13 10:00:00,2026-09-13 12:00:00
6696,점심식사,,2026-09-13 12:00:00,2026-09-13 14:00:00
6697,실내활동,,2026-09-13 14:00:00,2026-09-13 16:00:00
6698,공부,,2026-09-13 16:00:00,2026-09-13 17:00:00
6699,실내활동,,2026-09-13 17:00:00,2026-09-13 18:00:00
6700,저녁식사,,2026-09-13 18:00:00,2026-09-13 20:00:00
6701,실내활동,,2026-09-13 20:00:00,2026-09-13 22:00:00
6702,운동,,2026-09-13 22:00:00,2026-09-14 00:00:00
6703,관람,,2026-09-13 22:00:00,2026-09-13 23:00:00
6704,기타,,2026-09-13 22:00:00,2026-09-13 23:00:00
6705,아침식사,,2026-09-14 08:00:00,2026-09-14 10:00:00
6706,공원,,2026-09-14 10:00:00,2026-09-14 12:00:00
6707,점심식사,,2026-09-14 12:00:00,2026-09-14 14:00:00
6708,운동,,2026-09-14 14:00:00,2026-09-14 15:00:00
6709,공원,,2026-09-14 15:00:00,2026-09-14 17:00:00
6710,공원,,2026-09-14 17:00:00,2026-09-14 19:00:00
6711,관람,,2026-09-14 19:00:00,2026-09-14 20:00:00
6712,운동,,2026-09-14 20:00:00,2026-09-14 22:00:00
6713,관람,,2026-09-14 22:00:00,2026-09-14 23:00:00
6714,관람,,2026-09-14 23:00:00,2026-09-15 00:00:00
6715,기타,,2026-09-14 22:00:00,2026-09-14 23:00:00
6716,아침식사,,2026-09-15 08:00:00,2026-09-15 10:00:00
6717,공부,,2026-09-15 10:00:00,2026-09-15 12:00:00
6718,점심식사,,2026-09-15 12:00:00,2026-09-15 14:00:00
6719,공부,,2026-09-15 14:00:00,2026-09-15 15:00:00
6720,공부,,2026-09-15 15:00:00,2026-09-15 17:00:00
6721,공부,,2026-09-15 17:00:00,2026-09-15 18:00:00
6722,저녁식사,,2026-09-15 18:00:00,2026-09-15 20:00:00
6723,운동,,2026-09-15 20:00:00,2026-09-15 22:00:00
6724,공부,,2026-09-15 22:00:00,2026-09-16 00:00:00
6725,기타,,2026-09-15 22:00:00,2026-09-15 23:00:00
6726,아침식사,,2026-09-16 08:00:00,2026-09-16 10:00:00
6727,운동,,2026-09-16 10:00:00,2026-09-16 11:00:00
6728,운동,,2026-09-16 11:00:00,2026-09-16 13:00:00
6729,공부,,2026-09-16 13:00:00,2026-09-16 14:00:00
6730,공부,,2026-09-16 14:00:00,2026-09-16 16:00:00
6731,공부,,2026-09-16 16:00:00,2026-09-16 18:00:00
6732,저녁식사,,2026-09-16 18:00:00,2026-09-16 20:00:00
6733,공원,,2026-09-16 20:00:00,2026-09-16 22:00:00
6734,기타,,2026-09-16 22:00:00,2026-09-16 23:00:00
6735,공부,,2026-09-16 23:00:00,2026-09-17 00:00:00
6736,실내활동,,2026-09-16 22:00:00,2026-09-16 23:00:00
6737,아침식사,,2026-09-17 08:00:00,2026-09-17 10:00:00
6738,운동,,2026-09-17 10:00:00,2026-09-17 12:00:00
6739,점심식사,,2026-09-17 12:00:00,2026-09-17 14:00:00
6740,운동,,2026-09-17 14:00:00,2026-09-17 16:00:00
6741,실내활동,,2026-09-17 16:00:00,2026-09-17 18:00:00
6742,저녁식사,,2026-09-17 18:00:00,2026-09-17 20:00:00
6743,운동,,2026-09-17 20:00:00,2026-09-17 22:00:00
6744,기타,,2026-09-17 22:00:00,2026-09-17 23:00:00
6745,운동,,2026-09-17 23:00:00,2026-09-18 00:00:00
6746,아침식사,,2026-09-18 08:00:00,2026-09-18 10:00:00
6747,공원,,2026-09-18 10:00:00,2026-09-18 11:00:00
6748,관람,,2026-09-18 11:00:00,2026-09-18 12:00:00
6749,점심식사,,2026-09-18 12:00:00,2026-09-18 14:00:00
6750,관람,,2026-09-18 14:00:00,2026-09-18 16:00:00
6751,운동,,2026-09-18 16:00:00,2026-09-18 18:00:00
6752,저녁식사,,2026-09-18 18:00:00,2026-09-18 20:00:00
6753,기타,,2026-09-18 20:00:00,2026-09-18 22:00:00
6754,실내활동,,2026-09-18 22:00:00,2026-09-18 23:00:00
6755,운동,,2026-09-18 23:00:00,2026-09-19 00:00:00
6756,아침식사,,2026-09-19 08:00:00,2026-09-19 10:00:00
6757,기타,,2026-09-19 10:00:00,2026-09-19 11:00:00
6758,운동,,2026-09-19 11:00:00,2026-09-19 13:00:00
6759,운동,,2026-09-19 13:00:00,2026-09-19 15:00:00
6760,운동,,2026-09-19 15:00:00,2026-09-19 16:00:00
6761,스포츠,,2026-09-19 16:00:00,2026-09-19 18:00:00
6762,저녁식사,,2026-09-19 18:00:00,2026-09-19 20:00:00
6763,스포츠,,2026-09-19 20:00:00,2026-09-19 22:00:00
6764,기타,,2026-09-19 22:00:00,2026-09-19 23:00:00
6765,스포츠,,2026-09-19 23:00:00,2026-09-20 00:00:00
6766,아침식사,,2026-09-20 08:00:00,2026-09-20 10:00:00
6767,관람,,2026-09-20 10:00:00,2026-09-20 12:00:00
6768,점심식사,,2026-09-20 12:00:00,2026-09-20 14:00:00
6769,공부,,2026-09-20 14:00:00,2026-09-20 15:00:00
6770,기타,,2026-09-20 15:00:00,2026-09-20 16:00:00
6771,실내활동,,2026-09-20 16:00:00,2026-09-20 18:00:00
6772,저녁식사,,2026-09-20 18:00:00,2026-09-20 20:00:00
6773,기타,,2026-09-20 20:00:00,2026-09-20 22:00:00
6774,기타,,2026-09-20 22:00:00,2026-09-21 00:00:00
6775,운동,,2026-09-20 22:00:00,2026-09-20 23:00:00
6776,아침식사,,2026-09-21 08:00:00,2026-09-21 10:00:00
6777,운동,,2026-09-21 10:00:00,2026-09-21 11:00:00
6778,운동,,2026-09-21 11:00:00,2026-09-21 13:00:00
6779,관람,,2026-09-21 13:00:00,2026-09-21 15:00:00
6780,기타,,2026-09-21 15:00:00,2026-09-21 17:00:00
6781,공원,,2026-09-21 17:00:00,2026-09-21 19:00:00
6782,관람,,2026-09-21 19:00:00,2026-09-21 20:00:00
6783,기타,,2026-09-21 20:00:00,2026-09-21 21:00:00
6784,기타,,2026-09-21 21:00:00,2026-09-21 22:00:00
6785,운동,,2026-09-21 22:00:00,2026-09-21 23:00:00
6786,기타,,2026-09-21 23:00:00,2026-09-22 00:00:00
6787,아침식사,,2026-09-22 08:00:00,2026-09-22 10:00:00
6788,기타,,2026-09-22 10:00:00,2026-09-22 11:00:00
6789,운동,,2026-09-22 11:00:00,2026-09-22 13:00:00
6790,공부,,2026-09-22 13:00:00,2026-09-22 15:00:00
6791,공부,,2026-09-22 15:00:00,2026-09-22 16:00:00
6792,공부,,2026-09-22 16:00:00,2026-09-22 18:00:00
6793,저녁식사,,2026-09-22 18:00:00,2026-09-22 20:00:00
6794,공부,,2026-09-22 20:00:00,2026-09-22 22:00:00
6795,기타,,2026-09-22 22:00:00,2026-09-22 23:00:00
6796,기타,,2026-09-22 23:00:00,2026-09-23 00:00:00
6797,아침식사,,2026-09-23 08:00:00,2026-09-23 10:00:00
6798,운동,,2026-09-23 10:00:00,2026-09-23 12:00:00
6799,점심식사,,2026-09-23 12:00:00,2026-09-23 14:00:00
6800,기타,,2026-09-23 14:00:00,2026-09-23 16:00:00
6801,기타,,2026-09-23 16:00:00,2026-09-23 17:00:00
6802,실내활동,,2026-09-23 17:00:00,2026-09-23 18:00:00
6803,저녁식사,,2026-09-23 18:00:00,2026-09-23 20:00:00
6804,공부,,2026-09-23 20:00:00,2026-09-23 22:00:00
6805,공원,,2026-09-23 22:00:00,2026-09-24 00:00:00
6806,아침식사,,2026-09-24 08:00:00,2026-09-24 10:00:00
6807,기타,,2026-09-24 10:00:00,2026-09-24 12:00:00
6808,점심식사,,2026-09-24 12:00:00,2026-09-24 14:00:00
6809,기타,,2026-09-24 14:00:00,2026-09-24 15:00:00
6810,운동,,2026-09-24 15:00:00,2026-09-24 17:00:00
6811,실내활동,,2026-09-24 17:00:00,2026-09-24 19:00:00
6812,실내활동,,2026-09-24 19:00:00,2026-09-24 21:00:00
6813,운동,,2026-09-24 21:00:00,2026-09-24 23:00:00
6814,실내활동,,2026-09-24 23:00:00,2026-09-25 00:00:00
6815,아침식사,,2026-09-25 08:00:00,2026-09-25 10:00:00
6816,기타,,2026-09-25 10:00:00,2026-09-25 12:00:00
6817,점심식사,,2026-09-25 12:00:00,2026-09-25 14:00:00
6818,운동,,2026-09-25 14:00:00,2026-09-25 15:00:00
6819,실내활동,,2026-09-25 15:00:00,2026-09-25 17:00:00
6820,운동,,2026-09-25 17:00:00,2026-09-25 19:00:00
6821,공원,,2026-09-25 19:00:00,2026-09-25 21:00:00
6822,공원,,2026-09-25 21:00:00,2026-09-25 22:00:00
6823,운동,,2026-09-25 22:00:00,2026-09-25 23:00:00
6824,기타,,2026-09-25 23:00:00,2026-09-26 00:00:00
6825,관람,,2026-09-25 22:00:00,2026-09-25 23:00:00
6826,아침식사,,2026-09-26 08:00:00,2026-09-26 10:00:00
6827,스포츠,,2026-09-26 10:00:00,2026-09-26 12:00:00
6828,점심식사,,2026-09-26 12:00:00,2026-09-26 14:00:00
6829,운동,,2026-09-26 14:00:00,2026-09-26 16:00:00
6830,기타,,2026-09-26 16:00:00,2026-09-26 18:00:00
6831,저녁식사,,2026-09-26 18:00:00,2026-09-26 20:00:00
6832,스포츠,,2026-09-26 20:00:00,2026-09-26 21:00:00
6833,스포츠,,2026-09-26 21:00:00,2026-09-26 23:00:00
6834,운동,,2026-09-26 23:00:00,2026-09-27 00:00:00
6835,아침식사,,2026-09-27 08:00:00,2026-09-27 10:00:00
6836,운동,,2026-09-27 10:00:00,2026-09-27 12:00:00
6837,점심식사,,2026-09-27 12:00:00,2026-09-27 14:00:00
6838,운동,,2026-09-27 14:00:00,2026-09-27 16:00:00
6839,공부,,2026-09-27 16:00:00,2026-09-27 17:00:00
6840,실내활동,,2026-09-27 17:00:00,2026-09-27 18:00:00
6841,저녁식사,,2026-09-27 18:00:00,2026-09-27 20:00:00
6842,공부,,2026-09-27 20:00:00,2026-09-27 22:00:00
6843,공부,,2026-09-27 22:00:00,2026-09-27 23:00:00
6844,공부,,2026-09-27 23:00:00,2026-09-28 00:00:00
6845,관람,,2026-09-27 22:00:00,2026-09-27 23:00:00
6846,기타,,2026-09-27 22:00:00,2026-09-27 23:00:00
6847,아침식사,,2026-09-28 08:00:00,2026-09-28 10:00:00
6848,기타,,2026-09-28 10:00:00,2026-09-28 11:00:00
6849,공원,,2026-09-28 11:00:00,2026-09-28 13:00:00
6850,운동,,2026-09-28 13:00:00,2026-09-28 14:00:00
6851,기타,,2026-09-28 14:00:00,2026-09-28 15:00:00
6852,운동,,2026-09-28 15:00:00,2026-09-28 16:00:00
6853,운동,,2026-09-28 16:00:00,2026-09-28 18:00:00
6854,저녁식사,,2026-09-28 18:00:00,2026-09-28 20:00:00
6855,관람,,2026-09-28 20:00:00,2026-09-28 21:00:00
6856,관람,,2026-09-28 21:00:00,2026-09-28 22:00:00
6857,공원,,2026-09-28 22:00:00,2026-09-29 00:00:00
6858,아침식사,,2026-09-29 08:00:00,2026-09-29 10:00:00
6859,운동,,2026-09-29 10:00:00,2026-09-29 11:00:00
6860,공부,,2026-09-29 11:00:00,2026-09-29 13:00:00
6861,공부,,2026-09-29 13:00:00,2026-09-29 15:00:00
6862,공부,,2026-09-29 15:00:00,2026-09-29 16:00:00
6863,운동,,2026-09-29 16:00:00,2026-09-29 17:00:00
6864,공부,,2026-09-29 17:00:00,2026-09-29 19:00:00
6865,공부,,2026-09-29 19:00:00,2026-09-29 20:00:00
6866,기타,,2026-09-29 20:00:00,2026-09-29 21:00:00
6867,운동,,2026-09-29 21:00:00,2026-09-29 22:00:00
6868,공부,,2026-09-29 22:00:00,2026-09-29 23:00:00
6869,공부,,2026-09-29 23:00:00,2026-09-30 00:00:00
6870,아침식사,,2026-09-30 08:00:00,2026-09-30 10:00:00
6871,공원,,2026-09-30 10:00:00,2026-09-30 12:00:00
6872,점심식사,,2026-09-30 12:00:00,2026-09-30 14:00:00
6873,기타,,2026-09-30 14:00:00,2026-09-30 15:00:00
6874,기타,,2026-09-30 15:00:00,2026-09-30 16:00:00
6875,기타,,2026-09-30 16:00:00,2026-09-30 17:00:00
6876,운동,,2026-09-30 17:00:00,2026-09-30 19:00:00
6877,실내활동,,2026-09-30 19:00:00,2026-09-30 21:00:00
6878,운동,,2026-09-30 21:00:00,2026-09-30 23:00:00
6879,기타,,2026-09-30 23:00:00,2026-10-01 00:00:00
6880,공부,,2026-09-30 22:00:00,2026-09-30 23:00:00
6881,아침식사,,2026-10-01 08:00:00,2026-10-01 10:00:00
6882,실내활동,,2026-10-01 10:00:00,2026-10-01 12:00:00
6883,점심식사,,2026-10-01 12:00:00,2026-10-01 14:00:00
6884,운동,,2026-10-01 14:00:00,2026-10-01 16:00:00
6885,실내활동,,2026-10-01 16:00:00,2026-10-01 18:00:00
6886,저녁식사,,2026-10-01 18:00:00,2026-10-01 20:00:00
6887,실내활동,,2026-10-01 20:00:00,2026-10-01 22:00:00
6888,실내활동,,2026-10-01 22:00:00,2026-10-02 00:00:00
6889,기타,,2026-10-01 22:00:00,2026-10-01 23:00:00
6890,아침식사,,2026-10-02 08:00:00,2026-10-02 10:00:00
6891,운동,,2026-10-02 10:00:00,2026-10-02 11:00:00
6892,관람,,2026-10-02 11:00:00,2026-10-02 13:00:00
6893,실내활동,,2026-10-02 13:00:00,2026-10-02 14:00:00
6894,관람,,2026-10-02 14:00:00,2026-10-02 16:00:00
6895,공원,,2026-10-02 16:00:00,2026-10-02 17:00:00
6896,운동,,2026-10-02 17:00:00,2026-10-02 18:00:00
6897,저녁식사,,2026-10-02 18:00:00,2026-10-02 20:00:00
6898,운동,,2026-10-02 20:00:00,2026-10-02 21:00:00
6899,관람,,2026-10-02 21:00:00,2026-10-02 22:00:00
6900,기타,,2026-10-02 22:00:00,2026-10-03 00:00:00
6901,아침식사,,2026-10-03 08:00:00,2026-10-03 10:00:00
6902,기타,,2026-10-03 10:00:00,2026-10-03 11:00:00
6903,스포츠,,2026-10-03 11:00:00,2026-10-03 12:00:00
6904,점심식사,,2026-10-03 12:00:00,2026-10-03 14:00:00
6905,운동,,2026-10-03 14:00:00,2026-10-03 15:00:00
6906,운동,,2026-10-03 15:00:00,2026-10-03 16:00:00
6907,기타,,2026-10-03 16:00:00,2026-10-03 17:00:00
6908,스포츠,,2026-10-03 17:00:00,2026-10-03 19:00:00
6909,스포츠,,2026-10-03 19:00:00,2026-10-03 20:00:00
6910,스포츠,,2026-10-03 20:00:00,2026-10-03 22:00:00
6911,스포츠,,2026-10-03 22:00:00,2026-10-03 23:00:00
6912,기타,,2026-10-03 23:00:00,2026-10-04 00:00:00
6913,아침식사,,2026-10-04 08:00:00,2026-10-04 10:00:00
6914,기타,,2026-10-04 10:00:00,2026-10-04 12:00:00
6915,점심식사,,2026-10-04 12:00:00,2026-10-04 14:00:00
6916,공부,,2026-10-04 14:00:00,2026-10-04 16:00:00
6917,기타,,2026-10-04 16:00:00,2026-10-04 18:00:00
6918,저녁식사,,2026-10-04 18:00:00,2026-10-04 20:00:00
6919,실내활동,,2026-10-04 20:00:00,2026-10-04 22:00:00
6920,실내활동,,2026-10-04 22:00:00,2026-10-04 23:00:00
6921,공부,,2026-10-04 23:00:00,2026-10-05 00:00:00
6922,운동,,2026-10-04 22:00:00,2026-10-04 23:00:00
6923,관람,,2026-10-04 22:00:00,2026-10-04 23:00:00
6924,아침식사,,2026-10-05 08:00:00,2026-10-05 10:00:00
6925,운동,,2026-10-05 10:00:00,2026-10-05 11:00:00
6926,운동,,2026-10-05 11:00:00,2026-10-05 13:00:00
6927,관람,,2026-10-05 13:00:00,2026-10-05 14:00:00
6928,기타,,2026-10-05 14:00:00,2026-10-05 16:00:00
6929,관람,,2026-10-05 16:00:00,2026-10-05 17:00:00
6930,기타,,2026-10-05 17:00:00,2026-10-05 19:00:00
6931,기타,,2026-10-05 19:00:00,2026-10-05 20:00:00
6932,기타,,2026-10-05 20:00:00,2026-10-05 22:00:00
6933,운동,,2026-10-05 22:00:00,2026-10-05 23:00:00
6934,운동,,2026-10-05 23:00:00,2026-10-06 00:00:00
6935,공원,,2026-10-05 22:00:00,2026-10-05 23:00:00
6936,아침식사,,2026-10-06 08:00:00,2026-10-06 10:00:00
6937,운동,,2026-10-06 10:00:00,2026-10-06 11:00:00
6938,운동,,2026-10-06 11:00:00,2026-10-06 12:00:00
6939,점심식사,,2026-10-06 12:00:00,2026-10-06 14:00:00
6940,공부,,2026-10-06 14:00:00,2026-10-06 15:00:00
6941,운동,,2026-10-06 15:00:00,2026-10-06 17:00:00
6942,운동,,2026-10-06 17:00:00,2026-10-06 19:00:00
6943,기타,,2026-10-06 19:00:00,2026-10-06 21:00:00
6944,기타,,2026-10-06 21:00:00,2026-10-06 22:00:00
6945,기타,,2026-10-06 22:00:00,2026-10-06 23:00:00
6946,운동,,2026-10-06 23:00:00,2026-10-07 00:00:00
6947,아침식사,,2026-10-07 08:00:00,2026-10-07 10:00:00
6948,실내활동,,2026-10-07 10:00:00,2026-10-07 12:00:00
6949,점심식사,,2026-10-07 12:00:00,2026-10-07 14:00:00
6950,공부,,2026-10-07 14:00:00,2026-10-07 16:00:00
6951,기타,,2026-10-07 16:00:00,2026-10-07 18:00:00
6952,저녁식사,,2026-10-07 18:00:00,2026-10-07 20:00:00
6953,기타,,2026-10-07 20:00:00,2026-10-07 21:00:00
6954,공원,,2026-10-07 21:00:00,2026-10-07 23:00:00
6955,공부,,2026-10-07 23:00:00,2026-10-08 00:00:00
6956,운동,,2026-10-07 22:00:00,2026-10-07 23:00:00
6957,아침식사,,2026-10-08 08:00:00,2026-10-08 10:00:00
6958,실내활동,,2026-10-08 10:00:00,2026-10-08 11:00:00
6959,기타,,2026-10-08 11:00:00,2026-10-08 13:00:00
6960,실내활동,,2026-10-08 13:00:00,2026-10-08 15:00:00
6961,기타,,2026-10-08 15:00:00,2026-10-08 16:00:00
6962,실내활동,,2026-10-08 16:00:00,2026-10-08 18:00:00
6963,저녁식사,,2026-10-08 18:00:00,2026-10-08 20:00:00
6964,실내활동,,2026-10-08 20:00:00,2026-10-08 22:00:00
6965,실내활동,,2026-10-08 22:00:00,2026-10-08 23:00:00
6966,실내활동,,2026-10-08 23:00:00,2026-10-09 00:00:00
6967,운동,,2026-10-08 22:00:00,2026-10-08 23:00:00
6968,아침식사,,2026-10-09 08:00:00,2026-10-09 10:00:00
6969,공원,,2026-10-09 10:00:00,2026-10-09 11:00:00
6970,실내활동,,2026-10-09 11:00:00,2026-10-09 12:00:00
6971,점심식사,,2026-10-09 12:00:00,2026-10-09 14:00:00
6972,공원,,2026-10-09 14:00:00,2026-10-09 15:00:00
6973,기타,,2026-10-09 15:00:00,2026-10-09 17:00:00
6974,관람,,2026-10-09 17:00:00,2026-10-09 18:00:00
6975,저녁식사,,2026-10-09 18:00:00,2026-10-09 20:00:00
6976,관람,,2026-10-09 20:00:00,2026-10-09 22:00:00
6977,공원,,2026-10-09 22:00:00,2026-10-09 23:00:00
6978,실내활동,,2026-10-09 23:00:00,2026-10-10 00:00:00
6979,운동,,2026-10-09 22:00:00,2026-10-09 23:00:00
6980,아침식사,,2026-10-10 08:00:00,2026-10-10 10:00:00
6981,운동,,2026-10-10 10:00:00,2026-10-10 11:00:00
6982,기타,,2026-10-10 11:00:00,2026-10-10 13:00:00
6983,기타,,2026-10-10 13:00:00,2026-10-10 14:00:00
6984,기타,,2026-10-10 14:00:00,2026-10-10 15:00:00
6985,스포츠,,2026-10-10 15:00:00,2026-10-10 17:00:00
6986,스포츠,,2026-10-10 17:00:00,2026-10-10 18:00:00
6987,저녁식사,,2026-10-10 18:00:00,2026-10-10 20:00:00
6988,운동,,2026-10-10 20:00:00,2026-10-10 21:00:00
6989,기타,,2026-10-10 21:00:00,2026-10-10 23:00:00
6990,기타,,2026-10-10 23:00:00,2026-10-11 00:00:00
6991,아침식사,,2026-10-11 08:00:00,2026-10-11 10:00:00
6992,기타,,2026-10-11 10:00:00,2026-10-11 12:00:00
6993,점심식사,,2026-10-11 12:00:00,2026-10-11 14:00:00
6994,실내활동,,2026-10-11 14:00:00,2026-10-11 15:00:00
6995,기타,,2026-10-11 15:00:00,2026-10-11 16:00:00
6996,기타,,2026-10-11 16:00:00,2026-10-11 17:00:00
6997,공부,,2026-10-11 17:00:00,2026-10-11 18:00:00
6998,저녁식사,,2026-10-11 18:00:00,2026-10-11 20:00:00
6999,운동,,2026-10-11 20:00:00,2026-10-11 22:00:00
7000,실내활동,,2026-10-11 22:00:00,2026-10-11 23:00:00
7001,공부,,2026-10-11 23:00:00,2026-10-12 00:00:00
7002,관람,,2026-10-11 22:00:00,2026-10-11 23:00:00
7003,아침식사,,2026-10-12 08:00:00,2026-10-12 10:00:00
7004,운동,,2026-10-12 10:00:00,2026-10-12 11:00:00
7005,관람,,2026-10-12 11:00:00,2026-10-12 13:00:00
7006,기타,,2026-10-12 13:00:00,2026-10-12 15:00:00
7007,운동,,2026-10-12 15:00:00,2026-10-12 17:00:00
7008,운동,,2026-10-12 17:00:00,2026-10-12 18:00:00
7009,저녁식사,,2026-10-12 18:00:00,2026-10-12 20:00:00
7010,기타,,2026-10-12 20:00:00,2026-10-12 21:00:00
7011,관람,,2026-10-12 21:00:00,2026-10-12 22:00:00
7012,운동,,2026-10-12 22:00:00,2026-10-12 23:00:00
7013,관람,,2026-10-12 23:00:00,2026-10-13 00:00:00
7014,공원,,2026-10-12 22:00:00,2026-10-12 23:00:00
7015,아침식사,,2026-10-13 08:00:00,2026-10-13 10:00:00
7016,운동,,2026-10-13 10:00:00,2026-10-13 11:00:00
7017,기타,,2026-10-13 11:00:00,2026-10-13 13:00:00
7018,공부,,2026-10-13 13:00:00,2026-10-13 14:00:00
7019,공부,,2026-10-13 14:00:00,2026-10-13 15:00:00
7020,운동,,2026-10-13 15:00:00,2026-10-13 17:00:00
7021,운동,,2026-10-13 17:00:00,2026-10-13 18:00:00
7022,저녁식사,,2026-10-13 18:00:00,2026-10-13 20:00:00
7023,기타,,2026-10-13 20:00:00,2026-10-13 21:00:00
7024,기타,,2026-10-13 21:00:00,2026-10-13 22:00:00
7025,운동,,2026-10-13 22:00:00,2026-10-14 00:00:00
7026,아침식사,,2026-10-14 08:00:00,2026-10-14 10:00:00
7027,공부,,2026-10-14 10:00:00,2026-10-14 11:00:00
7028,실내활동,,2026-10-14 11:00:00,2026-10-14 12:00:00
7029,점심식사,,2026-10-14 12:00:00,2026-10-14 14:00:00
7030,공부,,2026-10-14 14:00:00,2026-10-14 15:00:00
7031,운동,,2026-10-14 15:00:00,2026-10-14 16:00:00
7032,기타,,2026-10-14 16:00:00,2026-10-14 17:00:00
7033,실내활동,,2026-10-14 17:00:00,2026-10-14 18:00:00
7034,저녁식사,,2026-10-14 18:00:00,2026-10-14 20:00:00
7035,기타,,2026-10-14 20:00:00,2026-10-14 22:00:00
7036,운동,,2026-10-14 22:00:00,2026-10-14 23:00:00
7037,운동,,2026-10-14 23:00:00,2026-10-15 00:00:00
7038,공원,,2026-10-14 22:00:00,2026-10-14 23:00:00
7039,아침식사,,2026-10-15 08:00:00,2026-10-15 10:00:00
7040,기타,,2026-10-15 10:00:00,2026-10-15 11:00:00
7041,운동,,2026-10-15 11:00:00,2026-10-15 12:00:00
7042,점심식사,,2026-10-15 12:00:00,2026-10-15 14:00:00
7043,기타,,2026-10-15 14:00:00,2026-10-15 16:00:00
7044,실내활동,,2026-10-15 16:00:00,2026-10-15 17:00:00
7045,기타,,2026-10-15 17:00:00,2026-10-15 19:00:00
7046,기타,,2026-10-15 19:00:00,2026-10-15 20:00:00
7047,실내활동,,2026-10-15 20:00:00,2026-10-15 21:00:00
7048,운동,,2026-10-15 21:00:00,2026-10-15 23:00:00
7049,기타,,2026-10-15 23:00:00,2026-10-16 00:00:00
7050,아침식사,,2026-10-16 08:00:00,2026-10-16 10:00:00
7051,기타,,2026-10-16 10:00:00,2026-10-16 11:00:00
7052,관람,,2026-10-16 11:00:00,2026-10-16 12:00:00
7053,점심식사,,2026-10-16 12:00:00,2026-10-16 14:00:00
7054,실내활동,,2026-10-16 14:00:00,2026-10-16 15:00:00
7055,운동,,2026-10-16 15:00:00,2026-10-16 16:00:00
7056,기타,,2026-10-16 16:00:00,2026-10-16 17:00:00
7057,관람,,2026-10-16 17:00:00,2026-10-16 18:00:00
7058,저녁식사,,2026-10-16 18:00:00,2026-10-16 20:00:00
7059,공원,,2026-10-16 20:00:00,2026-10-16 22:00:00
7060,운동,,2026-10-16 22:00:00,2026-10-17 00:00:00
7061,아침식사,,2026-10-17 08:00:00,2026-10-17 10:00:00
7062,운동,,2026-10-17 10:00:00,2026-10-17 12:00:00
7063,점심식사,,2026-10-17 12:00:00,2026-10-17 14:00:00
7064,기타,,2026-10-17 14:00:00,2026-10-17 16:00:00
7065,운동,,2026-10-17 16:00:00,2026-10-17 18:00:00
7066,저녁식사,,2026-10-17 18:00:00,2026-10-17 20:00:00
7067,기타,,2026-10-17 20:00:00,2026-10-17 22:00:00
7068,스포츠,,2026-10-17 22:00:00,2026-10-18 00:00:00
7069,아침식사,,2026-10-18 08:00:00,2026-10-18 10:00:00
7070,공부,,2026-10-18 10:00:00,2026-10-18 11:00:00
7071,운동,,2026-10-18 11:00:00,2026-10-18 12:00:00
7072,점심식사,,2026-10-18 12:00:00,2026-10-18 14:00:00
7073,기타,,2026-10-18 14:00:00,2026-10-18 16:00:00
7074,운동,,2026-10-18 16:00:00,2026-10-18 17:00:00
7075,기타,,2026-10-18 17:00:00,2026-10-18 18:00:00
7076,저녁식사,,2026-10-18 18:00:00,2026-10-18 20:00:00
7077,기타,,2026-10-18 20:00:00,2026-10-18 22:00:00
7078,공부,,2026-10-18 22:00:00,2026-10-19 00:00:00
7079,실내활동,,2026-10-18 22:00:00,2026-10-18 23:00:00
7080,관람,,2026-10-18 22:00:00,2026-10-18 23:00:00
7081,아침식사,,2026-10-19 08:00:00,2026-10-19 10:00:00
7082,공원,,2026-10-19 10:00:00,2026-10-19 11:00:00
7083,기타,,2026-10-19 11:00:00,2026-10-19 13:00:00
7084,관람,,2026-10-19 13:00:00,2026-10-19 14:00:00
7085,공원,,2026-10-19 14:00:00,2026-10-19 16:00:00
7086,관람,,2026-10-19 16:00:00,2026-10-19 17:00:00
7087,공원,,2026-10-19 17:00:00,2026-10-19 18:00:00
7088,저녁식사,,2026-10-19 18:00:00,2026-10-19 20:00:00
7089,관람,,2026-10-19 20:00:00,2026-10-19 22:00:00
7090,기타,,2026-10-19 22:00:00,2026-10-20 00:00:00
7091,운동,,2026-10-19 22:00:00,2026-10-19 23:00:00
7092,아침식사,,2026-10-20 08:00:00,2026-10-20 10:00:00
7093,기타,,2026-10-20 10:00:00,2026-10-20 11:00:00
7094,공부,,2026-10-20 11:00:00,2026-10-20 13:00:00
7095,운동,,2026-10-20 13:00:00,2026-10-20 14:00:00
7096,운동,,2026-10-20 14:00:00,2026-10-20 16:00:00
7097,공부,,2026-10-20 16:00:00,2026-10-20 17:00:00
7098,기타,,2026-10-20 17:00:00,2026-10-20 18:00:00
7099,저녁식사,,2026-10-20 18:00:00,2026-10-20 20:00:00
7100,공부,,2026-10-20 20:00:00,2026-10-20 21:00:00
7101,운동,,2026-10-20 21:00:00,2026-10-20 23:00:00
7102,기타,,2026-10-20 23:00:00,2026-10-21 00:00:00
7103,아침식사,,2026-10-21 08:00:00,2026-10-21 10:00:00
7104,운동,,2026-10-21 10:00:00,2026-10-21 11:00:00
7105,기타,,2026-10-21 11:00:00,2026-10-21 13:00:00
7106,공원,,2026-10-21 13:00:00,2026-10-21 14:00:00
7107,기타,,2026-10-21 14:00:00,2026-10-21 15:00:00
7108,실내활동,,2026-10-21 15:00:00,2026-10-21 16:00:00
7109,공부,,2026-10-21 16:00:00,2026-10-21 18:00:00
7110,저녁식사,,2026-10-21 18:00:00,2026-10-21 20:00:00
7111,실내활동,,2026-10-21 20:00:00,2026-10-21 22:00:00
7112,운동,,2026-10-21 22:00:00,2026-10-21 23:00:00
7113,운동,,2026-10-21 23:00:00,2026-10-22 00:00:00
7114,아침식사,,2026-10-22 08:00:00,2026-10-22 10:00:00
7115,기타,,2026-10-22 10:00:00,2026-10-22 12:00:00
7116,점심식사,,2026-10-22 12:00:00,2026-10-22 14:00:00
7117,운동,,2026-10-22 14:00:00,2026-10-22 16:00:00
7118,실내활동,,2026-10-22 16:00:00,2026-10-22 17:00:00
7119,실내활동,,2026-10-22 17:00:00,2026-10-22 19:00:00
7120,기타,,2026-10-22 19:00:00,2026-10-22 21:00:00
7121,실내활동,,2026-10-22 21:00:00,2026-10-22 23:00:00
7122,기타,,2026-10-22 23:00:00,2026-10-23 00:00:00
7123,아침식사,,2026-10-23 08:00:00,2026-10-23 10:00:00
7124,기타,,2026-10-23 10:00:00,2026-10-23 11:00:00
7125,관람,,2026-10-23 11:00:00,2026-10-23 13:00:00
7126,운동,,2026-10-23 13:00:00,2026-10-23 15:00:00
7127,운동,,2026-10-23 15:00:00,2026-10-23 16:00:00
7128,실내활동,,2026-10-23 16:00:00,2026-10-23 18:00:00
7129,저녁식사,,2026-10-23 18:00:00,2026-10-23 20:00:00
7130,기타,,2026-10-23 20:00:00,2026-10-23 22:00:00
7131,공원,,2026-10-23 22:00:00,2026-10-24 00:00:00
7132,아침식사,,2026-10-24 08:00:00,2026-10-24 10:00:00
7133,기타,,2026-10-24 10:00:00,2026-10-24 12:00:00
7134,점심식사,,2026-10-24 12:00:00,2026-10-24 14:00:00
7135,스포츠,,2026-10-24 14:00:00,2026-10-24 16:00:00
7136,기타,,2026-10-24 16:00:00,2026-10-24 18:00:00
7137,저녁식사,,2026-10-24 18:00:00,2026-10-24 20:00:00
7138,기타,,2026-10-24 20:00:00,2026-10-24 21:00:00
7139,운동,,2026-10-24 21:00:00,2026-10-24 22:00:00
7140,기타,,2026-10-24 22:00:00,2026-10-24 23:00:00
7141,기타,,2026-10-24 23:00:00,2026-10-25 00:00:00
7142,아침식사,,2026-10-25 08:00:00,2026-10-25 10:00:00
7143,관람,,2026-10-25 10:00:00,2026-10-25 12:00:00
7144,점심식사,,2026-10-25 12:00:00,2026-10-25 14:00:00
7145,기타,,2026-10-25 14:00:00,2026-10-25 16:00:00
7146,실내활동,,2026-10-25 16:00:00,2026-10-25 17:00:00
7147,공부,,2026-10-25 17:00:00,2026-10-25 18:00:00
7148,저녁식사,,2026-10-25 18:00:00,2026-10-25 20:00:00
7149,공부,,2026-10-25 20:00:00,2026-10-25 21:00:00
7150,운동,,2026-10-25 21:00:00,2026-10-25 23:00:00
7151,운동,,2026-10-25 23:00:00,2026-10-26 00:00:00
7152,아침식사,,2026-10-26 08:00:00,2026-10-26 10:00:00
7153,공원,,2026-10-26 10:00:00,2026-10-26 11:00:00
7154,운동,,2026-10-26 11:00:00,2026-10-26 12:00:00
7155,점심식사,,2026-10-26 12:00:00,2026-10-26 14:00:00
7156,기타,,2026-10-26 14:00:00,2026-10-26 15:00:00
7157,관람,,2026-10-26 15:00:00,2026-10-26 17:00:00
7158,공원,,2026-10-26 17:00:00,2026-10-26 19:00:00
7159,운동,,2026-10-26 19:00:00,2026-10-26 20:00:00
7160,기타,,2026-10-26 20:00:00,2026-10-26 22:00:00
7161,기타,,2026-10-26 22:00:00,2026-10-26 23:00:00
7162,관람,,2026-10-26 23:00:00,2026-10-27 00:00:00
7163,아침식사,,2026-10-27 08:00:00,2026-10-27 10:00:00
7164,공부,,2026-10-27 10:00:00,2026-10-27 11:00:00
7165,기타,,2026-10-27 11:00:00,2026-10-27 13:00:00
7166,운동,,2026-10-27 13:00:00,2026-10-27 14:00:00
7167,운동,,2026-10-27 14:00:00,2026-10-27 15:00:00
7168,기타,,2026-10-27 15:00:00,2026-10-27 17:00:00
7169,운동,,2026-10-27 17:00:00,2026-10-27 19:00:00
7170,공부,,2026-10-27 19:00:00,2026-10-27 20:00:00
7171,공부,,2026-10-27 20:00:00,2026-10-27 21:00:00
7172,기타,,2026-10-27 21:00:00,2026-10-27 23:00:00
7173,운동,,2026-10-27 23:00:00,2026-10-28 00:00:00
7174,아침식사,,2026-10-28 08:00:00,2026-10-28 10:00:00
7175,실내활동,,2026-10-28 10:00:00,2026-10-28 11:00:00
7176,운동,,2026-10-28 11:00:00,2026-10-28 13:00:00
7177,기타,,2026-10-28 13:00:00,2026-10-28 15:00:00
7178,공원,,2026-10-28 15:00:00,2026-10-28 17:00:00
7179,공원,,2026-10-28 17:00:00,2026-10-28 19:00:00
7180,실내활동,,2026-10-28 19:00:00,2026-10-28 20:00:00
7181,실내활동,,2026-10-28 20:00:00,2026-10-28 22:00:00
7182,실내활동,,2026-10-28 22:00:00,2026-10-28 23:00:00
7183,공부,,2026-10-28 23:00:00,2026-10-29 00:00:00
7184,아침식사,,2026-10-29 08:00:00,2026-10-29 10:00:00
7185,운동,,2026-10-29 10:00:00,2026-10-29 11:00:00
7186,운동,,2026-10-29 11:00:00,2026-10-29 12:00:00
7187,점심식사,,2026-10-29 12:00:00,2026-10-29 14:00:00
7188,운동,,2026-10-29 14:00:00,2026-10-29 15:00:00
7189,운동,,2026-10-29 15:00:00,2026-10-29 16:00:00
7190,실내활동,,2026-10-29 16:00:00,2026-10-29 17:00:00
7191,운동,,2026-10-29 17:00:00,2026-10-29 18:00:00
7192,저녁식사,,2026-10-29 18:00:00,2026-10-29 20:00:00
7193,실내활동,,2026-10-29 20:00:00,2026-10-29 21:00:00
7194,기타,,2026-10-29 21:00:00,2026-10-29 22:00:00
7195,실내활동,,2026-10-29 22:00:00,2026-10-29 23:00:00
7196,운동,,2026-10-29 23:00:00,2026-10-30 00:00:00
7197,아침식사,,2026-10-30 08:00:00,2026-10-30 10:00:00
7198,기타,,2026-10-30 10:00:00,2026-10-30 11:00:00
7199,기타,,2026-10-30 11:00:00,2026-10-30 12:00:00
7200,점심식사,,2026-10-30 12:00:00,2026-10-30 14:00:00
7201,기타,,2026-10-30 14:00:00,2026-10-30 15:00:00
7202,관람,,2026-10-30 15:00:00,2026-10-30 16:00:00
7203,실내활동,,2026-10-30 16:00:00,2026-10-30 18:00:00
7204,저녁식사,,2026-10-30 18:00:00,2026-10-30 20:00:00
7205,관람,,2026-10-30 20:00:00,2026-10-30 21:00:00
7206,실내활동,,2026-10-30 21:00:00,2026-10-30 23:00:00
7207,실내활동,,2026-10-30 23:00:00,2026-10-31 00:00:00
7208,운동,,2026-10-30 22:00:00,2026-10-30 23:00:00
7209,공원,,2026-10-30 22:00:00,2026-10-30 23:00:00
7210,아침식사,,2026-10-31 08:00:00,2026-10-31 10:00:00
7211,운동,,2026-10-31 10:00:00,2026-10-31 12:00:00
7212,점심식사,,2026-10-31 12:00:00,2026-10-31 14:00:00
7213,기타,,2026-10-31 14:00:00,2026-10-31 16:00:00
7214,스포츠,,2026-10-31 16:00:00,2026-10-31 17:00:00
7215,기타,,2026-10-31 17:00:00,2026-10-31 18:00:00
7216,저녁식사,,2026-10-31 18:00:00,2026-10-31 20:00:00
7217,기타,,2026-10-31 20:00:00,2026-10-31 22:00:00
7218,운동,,2026-10-31 22:00:00,2026-11-01 00:00:00
7219,아침식사,,2026-11-01 08:00:00,2026-11-01 10:00:00
7220,관람,,2026-11-01 10:00:00,2026-11-01 12:00:00
7221,점심식사,,2026-11-01 12:00:00,2026-11-01 14:00:00
7222,관람,,2026-11-01 14:00:00,2026-11-01 15:00:00
7223,실내활동,,2026-11-01 15:00:00,2026-11-01 17:00:00
7224,공부,,2026-11-01 17:00:00,2026-11-01 18:00:00
7225,저녁식사,,2026-11-01 18:00:00,2026-11-01 20:00:00
7226,공부,,2026-11-01 20:00:00,2026-11-01 22:00:00
7227,관람,,2026-11-01 22:00:00,2026-11-02 00:00:00
7228,운동,,2026-11-01 22:00:00,2026-11-01 23:00:00
7229,기타,,2026-11-01 22:00:00,2026-11-01 23:00:00
7230,아침식사,,2026-11-02 08:00:00,2026-11-02 10:00:00
7231,기타,,2026-11-02 10:00:00,2026-11-02 12:00:00
7232,점심식사,,2026-11-02 12:00:00,2026-11-02 14:00:00
7233,공원,,2026-11-02 14:00:00,2026-11-02 16:00:00
7234,기타,,2026-11-02 16:00:00,2026-11-02 17:00:00
7235,관람,,2026-11-02 17:00:00,2026-11-02 18:00:00
7236,저녁식사,,2026-11-02 18:00:00,2026-11-02 20:00:00
7237,관람,,2026-11-02 20:00:00,2026-11-02 21:00:00
7238,운동,,2026-11-02 21:00:00,2026-11-02 22:00:00
7239,운동,,2026-11-02 22:00:00,2026-11-02 23:00:00
7240,운동,,2026-11-02 23:00:00,2026-11-03 00:00:00
7241,아침식사,,2026-11-03 08:00:00,2026-11-03 10:00:00
7242,기타,,2026-11-03 10:00:00,2026-11-03 11:00:00
7243,운동,,2026-11-03 11:00:00,2026-11-03 12:00:00
7244,점심식사,,2026-11-03 12:00:00,2026-11-03 14:00:00
7245,운동,,2026-11-03 14:00:00,2026-11-03 16:00:00
7246,공부,,2026-11-03 16:00:00,2026-11-03 17:00:00
7247,운동,,2026-11-03 17:00:00,2026-11-03 18:00:00
7248,저녁식사,,2026-11-03 18:00:00,2026-11-03 20:00:00
7249,기타,,2026-11-03 20:00:00,2026-11-03 21:00:00
7250,공부,,2026-11-03 21:00:00,2026-11-03 23:00:00
7251,공부,,2026-11-03 23:00:00,2026-11-04 00:00:00
7252,아침식사,,2026-11-04 08:00:00,2026-11-04 10:00:00
7253,기타,,2026-11-04 10:00:00,2026-11-04 11:00:00
7254,공원,,2026-11-04 11:00:00,2026-11-04 13:00:00
7255,실내활동,,2026-11-04 13:00:00,2026-11-04 14:00:00
7256,공원,,2026-11-04 14:00:00,2026-11-04 16:00:00
7257,운동,,2026-11-04 16:00:00,2026-11-04 18:00:00
7258,저녁식사,,2026-11-04 18:00:00,2026-11-04 20:00:00
7259,운동,,2026-11-04 20:00:00,2026-11-04 21:00:00
7260,운동,,2026-11-04 21:00:00,2026-11-04 23:00:00
7261,공원,,2026-11-04 23:00:00,2026-11-05 00:00:00
7262,공부,,2026-11-04 22:00:00,2026-11-04 23:00:00
7263,아침식사,,2026-11-05 08:00:00,2026-11-05 10:00:00
7264,기타,,2026-11-05 10:00:00,2026-11-05 12:00:00
7265,점심식사,,2026-11-05 12:00:00,2026-11-05 14:00:00
7266,기타,,2026-11-05 14:00:00,2026-11-05 15:00:00
7267,운동,,2026-11-05 15:00:00,2026-11-05 17:00:00
7268,운동,,2026-11-05 17:00:00,2026-11-05 18:00:00
7269,저녁식사,,2026-11-05 18:00:00,2026-11-05 20:00:00
7270,운동,,2026-11-05 20:00:00,2026-11-05 22:00:00
7271,운동,,2026-11-05 22:00:00,2026-11-05 23:00:00
7272,실내활동,,2026-11-05 23:00:00,2026-11-06 00:00:00
7273,아침식사,,2026-11-06 08:00:00,2026-11-06 10:00:00
7274,기타,,2026-11-06 10:00:00,2026-11-06 12:00:00
7275,점심식사,,2026-11-06 12:00:00,2026-11-06 14:00:00
7276,공원,,2026-11-06 14:00:00,2026-11-06 16:00:00
7277,관람,,2026-11-06 16:00:00,2026-11-06 18:00:00
7278,저녁식사,,2026-11-06 18:00:00,2026-11-06 20:00:00
7279,기타,,2026-11-06 20:00:00,2026-11-06 22:00:00
7280,실내활동,,2026-11-06 22:00:00,2026-11-07 00:00:00
7281,운동,,2026-11-06 22:00:00,2026-11-06 23:00:00
7282,아침식사,,2026-11-07 08:00:00,2026-11-07 10:00:00
7283,스포츠,,2026-11-07 10:00:00,2026-11-07 12:00:00
7284,점심식사,,2026-11-07 12:00:00,2026-11-07 14:00:00
7285,기타,,2026-11-07 14:00:00,2026-11-07 16:00:00
7286,기타,,2026-11-07 16:00:00,2026-11-07 17:00:00
7287,스포츠,,2026-11-07 17:00:00,2026-11-07 18:00:00
7288,저녁식사,,2026-11-07 18:00:00,2026-11-07 20:00:00
7289,운동,,2026-11-07 20:00:00,2026-11-07 22:00:00
7290,기타,,2026-11-07 22:00:00,2026-11-08 00:00:00
7291,아침식사,,2026-11-08 08:00:00,2026-11-08 10:00:00
7292,운동,,2026-11-08 10:00:00,2026-11-08 12:00:00
7293,점심식사,,2026-11-08 12:00:00,2026-11-08 14:00:00
7294,실내활동,,2026-11-08 14:00:00,2026-11-08 15:00:00
7295,기타,,2026-11-08 15:00:00,2026-11-08 17:00:00
7296,공부,,2026-11-08 17:00:00,2026-11-08 18:00:00
7297,저녁식사,,2026-11-08 18:00:00,2026-11-08 20:00:00
7298,실내활동,,2026-11-08 20:00:00,2026-11-08 21:00:00
7299,기타,,2026-11-08 21:00:00,2026-11-08 22:00:00
7300,실내활동,,2026-11-08 22:00:00,2026-11-09 00:00:00
7301,관람,,2026-11-08 22:00:00,2026-11-08 23:00:00
7302,아침식사,,2026-11-09 08:00:00,2026-11-09 10:00:00
7303,기타,,2026-11-09 10:00:00,2026-11-09 11:00:00
7304,운동,,2026-11-09 11:00:00,2026-11-09 13:00:00
7305,기타,,2026-11-09 13:00:00,2026-11-09 14:00:00
7306,운동,,2026-11-09 14:00:00,2026-11-09 16:00:00
7307,관람,,2026-11-09 16:00:00,2026-11-09 17:00:00
7308,관람,,2026-11-09 17:00:00,2026-11-09 19:00:00
7309,운동,,2026-11-09 19:00:00,2026-11-09 21:00:00
7310,공원,,2026-11-09 21:00:00,2026-11-09 23:00:00
7311,관람,,2026-11-09 23:00:00,2026-11-10 00:00:00
7312,아침식사,,2026-11-10 08:00:00,2026-11-10 10:00:00
7313,기타,,2026-11-10 10:00:00,2026-11-10 11:00:00
7314,공부,,2026-11-10 11:00:00,2026-11-10 13:00:00
7315,기타,,2026-11-10 13:00:00,2026-11-10 14:00:00
7316,공부,,2026-11-10 14:00:00,2026-11-10 16:00:00
7317,운동,,2026-11-10 16:00:00,2026-11-10 18:00:00
7318,저녁식사,,2026-11-10 18:00:00,2026-11-10 20:00:00
7319,공부,,2026-11-10 20:00:00,2026-11-10 22:00:00
7320,공부,,2026-11-10 22:00:00,2026-11-10 23:00:00
7321,공부,,2026-11-10 23:00:00,2026-11-11 00:00:00
7322,아침식사,,2026-11-11 08:00:00,2026-11-11 10:00:00
7323,실내활동,,2026-11-11 10:00:00,2026-11-11 11:00:00
7324,실내활동,,2026-11-11 11:00:00,2026-11-11 13:00:00
7325,기타,,2026-11-11 13:00:00,2026-11-11 15:00:00
7326,공원,,2026-11-11 15:00:00,2026-11-11 16:00:00
7327,운동,,2026-11-11 16:00:00,2026-11-11 17:00:00
7328,공부,,2026-11-11 17:00:00,2026-11-11 18:00:00
7329,저녁식사,,2026-11-11 18:00:00,2026-11-11 20:00:00
7330,공원,,2026-11-11 20:00:00,2026-11-11 22:00:00
7331,공부,,2026-11-11 22:00:00,2026-11-12 00:00:00
7332,아침식사,,2026-11-12 08:00:00,2026-11-12 10:00:00
7333,기타,,2026-11-12 10:00:00,2026-11-12 12:00:00
7334,점심식사,,2026-11-12 12:00:00,2026-11-12 14:00:00
7335,기타,,2026-11-12 14:00:00,2026-11-12 16:00:00
7336,운동,,2026-11-12 16:00:00,2026-11-12 18:00:00
7337,저녁식사,,2026-11-12 18:00:00,2026-11-12 20:00:00
7338,실내활동,,2026-11-12 20:00:00,2026-11-12 21:00:00
7339,운동,,2026-11-12 21:00:00,2026-11-12 23:00:00
7340,운동,,2026-11-12 23:00:00,2026-11-13 00:00:00
7341,아침식사,,2026-11-13 08:00:00,2026-11-13 10:00:00
7342,실내활동,,2026-11-13 10:00:00,2026-11-13 11:00:00
7343,공원,,2026-11-13 11:00:00,2026-11-13 13:00:00
7344,공원,,2026-11-13 13:00:00,2026-11-13 15:00:00
7345,공원,,2026-11-13 15:00:00,2026-11-13 16:00:00
7346,관람,,2026-11-13 16:00:00,2026-11-13 17:00:00
7347,실내활동,,2026-11-13 17:00:00,2026-11-13 19:00:00
7348,운동,,2026-11-13 19:00:00,2026-11-13 20:00:00
7349,운동,,2026-11-13 20:00:00,2026-11-13 21:00:00
7350,실내활동,,2026-11-13 21:00:00,2026-11-13 22:00:00
7351,공원,,2026-11-13 22:00:00,2026-11-14 00:00:00
7352,기타,,2026-11-13 22:00:00,2026-11-13 23:00:00
7353,아침식사,,2026-11-14 08:00:00,2026-11-14 10:00:00
7354,운동,,2026-11-14 10:00:00,2026-11-14 11:00:00
7355,스포츠,,2026-11-14 11:00:00,2026-11-14 13:00:00
7356,기타,,2026-11-14 13:00:00,2026-11-14 14:00:00
7357,운동,,2026-11-14 14:00:00,2026-11-14 16:00:00
7358,기타,,2026-11-14 16:00:00,2026-11-14 18:00:00
7359,저녁식사,,2026-11-14 18:00:00,2026-11-14 20:00:00
7360,운동,,2026-11-14 20:00:00,2026-11-14 21:00:00
7361,운동,,2026-11-14 21:00:00,2026-11-14 22:00:00
7362,운동,,2026-11-14 22:00:00,2026-11-15 00:00:00
7363,아침식사,,2026-11-15 08:00:00,2026-11-15 10:00:00
7364,실내활동,,2026-11-15 10:00:00,2026-11-15 11:00:00
7365,운동,,2026-11-15 11:00:00,2026-11-15 13:00:00
7366,기타,,2026-11-15 13:00:00,2026-11-15 14:00:00
7367,운동,,2026-11-15 14:00:00,2026-11-15 15:00:00
7368,관람,,2026-11-15 15:00:00,2026-11-15 16:00:00
7369,관람,,2026-11-15 16:00:00,2026-11-15 17:00:00
7370,기타,,2026-11-15 17:00:00,2026-11-15 18:00:00
7371,저녁식사,,2026-11-15 18:00:00,2026-11-15 20:00:00
7372,공부,,2026-11-15 20:00:00,2026-11-15 22:00:00
7373,실내활동,,2026-11-15 22:00:00,2026-11-16 00:00:00
7374,아침식사,,2026-11-16 08:00:00,2026-11-16 10:00:00
7375,공원,,2026-11-16 10:00:00,2026-11-16 12:00:00
7376,점심식사,,2026-11-16 12:00:00,2026-11-16 14:00:00
7377,기타,,2026-11-16 14:00:00,2026-11-16 16:00:00
7378,공원,,2026-11-16 16:00:00,2026-11-16 17:00:00
7379,운동,,2026-11-16 17:00:00,2026-11-16 19:00:00
7380,공원,,2026-11-16 19:00:00,2026-11-16 20:00:00
7381,공원,,2026-11-16 20:00:00,2026-11-16 22:00:00
7382,운동,,2026-11-16 22:00:00,2026-11-16 23:00:00
7383,운동,,2026-11-16 23:00:00,2026-11-17 00:00:00
7384,관람,,2026-11-16 22:00:00,2026-11-16 23:00:00
7385,아침식사,,2026-11-17 08:00:00,2026-11-17 10:00:00
7386,공부,,2026-11-17 10:00:00,2026-11-17 12:00:00
7387,점심식사,,2026-11-17 12:00:00,2026-11-17 14:00:00
7388,운동,,2026-11-17 14:00:00,2026-11-17 16:00:00
7389,기타,,2026-11-17 16:00:00,2026-11-17 18:00:00
7390,저녁식사,,2026-11-17 18:00:00,2026-11-17 20:00:00
7391,공부,,2026-11-17 20:00:00,2026-11-17 21:00:00
7392,공부,,2026-11-17 21:00:00,2026-11-17 23:00:00
7393,공부,,2026-11-17 23:00:00,2026-11-18 00:00:00
7394,아침식사,,2026-11-18 08:00:00,2026-11-18 10:00:00
7395,공원,,2026-11-18 10:00:00,2026-11-18 12:00:00
7396,점심식사,,2026-11-18 12:00:00,2026-11-18 14:00:00
7397,기타,,2026-11-18 14:00:00,2026-11-18 16:00:00
7398,공부,,2026-11-18 16:00:00,2026-11-18 18:00:00
7399,저녁식사,,2026-11-18 18:00:00,2026-11-18 20:00:00
7400,운동,,2026-11-18 20:00:00,2026-11-18 21:00:00
7401,운동,,2026-11-18 21:00:00,2026-11-18 22:00:00
7402,운동,,2026-11-18 22:00:00,2026-11-19 00:00:00
7403,실내활동,,2026-11-18 22:00:00,2026-11-18 23:00:00
7404,아침식사,,2026-11-19 08:00:00,2026-11-19 10:00:00
7405,운동,,2026-11-19 10:00:00,2026-11-19 12:00:00
7406,점심식사,,2026-11-19 12:00:00,2026-11-19 14:00:00
7407,운동,,2026-11-19 14:00:00,2026-11-19 15:00:00
7408,운동,,2026-11-19 15:00:00,2026-11-19 16:00:00
7409,실내활동,,2026-11-19 16:00:00,2026-11-19 17:00:00
7410,기타,,2026-11-19 17:00:00,2026-11-19 19:00:00
7411,실내활동,,2026-11-19 19:00:00,2026-11-19 20:00:00
7412,운동,,2026-11-19 20:00:00,2026-11-19 22:00:00
7413,운동,,2026-11-19 22:00:00,2026-11-19 23:00:00
7414,실내활동,,2026-11-19 23:00:00,2026-11-20 00:00:00
7415,아침식사,,2026-11-20 08:00:00,2026-11-20 10:00:00
7416,기타,,2026-11-20 10:00:00,2026-11-20 12:00:00
7417,점심식사,,2026-11-20 12:00:00,2026-11-20 14:00:00
7418,실내활동,,2026-11-20 14:00:00,2026-11-20 16:00:00
7419,공원,,2026-11-20 16:00:00,2026-11-20 18:00:00
7420,저녁식사,,2026-11-20 18:00:00,2026-11-20 20:00:00
7421,공원,,2026-11-20 20:00:00,2026-11-20 21:00:00
7422,공원,,2026-11-20 21:00:00,2026-11-20 23:00:00
7423,공원,,2026-11-20 23:00:00,2026-11-21 00:00:00
7424,운동,,2026-11-20 22:00:00,2026-11-20 23:00:00
7425,관람,,2026-11-20 22:00:00,2026-11-20 23:00:00
7426,아침식사,,2026-11-21 08:00:00,2026-11-21 10:00:00
7427,기타,,2026-11-21 10:00:00,2026-11-21 11:00:00
7428,운동,,2026-11-21 11:00:00,2026-11-21 12:00:00
7429,점심식사,,2026-11-21 12:00:00,2026-11-21 14:00:00
7430,스포츠,,2026-11-21 14:00:00,2026-11-21 16:00:00
7431,기타,,2026-11-21 16:00:00,2026-11-21 17:00:00
7432,기타,,2026-11-21 17:00:00,2026-11-21 19:00:00
7433,기타,,2026-11-21 19:00:00,2026-11-21 20:00:00
7434,기타,,2026-11-21 20:00:00,2026-11-21 21:00:00
7435,스포츠,,2026-11-21 21:00:00,2026-11-21 23:00:00
7436,기타,,2026-11-21 23:00:00,2026-11-22 00:00:00
7437,아침식사,,2026-11-22 08:00:00,2026-11-22 10:00:00
7438,공부,,2026-11-22 10:00:00,2026-11-22 11:00:00
7439,운동,,2026-11-22 11:00:00,2026-11-22 12:00:00
7440,점심식사,,2026-11-22 12:00:00,2026-11-22 14:00:00
7441,운동,,2026-11-22 14:00:00,2026-11-22 16:00:00
7442,운동,,2026-11-22 16:00:00,2026-11-22 17:00:00
7443,실내활동,,2026-11-22 17:00:00,2026-11-22 19:00:00
7444,관람,,2026-11-22 19:00:00,2026-11-22 21:00:00
7445,공부,,2026-11-22 21:00:00,2026-11-22 23:00:00
7446,공부,,2026-11-22 23:00:00,2026-11-23 00:00:00
7447,기타,,2026-11-22 22:00:00,2026-11-22 23:00:00
7448,아침식사,,2026-11-23 08:00:00,2026-11-23 10:00:00
7449,기타,,2026-11-23 10:00:00,2026-11-23 11:00:00
7450,기타,,2026-11-23 11:00:00,2026-11-23 12:00:00
7451,점심식사,,2026-11-23 12:00:00,2026-11-23 14:00:00
7452,관람,,2026-11-23 14:00:00,2026-11-23 16:00:00
7453,운동,,2026-11-23 16:00:00,2026-11-23 17:00:00
7454,기타,,2026-11-23 17:00:00,2026-11-23 19:00:00
7455,운동,,2026-11-23 19:00:00,2026-11-23 21:00:00
7456,관람,,2026-11-23 21:00:00,2026-11-23 22:00:00
7457,운동,,2026-11-23 22:00:00,2026-11-24 00:00:00
7458,공원,,2026-11-23 22:00:00,2026-11-23 23:00:00
7459,아침식사,,2026-11-24 08:00:00,2026-11-24 10:00:00
7460,공부,,2026-11-24 10:00:00,2026-11-24 12:00:00
7461,점심식사,,2026-11-24 12:00:00,2026-11-24 14:00:00
7462,공부,,2026-11-24 14:00:00,2026-11-24 15:00:00
7463,기타,,2026-11-24 15:00:00,2026-11-24 17:00:00
7464,공부,,2026-11-24 17:00:00,2026-11-24 18:00:00
7465,저녁식사,,2026-11-24 18:00:00,2026-11-24 20:00:00
7466,기타,,2026-11-24 20:00:00,2026-11-24 21:00:00
7467,공부,,2026-11-24 21:00:00,2026-11-24 23:00:00
7468,운동,,2026-11-24 23:00:00,2026-11-25 00:00:00
7469,아침식사,,2026-11-25 08:00:00,2026-11-25 10:00:00
7470,운동,,2026-11-25 10:00:00,2026-11-25 12:00:00
7471,점심식사,,2026-11-25 12:00:00,2026-11-25 14:00:00
7472,기타,,2026-11-25 14:00:00,2026-11-25 15:00:00
7473,실내활동,,2026-11-25 15:00:00,2026-11-25 17:00:00
7474,실내활동,,2026-11-25 17:00:00,2026-11-25 18:00:00
7475,저녁식사,,2026-11-25 18:00:00,2026-11-25 20:00:00
7476,실내활동,,2026-11-25 20:00:00,2026-11-25 22:00:00
7477,공원,,2026-11-25 22:00:00,2026-11-25 23:00:00
7478,운동,,2026-11-25 23:00:00,2026-11-26 00:00:00
7479,공부,,2026-11-25 22:00:00,2026-11-25 23:00:00
7480,아침식사,,2026-11-26 08:00:00,2026-11-26 10:00:00
7481,기타,,2026-11-26 10:00:00,2026-11-26 12:00:00
7482,점심식사,,2026-11-26 12:00:00,2026-11-26 14:00:00
7483,기타,,2026-11-26 14:00:00,2026-11-26 15:00:00
7484,기타,,2026-11-26 15:00:00,2026-11-26 16:00:00
7485,운동,,2026-11-26 16:00:00,2026-11-26 18:00:00
7486,저녁식사,,2026-11-26 18:00:00,2026-11-26 20:00:00
7487,기타,,2026-11-26 20:00:00,2026-11-26 22:00:00
7488,실내활동,,2026-11-26 22:00:00,2026-11-26 23:00:00
7489,운동,,2026-11-26 23:00:00,2026-11-27 00:00:00
7490,아침식사,,2026-11-27 08:00:00,2026-11-27 10:00:00
7491,운동,,2026-11-27 10:00:00,2026-11-27 12:00:00
7492,점심식사,,2026-11-27 12:00:00,2026-11-27 14:00:00
7493,실내활동,,2026-11-27 14:00:00,2026-11-27 16:00:00
7494,공원,,2026-11-27 16:00:00,2026-11-27 17:00:00
7495,운동,,2026-11-27 17:00:00,2026-11-27 18:00:00
7496,저녁식사,,2026-11-27 18:00:00,2026-11-27 20:00:00
7497,기타,,2026-11-27 20:00:00,2026-11-27 21:00:00
7498,공원,,2026-11-27 21:00:00,2026-11-27 23:00:00
7499,기타,,2026-11-27 23:00:00,2026-11-28 00:00:00
7500,관람,,2026-11-27 22:00:00,2026-11-27 23:00:00
7501,아침식사,,2026-11-28 08:00:00,2026-11-28 10:00:00
7502,스포츠,,2026-11-28 10:00:00,2026-11-28 11:00:00
7503,스포츠,,2026-11-28 11:00:00,2026-11-28 12:00:00
7504,점심식사,,2026-11-28 12:00:00,2026-11-28 14:00:00
7505,기타,,2026-11-28 14:00:00,2026-11-28 15:00:00
7506,스포츠,,2026-11-28 15:00:00,2026-11-28 17:00:00
7507,스포츠,,2026-11-28 17:00:00,2026-11-28 19:00:00
7508,스포츠,,2026-11-28 19:00:00,2026-11-28 21:00:00
7509,운동,,2026-11-28 21:00:00,2026-11-28 23:00:00
7510,스포츠,,2026-11-28 23:00:00,2026-11-29 00:00:00
7511,아침식사,,2026-11-29 08:00:00,2026-11-29 10:00:00
7512,공부,,2026-11-29 10:00:00,2026-11-29 12:00:00
7513,점심식사,,2026-11-29 12:00:00,2026-11-29 14:00:00
7514,기타,,2026-11-29 14:00:00,2026-11-29 15:00:00
7515,실내활동,,2026-11-29 15:00:00,2026-11-29 17:00:00
7516,관람,,2026-11-29 17:00:00,2026-11-29 18:00:00
7517,저녁식사,,2026-11-29 18:00:00,2026-11-29 20:00:00
7518,실내활동,,2026-11-29 20:00:00,2026-11-29 22:00:00
7519,공부,,2026-11-29 22:00:00,2026-11-30 00:00:00
7520,운동,,2026-11-29 22:00:00,2026-11-29 23:00:00
7521,아침식사,,2026-11-30 08:00:00,2026-11-30 10:00:00
7522,운동,,2026-11-30 10:00:00,2026-11-30 11:00:00
7523,기타,,2026-11-30 11:00:00,2026-11-30 12:00:00
7524,점심식사,,2026-11-30 12:00:00,2026-11-30 14:00:00
7525,관람,,2026-11-30 14:00:00,2026-11-30 15:00:00
7526,운동,,2026-11-30 15:00:00,2026-11-30 17:00:00
7527,기타,,2026-11-30 17:00:00,2026-11-30 18:00:00
7528,저녁식사,,2026-11-30 18:00:00,2026-11-30 20:00:00
7529,관람,,2026-11-30 20:00:00,2026-11-30 22:00:00
7530,운동,,2026-11-30 22:00:00,2026-12-01 00:00:00
7531,공원,,2026-11-30 22:00:00,2026-11-30 23:00:00
7532,아침식사,,2026-12-01 08:00:00,2026-12-01 10:00:00
7533,기타,,2026-12-01 10:00:00,2026-12-01 12:00:00
7534,점심식사,,2026-12-01 12:00:00,2026-12-01 14:00:00
7535,운동,,2026-12-01 14:00:00,2026-12-01 15:00:00
7536,기타,,2026-12-01 15:00:00,2026-12-01 16:00:00
7537,운동,,2026-12-01 16:00:00,2026-12-01 17:00:00
7538,운동,,2026-12-01 17:00:00,2026-12-01 18:00:00
7539,저녁식사,,2026-12-01 18:00:00,2026-12-01 20:00:00
7540,기타,,2026-12-01 20:00:00,2026-12-01 21:00:00
7541,운동,,2026-12-01 21:00:00,2026-12-01 23:00:00
7542,운동,,2026-12-01 23:00:00,2026-12-02 00:00:00
7543,공부,,2026-12-01 22:00:00,2026-12-01 23:00:00
7544,아침식사,,2026-12-02 08:00:00,2026-12-02 10:00:00
7545,운동,,2026-12-02 10:00:00,2026-12-02 11:00:00
7546,기타,,2026-12-02 11:00:00,2026-12-02 12:00:00
7547,점심식사,,2026-12-02 12:00:00,2026-12-02 14:00:00
7548,공부,,2026-12-02 14:00:00,2026-12-02 15:00:00
7549,공원,,2026-12-02 15:00:00,2026-12-02 17:00:00
7550,실내활동,,2026-12-02 17:00:00,2026-12-02 19:00:00
7551,공원,,2026-12-02 19:00:00,2026-12-02 21:00:00
7552,공원,,2026-12-02 21:00:00,2026-12-02 23:00:00
7553,공부,,2026-12-02 23:00:00,2026-12-03 00:00:00
7554,아침식사,,2026-12-03 08:00:00,2026-12-03 10:00:00
7555,실내활동,,2026-12-03 10:00:00,2026-12-03 12:00:00
7556,점심식사,,2026-12-03 12:00:00,2026-12-03 14:00:00
7557,운동,,2026-12-03 14:00:00,2026-12-03 15:00:00
7558,기타,,2026-12-03 15:00:00,2026-12-03 16:00:00
7559,실내활동,,2026-12-03 16:00:00,2026-12-03 18:00:00
7560,저녁식사,,2026-12-03 18:00:00,2026-12-03 20:00:00
7561,기타,,2026-12-03 20:00:00,2026-12-03 22:00:00
7562,실내활동,,2026-12-03 22:00:00,2026-12-04 00:00:00
7563,아침식사,,2026-12-04 08:00:00,2026-12-04 10:00:00
7564,공원,,2026-12-04 10:00:00,2026-12-04 12:00:00
7565,점심식사,,2026-12-04 12:00:00,2026-12-04 14:00:00
7566,공원,,2026-12-04 14:00:00,2026-12-04 15:00:00
7567,운동,,2026-12-04 15:00:00,2026-12-04 16:00:00
7568,공원,,2026-12-04 16:00:00,2026-12-04 18:00:00
7569,저녁식사,,2026-12-04 18:00:00,2026-12-04 20:00:00
7570,운동,,2026-12-04 20:00:00,2026-12-04 21:00:00
7571,기타,,2026-12-04 21:00:00,2026-12-04 22:00:00
7572,공원,,2026-12-04 22:00:00,2026-12-04 23:00:00
7573,운동,,2026-12-04 23:00:00,2026-12-05 00:00:00
7574,실내활동,,2026-12-04 22:00:00,2026-12-04 23:00:00
7575,관람,,2026-12-04 22:00:00,2026-12-04 23:00:00
7576,아침식사,,2026-12-05 08:00:00,2026-12-05 10:00:00
7577,기타,,2026-12-05 10:00:00,2026-12-05 12:00:00
7578,점심식사,,2026-12-05 12:00:00,2026-12-05 14:00:00
7579,스포츠,,2026-12-05 14:00:00,2026-12-05 16:00:00
7580,운동,,2026-12-05 16:00:00,2026-12-05 18:00:00
7581,저녁식사,,2026-12-05 18:00:00,2026-12-05 20:00:00
7582,스포츠,,2026-12-05 20:00:00,2026-12-05 22:00:00
7583,기타,,2026-12-05 22:00:00,2026-12-05 23:00:00
7584,스포츠,,2026-12-05 23:00:00,2026-12-06 00:00:00
7585,아침식사,,2026-12-06 08:00:00,2026-12-06 10:00:00
7586,실내활동,,2026-12-06 10:00:00,2026-12-06 12:00:00
7587,점심식사,,2026-12-06 12:00:00,2026-12-06 14:00:00
7588,운동,,2026-12-06 14:00:00,2026-12-06 16:00:00
7589,기타,,2026-12-06 16:00:00,2026-12-06 18:00:00
7590,저녁식사,,2026-12-06 18:00:00,2026-12-06 20:00:00
7591,기타,,2026-12-06 20:00:00,2026-12-06 22:00:00
7592,관람,,2026-12-06 22:00:00,2026-12-07 00:00:00
7593,공부,,2026-12-06 22:00:00,2026-12-06 23:00:00
7594,아침식사,,2026-12-07 08:00:00,2026-12-07 10:00:00
7595,운동,,2026-12-07 10:00:00,2026-12-07 11:00:00
7596,관람,,2026-12-07 11:00:00,2026-12-07 13:00:00
7597,공원,,2026-12-07 13:00:00,2026-12-07 14:00:00
7598,공원,,2026-12-07 14:00:00,2026-12-07 15:00:00
7599,운동,,2026-12-07 15:00:00,2026-12-07 16:00:00
7600,공원,,2026-12-07 16:00:00,2026-12-07 17:00:00
7601,공원,,2026-12-07 17:00:00,2026-12-07 19:00:00
7602,공원,,2026-12-07 19:00:00,2026-12-07 20:00:00
7603,관람,,2026-12-07 20:00:00,2026-12-07 22:00:00
7604,공원,,2026-12-07 22:00:00,2026-12-08 00:00:00
7605,기타,,2026-12-07 22:00:00,2026-12-07 23:00:00
7606,아침식사,,2026-12-08 08:00:00,2026-12-08 10:00:00
7607,기타,,2026-12-08 10:00:00,2026-12-08 11:00:00
7608,기타,,2026-12-08 11:00:00,2026-12-08 12:00:00
7609,점심식사,,2026-12-08 12:00:00,2026-12-08 14:00:00
7610,운동,,2026-12-08 14:00:00,2026-12-08 15:00:00
7611,운동,,2026-12-08 15:00:00,2026-12-08 16:00:00
7612,운동,,2026-12-08 16:00:00,2026-12-08 18:00:00
7613,저녁식사,,2026-12-08 18:00:00,2026-12-08 20:00:00
7614,공부,,2026-12-08 20:00:00,2026-12-08 21:00:00
7615,기타,,2026-12-08 21:00:00,2026-12-08 23:00:00
7616,운동,,2026-12-08 23:00:00,2026-12-09 00:00:00
7617,아침식사,,2026-12-09 08:00:00,2026-12-09 10:00:00
7618,실내활동,,2026-12-09 10:00:00,2026-12-09 12:00:00
7619,점심식사,,2026-12-09 12:00:00,2026-12-09 14:00:00
7620,공부,,2026-12-09 14:00:00,2026-12-09 15:00:00
7621,기타,,2026-12-09 15:00:00,2026-12-09 16:00:00
7622,실내활동,,2026-12-09 16:00:00,2026-12-09 17:00:00
7623,기타,,2026-12-09 17:00:00,2026-12-09 18:00:00
7624,저녁식사,,2026-12-09 18:00:00,2026-12-09 20:00:00
7625,공원,,2026-12-09 20:00:00,2026-12-09 22:00:00
7626,공원,,2026-12-09 22:00:00,2026-12-09 23:00:00
7627,공부,,2026-12-09 23:00:00,2026-12-10 00:00:00
7628,운동,,2026-12-09 22:00:00,2026-12-09 23:00:00
7629,아침식사,,2026-12-10 08:00:00,2026-12-10 10:00:00
7630,실내활동,,2026-12-10 10:00:00,2026-12-10 11:00:00
7631,실내활동,,2026-12-10 11:00:00,2026-12-10 12:00:00
7632,점심식사,,2026-12-10 12:00:00,2026-12-10 14:00:00
7633,기타,,2026-12-10 14:00:00,2026-12-10 15:00:00
7634,운동,,2026-12-10 15:00:00,2026-12-10 16:00:00
7635,운동,,2026-12-10 16:00:00,2026-12-10 18:00:00
7636,저녁식사,,2026-12-10 18:00:00,2026-12-10 20:00:00
7637,운동,,2026-12-10 20:00:00,2026-12-10 22:00:00
7638,기타,,2026-12-10 22:00:00,2026-12-10 23:00:00
7639,기타,,2026-12-10 23:00:00,2026-12-11 00:00:00
7640,아침식사,,2026-12-11 08:00:00,2026-12-11 10:00:00
7641,관람,,2026-12-11 10:00:00,2026-12-11 12:00:00
7642,점심식사,,2026-12-11 12:00:00,2026-12-11 14:00:00
7643,관람,,2026-12-11 14:00:00,2026-12-11 16:00:00
7644,기타,,2026-12-11 16:00:00,2026-12-11 17:00:00
7645,관람,,2026-12-11 17:00:00,2026-12-11 19:00:00
7646,기타,,2026-12-11 19:00:00,2026-12-11 21:00:00
7647,관람,,2026-12-11 21:00:00,2026-12-11 22:00:00
7648,운동,,2026-12-11 22:00:00,2026-12-11 23:00:00
7649,운동,,2026-12-11 23:00:00,2026-12-12 00:00:00
7650,실내활동,,2026-12-11 22:00:00,2026-12-11 23:00:00
7651,공원,,2026-12-11 22:00:00,2026-12-11 23:00:00
7652,아침식사,,2026-12-12 08:00:00,2026-12-12 10:00:00
7653,운동,,2026-12-12 10:00:00,2026-12-12 11:00:00
7654,운동,,2026-12-12 11:00:00,2026-12-12 13:00:00
7655,스포츠,,2026-12-12 13:00:00,2026-12-12 14:00:00
7656,운동,,2026-12-12 14:00:00,2026-12-12 16:00:00
7657,운동,,2026-12-12 16:00:00,2026-12-12 18:00:00
7658,저녁식사,,2026-12-12 18:00:00,2026-12-12 20:00:00
7659,스포츠,,2026-12-12 20:00:00,2026-12-12 22:00:00
7660,기타,,2026-12-12 22:00:00,2026-12-12 23:00:00
7661,스포츠,,2026-12-12 23:00:00,2026-12-13 00:00:00
7662,아침식사,,2026-12-13 08:00:00,2026-12-13 10:00:00
7663,운동,,2026-12-13 10:00:00,2026-12-13 12:00:00
7664,점심식사,,2026-12-13 12:00:00,2026-12-13 14:00:00
7665,운동,,2026-12-13 14:00:00,2026-12-13 15:00:00
7666,실내활동,,2026-12-13 15:00:00,2026-12-13 17:00:00
7667,운동,,2026-12-13 17:00:00,2026-12-13 19:00:00
7668,실내활동,,2026-12-13 19:00:00,2026-12-13 21:00:00
7669,공부,,2026-12-13 21:00:00,2026-12-13 22:00:00
7670,기타,,2026-12-13 22:00:00,2026-12-13 23:00:00
7671,관람,,2026-12-13 23:00:00,2026-12-14 00:00:00
7672,아침식사,,2026-12-14 08:00:00,2026-12-14 10:00:00
7673,공원,,2026-12-14 10:00:00,2026-12-14 11:00:00
7674,운동,,2026-12-14 11:00:00,2026-12-14 13:00:00
7675,공원,,2026-12-14 13:00:00,2026-12-14 14:00:00
7676,기타,,2026-12-14 14:00:00,2026-12-14 15:00:00
7677,운동,,2026-12-14 15:00:00,2026-12-14 17:00:00
7678,공원,,2026-12-14 17:00:00,2026-12-14 19:00:00
7679,공원,,2026-12-14 19:00:00,2026-12-14 20:00:00
7680,관람,,2026-12-14 20:00:00,2026-12-14 22:00:00
7681,공원,,2026-12-14 22:00:00,2026-12-14 23:00:00
7682,관람,,2026-12-14 23:00:00,2026-12-15 00:00:00
7683,아침식사,,2026-12-15 08:00:00,2026-12-15 10:00:00
7684,기타,,2026-12-15 10:00:00,2026-12-15 12:00:00
7685,점심식사,,2026-12-15 12:00:00,2026-12-15 14:00:00
7686,운동,,2026-12-15 14:00:00,2026-12-15 15:00:00
7687,공부,,2026-12-15 15:00:00,2026-12-15 17:00:00
7688,운동,,2026-12-15 17:00:00,2026-12-15 18:00:00
7689,저녁식사,,2026-12-15 18:00:00,2026-12-15 20:00:00
7690,기타,,2026-12-15 20:00:00,2026-12-15 22:00:00
7691,기타,,2026-12-15 22:00:00,2026-12-15 23:00:00
7692,기타,,2026-12-15 23:00:00,2026-12-16 00:00:00
7693,아침식사,,2026-12-16 08:00:00,2026-12-16 10:00:00
7694,공부,,2026-12-16 10:00:00,2026-12-16 11:00:00
7695,운동,,2026-12-16 11:00:00,2026-12-16 12:00:00
7696,점심식사,,2026-12-16 12:00:00,2026-12-16 14:00:00
7697,운동,,2026-12-16 14:00:00,2026-12-16 15:00:00
7698,공원,,2026-12-16 15:00:00,2026-12-16 16:00:00
7699,기타,,2026-12-16 16:00:00,2026-12-16 17:00:00
7700,공원,,2026-12-16 17:00:00,2026-12-16 19:00:00
7701,기타,,2026-12-16 19:00:00,2026-12-16 21:00:00
7702,실내활동,,2026-12-16 21:00:00,2026-12-16 22:00:00
7703,공원,,2026-12-16 22:00:00,2026-12-17 00:00:00
7704,아침식사,,2026-12-17 08:00:00,2026-12-17 10:00:00
7705,운동,,2026-12-17 10:00:00,2026-12-17 11:00:00
7706,기타,,2026-12-17 11:00:00,2026-12-17 12:00:00
7707,점심식사,,2026-12-17 12:00:00,2026-12-17 14:00:00
7708,운동,,2026-12-17 14:00:00,2026-12-17 16:00:00
7709,실내활동,,2026-12-17 16:00:00,2026-12-17 17:00:00
7710,기타,,2026-12-17 17:00:00,2026-12-17 18:00:00
7711,저녁식사,,2026-12-17 18:00:00,2026-12-17 20:00:00
7712,운동,,2026-12-17 20:00:00,2026-12-17 22:00:00
7713,운동,,2026-12-17 22:00:00,2026-12-18 00:00:00
7714,아침식사,,2026-12-18 08:00:00,2026-12-18 10:00:00
7715,관람,,2026-12-18 10:00:00,2026-12-18 12:00:00
7716,점심식사,,2026-12-18 12:00:00,2026-12-18 14:00:00
7717,관람,,2026-12-18 14:00:00,2026-12-18 15:00:00
7718,관람,,2026-12-18 15:00:00,2026-12-18 16:00:00
7719,기타,,2026-12-18 16:00:00,2026-12-18 17:00:00
7720,운동,,2026-12-18 17:00:00,2026-12-18 19:00:00
7721,실내활동,,2026-12-18 19:00:00,2026-12-18 21:00:00
7722,기타,,2026-12-18 21:00:00,2026-12-18 22:00:00
7723,실내활동,,2026-12-18 22:00:00,2026-12-19 00:00:00
7724,공원,,2026-12-18 22:00:00,2026-12-18 23:00:00
7725,아침식사,,2026-12-19 08:00:00,2026-12-19 10:00:00
7726,스포츠,,2026-12-19 10:00:00,2026-12-19 11:00:00
7727,운동,,2026-12-19 11:00:00,2026-12-19 12:00:00
7728,점심식사,,2026-12-19 12:00:00,2026-12-19 14:00:00
7729,운동,,2026-12-19 14:00:00,2026-12-19 16:00:00
7730,운동,,2026-12-19 16:00:00,2026-12-19 18:00:00
7731,저녁식사,,2026-12-19 18:00:00,2026-12-19 20:00:00
7732,기타,,2026-12-19 20:00:00,2026-12-19 22:00:00
7733,운동,,2026-12-19 22:00:00,2026-12-19 23:00:00
7734,기타,,2026-12-19 23:00:00,2026-12-20 00:00:00
7735,아침식사,,2026-12-20 08:00:00,2026-12-20 10:00:00
7736,실내활동,,2026-12-20 10:00:00,2026-12-20 11:00:00
7737,운동,,2026-12-20 11:00:00,2026-12-20 13:00:00
7738,공부,,2026-12-20 13:00:00,2026-12-20 14:00:00
7739,실내활동,,2026-12-20 14:00:00,2026-12-20 15:00:00
7740,운동,,2026-12-20 15:00:00,2026-12-20 17:00:00
7741,기타,,2026-12-20 17:00:00,2026-12-20 18:00:00
7742,저녁식사,,2026-12-20 18:00:00,2026-12-20 20:00:00
7743,기타,,2026-12-20 20:00:00,2026-12-20 22:00:00
7744,기타,,2026-12-20 22:00:00,2026-12-20 23:00:00
7745,기타,,2026-12-20 23:00:00,2026-12-21 00:00:00
7746,관람,,2026-12-20 22:00:00,2026-12-20 23:00:00
7747,아침식사,,2026-12-21 08:00:00,2026-12-21 10:00:00
7748,공원,,2026-12-21 10:00:00,2026-12-21 12:00:00
7749,점심식사,,2026-12-21 12:00:00,2026-12-21 14:00:00
7750,관람,,2026-12-21 14:00:00,2026-12-21 15:00:00
7751,공원,,2026-12-21 15:00:00,2026-12-21 17:00:00
7752,관람,,2026-12-21 17:00:00,2026-12-21 19:00:00
7753,관람,,2026-12-21 19:00:00,2026-12-21 20:00:00
7754,기타,,2026-12-21 20:00:00,2026-12-21 22:00:00
7755,기타,,2026-12-21 22:00:00,2026-12-22 00:00:00
7756,운동,,2026-12-21 22:00:00,2026-12-21 23:00:00
7757,아침식사,,2026-12-22 08:00:00,2026-12-22 10:00:00
7758,기타,,2026-12-22 10:00:00,2026-12-22 12:00:00
7759,점심식사,,2026-12-22 12:00:00,2026-12-22 14:00:00
7760,운동,,2026-12-22 14:00:00,2026-12-22 16:00:00
7761,기타,,2026-12-22 16:00:00,2026-12-22 18:00:00
7762,저녁식사,,2026-12-22 18:00:00,2026-12-22 20:00:00
7763,공부,,2026-12-22 20:00:00,2026-12-22 22:00:00
7764,운동,,2026-12-22 22:00:00,2026-12-23 00:00:00
7765,아침식사,,2026-12-23 08:00:00,2026-12-23 10:00:00
7766,실내활동,,2026-12-23 10:00:00,2026-12-23 12:00:00
7767,점심식사,,2026-12-23 12:00:00,2026-12-23 14:00:00
7768,공부,,2026-12-23 14:00:00,2026-12-23 16:00:00
7769,운동,,2026-12-23 16:00:00,2026-12-23 17:00:00
7770,공부,,2026-12-23 17:00:00,2026-12-23 18:00:00
7771,저녁식사,,2026-12-23 18:00:00,2026-12-23 20:00:00
7772,공부,,2026-12-23 20:00:00,2026-12-23 22:00:00
7773,공부,,2026-12-23 22:00:00,2026-12-23 23:00:00
7774,기타,,2026-12-23 23:00:00,2026-12-24 00:00:00
7775,공원,,2026-12-23 22:00:00,2026-12-23 23:00:00
7776,아침식사,,2026-12-24 08:00:00,2026-12-24 10:00:00
7777,기타,,2026-12-24 10:00:00,2026-12-24 11:00:00
7778,운동,,2026-12-24 11:00:00,2026-12-24 12:00:00
7779,점심식사,,2026-12-24 12:00:00,2026-12-24 14:00:00
7780,기타,,2026-12-24 14:00:00,2026-12-24 15:00:00
7781,기타,,2026-12-24 15:00:00,2026-12-24 16:00:00
7782,실내활동,,2026-12-24 16:00:00,2026-12-24 17:00:00
7783,기타,,2026-12-24 17:00:00,2026-12-24 18:00:00
7784,저녁식사,,2026-12-24 18:00:00,2026-12-24 20:00:00
7785,운동,,2026-12-24 20:00:00,2026-12-24 21:00:00
7786,실내활동,,2026-12-24 21:00:00,2026-12-24 23:00:00
7787,기타,,2026-12-24 23:00:00,2026-12-25 00:00:00
7788,아침식사,,2026-12-25 08:00:00,2026-12-25 10:00:00
7789,기타,,2026-12-25 10:00:00,2026-12-25 12:00:00
7790,점심식사,,2026-12-25 12:00:00,2026-12-25 14:00:00
7791,실내활동,,2026-12-25 14:00:00,2026-12-25 15:00:00
7792,운동,,2026-12-25 15:00:00,2026-12-25 16:00:00
7793,기타,,2026-12-25 16:00:00,2026-12-25 17:00:00
7794,공원,,2026-12-25 17:00:00,2026-12-25 18:00:00
7795,저녁식사,,2026-12-25 18:00:00,2026-12-25 20:00:00
7796,공원,,2026-12-25 20:00:00,2026-12-25 22:00:00
7797,기타,,2026-12-25 22:00:00,2026-12-25 23:00:00
7798,운동,,2026-12-25 23:00:00,2026-12-26 00:00:00
7799,관람,,2026-12-25 22:00:00,2026-12-25 23:00:00
7800,아침식사,,2026-12-26 08:00:00,2026-12-26 10:00:00
7801,스포츠,,2026-12-26 10:00:00,2026-12-26 12:00:00
7802,점심식사,,2026-12-26 12:00:00,2026-12-26 14:00:00
7803,운동,,2026-12-26 14:00:00,2026-12-26 16:00:00
7804,기타,,2026-12-26 16:00:00,2026-12-26 18:00:00
7805,저녁식사,,2026-12-26 18:00:00,2026-12-26 20:00:00
7806,기타,,2026-12-26 20:00:00,2026-12-26 22:00:00
7807,기타,,2026-12-26 22:00:00,2026-12-26 23:00:00
7808,운동,,2026-12-26 23:00:00,2026-12-27 00:00:00
7809,아침식사,,2026-12-27 08:00:00,2026-12-27 10:00:00
7810,공부,,2026-12-27 10:00:00,2026-12-27 12:00:00
7811,점심식사,,2026-12-27 12:00:00,2026-12-27 14:00:00
7812,기타,,2026-12-27 14:00:00,2026-12-27 16:00:00
7813,기타,,2026-12-27 16:00:00,2026-12-27 18:00:00
7814,저녁식사,,2026-12-27 18:00:00,2026-12-27 20:00:00
7815,기타,,2026-12-27 20:00:00,2026-12-27 22:00:00
7816,관람,,2026-12-27 22:00:00,2026-12-27 23:00:00
7817,공부,,2026-12-27 23:00:00,2026-12-28 00:00:00
7818,운동,,2026-12-27 22:00:00,2026-12-27 23:00:00
7819,실내활동,,2026-12-27 22:00:00,2026-12-27 23:00:00
7820,아침식사,,2026-12-28 08:00:00,2026-12-28 10:00:00
7821,공원,,2026-12-28 10:00:00,2026-12-28 12:00:00
7822,점심식사,,2026-12-28 12:00:00,2026-12-28 14:00:00
7823,공원,,2026-12-28 14:00:00,2026-12-28 16:00:00
7824,공원,,2026-12-28 16:00:00,2026-12-28 17:00:00
7825,공원,,2026-12-28 17:00:00,2026-12-28 19:00:00
7826,공원,,2026-12-28 19:00:00,2026-12-28 21:00:00
7827,운동,,2026-12-28 21:00:00,2026-12-28 22:00:00
7828,공원,,2026-12-28 22:00:00,2026-12-29 00:00:00
7829,관람,,2026-12-28 22:00:00,2026-12-28 23:00:00
7830,기타,,2026-12-28 22:00:00,2026-12-28 23:00:00
7831,아침식사,,2026-12-29 08:00:00,2026-12-29 10:00:00
7832,기타,,2026-12-29 10:00:00,2026-12-29 12:00:00
7833,점심식사,,2026-12-29 12:00:00,2026-12-29 14:00:00
7834,기타,,2026-12-29 14:00:00,2026-12-29 15:00:00
7835,공부,,2026-12-29 15:00:00,2026-12-29 17:00:00
7836,공부,,2026-12-29 17:00:00,2026-12-29 19:00:00
7837,공부,,2026-12-29 19:00:00,2026-12-29 21:00:00
7838,운동,,2026-12-29 21:00:00,2026-12-29 23:00:00
7839,공부,,2026-12-29 23:00:00,2026-12-30 00:00:00
7840,아침식사,,2026-12-30 08:00:00,2026-12-30 10:00:00
7841,공원,,2026-12-30 10:00:00,2026-12-30 12:00:00
7842,점심식사,,2026-12-30 12:00:00,2026-12-30 14:00:00
7843,운동,,2026-12-30 14:00:00,2026-12-30 15:00:00
7844,기타,,2026-12-30 15:00:00,2026-12-30 17:00:00
7845,기타,,2026-12-30 17:00:00,2026-12-30 19:00:00
7846,운동,,2026-12-30 19:00:00,2026-12-30 21:00:00
7847,운동,,2026-12-30 21:00:00,2026-12-30 22:00:00
7848,실내활동,,2026-12-30 22:00:00,2026-12-31 00:00:00
7849,공부,,2026-12-30 22:00:00,2026-12-30 23:00:00
7850,아침식사,,2026-12-31 08:00:00,2026-12-31 10:00:00
7851,운동,,2026-12-31 10:00:00,2026-12-31 11:00:00
7852,기타,,2026-12-31 11:00:00,2026-12-31 13:00:00
7853,기타,,2026-12-31 13:00:00,2026-12-31 15:00:00
7854,운동,,2026-12-31 15:00:00,2026-12-31 17:00:00
7855,실내활동,,2026-12-31 17:00:00,2026-12-31 19:00:00
7856,기타,,2026-12-31 19:00:00,2026-12-31 21:00:00
7857,운동,,2026-12-31 21:00:00,2026-12-31 23:00:00
7858,운동,,2026-12-31 23:00:00,2027-01-01 00:00:00
7859,아침식사,,2027-01-01 08:00:00,2027-01-01 10:00:00
7860,운동,,2027-01-01 10:00:00,2027-01-01 11:00:00
7861,관람,,2027-01-01 11:00:00,2027-01-01 12:00:00
7862,점심식사,,2027-01-01 12:00:00,2027-01-01 14:00:00
7863,공원,,2027-01-01 14:00:00,2027-01-01 16:00:00
7864,공원,,2027-01-01 16:00:00,2027-01-01 18:00:00
7865,저녁식사,,2027-01-01 18:00:00,2027-01-01 20:00:00
7866,관람,,2027-01-01 20:00:00,2027-01-01 21:00:00
7867,실내활동,,2027-01-01 21:00:00,2027-01-01 22:00:00
7868,실내활동,,2027-01-01 22:00:00,2027-01-01 23:00:00
7869,기타,,2027-01-01 23:00:00,2027-01-02 00:00:00
7870,아침식사,,2027-01-02 08:00:00,2027-01-02 10:00:00
7871,기타,,2027-01-02 10:00:00,2027-01-02 12:00:00
7872,점심식사,,2027-01-02 12:00:00,2027-01-02 14:00:00
7873,운동,,2027-01-02 14:00:00,2027-01-02 15:00:00
7874,기타,,2027-01-02 15:00:00,2027-01-02 17:00:00
7875,기타,,2027-01-02 17:00:00,2027-01-02 18:00:00
7876,저녁식사,,2027-01-02 18:00:00,2027-01-02 20:00:00
7877,스포츠,,2027-01-02 20:00:00,2027-01-02 21:00:00
7878,운동,,2027-01-02 21:00:00,2027-01-02 22:00:00
7879,스포츠,,2027-01-02 22:00:00,2027-01-03 00:00:00
7880,아침식사,,2027-01-03 08:00:00,2027-01-03 10:00:00
7881,관람,,2027-01-03 10:00:00,2027-01-03 12:00:00
7882,점심식사,,2027-01-03 12:00:00,2027-01-03 14:00:00
7883,실내활동,,2027-01-03 14:00:00,2027-01-03 15:00:00
7884,운동,,2027-01-03 15:00:00,2027-01-03 17:00:00
7885,기타,,2027-01-03 17:00:00,2027-01-03 18:00:00
7886,저녁식사,,2027-01-03 18:00:00,2027-01-03 20:00:00
7887,관람,,2027-01-03 20:00:00,2027-01-03 21:00:00
7888,관람,,2027-01-03 21:00:00,2027-01-03 22:00:00
7889,실내활동,,2027-01-03 22:00:00,2027-01-04 00:00:00
7890,공부,,2027-01-03 22:00:00,2027-01-03 23:00:00
7891,아침식사,,2027-01-04 08:00:00,2027-01-04 10:00:00
7892,관람,,2027-01-04 10:00:00,2027-01-04 12:00:00
7893,점심식사,,2027-01-04 12:00:00,2027-01-04 14:00:00
7894,운동,,2027-01-04 14:00:00,2027-01-04 16:00:00
7895,기타,,2027-01-04 16:00:00,2027-01-04 17:00:00
7896,공원,,2027-01-04 17:00:00,2027-01-04 19:00:00
7897,운동,,2027-01-04 19:00:00,2027-01-04 21:00:00
7898,관람,,2027-01-04 21:00:00,2027-01-04 22:00:00
7899,공원,,2027-01-04 22:00:00,2027-01-04 23:00:00
7900,기타,,2027-01-04 23:00:00,2027-01-05 00:00:00
7901,아침식사,,2027-01-05 08:00:00,2027-01-05 10:00:00
7902,기타,,2027-01-05 10:00:00,2027-01-05 12:00:00
7903,점심식사,,2027-01-05 12:00:00,2027-01-05 14:00:00
7904,기타,,2027-01-05 14:00:00,2027-01-05 15:00:00
7905,기타,,2027-01-05 15:00:00,2027-01-05 16:00:00
7906,기타,,2027-01-05 16:00:00,2027-01-05 18:00:00
7907,저녁식사,,2027-01-05 18:00:00,2027-01-05 20:00:00
7908,공부,,2027-01-05 20:00:00,2027-01-05 21:00:00
7909,운동,,2027-01-05 21:00:00,2027-01-05 22:00:00
7910,공부,,2027-01-05 22:00:00,2027-01-05 23:00:00
7911,공부,,2027-01-05 23:00:00,2027-01-06 00:00:00
7912,아침식사,,2027-01-06 08:00:00,2027-01-06 10:00:00
7913,운동,,2027-01-06 10:00:00,2027-01-06 12:00:00
7914,점심식사,,2027-01-06 12:00:00,2027-01-06 14:00:00
7915,실내활동,,2027-01-06 14:00:00,2027-01-06 16:00:00
7916,기타,,2027-01-06 16:00:00,2027-01-06 18:00:00
7917,저녁식사,,2027-01-06 18:00:00,2027-01-06 20:00:00
7918,기타,,2027-01-06 20:00:00,2027-01-06 21:00:00
7919,공부,,2027-01-06 21:00:00,2027-01-06 22:00:00
7920,운동,,2027-01-06 22:00:00,2027-01-07 00:00:00
7921,공원,,2027-01-06 22:00:00,2027-01-06 23:00:00
7922,아침식사,,2027-01-07 08:00:00,2027-01-07 10:00:00
7923,기타,,2027-01-07 10:00:00,2027-01-07 11:00:00
7924,운동,,2027-01-07 11:00:00,2027-01-07 12:00:00
7925,점심식사,,2027-01-07 12:00:00,2027-01-07 14:00:00
7926,실내활동,,2027-01-07 14:00:00,2027-01-07 16:00:00
7927,운동,,2027-01-07 16:00:00,2027-01-07 17:00:00
7928,기타,,2027-01-07 17:00:00,2027-01-07 19:00:00
7929,기타,,2027-01-07 19:00:00,2027-01-07 21:00:00
7930,운동,,2027-01-07 21:00:00,2027-01-07 23:00:00
7931,운동,,2027-01-07 23:00:00,2027-01-08 00:00:00
7932,아침식사,,2027-01-08 08:00:00,2027-01-08 10:00:00
7933,운동,,2027-01-08 10:00:00,2027-01-08 11:00:00
7934,실내활동,,2027-01-08 11:00:00,2027-01-08 13:00:00
7935,관람,,2027-01-08 13:00:00,2027-01-08 15:00:00
7936,공원,,2027-01-08 15:00:00,2027-01-08 17:00:00
7937,관람,,2027-01-08 17:00:00,2027-01-08 18:00:00
7938,저녁식사,,2027-01-08 18:00:00,2027-01-08 20:00:00
7939,관람,,2027-01-08 20:00:00,2027-01-08 22:00:00
7940,실내활동,,2027-01-08 22:00:00,2027-01-08 23:00:00
7941,공원,,2027-01-08 23:00:00,2027-01-09 00:00:00
7942,기타,,2027-01-08 22:00:00,2027-01-08 23:00:00
7943,아침식사,,2027-01-09 08:00:00,2027-01-09 10:00:00
7944,기타,,2027-01-09 10:00:00,2027-01-09 12:00:00
7945,점심식사,,2027-01-09 12:00:00,2027-01-09 14:00:00
7946,기타,,2027-01-09 14:00:00,2027-01-09 15:00:00
7947,기타,,2027-01-09 15:00:00,2027-01-09 16:00:00
7948,운동,,2027-01-09 16:00:00,2027-01-09 17:00:00
7949,기타,,2027-01-09 17:00:00,2027-01-09 18:00:00
7950,저녁식사,,2027-01-09 18:00:00,2027-01-09 20:00:00
7951,스포츠,,2027-01-09 20:00:00,2027-01-09 21:00:00
7952,기타,,2027-01-09 21:00:00,2027-01-09 22:00:00
7953,스포츠,,2027-01-09 22:00:00,2027-01-09 23:00:00
7954,기타,,2027-01-09 23:00:00,2027-01-10 00:00:00
7955,아침식사,,2027-01-10 08:00:00,2027-01-10 10:00:00
7956,운동,,2027-01-10 10:00:00,2027-01-10 11:00:00
7957,기타,,2027-01-10 11:00:00,2027-01-10 12:00:00
7958,점심식사,,2027-01-10 12:00:00,2027-01-10 14:00:00
7959,공부,,2027-01-10 14:00:00,2027-01-10 16:00:00
7960,실내활동,,2027-01-10 16:00:00,2027-01-10 17:00:00
7961,기타,,2027-01-10 17:00:00,2027-01-10 18:00:00
7962,저녁식사,,2027-01-10 18:00:00,2027-01-10 20:00:00
7963,실내활동,,2027-01-10 20:00:00,2027-01-10 22:00:00
7964,실내활동,,2027-01-10 22:00:00,2027-01-10 23:00:00
7965,공부,,2027-01-10 23:00:00,2027-01-11 00:00:00
7966,관람,,2027-01-10 22:00:00,2027-01-10 23:00:00
7967,아침식사,,2027-01-11 08:00:00,2027-01-11 10:00:00
7968,공원,,2027-01-11 10:00:00,2027-01-11 11:00:00
7969,공원,,2027-01-11 11:00:00,2027-01-11 13:00:00
7970,관람,,2027-01-11 13:00:00,2027-01-11 14:00:00
7971,공원,,2027-01-11 14:00:00,2027-01-11 16:00:00
7972,관람,,2027-01-11 16:00:00,2027-01-11 18:00:00
7973,저녁식사,,2027-01-11 18:00:00,2027-01-11 20:00:00
7974,운동,,2027-01-11 20:00:00,2027-01-11 21:00:00
7975,관람,,2027-01-11 21:00:00,2027-01-11 22:00:00
7976,기타,,2027-01-11 22:00:00,2027-01-11 23:00:00
7977,운동,,2027-01-11 23:00:00,2027-01-12 00:00:00
7978,아침식사,,2027-01-12 08:00:00,2027-01-12 10:00:00
7979,공부,,2027-01-12 10:00:00,2027-01-12 11:00:00
7980,기타,,2027-01-12 11:00:00,2027-01-12 12:00:00
7981,점심식사,,2027-01-12 12:00:00,2027-01-12 14:00:00
7982,운동,,2027-01-12 14:00:00,2027-01-12 16:00:00
7983,기타,,2027-01-12 16:00:00,2027-01-12 18:00:00
7984,저녁식사,,2027-01-12 18:00:00,2027-01-12 20:00:00
7985,운동,,2027-01-12 20:00:00,2027-01-12 22:00:00
7986,공부,,2027-01-12 22:00:00,2027-01-13 00:00:00
7987,아침식사,,2027-01-13 08:00:00,2027-01-13 10:00:00
7988,공부,,2027-01-13 10:00:00,2027-01-13 12:00:00
7989,점심식사,,2027-01-13 12:00:00,2027-01-13 14:00:00
7990,공부,,2027-01-13 14:00:00,2027-01-13 16:00:00
7991,실내활동,,2027-01-13 16:00:00,2027-01-13 17:00:00
7992,실내활동,,2027-01-13 17:00:00,2027-01-13 18:00:00
7993,저녁식사,,2027-01-13 18:00:00,2027-01-13 20:00:00
7994,공원,,2027-01-13 20:00:00,2027-01-13 22:00:00
7995,운동,,2027-01-13 22:00:00,2027-01-14 00:00:00
7996,기타,,2027-01-13 22:00:00,2027-01-13 23:00:00
7997,아침식사,,2027-01-14 08:00:00,2027-01-14 10:00:00
7998,실내활동,,2027-01-14 10:00:00,2027-01-14 11:00:00
7999,기타,,2027-01-14 11:00:00,2027-01-14 12:00:00
8000,점심식사,,2027-01-14 12:00:00,2027-01-14 14:00:00
8001,운동,,2027-01-14 14:00:00,2027-01-14 16:00:00
8002,운동,,2027-01-14 16:00:00,2027-01-14 17:00:00
8003,실내활동,,2027-01-14 17:00:00,2027-01-14 18:00:00
8004,저녁식사,,2027-01-14 18:00:00,2027-01-14 20:00:00
8005,실내활동,,2027-01-14 20:00:00,2027-01-14 22:00:00
8006,기타,,2027-01-14 22:00:00,2027-01-15 00:00:00
8007,아침식사,,2027-01-15 08:00:00,2027-01-15 10:00:00
8008,관람,,2027-01-15 10:00:00,2027-01-15 12:00:00
8009,점심식사,,2027-01-15 12:00:00,2027-01-15 14:00:00
8010,운동,,2027-01-15 14:00:00,2027-01-15 16:00:00
8011,운동,,2027-01-15 16:00:00,2027-01-15 18:00:00
8012,저녁식사,,2027-01-15 18:00:00,2027-01-15 20:00:00
8013,공원,,2027-01-15 20:00:00,2027-01-15 22:00:00
8014,기타,,2027-01-15 22:00:00,2027-01-15 23:00:00
8015,관람,,2027-01-15 23:00:00,2027-01-16 00:00:00
8016,실내활동,,2027-01-15 22:00:00,2027-01-15 23:00:00
8017,아침식사,,2027-01-16 08:00:00,2027-01-16 10:00:00
8018,기타,,2027-01-16 10:00:00,2027-01-16 11:00:00
8019,스포츠,,2027-01-16 11:00:00,2027-01-16 13:00:00
8020,기타,,2027-01-16 13:00:00,2027-01-16 15:00:00
8021,기타,,2027-01-16 15:00:00,2027-01-16 17:00:00
8022,기타,,2027-01-16 17:00:00,2027-01-16 18:00:00
8023,저녁식사,,2027-01-16 18:00:00,2027-01-16 20:00:00
8024,운동,,2027-01-16 20:00:00,2027-01-16 22:00:00
8025,운동,,2027-01-16 22:00:00,2027-01-16 23:00:00
8026,스포츠,,2027-01-16 23:00:00,2027-01-17 00:00:00
8027,아침식사,,2027-01-17 08:00:00,2027-01-17 10:00:00
8028,실내활동,,2027-01-17 10:00:00,2027-01-17 12:00:00
8029,점심식사,,2027-01-17 12:00:00,2027-01-17 14:00:00
8030,공부,,2027-01-17 14:00:00,2027-01-17 15:00:00
8031,실내활동,,2027-01-17 15:00:00,2027-01-17 17:00:00
8032,기타,,2027-01-17 17:00:00,2027-01-17 18:00:00
8033,저녁식사,,2027-01-17 18:00:00,2027-01-17 20:00:00
8034,관람,,2027-01-17 20:00:00,2027-01-17 22:00:00
8035,운동,,2027-01-17 22:00:00,2027-01-18 00:00:00
8036,아침식사,,2027-01-18 08:00:00,2027-01-18 10:00:00
8037,기타,,2027-01-18 10:00:00,2027-01-18 12:00:00
8038,점심식사,,2027-01-18 12:00:00,2027-01-18 14:00:00
8039,기타,,2027-01-18 14:00:00,2027-01-18 16:00:00
8040,기타,,2027-01-18 16:00:00,2027-01-18 18:00:00
8041,저녁식사,,2027-01-18 18:00:00,2027-01-18 20:00:00
8042,공원,,2027-01-18 20:00:00,2027-01-18 22:00:00
8043,공원,,2027-01-18 22:00:00,2027-01-19 00:00:00
8044,운동,,2027-01-18 22:00:00,2027-01-18 23:00:00
8045,관람,,2027-01-18 22:00:00,2027-01-18 23:00:00
8046,아침식사,,2027-01-19 08:00:00,2027-01-19 10:00:00
8047,운동,,2027-01-19 10:00:00,2027-01-19 12:00:00
8048,점심식사,,2027-01-19 12:00:00,2027-01-19 14:00:00
8049,기타,,2027-01-19 14:00:00,2027-01-19 16:00:00
8050,운동,,2027-01-19 16:00:00,2027-01-19 17:00:00
8051,운동,,2027-01-19 17:00:00,2027-01-19 18:00:00
8052,저녁식사,,2027-01-19 18:00:00,2027-01-19 20:00:00
8053,기타,,2027-01-19 20:00:00,2027-01-19 22:00:00
8054,공부,,2027-01-19 22:00:00,2027-01-20 00:00:00
8055,아침식사,,2027-01-20 08:00:00,2027-01-20 10:00:00
8056,공원,,2027-01-20 10:00:00,2027-01-20 11:00:00
8057,공원,,2027-01-20 11:00:00,2027-01-20 13:00:00
8058,기타,,2027-01-20 13:00:00,2027-01-20 15:00:00
8059,운동,,2027-01-20 15:00:00,2027-01-20 17:00:00
8060,운동,,2027-01-20 17:00:00,2027-01-20 19:00:00
8061,운동,,2027-01-20 19:00:00,2027-01-20 21:00:00
8062,기타,,2027-01-20 21:00:00,2027-01-20 23:00:00
8063,운동,,2027-01-20 23:00:00,2027-01-21 00:00:00
8064,공부,,2027-01-20 22:00:00,2027-01-20 23:00:00
8065,실내활동,,2027-01-20 22:00:00,2027-01-20 23:00:00
8066,아침식사,,2027-01-21 08:00:00,2027-01-21 10:00:00
8067,실내활동,,2027-01-21 10:00:00,2027-01-21 11:00:00
8068,실내활동,,2027-01-21 11:00:00,2027-01-21 12:00:00
8069,점심식사,,2027-01-21 12:00:00,2027-01-21 14:00:00
8070,실내활동,,2027-01-21 14:00:00,2027-01-21 16:00:00
8071,운동,,2027-01-21 16:00:00,2027-01-21 17:00:00
8072,운동,,2027-01-21 17:00:00,2027-01-21 18:00:00
8073,저녁식사,,2027-01-21 18:00:00,2027-01-21 20:00:00
8074,실내활동,,2027-01-21 20:00:00,2027-01-21 21:00:00
8075,실내활동,,2027-01-21 21:00:00,2027-01-21 22:00:00
8076,실내활동,,2027-01-21 22:00:00,2027-01-21 23:00:00
8077,실내활동,,2027-01-21 23:00:00,2027-01-22 00:00:00
8078,기타,,2027-01-21 22:00:00,2027-01-21 23:00:00
8079,아침식사,,2027-01-22 08:00:00,2027-01-22 10:00:00
8080,운동,,2027-01-22 10:00:00,2027-01-22 12:00:00
8081,점심식사,,2027-01-22 12:00:00,2027-01-22 14:00:00
8082,기타,,2027-01-22 14:00:00,2027-01-22 15:00:00
8083,기타,,2027-01-22 15:00:00,2027-01-22 17:00:00
8084,실내활동,,2027-01-22 17:00:00,2027-01-22 19:00:00
8085,공원,,2027-01-22 19:00:00,2027-01-22 20:00:00
8086,실내활동,,2027-01-22 20:00:00,2027-01-22 21:00:00
8087,관람,,2027-01-22 21:00:00,2027-01-22 23:00:00
8088,운동,,2027-01-22 23:00:00,2027-01-23 00:00:00
8089,아침식사,,2027-01-23 08:00:00,2027-01-23 10:00:00
8090,기타,,2027-01-23 10:00:00,2027-01-23 12:00:00
8091,점심식사,,2027-01-23 12:00:00,2027-01-23 14:00:00
8092,스포츠,,2027-01-23 14:00:00,2027-01-23 15:00:00
8093,운동,,2027-01-23 15:00:00,2027-01-23 17:00:00
8094,기타,,2027-01-23 17:00:00,2027-01-23 18:00:00
8095,저녁식사,,2027-01-23 18:00:00,2027-01-23 20:00:00
8096,기타,,2027-01-23 20:00:00,2027-01-23 22:00:00
8097,운동,,2027-01-23 22:00:00,2027-01-23 23:00:00
8098,기타,,2027-01-23 23:00:00,2027-01-24 00:00:00
8099,아침식사,,2027-01-24 08:00:00,2027-01-24 10:00:00
8100,공부,,2027-01-24 10:00:00,2027-01-24 11:00:00
8101,실내활동,,2027-01-24 11:00:00,2027-01-24 13:00:00
8102,관람,,2027-01-24 13:00:00,2027-01-24 15:00:00
8103,공부,,2027-01-24 15:00:00,2027-01-24 17:00:00
8104,공부,,2027-01-24 17:00:00,2027-01-24 18:00:00
8105,저녁식사,,2027-01-24 18:00:00,2027-01-24 20:00:00
8106,기타,,2027-01-24 20:00:00,2027-01-24 22:00:00
8107,관람,,2027-01-24 22:00:00,2027-01-25 00:00:00
8108,운동,,2027-01-24 22:00:00,2027-01-24 23:00:00
8109,아침식사,,2027-01-25 08:00:00,2027-01-25 10:00:00
8110,운동,,2027-01-25 10:00:00,2027-01-25 12:00:00
8111,점심식사,,2027-01-25 12:00:00,2027-01-25 14:00:00
8112,기타,,2027-01-25 14:00:00,2027-01-25 16:00:00
8113,기타,,2027-01-25 16:00:00,2027-01-25 17:00:00
8114,운동,,2027-01-25 17:00:00,2027-01-25 18:00:00
8115,저녁식사,,2027-01-25 18:00:00,2027-01-25 20:00:00
8116,운동,,2027-01-25 20:00:00,2027-01-25 22:00:00
8117,기타,,2027-01-25 22:00:00,2027-01-25 23:00:00
8118,관람,,2027-01-25 23:00:00,2027-01-26 00:00:00
8119,공원,,2027-01-25 22:00:00,2027-01-25 23:00:00
8120,아침식사,,2027-01-26 08:00:00,2027-01-26 10:00:00
8121,운동,,2027-01-26 10:00:00,2027-01-26 12:00:00
8122,점심식사,,2027-01-26 12:00:00,2027-01-26 14:00:00
8123,기타,,2027-01-26 14:00:00,2027-01-26 15:00:00
8124,공부,,2027-01-26 15:00:00,2027-01-26 16:00:00
8125,공부,,2027-01-26 16:00:00,2027-01-26 18:00:00
8126,저녁식사,,2027-01-26 18:00:00,2027-01-26 20:00:00
8127,공부,,2027-01-26 20:00:00,2027-01-26 22:00:00
8128,운동,,2027-01-26 22:00:00,2027-01-26 23:00:00
8129,기타,,2027-01-26 23:00:00,2027-01-27 00:00:00
8130,아침식사,,2027-01-27 08:00:00,2027-01-27 10:00:00
8131,운동,,2027-01-27 10:00:00,2027-01-27 11:00:00
8132,운동,,2027-01-27 11:00:00,2027-01-27 12:00:00
8133,점심식사,,2027-01-27 12:00:00,2027-01-27 14:00:00
8134,공원,,2027-01-27 14:00:00,2027-01-27 16:00:00
8135,공부,,2027-01-27 16:00:00,2027-01-27 17:00:00
8136,기타,,2027-01-27 17:00:00,2027-01-27 18:00:00
8137,저녁식사,,2027-01-27 18:00:00,2027-01-27 20:00:00
8138,운동,,2027-01-27 20:00:00,2027-01-27 22:00:00
8139,공부,,2027-01-27 22:00:00,2027-01-27 23:00:00
8140,기타,,2027-01-27 23:00:00,2027-01-28 00:00:00
8141,실내활동,,2027-01-27 22:00:00,2027-01-27 23:00:00
8142,아침식사,,2027-01-28 08:00:00,2027-01-28 10:00:00
8143,운동,,2027-01-28 10:00:00,2027-01-28 11:00:00
8144,실내활동,,2027-01-28 11:00:00,2027-01-28 13:00:00
8145,기타,,2027-01-28 13:00:00,2027-01-28 14:00:00
8146,실내활동,,2027-01-28 14:00:00,2027-01-28 16:00:00
8147,운동,,2027-01-28 16:00:00,2027-01-28 17:00:00
8148,기타,,2027-01-28 17:00:00,2027-01-28 18:00:00
8149,저녁식사,,2027-01-28 18:00:00,2027-01-28 20:00:00
8150,운동,,2027-01-28 20:00:00,2027-01-28 21:00:00
8151,기타,,2027-01-28 21:00:00,2027-01-28 23:00:00
8152,기타,,2027-01-28 23:00:00,2027-01-29 00:00:00
8153,아침식사,,2027-01-29 08:00:00,2027-01-29 10:00:00
8154,기타,,2027-01-29 10:00:00,2027-01-29 12:00:00
8155,점심식사,,2027-01-29 12:00:00,2027-01-29 14:00:00
8156,공원,,2027-01-29 14:00:00,2027-01-29 16:00:00
8157,운동,,2027-01-29 16:00:00,2027-01-29 18:00:00
8158,저녁식사,,2027-01-29 18:00:00,2027-01-29 20:00:00
8159,기타,,2027-01-29 20:00:00,2027-01-29 22:00:00
8160,기타,,2027-01-29 22:00:00,2027-01-30 00:00:00
8161,실내활동,,2027-01-29 22:00:00,2027-01-29 23:00:00
8162,관람,,2027-01-29 22:00:00,2027-01-29 23:00:00
8163,아침식사,,2027-01-30 08:00:00,2027-01-30 10:00:00
8164,기타,,2027-01-30 10:00:00,2027-01-30 12:00:00
8165,점심식사,,2027-01-30 12:00:00,2027-01-30 14:00:00
8166,기타,,2027-01-30 14:00:00,2027-01-30 16:00:00
8167,스포츠,,2027-01-30 16:00:00,2027-01-30 17:00:00
8168,기타,,2027-01-30 17:00:00,2027-01-30 19:00:00
8169,기타,,2027-01-30 19:00:00,2027-01-30 21:00:00
8170,스포츠,,2027-01-30 21:00:00,2027-01-30 22:00:00
8171,스포츠,,2027-01-30 22:00:00,2027-01-31 00:00:00
8172,운동,,2027-01-30 22:00:00,2027-01-30 23:00:00
8173,아침식사,,2027-01-31 08:00:00,2027-01-31 10:00:00
8174,운동,,2027-01-31 10:00:00,2027-01-31 12:00:00
8175,점심식사,,2027-01-31 12:00:00,2027-01-31 14:00:00
8176,관람,,2027-01-31 14:00:00,2027-01-31 16:00:00
8177,기타,,2027-01-31 16:00:00,2027-01-31 17:00:00
8178,기타,,2027-01-31 17:00:00,2027-01-31 18:00:00
8179,저녁식사,,2027-01-31 18:00:00,2027-01-31 20:00:00
8180,관람,,2027-01-31 20:00:00,2027-01-31 21:00:00
8181,공부,,2027-01-31 21:00:00,2027-01-31 23:00:00
8182,운동,,2027-01-31 23:00:00,2027-02-01 00:00:00
8183,실내활동,,2027-01-31 22:00:00,2027-01-31 23:00:00
8184,아침식사,,2027-02-01 08:00:00,2027-02-01 10:00:00
8185,기타,,2027-02-01 10:00:00,2027-02-01 12:00:00
8186,점심식사,,2027-02-01 12:00:00,2027-02-01 14:00:00
8187,기타,,2027-02-01 14:00:00,2027-02-01 15:00:00
8188,관람,,2027-02-01 15:00:00,2027-02-01 17:00:00
8189,운동,,2027-02-01 17:00:00,2027-02-01 18:00:00
8190,저녁식사,,2027-02-01 18:00:00,2027-02-01 20:00:00
8191,공원,,2027-02-01 20:00:00,2027-02-01 22:00:00
8192,운동,,2027-02-01 22:00:00,2027-02-01 23:00:00
8193,운동,,2027-02-01 23:00:00,2027-02-02 00:00:00
8194,아침식사,,2027-02-02 08:00:00,2027-02-02 10:00:00
8195,기타,,2027-02-02 10:00:00,2027-02-02 11:00:00
8196,기타,,2027-02-02 11:00:00,2027-02-02 13:00:00
8197,기타,,2027-02-02 13:00:00,2027-02-02 15:00:00
8198,공부,,2027-02-02 15:00:00,2027-02-02 16:00:00
8199,기타,,2027-02-02 16:00:00,2027-02-02 17:00:00
8200,공부,,2027-02-02 17:00:00,2027-02-02 19:00:00
8201,기타,,2027-02-02 19:00:00,2027-02-02 21:00:00
8202,운동,,2027-02-02 21:00:00,2027-02-02 22:00:00
8203,운동,,2027-02-02 22:00:00,2027-02-02 23:00:00
8204,운동,,2027-02-02 23:00:00,2027-02-03 00:00:00
8205,아침식사,,2027-02-03 08:00:00,2027-02-03 10:00:00
8206,공부,,2027-02-03 10:00:00,2027-02-03 12:00:00
8207,점심식사,,2027-02-03 12:00:00,2027-02-03 14:00:00
8208,공원,,2027-02-03 14:00:00,2027-02-03 16:00:00
8209,기타,,2027-02-03 16:00:00,2027-02-03 18:00:00
8210,저녁식사,,2027-02-03 18:00:00,2027-02-03 20:00:00
8211,운동,,2027-02-03 20:00:00,2027-02-03 22:00:00
8212,운동,,2027-02-03 22:00:00,2027-02-03 23:00:00
8213,공부,,2027-02-03 23:00:00,2027-02-04 00:00:00
8214,실내활동,,2027-02-03 22:00:00,2027-02-03 23:00:00
8215,아침식사,,2027-02-04 08:00:00,2027-02-04 10:00:00
8216,실내활동,,2027-02-04 10:00:00,2027-02-04 12:00:00
8217,점심식사,,2027-02-04 12:00:00,2027-02-04 14:00:00
8218,기타,,2027-02-04 14:00:00,2027-02-04 15:00:00
8219,실내활동,,2027-02-04 15:00:00,2027-02-04 16:00:00
8220,실내활동,,2027-02-04 16:00:00,2027-02-04 17:00:00
8221,실내활동,,2027-02-04 17:00:00,2027-02-04 19:00:00
8222,운동,,2027-02-04 19:00:00,2027-02-04 21:00:00
8223,실내활동,,2027-02-04 21:00:00,2027-02-04 23:00:00
8224,운동,,2027-02-04 23:00:00,2027-02-05 00:00:00
8225,아침식사,,2027-02-05 08:00:00,2027-02-05 10:00:00
8226,기타,,2027-02-05 10:00:00,2027-02-05 12:00:00
8227,점심식사,,2027-02-05 12:00:00,2027-02-05 14:00:00
8228,공원,,2027-02-05 14:00:00,2027-02-05 16:00:00
8229,공원,,2027-02-05 16:00:00,2027-02-05 18:00:00
8230,저녁식사,,2027-02-05 18:00:00,2027-02-05 20:00:00
8231,공원,,2027-02-05 20:00:00,2027-02-05 22:00:00
8232,실내활동,,2027-02-05 22:00:00,2027-02-06 00:00:00
8233,운동,,2027-02-05 22:00:00,2027-02-05 23:00:00
8234,관람,,2027-02-05 22:00:00,2027-02-05 23:00:00
8235,아침식사,,2027-02-06 08:00:00,2027-02-06 10:00:00
8236,스포츠,,2027-02-06 10:00:00,2027-02-06 11:00:00
8237,스포츠,,2027-02-06 11:00:00,2027-02-06 13:00:00
8238,기타,,2027-02-06 13:00:00,2027-02-06 15:00:00
8239,기타,,2027-02-06 15:00:00,2027-02-06 17:00:00
8240,운동,,2027-02-06 17:00:00,2027-02-06 18:00:00
8241,저녁식사,,2027-02-06 18:00:00,2027-02-06 20:00:00
8242,운동,,2027-02-06 20:00:00,2027-02-06 22:00:00
8243,스포츠,,2027-02-06 22:00:00,2027-02-07 00:00:00
8244,아침식사,,2027-02-07 08:00:00,2027-02-07 10:00:00
8245,기타,,2027-02-07 10:00:00,2027-02-07 11:00:00
8246,공부,,2027-02-07 11:00:00,2027-02-07 13:00:00
8247,공부,,2027-02-07 13:00:00,2027-02-07 15:00:00
8248,기타,,2027-02-07 15:00:00,2027-02-07 16:00:00
8249,운동,,2027-02-07 16:00:00,2027-02-07 18:00:00
8250,저녁식사,,2027-02-07 18:00:00,2027-02-07 20:00:00
8251,기타,,2027-02-07 20:00:00,2027-02-07 21:00:00
8252,운동,,2027-02-07 21:00:00,2027-02-07 23:00:00
8253,공부,,2027-02-07 23:00:00,2027-02-08 00:00:00
8254,실내활동,,2027-02-07 22:00:00,2027-02-07 23:00:00
8255,관람,,2027-02-07 22:00:00,2027-02-07 23:00:00
8256,아침식사,,2027-02-08 08:00:00,2027-02-08 10:00:00
8257,공원,,2027-02-08 10:00:00,2027-02-08 12:00:00
8258,점심식사,,2027-02-08 12:00:00,2027-02-08 14:00:00
8259,기타,,2027-02-08 14:00:00,2027-02-08 16:00:00
8260,공원,,2027-02-08 16:00:00,2027-02-08 17:00:00
8261,관람,,2027-02-08 17:00:00,2027-02-08 19:00:00
8262,운동,,2027-02-08 19:00:00,2027-02-08 20:00:00
8263,기타,,2027-02-08 20:00:00,2027-02-08 21:00:00
8264,공원,,2027-02-08 21:00:00,2027-02-08 23:00:00
8265,운동,,2027-02-08 23:00:00,2027-02-09 00:00:00
8266,아침식사,,2027-02-09 08:00:00,2027-02-09 10:00:00
8267,공부,,2027-02-09 10:00:00,2027-02-09 12:00:00
8268,점심식사,,2027-02-09 12:00:00,2027-02-09 14:00:00
8269,공부,,2027-02-09 14:00:00,2027-02-09 16:00:00
8270,운동,,2027-02-09 16:00:00,2027-02-09 18:00:00
8271,저녁식사,,2027-02-09 18:00:00,2027-02-09 20:00:00
8272,운동,,2027-02-09 20:00:00,2027-02-09 21:00:00
8273,기타,,2027-02-09 21:00:00,2027-02-09 22:00:00
8274,기타,,2027-02-09 22:00:00,2027-02-09 23:00:00
8275,기타,,2027-02-09 23:00:00,2027-02-10 00:00:00
8276,아침식사,,2027-02-10 08:00:00,2027-02-10 10:00:00
8277,운동,,2027-02-10 10:00:00,2027-02-10 12:00:00
8278,점심식사,,2027-02-10 12:00:00,2027-02-10 14:00:00
8279,공원,,2027-02-10 14:00:00,2027-02-10 15:00:00
8280,실내활동,,2027-02-10 15:00:00,2027-02-10 16:00:00
8281,공부,,2027-02-10 16:00:00,2027-02-10 17:00:00
8282,공원,,2027-02-10 17:00:00,2027-02-10 18:00:00
8283,저녁식사,,2027-02-10 18:00:00,2027-02-10 20:00:00
8284,공부,,2027-02-10 20:00:00,2027-02-10 22:00:00
8285,기타,,2027-02-10 22:00:00,2027-02-10 23:00:00
8286,기타,,2027-02-10 23:00:00,2027-02-11 00:00:00
8287,아침식사,,2027-02-11 08:00:00,2027-02-11 10:00:00
8288,운동,,2027-02-11 10:00:00,2027-02-11 12:00:00
8289,점심식사,,2027-02-11 12:00:00,2027-02-11 14:00:00
8290,실내활동,,2027-02-11 14:00:00,2027-02-11 15:00:00
8291,기타,,2027-02-11 15:00:00,2027-02-11 16:00:00
8292,실내활동,,2027-02-11 16:00:00,2027-02-11 17:00:00
8293,실내활동,,2027-02-11 17:00:00,2027-02-11 19:00:00
8294,실내활동,,2027-02-11 19:00:00,2027-02-11 21:00:00
8295,기타,,2027-02-11 21:00:00,2027-02-11 23:00:00
8296,실내활동,,2027-02-11 23:00:00,2027-02-12 00:00:00
8297,아침식사,,2027-02-12 08:00:00,2027-02-12 10:00:00
8298,운동,,2027-02-12 10:00:00,2027-02-12 11:00:00
8299,공원,,2027-02-12 11:00:00,2027-02-12 13:00:00
8300,운동,,2027-02-12 13:00:00,2027-02-12 15:00:00
8301,운동,,2027-02-12 15:00:00,2027-02-12 16:00:00
8302,기타,,2027-02-12 16:00:00,2027-02-12 17:00:00
8303,관람,,2027-02-12 17:00:00,2027-02-12 19:00:00
8304,관람,,2027-02-12 19:00:00,2027-02-12 21:00:00
8305,기타,,2027-02-12 21:00:00,2027-02-12 22:00:00
8306,공원,,2027-02-12 22:00:00,2027-02-13 00:00:00
8307,실내활동,,2027-02-12 22:00:00,2027-02-12 23:00:00
8308,아침식사,,2027-02-13 08:00:00,2027-02-13 10:00:00
8309,기타,,2027-02-13 10:00:00,2027-02-13 12:00:00
8310,점심식사,,2027-02-13 12:00:00,2027-02-13 14:00:00
8311,운동,,2027-02-13 14:00:00,2027-02-13 16:00:00
8312,스포츠,,2027-02-13 16:00:00,2027-02-13 17:00:00
8313,운동,,2027-02-13 17:00:00,2027-02-13 18:00:00
8314,저녁식사,,2027-02-13 18:00:00,2027-02-13 20:00:00
8315,운동,,2027-02-13 20:00:00,2027-02-13 22:00:00
8316,운동,,2027-02-13 22:00:00,2027-02-13 23:00:00
8317,운동,,2027-02-13 23:00:00,2027-02-14 00:00:00
8318,아침식사,,2027-02-14 08:00:00,2027-02-14 10:00:00
8319,기타,,2027-02-14 10:00:00,2027-02-14 12:00:00
8320,점심식사,,2027-02-14 12:00:00,2027-02-14 14:00:00
8321,관람,,2027-02-14 14:00:00,2027-02-14 16:00:00
8322,관람,,2027-02-14 16:00:00,2027-02-14 18:00:00
8323,저녁식사,,2027-02-14 18:00:00,2027-02-14 20:00:00
8324,운동,,2027-02-14 20:00:00,2027-02-14 21:00:00
8325,공부,,2027-02-14 21:00:00,2027-02-14 22:00:00
8326,실내활동,,2027-02-14 22:00:00,2027-02-14 23:00:00
8327,기타,,2027-02-14 23:00:00,2027-02-15 00:00:00
8328,아침식사,,2027-02-15 08:00:00,2027-02-15 10:00:00
8329,관람,,2027-02-15 10:00:00,2027-02-15 12:00:00
8330,점심식사,,2027-02-15 12:00:00,2027-02-15 14:00:00
8331,공원,,2027-02-15 14:00:00,2027-02-15 15:00:00
8332,기타,,2027-02-15 15:00:00,2027-02-15 16:00:00
8333,관람,,2027-02-15 16:00:00,2027-02-15 18:00:00
8334,저녁식사,,2027-02-15 18:00:00,2027-02-15 20:00:00
8335,관람,,2027-02-15 20:00:00,2027-02-15 21:00:00
8336,기타,,2027-02-15 21:00:00,2027-02-15 22:00:00
8337,운동,,2027-02-15 22:00:00,2027-02-15 23:00:00
8338,기타,,2027-02-15 23:00:00,2027-02-16 00:00:00
8339,아침식사,,2027-02-16 08:00:00,2027-02-16 10:00:00
8340,운동,,2027-02-16 10:00:00,2027-02-16 11:00:00
8341,운동,,2027-02-16 11:00:00,2027-02-16 13:00:00
8342,기타,,2027-02-16 13:00:00,2027-02-16 14:00:00
8343,공부,,2027-02-16 14:00:00,2027-02-16 15:00:00
8344,운동,,2027-02-16 15:00:00,2027-02-16 16:00:00
8345,공부,,2027-02-16 16:00:00,2027-02-16 18:00:00
8346,저녁식사,,2027-02-16 18:00:00,2027-02-16 20:00:00
8347,운동,,2027-02-16 20:00:00,2027-02-16 21:00:00
8348,기타,,2027-02-16 21:00:00,2027-02-16 22:00:00
8349,기타,,2027-02-16 22:00:00,2027-02-17 00:00:00
8350,아침식사,,2027-02-17 08:00:00,2027-02-17 10:00:00
8351,운동,,2027-02-17 10:00:00,2027-02-17 12:00:00
8352,점심식사,,2027-02-17 12:00:00,2027-02-17 14:00:00
8353,공부,,2027-02-17 14:00:00,2027-02-17 16:00:00
8354,실내활동,,2027-02-17 16:00:00,2027-02-17 18:00:00
8355,저녁식사,,2027-02-17 18:00:00,2027-02-17 20:00:00
8356,운동,,2027-02-17 20:00:00,2027-02-17 22:00:00
8357,실내활동,,2027-02-17 22:00:00,2027-02-18 00:00:00
8358,공원,,2027-02-17 22:00:00,2027-02-17 23:00:00
8359,기타,,2027-02-17 22:00:00,2027-02-17 23:00:00
8360,아침식사,,2027-02-18 08:00:00,2027-02-18 10:00:00
8361,기타,,2027-02-18 10:00:00,2027-02-18 11:00:00
8362,기타,,2027-02-18 11:00:00,2027-02-18 12:00:00
8363,점심식사,,2027-02-18 12:00:00,2027-02-18 14:00:00
8364,기타,,2027-02-18 14:00:00,2027-02-18 16:00:00
8365,운동,,2027-02-18 16:00:00,2027-02-18 18:00:00
8366,저녁식사,,2027-02-18 18:00:00,2027-02-18 20:00:00
8367,기타,,2027-02-18 20:00:00,2027-02-18 22:00:00
8368,운동,,2027-02-18 22:00:00,2027-02-19 00:00:00
8369,실내활동,,2027-02-18 22:00:00,2027-02-18 23:00:00
8370,아침식사,,2027-02-19 08:00:00,2027-02-19 10:00:00
8371,기타,,2027-02-19 10:00:00,2027-02-19 12:00:00
8372,점심식사,,2027-02-19 12:00:00,2027-02-19 14:00:00
8373,실내활동,,2027-02-19 14:00:00,2027-02-19 16:00:00
8374,운동,,2027-02-19 16:00:00,2027-02-19 18:00:00
8375,저녁식사,,2027-02-19 18:00:00,2027-02-19 20:00:00
8376,기타,,2027-02-19 20:00:00,2027-02-19 21:00:00
8377,실내활동,,2027-02-19 21:00:00,2027-02-19 23:00:00
8378,공원,,2027-02-19 23:00:00,2027-02-20 00:00:00
8379,관람,,2027-02-19 22:00:00,2027-02-19 23:00:00
8380,아침식사,,2027-02-20 08:00:00,2027-02-20 10:00:00
8381,운동,,2027-02-20 10:00:00,2027-02-20 12:00:00
8382,점심식사,,2027-02-20 12:00:00,2027-02-20 14:00:00
8383,운동,,2027-02-20 14:00:00,2027-02-20 15:00:00
8384,스포츠,,2027-02-20 15:00:00,2027-02-20 16:00:00
8385,스포츠,,2027-02-20 16:00:00,2027-02-20 18:00:00
8386,저녁식사,,2027-02-20 18:00:00,2027-02-20 20:00:00
8387,운동,,2027-02-20 20:00:00,2027-02-20 21:00:00
8388,스포츠,,2027-02-20 21:00:00,2027-02-20 22:00:00
8389,기타,,2027-02-20 22:00:00,2027-02-20 23:00:00
8390,운동,,2027-02-20 23:00:00,2027-02-21 00:00:00
8391,아침식사,,2027-02-21 08:00:00,2027-02-21 10:00:00
8392,실내활동,,2027-02-21 10:00:00,2027-02-21 12:00:00
8393,점심식사,,2027-02-21 12:00:00,2027-02-21 14:00:00
8394,기타,,2027-02-21 14:00:00,2027-02-21 15:00:00
8395,운동,,2027-02-21 15:00:00,2027-02-21 17:00:00
8396,공부,,2027-02-21 17:00:00,2027-02-21 18:00:00
8397,저녁식사,,2027-02-21 18:00:00,2027-02-21 20:00:00
8398,공부,,2027-02-21 20:00:00,2027-02-21 21:00:00
8399,운동,,2027-02-21 21:00:00,2027-02-21 22:00:00
8400,기타,,2027-02-21 22:00:00,2027-02-21 23:00:00
8401,기타,,2027-02-21 23:00:00,2027-02-22 00:00:00
8402,관람,,2027-02-21 22:00:00,2027-02-21 23:00:00
8403,아침식사,,2027-02-22 08:00:00,2027-02-22 10:00:00
8404,공원,,2027-02-22 10:00:00,2027-02-22 11:00:00
8405,기타,,2027-02-22 11:00:00,2027-02-22 13:00:00
8406,관람,,2027-02-22 13:00:00,2027-02-22 15:00:00
8407,기타,,2027-02-22 15:00:00,2027-02-22 16:00:00
8408,공원,,2027-02-22 16:00:00,2027-02-22 18:00:00
8409,저녁식사,,2027-02-22 18:00:00,2027-02-22 20:00:00
8410,공원,,2027-02-22 20:00:00,2027-02-22 21:00:00
8411,기타,,2027-02-22 21:00:00,2027-02-22 23:00:00
8412,기타,,2027-02-22 23:00:00,2027-02-23 00:00:00
8413,운동,,2027-02-22 22:00:00,2027-02-22 23:00:00
8414,아침식사,,2027-02-23 08:00:00,2027-02-23 10:00:00
8415,공부,,2027-02-23 10:00:00,2027-02-23 11:00:00
8416,운동,,2027-02-23 11:00:00,2027-02-23 12:00:00
8417,점심식사,,2027-02-23 12:00:00,2027-02-23 14:00:00
8418,운동,,2027-02-23 14:00:00,2027-02-23 16:00:00
8419,기타,,2027-02-23 16:00:00,2027-02-23 17:00:00
8420,기타,,2027-02-23 17:00:00,2027-02-23 19:00:00
8421,기타,,2027-02-23 19:00:00,2027-02-23 20:00:00
8422,공부,,2027-02-23 20:00:00,2027-02-23 22:00:00
8423,운동,,2027-02-23 22:00:00,2027-02-23 23:00:00
8424,기타,,2027-02-23 23:00:00,2027-02-24 00:00:00
8425,아침식사,,2027-02-24 08:00:00,2027-02-24 10:00:00
8426,실내활동,,2027-02-24 10:00:00,2027-02-24 11:00:00
8427,실내활동,,2027-02-24 11:00:00,2027-02-24 13:00:00
8428,실내활동,,2027-02-24 13:00:00,2027-02-24 14:00:00
8429,기타,,2027-02-24 14:00:00,2027-02-24 16:00:00
8430,운동,,2027-02-24 16:00:00,2027-02-24 17:00:00
8431,운동,,2027-02-24 17:00:00,2027-02-24 19:00:00
8432,공원,,2027-02-24 19:00:00,2027-02-24 21:00:00
8433,공원,,2027-02-24 21:00:00,2027-02-24 23:00:00
8434,공부,,2027-02-24 23:00:00,2027-02-25 00:00:00
8435,아침식사,,2027-02-25 08:00:00,2027-02-25 10:00:00
8436,운동,,2027-02-25 10:00:00,2027-02-25 11:00:00
8437,기타,,2027-02-25 11:00:00,2027-02-25 12:00:00
8438,점심식사,,2027-02-25 12:00:00,2027-02-25 14:00:00
8439,실내활동,,2027-02-25 14:00:00,2027-02-25 16:00:00
8440,기타,,2027-02-25 16:00:00,2027-02-25 17:00:00
8441,운동,,2027-02-25 17:00:00,2027-02-25 19:00:00
8442,운동,,2027-02-25 19:00:00,2027-02-25 20:00:00
8443,기타,,2027-02-25 20:00:00,2027-02-25 22:00:00
8444,운동,,2027-02-25 22:00:00,2027-02-25 23:00:00
8445,실내활동,,2027-02-25 23:00:00,2027-02-26 00:00:00
8446,아침식사,,2027-02-26 08:00:00,2027-02-26 10:00:00
8447,운동,,2027-02-26 10:00:00,2027-02-26 12:00:00
8448,점심식사,,2027-02-26 12:00:00,2027-02-26 14:00:00
8449,운동,,2027-02-26 14:00:00,2027-02-26 15:00:00
8450,기타,,2027-02-26 15:00:00,2027-02-26 16:00:00
8451,공원,,2027-02-26 16:00:00,2027-02-26 17:00:00
8452,공원,,2027-02-26 17:00:00,2027-02-26 18:00:00
8453,저녁식사,,2027-02-26 18:00:00,2027-02-26 20:00:00
8454,기타,,2027-02-26 20:00:00,2027-02-26 21:00:00
8455,실내활동,,2027-02-26 21:00:00,2027-02-26 22:00:00
8456,기타,,2027-02-26 22:00:00,2027-02-26 23:00:00
8457,관람,,2027-02-26 23:00:00,2027-02-27 00:00:00
8458,아침식사,,2027-02-27 08:00:00,2027-02-27 10:00:00
8459,운동,,2027-02-27 10:00:00,2027-02-27 12:00:00
8460,점심식사,,2027-02-27 12:00:00,2027-02-27 14:00:00
8461,운동,,2027-02-27 14:00:00,2027-02-27 15:00:00
8462,스포츠,,2027-02-27 15:00:00,2027-02-27 17:00:00
8463,기타,,2027-02-27 17:00:00,2027-02-27 18:00:00
8464,저녁식사,,2027-02-27 18:00:00,2027-02-27 20:00:00
8465,운동,,2027-02-27 20:00:00,2027-02-27 21:00:00
8466,기타,,2027-02-27 21:00:00,2027-02-27 22:00:00
8467,스포츠,,2027-02-27 22:00:00,2027-02-28 00:00:00
8468,아침식사,,2027-02-28 08:00:00,2027-02-28 10:00:00
8469,공부,,2027-02-28 10:00:00,2027-02-28 12:00:00
8470,점심식사,,2027-02-28 12:00:00,2027-02-28 14:00:00
8471,운동,,2027-02-28 14:00:00,2027-02-28 15:00:00
8472,운동,,2027-02-28 15:00:00,2027-02-28 17:00:00
8473,관람,,2027-02-28 17:00:00,2027-02-28 19:00:00
8474,기타,,2027-02-28 19:00:00,2027-02-28 21:00:00
8475,운동,,2027-02-28 21:00:00,2027-02-28 23:00:00
8476,관람,,2027-02-28 23:00:00,2027-03-01 00:00:00
8477,실내활동,,2027-02-28 22:00:00,2027-02-28 23:00:00
8478,아침식사,,2027-03-01 08:00:00,2027-03-01 10:00:00
8479,공원,,2027-03-01 10:00:00,2027-03-01 12:00:00
8480,점심식사,,2027-03-01 12:00:00,2027-03-01 14:00:00
8481,관람,,2027-03-01 14:00:00,2027-03-01 16:00:00
8482,운동,,2027-03-01 16:00:00,2027-03-01 18:00:00
8483,저녁식사,,2027-03-01 18:00:00,2027-03-01 20:00:00
8484,기타,,2027-03-01 20:00:00,2027-03-01 22:00:00
8485,관람,,2027-03-01 22:00:00,2027-03-01 23:00:00
8486,운동,,2027-03-01 23:00:00,2027-03-02 00:00:00
8487,아침식사,,2027-03-02 08:00:00,2027-03-02 10:00:00
8488,공부,,2027-03-02 10:00:00,2027-03-02 12:00:00
8489,점심식사,,2027-03-02 12:00:00,2027-03-02 14:00:00
8490,기타,,2027-03-02 14:00:00,2027-03-02 15:00:00
8491,운동,,2027-03-02 15:00:00,2027-03-02 17:00:00
8492,공부,,2027-03-02 17:00:00,2027-03-02 19:00:00
8493,기타,,2027-03-02 19:00:00,2027-03-02 21:00:00
8494,운동,,2027-03-02 21:00:00,2027-03-02 22:00:00
8495,운동,,2027-03-02 22:00:00,2027-03-02 23:00:00
8496,공부,,2027-03-02 23:00:00,2027-03-03 00:00:00
8497,아침식사,,2027-03-03 08:00:00,2027-03-03 10:00:00
8498,운동,,2027-03-03 10:00:00,2027-03-03 12:00:00
8499,점심식사,,2027-03-03 12:00:00,2027-03-03 14:00:00
8500,실내활동,,2027-03-03 14:00:00,2027-03-03 16:00:00
8501,공부,,2027-03-03 16:00:00,2027-03-03 18:00:00
8502,저녁식사,,2027-03-03 18:00:00,2027-03-03 20:00:00
8503,공부,,2027-03-03 20:00:00,2027-03-03 21:00:00
8504,운동,,2027-03-03 21:00:00,2027-03-03 23:00:00
8505,운동,,2027-03-03 23:00:00,2027-03-04 00:00:00
8506,공원,,2027-03-03 22:00:00,2027-03-03 23:00:00
8507,기타,,2027-03-03 22:00:00,2027-03-03 23:00:00
8508,아침식사,,2027-03-04 08:00:00,2027-03-04 10:00:00
8509,운동,,2027-03-04 10:00:00,2027-03-04 12:00:00
8510,점심식사,,2027-03-04 12:00:00,2027-03-04 14:00:00
8511,운동,,2027-03-04 14:00:00,2027-03-04 15:00:00
8512,실내활동,,2027-03-04 15:00:00,2027-03-04 17:00:00
8513,기타,,2027-03-04 17:00:00,2027-03-04 19:00:00
8514,운동,,2027-03-04 19:00:00,2027-03-04 20:00:00
8515,실내활동,,2027-03-04 20:00:00,2027-03-04 22:00:00
8516,실내활동,,2027-03-04 22:00:00,2027-03-05 00:00:00
8517,아침식사,,2027-03-05 08:00:00,2027-03-05 10:00:00
8518,공원,,2027-03-05 10:00:00,2027-03-05 12:00:00
8519,점심식사,,2027-03-05 12:00:00,2027-03-05 14:00:00
8520,운동,,2027-03-05 14:00:00,2027-03-05 15:00:00
8521,기타,,2027-03-05 15:00:00,2027-03-05 17:00:00
8522,기타,,2027-03-05 17:00:00,2027-03-05 19:00:00
8523,기타,,2027-03-05 19:00:00,2027-03-05 21:00:00
8524,공원,,2027-03-05 21:00:00,2027-03-05 23:00:00
8525,실내활동,,2027-03-05 23:00:00,2027-03-06 00:00:00
8526,관람,,2027-03-05 22:00:00,2027-03-05 23:00:00
8527,아침식사,,2027-03-06 08:00:00,2027-03-06 10:00:00
8528,스포츠,,2027-03-06 10:00:00,2027-03-06 11:00:00
8529,스포츠,,2027-03-06 11:00:00,2027-03-06 12:00:00
8530,점심식사,,2027-03-06 12:00:00,2027-03-06 14:00:00
8531,운동,,2027-03-06 14:00:00,2027-03-06 15:00:00
8532,기타,,2027-03-06 15:00:00,2027-03-06 16:00:00
8533,기타,,2027-03-06 16:00:00,2027-03-06 18:00:00
8534,저녁식사,,2027-03-06 18:00:00,2027-03-06 20:00:00
8535,운동,,2027-03-06 20:00:00,2027-03-06 22:00:00
8536,기타,,2027-03-06 22:00:00,2027-03-06 23:00:00
8537,스포츠,,2027-03-06 23:00:00,2027-03-07 00:00:00
8538,아침식사,,2027-03-07 08:00:00,2027-03-07 10:00:00
8539,운동,,2027-03-07 10:00:00,2027-03-07 12:00:00
8540,점심식사,,2027-03-07 12:00:00,2027-03-07 14:00:00
8541,공부,,2027-03-07 14:00:00,2027-03-07 15:00:00
8542,운동,,2027-03-07 15:00:00,2027-03-07 17:00:00
8543,운동,,2027-03-07 17:00:00,2027-03-07 19:00:00
8544,실내활동,,2027-03-07 19:00:00,2027-03-07 20:00:00
8545,공부,,2027-03-07 20:00:00,2027-03-07 22:00:00
8546,실내활동,,2027-03-07 22:00:00,2027-03-08 00:00:00
8547,관람,,2027-03-07 22:00:00,2027-03-07 23:00:00
8548,기타,,2027-03-07 22:00:00,2027-03-07 23:00:00
8549,아침식사,,2027-03-08 08:00:00,2027-03-08 10:00:00
8550,기타,,2027-03-08 10:00:00,2027-03-08 12:00:00
8551,점심식사,,2027-03-08 12:00:00,2027-03-08 14:00:00
8552,운동,,2027-03-08 14:00:00,2027-03-08 16:00:00
8553,공원,,2027-03-08 16:00:00,2027-03-08 18:00:00
8554,저녁식사,,2027-03-08 18:00:00,2027-03-08 20:00:00
8555,공원,,2027-03-08 20:00:00,2027-03-08 22:00:00
8556,관람,,2027-03-08 22:00:00,2027-03-08 23:00:00
8557,운동,,2027-03-08 23:00:00,2027-03-09 00:00:00
8558,아침식사,,2027-03-09 08:00:00,2027-03-09 10:00:00
8559,공부,,2027-03-09 10:00:00,2027-03-09 11:00:00
8560,공부,,2027-03-09 11:00:00,2027-03-09 12:00:00
8561,점심식사,,2027-03-09 12:00:00,2027-03-09 14:00:00
8562,기타,,2027-03-09 14:00:00,2027-03-09 16:00:00
8563,운동,,2027-03-09 16:00:00,2027-03-09 17:00:00
8564,공부,,2027-03-09 17:00:00,2027-03-09 18:00:00
8565,저녁식사,,2027-03-09 18:00:00,2027-03-09 20:00:00
8566,공부,,2027-03-09 20:00:00,2027-03-09 21:00:00
8567,공부,,2027-03-09 21:00:00,2027-03-09 22:00:00
8568,운동,,2027-03-09 22:00:00,2027-03-10 00:00:00
8569,아침식사,,2027-03-10 08:00:00,2027-03-10 10:00:00
8570,운동,,2027-03-10 10:00:00,2027-03-10 12:00:00
8571,점심식사,,2027-03-10 12:00:00,2027-03-10 14:00:00
8572,공원,,2027-03-10 14:00:00,2027-03-10 15:00:00
8573,운동,,2027-03-10 15:00:00,2027-03-10 17:00:00
8574,공부,,2027-03-10 17:00:00,2027-03-10 18:00:00
8575,저녁식사,,2027-03-10 18:00:00,2027-03-10 20:00:00
8576,공부,,2027-03-10 20:00:00,2027-03-10 21:00:00
8577,실내활동,,2027-03-10 21:00:00,2027-03-10 22:00:00
8578,운동,,2027-03-10 22:00:00,2027-03-10 23:00:00
8579,실내활동,,2027-03-10 23:00:00,2027-03-11 00:00:00
8580,기타,,2027-03-10 22:00:00,2027-03-10 23:00:00
8581,아침식사,,2027-03-11 08:00:00,2027-03-11 10:00:00
8582,기타,,2027-03-11 10:00:00,2027-03-11 12:00:00
8583,점심식사,,2027-03-11 12:00:00,2027-03-11 14:00:00
8584,운동,,2027-03-11 14:00:00,2027-03-11 16:00:00
8585,운동,,2027-03-11 16:00:00,2027-03-11 17:00:00
8586,기타,,2027-03-11 17:00:00,2027-03-11 19:00:00
8587,실내활동,,2027-03-11 19:00:00,2027-03-11 20:00:00
8588,운동,,2027-03-11 20:00:00,2027-03-11 22:00:00
8589,운동,,2027-03-11 22:00:00,2027-03-12 00:00:00
8590,아침식사,,2027-03-12 08:00:00,2027-03-12 10:00:00
8591,관람,,2027-03-12 10:00:00,2027-03-12 12:00:00
8592,점심식사,,2027-03-12 12:00:00,2027-03-12 14:00:00
8593,공원,,2027-03-12 14:00:00,2027-03-12 15:00:00
8594,관람,,2027-03-12 15:00:00,2027-03-12 17:00:00
8595,운동,,2027-03-12 17:00:00,2027-03-12 19:00:00
8596,관람,,2027-03-12 19:00:00,2027-03-12 21:00:00
8597,실내활동,,2027-03-12 21:00:00,2027-03-12 22:00:00
8598,운동,,2027-03-12 22:00:00,2027-03-12 23:00:00
8599,실내활동,,2027-03-12 23:00:00,2027-03-13 00:00:00
8600,기타,,2027-03-12 22:00:00,2027-03-12 23:00:00
8601,아침식사,,2027-03-13 08:00:00,2027-03-13 10:00:00
8602,운동,,2027-03-13 10:00:00,2027-03-13 12:00:00
8603,점심식사,,2027-03-13 12:00:00,2027-03-13 14:00:00
8604,기타,,2027-03-13 14:00:00,2027-03-13 16:00:00
8605,운동,,2027-03-13 16:00:00,2027-03-13 18:00:00
8606,저녁식사,,2027-03-13 18:00:00,2027-03-13 20:00:00
8607,스포츠,,2027-03-13 20:00:00,2027-03-13 21:00:00
8608,운동,,2027-03-13 21:00:00,2027-03-13 22:00:00
8609,스포츠,,2027-03-13 22:00:00,2027-03-13 23:00:00
8610,운동,,2027-03-13 23:00:00,2027-03-14 00:00:00
8611,아침식사,,2027-03-14 08:00:00,2027-03-14 10:00:00
8612,기타,,2027-03-14 10:00:00,2027-03-14 12:00:00
8613,점심식사,,2027-03-14 12:00:00,2027-03-14 14:00:00
8614,관람,,2027-03-14 14:00:00,2027-03-14 15:00:00
8615,실내활동,,2027-03-14 15:00:00,2027-03-14 17:00:00
8616,기타,,2027-03-14 17:00:00,2027-03-14 18:00:00
8617,저녁식사,,2027-03-14 18:00:00,2027-03-14 20:00:00
8618,실내활동,,2027-03-14 20:00:00,2027-03-14 22:00:00
8619,기타,,2027-03-14 22:00:00,2027-03-15 00:00:00
8620,운동,,2027-03-14 22:00:00,2027-03-14 23:00:00
8621,공부,,2027-03-14 22:00:00,2027-03-14 23:00:00
8622,아침식사,,2027-03-15 08:00:00,2027-03-15 10:00:00
8623,운동,,2027-03-15 10:00:00,2027-03-15 12:00:00
8624,점심식사,,2027-03-15 12:00:00,2027-03-15 14:00:00
8625,관람,,2027-03-15 14:00:00,2027-03-15 15:00:00
8626,기타,,2027-03-15 15:00:00,2027-03-15 16:00:00
8627,운동,,2027-03-15 16:00:00,2027-03-15 18:00:00
8628,저녁식사,,2027-03-15 18:00:00,2027-03-15 20:00:00
8629,공원,,2027-03-15 20:00:00,2027-03-15 21:00:00
8630,운동,,2027-03-15 21:00:00,2027-03-15 23:00:00
8631,관람,,2027-03-15 23:00:00,2027-03-16 00:00:00
8632,아침식사,,2027-03-16 08:00:00,2027-03-16 10:00:00
8633,공부,,2027-03-16 10:00:00,2027-03-16 11:00:00
8634,운동,,2027-03-16 11:00:00,2027-03-16 12:00:00
8635,점심식사,,2027-03-16 12:00:00,2027-03-16 14:00:00
8636,공부,,2027-03-16 14:00:00,2027-03-16 16:00:00
8637,운동,,2027-03-16 16:00:00,2027-03-16 17:00:00
8638,운동,,2027-03-16 17:00:00,2027-03-16 18:00:00
8639,저녁식사,,2027-03-16 18:00:00,2027-03-16 20:00:00
8640,운동,,2027-03-16 20:00:00,2027-03-16 21:00:00
8641,운동,,2027-03-16 21:00:00,2027-03-16 22:00:00
8642,기타,,2027-03-16 22:00:00,2027-03-17 00:00:00
8643,아침식사,,2027-03-17 08:00:00,2027-03-17 10:00:00
8644,공원,,2027-03-17 10:00:00,2027-03-17 11:00:00
8645,공부,,2027-03-17 11:00:00,2027-03-17 12:00:00
8646,점심식사,,2027-03-17 12:00:00,2027-03-17 14:00:00
8647,공부,,2027-03-17 14:00:00,2027-03-17 15:00:00
8648,기타,,2027-03-17 15:00:00,2027-03-17 16:00:00
8649,공원,,2027-03-17 16:00:00,2027-03-17 17:00:00
8650,운동,,2027-03-17 17:00:00,2027-03-17 19:00:00
8651,운동,,2027-03-17 19:00:00,2027-03-17 21:00:00
8652,실내활동,,2027-03-17 21:00:00,2027-03-17 23:00:00
8653,공부,,2027-03-17 23:00:00,2027-03-18 00:00:00
8654,아침식사,,2027-03-18 08:00:00,2027-03-18 10:00:00
8655,운동,,2027-03-18 10:00:00,2027-03-18 11:00:00
8656,운동,,2027-03-18 11:00:00,2027-03-18 12:00:00
8657,점심식사,,2027-03-18 12:00:00,2027-03-18 14:00:00
8658,운동,,2027-03-18 14:00:00,2027-03-18 16:00:00
8659,운동,,2027-03-18 16:00:00,2027-03-18 17:00:00
8660,운동,,2027-03-18 17:00:00,2027-03-18 18:00:00
8661,저녁식사,,2027-03-18 18:00:00,2027-03-18 20:00:00
8662,운동,,2027-03-18 20:00:00,2027-03-18 22:00:00
8663,실내활동,,2027-03-18 22:00:00,2027-03-19 00:00:00
8664,기타,,2027-03-18 22:00:00,2027-03-18 23:00:00
8665,아침식사,,2027-03-19 08:00:00,2027-03-19 10:00:00
8666,기타,,2027-03-19 10:00:00,2027-03-19 12:00:00
8667,점심식사,,2027-03-19 12:00:00,2027-03-19 14:00:00
8668,공원,,2027-03-19 14:00:00,2027-03-19 15:00:00
8669,운동,,2027-03-19 15:00:00,2027-03-19 17:00:00
8670,관람,,2027-03-19 17:00:00,2027-03-19 19:00:00
8671,공원,,2027-03-19 19:00:00,2027-03-19 20:00:00
8672,실내활동,,2027-03-19 20:00:00,2027-03-19 22:00:00
8673,실내활동,,2027-03-19 22:00:00,2027-03-20 00:00:00
8674,아침식사,,2027-03-20 08:00:00,2027-03-20 10:00:00
8675,기타,,2027-03-20 10:00:00,2027-03-20 12:00:00
8676,점심식사,,2027-03-20 12:00:00,2027-03-20 14:00:00
8677,운동,,2027-03-20 14:00:00,2027-03-20 15:00:00
8678,스포츠,,2027-03-20 15:00:00,2027-03-20 16:00:00
8679,스포츠,,2027-03-20 16:00:00,2027-03-20 18:00:00
8680,저녁식사,,2027-03-20 18:00:00,2027-03-20 20:00:00
8681,운동,,2027-03-20 20:00:00,2027-03-20 22:00:00
8682,기타,,2027-03-20 22:00:00,2027-03-20 23:00:00
8683,운동,,2027-03-20 23:00:00,2027-03-21 00:00:00
8684,아침식사,,2027-03-21 08:00:00,2027-03-21 10:00:00
8685,운동,,2027-03-21 10:00:00,2027-03-21 12:00:00
8686,점심식사,,2027-03-21 12:00:00,2027-03-21 14:00:00
8687,실내활동,,2027-03-21 14:00:00,2027-03-21 16:00:00
8688,운동,,2027-03-21 16:00:00,2027-03-21 18:00:00
8689,저녁식사,,2027-03-21 18:00:00,2027-03-21 20:00:00
8690,운동,,2027-03-21 20:00:00,2027-03-21 21:00:00
8691,관람,,2027-03-21 21:00:00,2027-03-21 22:00:00
8692,실내활동,,2027-03-21 22:00:00,2027-03-22 00:00:00
8693,공부,,2027-03-21 22:00:00,2027-03-21 23:00:00
8694,기타,,2027-03-21 22:00:00,2027-03-21 23:00:00
8695,아침식사,,2027-03-22 08:00:00,2027-03-22 10:00:00
8696,운동,,2027-03-22 10:00:00,2027-03-22 12:00:00
8697,점심식사,,2027-03-22 12:00:00,2027-03-22 14:00:00
8698,공원,,2027-03-22 14:00:00,2027-03-22 15:00:00
8699,공원,,2027-03-22 15:00:00,2027-03-22 17:00:00
8700,관람,,2027-03-22 17:00:00,2027-03-22 19:00:00
8701,공원,,2027-03-22 19:00:00,2027-03-22 21:00:00
8702,기타,,2027-03-22 21:00:00,2027-03-22 23:00:00
8703,운동,,2027-03-22 23:00:00,2027-03-23 00:00:00
8704,아침식사,,2027-03-23 08:00:00,2027-03-23 10:00:00
8705,공부,,2027-03-23 10:00:00,2027-03-23 11:00:00
8706,운동,,2027-03-23 11:00:00,2027-03-23 12:00:00
8707,점심식사,,2027-03-23 12:00:00,2027-03-23 14:00:00
8708,운동,,2027-03-23 14:00:00,2027-03-23 16:00:00
8709,운동,,2027-03-23 16:00:00,2027-03-23 17:00:00
8710,공부,,2027-03-23 17:00:00,2027-03-23 19:00:00
8711,운동,,2027-03-23 19:00:00,2027-03-23 20:00:00
8712,운동,,2027-03-23 20:00:00,2027-03-23 21:00:00
8713,기타,,2027-03-23 21:00:00,2027-03-23 22:00:00
8714,공부,,2027-03-23 22:00:00,2027-03-23 23:00:00
8715,공부,,2027-03-23 23:00:00,2027-03-24 00:00:00
8716,아침식사,,2027-03-24 08:00:00,2027-03-24 10:00:00
8717,공원,,2027-03-24 10:00:00,2027-03-24 12:00:00
8718,점심식사,,2027-03-24 12:00:00,2027-03-24 14:00:00
8719,공부,,2027-03-24 14:00:00,2027-03-24 15:00:00
8720,공부,,2027-03-24 15:00:00,2027-03-24 17:00:00
8721,실내활동,,2027-03-24 17:00:00,2027-03-24 19:00:00
8722,기타,,2027-03-24 19:00:00,2027-03-24 21:00:00
8723,공원,,2027-03-24 21:00:00,2027-03-24 23:00:00
8724,공원,,2027-03-24 23:00:00,2027-03-25 00:00:00
8725,운동,,2027-03-24 22:00:00,2027-03-24 23:00:00
8726,아침식사,,2027-03-25 08:00:00,2027-03-25 10:00:00
8727,기타,,2027-03-25 10:00:00,2027-03-25 12:00:00
8728,점심식사,,2027-03-25 12:00:00,2027-03-25 14:00:00
8729,실내활동,,2027-03-25 14:00:00,2027-03-25 15:00:00
8730,기타,,2027-03-25 15:00:00,2027-03-25 17:00:00
8731,실내활동,,2027-03-25 17:00:00,2027-03-25 19:00:00
8732,기타,,2027-03-25 19:00:00,2027-03-25 21:00:00
8733,실내활동,,2027-03-25 21:00:00,2027-03-25 23:00:00
8734,기타,,2027-03-25 23:00:00,2027-03-26 00:00:00
8735,운동,,2027-03-25 22:00:00,2027-03-25 23:00:00
8736,아침식사,,2027-03-26 08:00:00,2027-03-26 10:00:00
8737,기타,,2027-03-26 10:00:00,2027-03-26 11:00:00
8738,관람,,2027-03-26 11:00:00,2027-03-26 13:00:00
8739,관람,,2027-03-26 13:00:00,2027-03-26 14:00:00
8740,운동,,2027-03-26 14:00:00,2027-03-26 15:00:00
8741,기타,,2027-03-26 15:00:00,2027-03-26 16:00:00
8742,관람,,2027-03-26 16:00:00,2027-03-26 18:00:00
8743,저녁식사,,2027-03-26 18:00:00,2027-03-26 20:00:00
8744,운동,,2027-03-26 20:00:00,2027-03-26 21:00:00
8745,운동,,2027-03-26 21:00:00,2027-03-26 22:00:00
8746,공원,,2027-03-26 22:00:00,2027-03-26 23:00:00
8747,운동,,2027-03-26 23:00:00,2027-03-27 00:00:00
8748,실내활동,,2027-03-26 22:00:00,2027-03-26 23:00:00
8749,아침식사,,2027-03-27 08:00:00,2027-03-27 10:00:00
8750,운동,,2027-03-27 10:00:00,2027-03-27 12:00:00
8751,점심식사,,2027-03-27 12:00:00,2027-03-27 14:00:00
8752,기타,,2027-03-27 14:00:00,2027-03-27 16:00:00
8753,기타,,2027-03-27 16:00:00,2027-03-27 17:00:00
8754,운동,,2027-03-27 17:00:00,2027-03-27 19:00:00
8755,스포츠,,2027-03-27 19:00:00,2027-03-27 20:00:00
8756,스포츠,,2027-03-27 20:00:00,2027-03-27 21:00:00
8757,운동,,2027-03-27 21:00:00,2027-03-27 23:00:00
8758,스포츠,,2027-03-27 23:00:00,2027-03-28 00:00:00
8759,아침식사,,2027-03-28 08:00:00,2027-03-28 10:00:00
8760,관람,,2027-03-28 10:00:00,2027-03-28 12:00:00
8761,점심식사,,2027-03-28 12:00:00,2027-03-28 14:00:00
8762,공부,,2027-03-28 14:00:00,2027-03-28 15:00:00
8763,운동,,2027-03-28 15:00:00,2027-03-28 16:00:00
8764,공부,,2027-03-28 16:00:00,2027-03-28 18:00:00
8765,저녁식사,,2027-03-28 18:00:00,2027-03-28 20:00:00
8766,관람,,2027-03-28 20:00:00,2027-03-28 21:00:00
8767,관람,,2027-03-28 21:00:00,2027-03-28 22:00:00
8768,실내활동,,2027-03-28 22:00:00,2027-03-29 00:00:00
8769,기타,,2027-03-28 22:00:00,2027-03-28 23:00:00
8770,아침식사,,2027-03-29 08:00:00,2027-03-29 10:00:00
8771,공원,,2027-03-29 10:00:00,2027-03-29 11:00:00
8772,공원,,2027-03-29 11:00:00,2027-03-29 12:00:00
8773,점심식사,,2027-03-29 12:00:00,2027-03-29 14:00:00
8774,관람,,2027-03-29 14:00:00,2027-03-29 15:00:00
8775,운동,,2027-03-29 15:00:00,2027-03-29 17:00:00
8776,공원,,2027-03-29 17:00:00,2027-03-29 18:00:00
8777,저녁식사,,2027-03-29 18:00:00,2027-03-29 20:00:00
8778,운동,,2027-03-29 20:00:00,2027-03-29 21:00:00
8779,운동,,2027-03-29 21:00:00,2027-03-29 23:00:00
8780,공원,,2027-03-29 23:00:00,2027-03-30 00:00:00
8781,기타,,2027-03-29 22:00:00,2027-03-29 23:00:00
8782,아침식사,,2027-03-30 08:00:00,2027-03-30 10:00:00
8783,운동,,2027-03-30 10:00:00,2027-03-30 12:00:00
8784,점심식사,,2027-03-30 12:00:00,2027-03-30 14:00:00
8785,운동,,2027-03-30 14:00:00,2027-03-30 15:00:00
8786,공부,,2027-03-30 15:00:00,2027-03-30 17:00:00
8787,공부,,2027-03-30 17:00:00,2027-03-30 19:00:00
8788,공부,,2027-03-30 19:00:00,2027-03-30 21:00:00
8789,기타,,2027-03-30 21:00:00,2027-03-30 22:00:00
8790,기타,,2027-03-30 22:00:00,2027-03-30 23:00:00
8791,공부,,2027-03-30 23:00:00,2027-03-31 00:00:00
8792,아침식사,,2027-03-31 08:00:00,2027-03-31 10:00:00
8793,기타,,2027-03-31 10:00:00,2027-03-31 11:00:00
8794,공부,,2027-03-31 11:00:00,2027-03-31 13:00:00
8795,공부,,2027-03-31 13:00:00,2027-03-31 15:00:00
8796,운동,,2027-03-31 15:00:00,2027-03-31 17:00:00
8797,공부,,2027-03-31 17:00:00,2027-03-31 19:00:00
8798,기타,,2027-03-31 19:00:00,2027-03-31 21:00:00
8799,실내활동,,2027-03-31 21:00:00,2027-03-31 22:00:00
8800,기타,,2027-03-31 22:00:00,2027-03-31 23:00:00
8801,공부,,2027-03-31 23:00:00,2027-04-01 00:00:00
8802,공원,,2027-03-31 22:00:00,2027-03-31 23:00:00
8803,아침식사,,2027-04-01 08:00:00,2027-04-01 10:00:00
8804,실내활동,,2027-04-01 10:00:00,2027-04-01 12:00:00
8805,점심식사,,2027-04-01 12:00:00,2027-04-01 14:00:00
8806,실내활동,,2027-04-01 14:00:00,2027-04-01 15:00:00
8807,기타,,2027-04-01 15:00:00,2027-04-01 16:00:00
8808,실내활동,,2027-04-01 16:00:00,2027-04-01 17:00:00
8809,기타,,2027-04-01 17:00:00,2027-04-01 18:00:00
8810,저녁식사,,2027-04-01 18:00:00,2027-04-01 20:00:00
8811,실내활동,,2027-04-01 20:00:00,2027-04-01 22:00:00
8812,실내활동,,2027-04-01 22:00:00,2027-04-01 23:00:00
8813,실내활동,,2027-04-01 23:00:00,2027-04-02 00:00:00
8814,운동,,2027-04-01 22:00:00,2027-04-01 23:00:00
8815,아침식사,,2027-04-02 08:00:00,2027-04-02 10:00:00
8816,공원,,2027-04-02 10:00:00,2027-04-02 11:00:00
8817,기타,,2027-04-02 11:00:00,2027-04-02 13:00:00
8818,관람,,2027-04-02 13:00:00,2027-04-02 14:00:00
8819,운동,,2027-04-02 14:00:00,2027-04-02 16:00:00
8820,실내활동,,2027-04-02 16:00:00,2027-04-02 18:00:00
8821,저녁식사,,2027-04-02 18:00:00,2027-04-02 20:00:00
8822,운동,,2027-04-02 20:00:00,2027-04-02 22:00:00
8823,기타,,2027-04-02 22:00:00,2027-04-02 23:00:00
8824,운동,,2027-04-02 23:00:00,2027-04-03 00:00:00
8825,아침식사,,2027-04-03 08:00:00,2027-04-03 10:00:00
8826,운동,,2027-04-03 10:00:00,2027-04-03 11:00:00
8827,스포츠,,2027-04-03 11:00:00,2027-04-03 12:00:00
8828,점심식사,,2027-04-03 12:00:00,2027-04-03 14:00:00
8829,운동,,2027-04-03 14:00:00,2027-04-03 15:00:00
8830,기타,,2027-04-03 15:00:00,2027-04-03 17:00:00
8831,운동,,2027-04-03 17:00:00,2027-04-03 19:00:00
8832,운동,,2027-04-03 19:00:00,2027-04-03 21:00:00
8833,스포츠,,2027-04-03 21:00:00,2027-04-03 22:00:00
8834,스포츠,,2027-04-03 22:00:00,2027-04-04 00:00:00
8835,아침식사,,2027-04-04 08:00:00,2027-04-04 10:00:00
8836,기타,,2027-04-04 10:00:00,2027-04-04 11:00:00
8837,공부,,2027-04-04 11:00:00,2027-04-04 13:00:00
8838,운동,,2027-04-04 13:00:00,2027-04-04 15:00:00
8839,공부,,2027-04-04 15:00:00,2027-04-04 17:00:00
8840,기타,,2027-04-04 17:00:00,2027-04-04 19:00:00
8841,기타,,2027-04-04 19:00:00,2027-04-04 20:00:00
8842,관람,,2027-04-04 20:00:00,2027-04-04 21:00:00
8843,운동,,2027-04-04 21:00:00,2027-04-04 23:00:00
8844,관람,,2027-04-04 23:00:00,2027-04-05 00:00:00
8845,실내활동,,2027-04-04 22:00:00,2027-04-04 23:00:00
8846,아침식사,,2027-04-05 08:00:00,2027-04-05 10:00:00
8847,관람,,2027-04-05 10:00:00,2027-04-05 11:00:00
8848,운동,,2027-04-05 11:00:00,2027-04-05 12:00:00
8849,점심식사,,2027-04-05 12:00:00,2027-04-05 14:00:00
8850,관람,,2027-04-05 14:00:00,2027-04-05 15:00:00
8851,관람,,2027-04-05 15:00:00,2027-04-05 17:00:00
8852,공원,,2027-04-05 17:00:00,2027-04-05 19:00:00
8853,관람,,2027-04-05 19:00:00,2027-04-05 21:00:00
8854,운동,,2027-04-05 21:00:00,2027-04-05 22:00:00
8855,공원,,2027-04-05 22:00:00,2027-04-06 00:00:00
8856,기타,,2027-04-05 22:00:00,2027-04-05 23:00:00
8857,아침식사,,2027-04-06 08:00:00,2027-04-06 10:00:00
8858,운동,,2027-04-06 10:00:00,2027-04-06 11:00:00
8859,기타,,2027-04-06 11:00:00,2027-04-06 13:00:00
8860,운동,,2027-04-06 13:00:00,2027-04-06 14:00:00
8861,운동,,2027-04-06 14:00:00,2027-04-06 16:00:00
8862,공부,,2027-04-06 16:00:00,2027-04-06 18:00:00
8863,저녁식사,,2027-04-06 18:00:00,2027-04-06 20:00:00
8864,공부,,2027-04-06 20:00:00,2027-04-06 22:00:00
8865,운동,,2027-04-06 22:00:00,2027-04-07 00:00:00
8866,아침식사,,2027-04-07 08:00:00,2027-04-07 10:00:00
8867,기타,,2027-04-07 10:00:00,2027-04-07 11:00:00
8868,운동,,2027-04-07 11:00:00,2027-04-07 13:00:00
8869,기타,,2027-04-07 13:00:00,2027-04-07 14:00:00
8870,공원,,2027-04-07 14:00:00,2027-04-07 16:00:00
8871,공부,,2027-04-07 16:00:00,2027-04-07 18:00:00
8872,저녁식사,,2027-04-07 18:00:00,2027-04-07 20:00:00
8873,기타,,2027-04-07 20:00:00,2027-04-07 21:00:00
8874,운동,,2027-04-07 21:00:00,2027-04-07 23:00:00
8875,운동,,2027-04-07 23:00:00,2027-04-08 00:00:00
8876,실내활동,,2027-04-07 22:00:00,2027-04-07 23:00:00
8877,아침식사,,2027-04-08 08:00:00,2027-04-08 10:00:00
8878,운동,,2027-04-08 10:00:00,2027-04-08 12:00:00
8879,점심식사,,2027-04-08 12:00:00,2027-04-08 14:00:00
8880,기타,,2027-04-08 14:00:00,2027-04-08 15:00:00
8881,실내활동,,2027-04-08 15:00:00,2027-04-08 17:00:00
8882,운동,,2027-04-08 17:00:00,2027-04-08 19:00:00
8883,기타,,2027-04-08 19:00:00,2027-04-08 20:00:00
8884,실내활동,,2027-04-08 20:00:00,2027-04-08 22:00:00
8885,운동,,2027-04-08 22:00:00,2027-04-09 00:00:00
8886,아침식사,,2027-04-09 08:00:00,2027-04-09 10:00:00
8887,운동,,2027-04-09 10:00:00,2027-04-09 11:00:00
8888,운동,,2027-04-09 11:00:00,2027-04-09 13:00:00
8889,기타,,2027-04-09 13:00:00,2027-04-09 14:00:00
8890,관람,,2027-04-09 14:00:00,2027-04-09 15:00:00
8891,기타,,2027-04-09 15:00:00,2027-04-09 16:00:00
8892,운동,,2027-04-09 16:00:00,2027-04-09 17:00:00
8893,공원,,2027-04-09 17:00:00,2027-04-09 19:00:00
8894,실내활동,,2027-04-09 19:00:00,2027-04-09 21:00:00
8895,운동,,2027-04-09 21:00:00,2027-04-09 22:00:00
8896,운동,,2027-04-09 22:00:00,2027-04-09 23:00:00
8897,실내활동,,2027-04-09 23:00:00,2027-04-10 00:00:00
8898,아침식사,,2027-04-10 08:00:00,2027-04-10 10:00:00
8899,스포츠,,2027-04-10 10:00:00,2027-04-10 12:00:00
8900,점심식사,,2027-04-10 12:00:00,2027-04-10 14:00:00
8901,운동,,2027-04-10 14:00:00,2027-04-10 15:00:00
8902,기타,,2027-04-10 15:00:00,2027-04-10 16:00:00
8903,기타,,2027-04-10 16:00:00,2027-04-10 18:00:00
8904,저녁식사,,2027-04-10 18:00:00,2027-04-10 20:00:00
8905,운동,,2027-04-10 20:00:00,2027-04-10 21:00:00
8906,스포츠,,2027-04-10 21:00:00,2027-04-10 23:00:00
8907,기타,,2027-04-10 23:00:00,2027-04-11 00:00:00
8908,아침식사,,2027-04-11 08:00:00,2027-04-11 10:00:00
8909,기타,,2027-04-11 10:00:00,2027-04-11 12:00:00
8910,점심식사,,2027-04-11 12:00:00,2027-04-11 14:00:00
8911,관람,,2027-04-11 14:00:00,2027-04-11 16:00:00
8912,운동,,2027-04-11 16:00:00,2027-04-11 17:00:00
8913,기타,,2027-04-11 17:00:00,2027-04-11 18:00:00
8914,저녁식사,,2027-04-11 18:00:00,2027-04-11 20:00:00
8915,공부,,2027-04-11 20:00:00,2027-04-11 22:00:00
8916,운동,,2027-04-11 22:00:00,2027-04-12 00:00:00
8917,실내활동,,2027-04-11 22:00:00,2027-04-11 23:00:00
8918,아침식사,,2027-04-12 08:00:00,2027-04-12 10:00:00
8919,운동,,2027-04-12 10:00:00,2027-04-12 11:00:00
8920,기타,,2027-04-12 11:00:00,2027-04-12 13:00:00
8921,관람,,2027-04-12 13:00:00,2027-04-12 15:00:00
8922,운동,,2027-04-12 15:00:00,2027-04-12 16:00:00
8923,기타,,2027-04-12 16:00:00,2027-04-12 18:00:00
8924,저녁식사,,2027-04-12 18:00:00,2027-04-12 20:00:00
8925,운동,,2027-04-12 20:00:00,2027-04-12 21:00:00
8926,관람,,2027-04-12 21:00:00,2027-04-12 22:00:00
8927,공원,,2027-04-12 22:00:00,2027-04-13 00:00:00
8928,아침식사,,2027-04-13 08:00:00,2027-04-13 10:00:00
8929,공부,,2027-04-13 10:00:00,2027-04-13 11:00:00
8930,운동,,2027-04-13 11:00:00,2027-04-13 13:00:00
8931,공부,,2027-04-13 13:00:00,2027-04-13 14:00:00
8932,기타,,2027-04-13 14:00:00,2027-04-13 15:00:00
8933,기타,,2027-04-13 15:00:00,2027-04-13 16:00:00
8934,운동,,2027-04-13 16:00:00,2027-04-13 17:00:00
8935,공부,,2027-04-13 17:00:00,2027-04-13 19:00:00
8936,운동,,2027-04-13 19:00:00,2027-04-13 21:00:00
8937,공부,,2027-04-13 21:00:00,2027-04-13 23:00:00
8938,운동,,2027-04-13 23:00:00,2027-04-14 00:00:00
8939,아침식사,,2027-04-14 08:00:00,2027-04-14 10:00:00
8940,실내활동,,2027-04-14 10:00:00,2027-04-14 12:00:00
8941,점심식사,,2027-04-14 12:00:00,2027-04-14 14:00:00
8942,기타,,2027-04-14 14:00:00,2027-04-14 15:00:00
8943,공원,,2027-04-14 15:00:00,2027-04-14 17:00:00
8944,공원,,2027-04-14 17:00:00,2027-04-14 19:00:00
8945,기타,,2027-04-14 19:00:00,2027-04-14 21:00:00
8946,기타,,2027-04-14 21:00:00,2027-04-14 23:00:00
8947,기타,,2027-04-14 23:00:00,2027-04-15 00:00:00
8948,운동,,2027-04-14 22:00:00,2027-04-14 23:00:00
8949,공부,,2027-04-14 22:00:00,2027-04-14 23:00:00
8950,아침식사,,2027-04-15 08:00:00,2027-04-15 10:00:00
8951,실내활동,,2027-04-15 10:00:00,2027-04-15 12:00:00
8952,점심식사,,2027-04-15 12:00:00,2027-04-15 14:00:00
8953,기타,,2027-04-15 14:00:00,2027-04-15 15:00:00
8954,실내활동,,2027-04-15 15:00:00,2027-04-15 16:00:00
8955,실내활동,,2027-04-15 16:00:00,2027-04-15 17:00:00
8956,실내활동,,2027-04-15 17:00:00,2027-04-15 18:00:00
8957,저녁식사,,2027-04-15 18:00:00,2027-04-15 20:00:00
8958,실내활동,,2027-04-15 20:00:00,2027-04-15 21:00:00
8959,기타,,2027-04-15 21:00:00,2027-04-15 23:00:00
8960,실내활동,,2027-04-15 23:00:00,2027-04-16 00:00:00
8961,운동,,2027-04-15 22:00:00,2027-04-15 23:00:00
8962,아침식사,,2027-04-16 08:00:00,2027-04-16 10:00:00
8963,공원,,2027-04-16 10:00:00,2027-04-16 12:00:00
8964,점심식사,,2027-04-16 12:00:00,2027-04-16 14:00:00
8965,공원,,2027-04-16 14:00:00,2027-04-16 16:00:00
8966,운동,,2027-04-16 16:00:00,2027-04-16 18:00:00
8967,저녁식사,,2027-04-16 18:00:00,2027-04-16 20:00:00
8968,실내활동,,2027-04-16 20:00:00,2027-04-16 21:00:00
8969,관람,,2027-04-16 21:00:00,2027-04-16 23:00:00
8970,실내활동,,2027-04-16 23:00:00,2027-04-17 00:00:00
8971,기타,,2027-04-16 22:00:00,2027-04-16 23:00:00
8972,아침식사,,2027-04-17 08:00:00,2027-04-17 10:00:00
8973,스포츠,,2027-04-17 10:00:00,2027-04-17 11:00:00
8974,스포츠,,2027-04-17 11:00:00,2027-04-17 12:00:00
8975,점심식사,,2027-04-17 12:00:00,2027-04-17 14:00:00
8976,운동,,2027-04-17 14:00:00,2027-04-17 16:00:00
8977,스포츠,,2027-04-17 16:00:00,2027-04-17 18:00:00
8978,저녁식사,,2027-04-17 18:00:00,2027-04-17 20:00:00
8979,운동,,2027-04-17 20:00:00,2027-04-17 22:00:00
8980,기타,,2027-04-17 22:00:00,2027-04-17 23:00:00
8981,운동,,2027-04-17 23:00:00,2027-04-18 00:00:00
8982,아침식사,,2027-04-18 08:00:00,2027-04-18 10:00:00
8983,실내활동,,2027-04-18 10:00:00,2027-04-18 12:00:00
8984,점심식사,,2027-04-18 12:00:00,2027-04-18 14:00:00
8985,실내활동,,2027-04-18 14:00:00,2027-04-18 16:00:00
8986,실내활동,,2027-04-18 16:00:00,2027-04-18 18:00:00
8987,저녁식사,,2027-04-18 18:00:00,2027-04-18 20:00:00
8988,관람,,2027-04-18 20:00:00,2027-04-18 22:00:00
8989,운동,,2027-04-18 22:00:00,2027-04-19 00:00:00
8990,공부,,2027-04-18 22:00:00,2027-04-18 23:00:00
8991,기타,,2027-04-18 22:00:00,2027-04-18 23:00:00
8992,아침식사,,2027-04-19 08:00:00,2027-04-19 10:00:00
8993,공원,,2027-04-19 10:00:00,2027-04-19 11:00:00
8994,공원,,2027-04-19 11:00:00,2027-04-19 12:00:00
8995,점심식사,,2027-04-19 12:00:00,2027-04-19 14:00:00
8996,공원,,2027-04-19 14:00:00,2027-04-19 16:00:00
8997,공원,,2027-04-19 16:00:00,2027-04-19 18:00:00
8998,저녁식사,,2027-04-19 18:00:00,2027-04-19 20:00:00
8999,관람,,2027-04-19 20:00:00,2027-04-19 21:00:00
9000,운동,,2027-04-19 21:00:00,2027-04-19 23:00:00
9001,운동,,2027-04-19 23:00:00,2027-04-20 00:00:00
9002,기타,,2027-04-19 22:00:00,2027-04-19 23:00:00
9003,아침식사,,2027-04-20 08:00:00,2027-04-20 10:00:00
9004,공부,,2027-04-20 10:00:00,2027-04-20 11:00:00
9005,운동,,2027-04-20 11:00:00,2027-04-20 13:00:00
9006,운동,,2027-04-20 13:00:00,2027-04-20 14:00:00
9007,공부,,2027-04-20 14:00:00,2027-04-20 15:00:00
9008,공부,,2027-04-20 15:00:00,2027-04-20 17:00:00
9009,공부,,2027-04-20 17:00:00,2027-04-20 18:00:00
9010,저녁식사,,2027-04-20 18:00:00,2027-04-20 20:00:00
9011,기타,,2027-04-20 20:00:00,2027-04-20 21:00:00
9012,공부,,2027-04-20 21:00:00,2027-04-20 22:00:00
9013,기타,,2027-04-20 22:00:00,2027-04-20 23:00:00
9014,공부,,2027-04-20 23:00:00,2027-04-21 00:00:00
9015,아침식사,,2027-04-21 08:00:00,2027-04-21 10:00:00
9016,공원,,2027-04-21 10:00:00,2027-04-21 12:00:00
9017,점심식사,,2027-04-21 12:00:00,2027-04-21 14:00:00
9018,기타,,2027-04-21 14:00:00,2027-04-21 16:00:00
9019,기타,,2027-04-21 16:00:00,2027-04-21 18:00:00
9020,저녁식사,,2027-04-21 18:00:00,2027-04-21 20:00:00
9021,공부,,2027-04-21 20:00:00,2027-04-21 21:00:00
9022,공부,,2027-04-21 21:00:00,2027-04-21 22:00:00
9023,기타,,2027-04-21 22:00:00,2027-04-21 23:00:00
9024,실내활동,,2027-04-21 23:00:00,2027-04-22 00:00:00
9025,운동,,2027-04-21 22:00:00,2027-04-21 23:00:00
9026,아침식사,,2027-04-22 08:00:00,2027-04-22 10:00:00
9027,기타,,2027-04-22 10:00:00,2027-04-22 12:00:00
9028,점심식사,,2027-04-22 12:00:00,2027-04-22 14:00:00
9029,운동,,2027-04-22 14:00:00,2027-04-22 16:00:00
9030,기타,,2027-04-22 16:00:00,2027-04-22 17:00:00
9031,기타,,2027-04-22 17:00:00,2027-04-22 19:00:00
9032,기타,,2027-04-22 19:00:00,2027-04-22 21:00:00
9033,실내활동,,2027-04-22 21:00:00,2027-04-22 22:00:00
9034,운동,,2027-04-22 22:00:00,2027-04-22 23:00:00
9035,운동,,2027-04-22 23:00:00,2027-04-23 00:00:00
9036,아침식사,,2027-04-23 08:00:00,2027-04-23 10:00:00
9037,공원,,2027-04-23 10:00:00,2027-04-23 11:00:00
9038,관람,,2027-04-23 11:00:00,2027-04-23 12:00:00
9039,점심식사,,2027-04-23 12:00:00,2027-04-23 14:00:00
9040,공원,,2027-04-23 14:00:00,2027-04-23 15:00:00
9041,공원,,2027-04-23 15:00:00,2027-04-23 16:00:00
9042,운동,,2027-04-23 16:00:00,2027-04-23 18:00:00
9043,저녁식사,,2027-04-23 18:00:00,2027-04-23 20:00:00
9044,기타,,2027-04-23 20:00:00,2027-04-23 21:00:00
9045,관람,,2027-04-23 21:00:00,2027-04-23 22:00:00
9046,공원,,2027-04-23 22:00:00,2027-04-24 00:00:00
9047,실내활동,,2027-04-23 22:00:00,2027-04-23 23:00:00
9048,아침식사,,2027-04-24 08:00:00,2027-04-24 10:00:00
9049,스포츠,,2027-04-24 10:00:00,2027-04-24 11:00:00
9050,기타,,2027-04-24 11:00:00,2027-04-24 12:00:00
9051,점심식사,,2027-04-24 12:00:00,2027-04-24 14:00:00
9052,운동,,2027-04-24 14:00:00,2027-04-24 15:00:00
9053,운동,,2027-04-24 15:00:00,2027-04-24 16:00:00
9054,운동,,2027-04-24 16:00:00,2027-04-24 18:00:00
9055,저녁식사,,2027-04-24 18:00:00,2027-04-24 20:00:00
9056,운동,,2027-04-24 20:00:00,2027-04-24 22:00:00
9057,기타,,2027-04-24 22:00:00,2027-04-24 23:00:00
9058,스포츠,,2027-04-24 23:00:00,2027-04-25 00:00:00
9059,아침식사,,2027-04-25 08:00:00,2027-04-25 10:00:00
9060,관람,,2027-04-25 10:00:00,2027-04-25 11:00:00
9061,관람,,2027-04-25 11:00:00,2027-04-25 12:00:00
9062,점심식사,,2027-04-25 12:00:00,2027-04-25 14:00:00
9063,기타,,2027-04-25 14:00:00,2027-04-25 15:00:00
9064,관람,,2027-04-25 15:00:00,2027-04-25 17:00:00
9065,운동,,2027-04-25 17:00:00,2027-04-25 18:00:00
9066,저녁식사,,2027-04-25 18:00:00,2027-04-25 20:00:00
9067,실내활동,,2027-04-25 20:00:00,2027-04-25 21:00:00
9068,공부,,2027-04-25 21:00:00,2027-04-25 22:00:00
9069,공부,,2027-04-25 22:00:00,2027-04-26 00:00:00
9070,아침식사,,2027-04-26 08:00:00,2027-04-26 10:00:00
9071,공원,,2027-04-26 10:00:00,2027-04-26 11:00:00
9072,운동,,2027-04-26 11:00:00,2027-04-26 13:00:00
9073,관람,,2027-04-26 13:00:00,2027-04-26 14:00:00
9074,운동,,2027-04-26 14:00:00,2027-04-26 15:00:00
9075,기타,,2027-04-26 15:00:00,2027-04-26 16:00:00
9076,공원,,2027-04-26 16:00:00,2027-04-26 18:00:00
9077,저녁식사,,2027-04-26 18:00:00,2027-04-26 20:00:00
9078,기타,,2027-04-26 20:00:00,2027-04-26 22:00:00
9079,운동,,2027-04-26 22:00:00,2027-04-26 23:00:00
9080,관람,,2027-04-26 23:00:00,2027-04-27 00:00:00
9081,아침식사,,2027-04-27 08:00:00,2027-04-27 10:00:00
9082,기타,,2027-04-27 10:00:00,2027-04-27 12:00:00
9083,점심식사,,2027-04-27 12:00:00,2027-04-27 14:00:00
9084,기타,,2027-04-27 14:00:00,2027-04-27 16:00:00
9085,기타,,2027-04-27 16:00:00,2027-04-27 18:00:00
9086,저녁식사,,2027-04-27 18:00:00,2027-04-27 20:00:00
9087,기타,,2027-04-27 20:00:00,2027-04-27 21:00:00
9088,운동,,2027-04-27 21:00:00,2027-04-27 22:00:00
9089,운동,,2027-04-27 22:00:00,2027-04-27 23:00:00
9090,기타,,2027-04-27 23:00:00,2027-04-28 00:00:00
9091,공부,,2027-04-27 22:00:00,2027-04-27 23:00:00
9092,아침식사,,2027-04-28 08:00:00,2027-04-28 10:00:00
9093,공부,,2027-04-28 10:00:00,2027-04-28 12:00:00
9094,점심식사,,2027-04-28 12:00:00,2027-04-28 14:00:00
9095,공부,,2027-04-28 14:00:00,2027-04-28 16:00:00
9096,실내활동,,2027-04-28 16:00:00,2027-04-28 17:00:00
9097,운동,,2027-04-28 17:00:00,2027-04-28 19:00:00
9098,기타,,2027-04-28 19:00:00,2027-04-28 20:00:00
9099,공부,,2027-04-28 20:00:00,2027-04-28 22:00:00
9100,기타,,2027-04-28 22:00:00,2027-04-29 00:00:00
9101,공원,,2027-04-28 22:00:00,2027-04-28 23:00:00
9102,아침식사,,2027-04-29 08:00:00,2027-04-29 10:00:00
9103,기타,,2027-04-29 10:00:00,2027-04-29 11:00:00
9104,운동,,2027-04-29 11:00:00,2027-04-29 13:00:00
9105,운동,,2027-04-29 13:00:00,2027-04-29 14:00:00
9106,기타,,2027-04-29 14:00:00,2027-04-29 16:00:00
9107,운동,,2027-04-29 16:00:00,2027-04-29 17:00:00
9108,운동,,2027-04-29 17:00:00,2027-04-29 19:00:00
9109,운동,,2027-04-29 19:00:00,2027-04-29 21:00:00
9110,기타,,2027-04-29 21:00:00,2027-04-29 23:00:00
9111,운동,,2027-04-29 23:00:00,2027-04-30 00:00:00
9112,실내활동,,2027-04-29 22:00:00,2027-04-29 23:00:00
9113,아침식사,,2027-04-30 08:00:00,2027-04-30 10:00:00
9114,실내활동,,2027-04-30 10:00:00,2027-04-30 12:00:00
9115,점심식사,,2027-04-30 12:00:00,2027-04-30 14:00:00
9116,공원,,2027-04-30 14:00:00,2027-04-30 16:00:00
9117,실내활동,,2027-04-30 16:00:00,2027-04-30 17:00:00
9118,실내활동,,2027-04-30 17:00:00,2027-04-30 19:00:00
9119,기타,,2027-04-30 19:00:00,2027-04-30 21:00:00
9120,실내활동,,2027-04-30 21:00:00,2027-04-30 22:00:00
9121,공원,,2027-04-30 22:00:00,2027-05-01 00:00:00
9122,운동,,2027-04-30 22:00:00,2027-04-30 23:00:00
9123,관람,,2027-04-30 22:00:00,2027-04-30 23:00:00
9124,아침식사,,2027-05-01 08:00:00,2027-05-01 10:00:00
9125,스포츠,,2027-05-01 10:00:00,2027-05-01 11:00:00
9126,기타,,2027-05-01 11:00:00,2027-05-01 12:00:00
9127,점심식사,,2027-05-01 12:00:00,2027-05-01 14:00:00
9128,운동,,2027-05-01 14:00:00,2027-05-01 15:00:00
9129,기타,,2027-05-01 15:00:00,2027-05-01 17:00:00
9130,운동,,2027-05-01 17:00:00,2027-05-01 18:00:00
9131,저녁식사,,2027-05-01 18:00:00,2027-05-01 20:00:00
9132,스포츠,,2027-05-01 20:00:00,2027-05-01 22:00:00
9133,기타,,2027-05-01 22:00:00,2027-05-02 00:00:00
9134,아침식사,,2027-05-02 08:00:00,2027-05-02 10:00:00
9135,운동,,2027-05-02 10:00:00,2027-05-02 11:00:00
9136,기타,,2027-05-02 11:00:00,2027-05-02 12:00:00
9137,점심식사,,2027-05-02 12:00:00,2027-05-02 14:00:00
9138,운동,,2027-05-02 14:00:00,2027-05-02 15:00:00
9139,실내활동,,2027-05-02 15:00:00,2027-05-02 17:00:00
9140,관람,,2027-05-02 17:00:00,2027-05-02 19:00:00
9141,관람,,2027-05-02 19:00:00,2027-05-02 20:00:00
9142,기타,,2027-05-02 20:00:00,2027-05-02 22:00:00
9143,관람,,2027-05-02 22:00:00,2027-05-02 23:00:00
9144,실내활동,,2027-05-02 23:00:00,2027-05-03 00:00:00
9145,공부,,2027-05-02 22:00:00,2027-05-02 23:00:00
9146,아침식사,,2027-05-03 08:00:00,2027-05-03 10:00:00
9147,기타,,2027-05-03 10:00:00,2027-05-03 11:00:00
9148,관람,,2027-05-03 11:00:00,2027-05-03 13:00:00
9149,공원,,2027-05-03 13:00:00,2027-05-03 15:00:00
9150,공원,,2027-05-03 15:00:00,2027-05-03 16:00:00
9151,기타,,2027-05-03 16:00:00,2027-05-03 17:00:00
9152,운동,,2027-05-03 17:00:00,2027-05-03 18:00:00
9153,저녁식사,,2027-05-03 18:00:00,2027-05-03 20:00:00
9154,기타,,2027-05-03 20:00:00,2027-05-03 21:00:00
9155,운동,,2027-05-03 21:00:00,2027-05-03 23:00:00
9156,관람,,2027-05-03 23:00:00,2027-05-04 00:00:00
9157,아침식사,,2027-05-04 08:00:00,2027-05-04 10:00:00
9158,공부,,2027-05-04 10:00:00,2027-05-04 11:00:00
9159,공부,,2027-05-04 11:00:00,2027-05-04 13:00:00
9160,기타,,2027-05-04 13:00:00,2027-05-04 14:00:00
9161,공부,,2027-05-04 14:00:00,2027-05-04 15:00:00
9162,기타,,2027-05-04 15:00:00,2027-05-04 16:00:00
9163,공부,,2027-05-04 16:00:00,2027-05-04 18:00:00
9164,저녁식사,,2027-05-04 18:00:00,2027-05-04 20:00:00
9165,기타,,2027-05-04 20:00:00,2027-05-04 22:00:00
9166,기타,,2027-05-04 22:00:00,2027-05-05 00:00:00
9167,운동,,2027-05-04 22:00:00,2027-05-04 23:00:00
9168,아침식사,,2027-05-05 08:00:00,2027-05-05 10:00:00
9169,공원,,2027-05-05 10:00:00,2027-05-05 12:00:00
9170,점심식사,,2027-05-05 12:00:00,2027-05-05 14:00:00
9171,기타,,2027-05-05 14:00:00,2027-05-05 15:00:00
9172,운동,,2027-05-05 15:00:00,2027-05-05 16:00:00
9173,실내활동,,2027-05-05 16:00:00,2027-05-05 18:00:00
9174,저녁식사,,2027-05-05 18:00:00,2027-05-05 20:00:00
9175,기타,,2027-05-05 20:00:00,2027-05-05 22:00:00
9176,운동,,2027-05-05 22:00:00,2027-05-06 00:00:00
9177,공부,,2027-05-05 22:00:00,2027-05-05 23:00:00
9178,아침식사,,2027-05-06 08:00:00,2027-05-06 10:00:00
9179,실내활동,,2027-05-06 10:00:00,2027-05-06 12:00:00
9180,점심식사,,2027-05-06 12:00:00,2027-05-06 14:00:00
9181,운동,,2027-05-06 14:00:00,2027-05-06 15:00:00
9182,운동,,2027-05-06 15:00:00,2027-05-06 17:00:00
9183,운동,,2027-05-06 17:00:00,2027-05-06 18:00:00
9184,저녁식사,,2027-05-06 18:00:00,2027-05-06 20:00:00
9185,운동,,2027-05-06 20:00:00,2027-05-06 21:00:00
9186,기타,,2027-05-06 21:00:00,2027-05-06 23:00:00
9187,운동,,2027-05-06 23:00:00,2027-05-07 00:00:00
9188,아침식사,,2027-05-07 08:00:00,2027-05-07 10:00:00
9189,운동,,2027-05-07 10:00:00,2027-05-07 12:00:00
9190,점심식사,,2027-05-07 12:00:00,2027-05-07 14:00:00
9191,공원,,2027-05-07 14:00:00,2027-05-07 16:00:00
9192,관람,,2027-05-07 16:00:00,2027-05-07 18:00:00
9193,저녁식사,,2027-05-07 18:00:00,2027-05-07 20:00:00
9194,운동,,2027-05-07 20:00:00,2027-05-07 22:00:00
9195,공원,,2027-05-07 22:00:00,2027-05-08 00:00:00
9196,실내활동,,2027-05-07 22:00:00,2027-05-07 23:00:00
9197,기타,,2027-05-07 22:00:00,2027-05-07 23:00:00
9198,아침식사,,2027-05-08 08:00:00,2027-05-08 10:00:00
9199,스포츠,,2027-05-08 10:00:00,2027-05-08 11:00:00
9200,운동,,2027-05-08 11:00:00,2027-05-08 13:00:00
9201,운동,,2027-05-08 13:00:00,2027-05-08 15:00:00
9202,스포츠,,2027-05-08 15:00:00,2027-05-08 17:00:00
9203,기타,,2027-05-08 17:00:00,2027-05-08 18:00:00
9204,저녁식사,,2027-05-08 18:00:00,2027-05-08 20:00:00
9205,스포츠,,2027-05-08 20:00:00,2027-05-08 22:00:00
9206,스포츠,,2027-05-08 22:00:00,2027-05-09 00:00:00
9207,아침식사,,2027-05-09 08:00:00,2027-05-09 10:00:00
9208,실내활동,,2027-05-09 10:00:00,2027-05-09 12:00:00
9209,점심식사,,2027-05-09 12:00:00,2027-05-09 14:00:00
9210,관람,,2027-05-09 14:00:00,2027-05-09 16:00:00
9211,관람,,2027-05-09 16:00:00,2027-05-09 18:00:00
9212,저녁식사,,2027-05-09 18:00:00,2027-05-09 20:00:00
9213,기타,,2027-05-09 20:00:00,2027-05-09 22:00:00
9214,운동,,2027-05-09 22:00:00,2027-05-09 23:00:00
9215,운동,,2027-05-09 23:00:00,2027-05-10 00:00:00
9216,공부,,2027-05-09 22:00:00,2027-05-09 23:00:00
9217,아침식사,,2027-05-10 08:00:00,2027-05-10 10:00:00
9218,공원,,2027-05-10 10:00:00,2027-05-10 12:00:00
9219,점심식사,,2027-05-10 12:00:00,2027-05-10 14:00:00
9220,공원,,2027-05-10 14:00:00,2027-05-10 16:00:00
9221,기타,,2027-05-10 16:00:00,2027-05-10 17:00:00
9222,운동,,2027-05-10 17:00:00,2027-05-10 18:00:00
9223,저녁식사,,2027-05-10 18:00:00,2027-05-10 20:00:00
9224,기타,,2027-05-10 20:00:00,2027-05-10 21:00:00
9225,공원,,2027-05-10 21:00:00,2027-05-10 22:00:00
9226,운동,,2027-05-10 22:00:00,2027-05-11 00:00:00
9227,관람,,2027-05-10 22:00:00,2027-05-10 23:00:00
9228,아침식사,,2027-05-11 08:00:00,2027-05-11 10:00:00
9229,공부,,2027-05-11 10:00:00,2027-05-11 11:00:00
9230,기타,,2027-05-11 11:00:00,2027-05-11 12:00:00
9231,점심식사,,2027-05-11 12:00:00,2027-05-11 14:00:00
9232,공부,,2027-05-11 14:00:00,2027-05-11 16:00:00
9233,운동,,2027-05-11 16:00:00,2027-05-11 18:00:00
9234,저녁식사,,2027-05-11 18:00:00,2027-05-11 20:00:00
9235,기타,,2027-05-11 20:00:00,2027-05-11 22:00:00
9236,기타,,2027-05-11 22:00:00,2027-05-11 23:00:00
9237,공부,,2027-05-11 23:00:00,2027-05-12 00:00:00
9238,아침식사,,2027-05-12 08:00:00,2027-05-12 10:00:00
9239,운동,,2027-05-12 10:00:00,2027-05-12 12:00:00
9240,점심식사,,2027-05-12 12:00:00,2027-05-12 14:00:00
9241,운동,,2027-05-12 14:00:00,2027-05-12 15:00:00
9242,공부,,2027-05-12 15:00:00,2027-05-12 16:00:00
9243,운동,,2027-05-12 16:00:00,2027-05-12 18:00:00
9244,저녁식사,,2027-05-12 18:00:00,2027-05-12 20:00:00
9245,실내활동,,2027-05-12 20:00:00,2027-05-12 21:00:00
9246,공부,,2027-05-12 21:00:00,2027-05-12 23:00:00
9247,운동,,2027-05-12 23:00:00,2027-05-13 00:00:00
9248,공원,,2027-05-12 22:00:00,2027-05-12 23:00:00
9249,기타,,2027-05-12 22:00:00,2027-05-12 23:00:00
9250,아침식사,,2027-05-13 08:00:00,2027-05-13 10:00:00
9251,기타,,2027-05-13 10:00:00,2027-05-13 12:00:00
9252,점심식사,,2027-05-13 12:00:00,2027-05-13 14:00:00
9253,운동,,2027-05-13 14:00:00,2027-05-13 15:00:00
9254,기타,,2027-05-13 15:00:00,2027-05-13 17:00:00
9255,실내활동,,2027-05-13 17:00:00,2027-05-13 19:00:00
9256,실내활동,,2027-05-13 19:00:00,2027-05-13 20:00:00
9257,기타,,2027-05-13 20:00:00,2027-05-13 21:00:00
9258,실내활동,,2027-05-13 21:00:00,2027-05-13 22:00:00
9259,기타,,2027-05-13 22:00:00,2027-05-13 23:00:00
9260,실내활동,,2027-05-13 23:00:00,2027-05-14 00:00:00
9261,아침식사,,2027-05-14 08:00:00,2027-05-14 10:00:00
9262,기타,,2027-05-14 10:00:00,2027-05-14 11:00:00
9263,공원,,2027-05-14 11:00:00,2027-05-14 13:00:00
9264,운동,,2027-05-14 13:00:00,2027-05-14 14:00:00
9265,관람,,2027-05-14 14:00:00,2027-05-14 16:00:00
9266,운동,,2027-05-14 16:00:00,2027-05-14 17:00:00
9267,운동,,2027-05-14 17:00:00,2027-05-14 18:00:00
9268,저녁식사,,2027-05-14 18:00:00,2027-05-14 20:00:00
9269,실내활동,,2027-05-14 20:00:00,2027-05-14 21:00:00
9270,관람,,2027-05-14 21:00:00,2027-05-14 22:00:00
9271,운동,,2027-05-14 22:00:00,2027-05-15 00:00:00
9272,아침식사,,2027-05-15 08:00:00,2027-05-15 10:00:00
9273,운동,,2027-05-15 10:00:00,2027-05-15 11:00:00
9274,기타,,2027-05-15 11:00:00,2027-05-15 13:00:00
9275,스포츠,,2027-05-15 13:00:00,2027-05-15 15:00:00
9276,스포츠,,2027-05-15 15:00:00,2027-05-15 16:00:00
9277,기타,,2027-05-15 16:00:00,2027-05-15 17:00:00
9278,기타,,2027-05-15 17:00:00,2027-05-15 18:00:00
9279,저녁식사,,2027-05-15 18:00:00,2027-05-15 20:00:00
9280,운동,,2027-05-15 20:00:00,2027-05-15 21:00:00
9281,스포츠,,2027-05-15 21:00:00,2027-05-15 22:00:00
9282,기타,,2027-05-15 22:00:00,2027-05-16 00:00:00
9283,아침식사,,2027-05-16 08:00:00,2027-05-16 10:00:00
9284,관람,,2027-05-16 10:00:00,2027-05-16 12:00:00
9285,점심식사,,2027-05-16 12:00:00,2027-05-16 14:00:00
9286,관람,,2027-05-16 14:00:00,2027-05-16 15:00:00
9287,관람,,2027-05-16 15:00:00,2027-05-16 17:00:00
9288,운동,,2027-05-16 17:00:00,2027-05-16 18:00:00
9289,저녁식사,,2027-05-16 18:00:00,2027-05-16 20:00:00
9290,운동,,2027-05-16 20:00:00,2027-05-16 21:00:00
9291,공부,,2027-05-16 21:00:00,2027-05-16 23:00:00
9292,실내활동,,2027-05-16 23:00:00,2027-05-17 00:00:00
9293,기타,,2027-05-16 22:00:00,2027-05-16 23:00:00
9294,아침식사,,2027-05-17 08:00:00,2027-05-17 10:00:00
9295,기타,,2027-05-17 10:00:00,2027-05-17 12:00:00
9296,점심식사,,2027-05-17 12:00:00,2027-05-17 14:00:00
9297,기타,,2027-05-17 14:00:00,2027-05-17 16:00:00
9298,기타,,2027-05-17 16:00:00,2027-05-17 17:00:00
9299,공원,,2027-05-17 17:00:00,2027-05-17 19:00:00
9300,운동,,2027-05-17 19:00:00,2027-05-17 21:00:00
9301,기타,,2027-05-17 21:00:00,2027-05-17 22:00:00
9302,기타,,2027-05-17 22:00:00,2027-05-18 00:00:00
9303,관람,,2027-05-17 22:00:00,2027-05-17 23:00:00
9304,아침식사,,2027-05-18 08:00:00,2027-05-18 10:00:00
9305,운동,,2027-05-18 10:00:00,2027-05-18 11:00:00
9306,공부,,2027-05-18 11:00:00,2027-05-18 12:00:00
9307,점심식사,,2027-05-18 12:00:00,2027-05-18 14:00:00
9308,운동,,2027-05-18 14:00:00,2027-05-18 15:00:00
9309,운동,,2027-05-18 15:00:00,2027-05-18 16:00:00
9310,운동,,2027-05-18 16:00:00,2027-05-18 17:00:00
9311,운동,,2027-05-18 17:00:00,2027-05-18 19:00:00
9312,공부,,2027-05-18 19:00:00,2027-05-18 21:00:00
9313,공부,,2027-05-18 21:00:00,2027-05-18 22:00:00
9314,기타,,2027-05-18 22:00:00,2027-05-19 00:00:00
9315,아침식사,,2027-05-19 08:00:00,2027-05-19 10:00:00
9316,공원,,2027-05-19 10:00:00,2027-05-19 12:00:00
9317,점심식사,,2027-05-19 12:00:00,2027-05-19 14:00:00
9318,공부,,2027-05-19 14:00:00,2027-05-19 15:00:00
9319,기타,,2027-05-19 15:00:00,2027-05-19 16:00:00
9320,공원,,2027-05-19 16:00:00,2027-05-19 17:00:00
9321,운동,,2027-05-19 17:00:00,2027-05-19 19:00:00
9322,공원,,2027-05-19 19:00:00,2027-05-19 20:00:00
9323,운동,,2027-05-19 20:00:00,2027-05-19 21:00:00
9324,공원,,2027-05-19 21:00:00,2027-05-19 22:00:00
9325,기타,,2027-05-19 22:00:00,2027-05-20 00:00:00
9326,실내활동,,2027-05-19 22:00:00,2027-05-19 23:00:00
9327,아침식사,,2027-05-20 08:00:00,2027-05-20 10:00:00
9328,기타,,2027-05-20 10:00:00,2027-05-20 11:00:00
9329,실내활동,,2027-05-20 11:00:00,2027-05-20 12:00:00
9330,점심식사,,2027-05-20 12:00:00,2027-05-20 14:00:00
9331,실내활동,,2027-05-20 14:00:00,2027-05-20 16:00:00
9332,실내활동,,2027-05-20 16:00:00,2027-05-20 17:00:00
9333,운동,,2027-05-20 17:00:00,2027-05-20 19:00:00
9334,운동,,2027-05-20 19:00:00,2027-05-20 20:00:00
9335,실내활동,,2027-05-20 20:00:00,2027-05-20 21:00:00
9336,실내활동,,2027-05-20 21:00:00,2027-05-20 23:00:00
9337,실내활동,,2027-05-20 23:00:00,2027-05-21 00:00:00
9338,아침식사,,2027-05-21 08:00:00,2027-05-21 10:00:00
9339,공원,,2027-05-21 10:00:00,2027-05-21 12:00:00
9340,점심식사,,2027-05-21 12:00:00,2027-05-21 14:00:00
9341,관람,,2027-05-21 14:00:00,2027-05-21 16:00:00
9342,관람,,2027-05-21 16:00:00,2027-05-21 17:00:00
9343,운동,,2027-05-21 17:00:00,2027-05-21 19:00:00
9344,운동,,2027-05-21 19:00:00,2027-05-21 20:00:00
9345,운동,,2027-05-21 20:00:00,2027-05-21 22:00:00
9346,기타,,2027-05-21 22:00:00,2027-05-21 23:00:00
9347,공원,,2027-05-21 23:00:00,2027-05-22 00:00:00
9348,실내활동,,2027-05-21 22:00:00,2027-05-21 23:00:00
9349,아침식사,,2027-05-22 08:00:00,2027-05-22 10:00:00
9350,운동,,2027-05-22 10:00:00,2027-05-22 12:00:00
9351,점심식사,,2027-05-22 12:00:00,2027-05-22 14:00:00
9352,운동,,2027-05-22 14:00:00,2027-05-22 15:00:00
9353,기타,,2027-05-22 15:00:00,2027-05-22 17:00:00
9354,운동,,2027-05-22 17:00:00,2027-05-22 19:00:00
9355,기타,,2027-05-22 19:00:00,2027-05-22 21:00:00
9356,스포츠,,2027-05-22 21:00:00,2027-05-22 22:00:00
9357,스포츠,,2027-05-22 22:00:00,2027-05-23 00:00:00
9358,아침식사,,2027-05-23 08:00:00,2027-05-23 10:00:00
9359,실내활동,,2027-05-23 10:00:00,2027-05-23 11:00:00
9360,관람,,2027-05-23 11:00:00,2027-05-23 12:00:00
9361,점심식사,,2027-05-23 12:00:00,2027-05-23 14:00:00
9362,공부,,2027-05-23 14:00:00,2027-05-23 16:00:00
9363,기타,,2027-05-23 16:00:00,2027-05-23 18:00:00
9364,저녁식사,,2027-05-23 18:00:00,2027-05-23 20:00:00
9365,기타,,2027-05-23 20:00:00,2027-05-23 21:00:00
9366,실내활동,,2027-05-23 21:00:00,2027-05-23 23:00:00
9367,운동,,2027-05-23 23:00:00,2027-05-24 00:00:00
9368,아침식사,,2027-05-24 08:00:00,2027-05-24 10:00:00
9369,운동,,2027-05-24 10:00:00,2027-05-24 12:00:00
9370,점심식사,,2027-05-24 12:00:00,2027-05-24 14:00:00
9371,운동,,2027-05-24 14:00:00,2027-05-24 15:00:00
9372,관람,,2027-05-24 15:00:00,2027-05-24 17:00:00
9373,공원,,2027-05-24 17:00:00,2027-05-24 18:00:00
9374,저녁식사,,2027-05-24 18:00:00,2027-05-24 20:00:00
9375,공원,,2027-05-24 20:00:00,2027-05-24 22:00:00
9376,공원,,2027-05-24 22:00:00,2027-05-24 23:00:00
9377,관람,,2027-05-24 23:00:00,2027-05-25 00:00:00
9378,기타,,2027-05-24 22:00:00,2027-05-24 23:00:00
9379,아침식사,,2027-05-25 08:00:00,2027-05-25 10:00:00
9380,기타,,2027-05-25 10:00:00,2027-05-25 11:00:00
9381,기타,,2027-05-25 11:00:00,2027-05-25 13:00:00
9382,공부,,2027-05-25 13:00:00,2027-05-25 14:00:00
9383,공부,,2027-05-25 14:00:00,2027-05-25 16:00:00
9384,공부,,2027-05-25 16:00:00,2027-05-25 18:00:00
9385,저녁식사,,2027-05-25 18:00:00,2027-05-25 20:00:00
9386,공부,,2027-05-25 20:00:00,2027-05-25 21:00:00
9387,운동,,2027-05-25 21:00:00,2027-05-25 23:00:00
9388,공부,,2027-05-25 23:00:00,2027-05-26 00:00:00
9389,아침식사,,2027-05-26 08:00:00,2027-05-26 10:00:00
9390,공부,,2027-05-26 10:00:00,2027-05-26 11:00:00
9391,실내활동,,2027-05-26 11:00:00,2027-05-26 12:00:00
9392,점심식사,,2027-05-26 12:00:00,2027-05-26 14:00:00
9393,기타,,2027-05-26 14:00:00,2027-05-26 15:00:00
9394,기타,,2027-05-26 15:00:00,2027-05-26 17:00:00
9395,공부,,2027-05-26 17:00:00,2027-05-26 18:00:00
9396,저녁식사,,2027-05-26 18:00:00,2027-05-26 20:00:00
9397,공원,,2027-05-26 20:00:00,2027-05-26 22:00:00
9398,운동,,2027-05-26 22:00:00,2027-05-27 00:00:00
9399,아침식사,,2027-05-27 08:00:00,2027-05-27 10:00:00
9400,기타,,2027-05-27 10:00:00,2027-05-27 11:00:00
9401,운동,,2027-05-27 11:00:00,2027-05-27 12:00:00
9402,점심식사,,2027-05-27 12:00:00,2027-05-27 14:00:00
9403,실내활동,,2027-05-27 14:00:00,2027-05-27 15:00:00
9404,기타,,2027-05-27 15:00:00,2027-05-27 17:00:00
9405,운동,,2027-05-27 17:00:00,2027-05-27 18:00:00
9406,저녁식사,,2027-05-27 18:00:00,2027-05-27 20:00:00
9407,실내활동,,2027-05-27 20:00:00,2027-05-27 21:00:00
9408,실내활동,,2027-05-27 21:00:00,2027-05-27 22:00:00
9409,기타,,2027-05-27 22:00:00,2027-05-27 23:00:00
9410,운동,,2027-05-27 23:00:00,2027-05-28 00:00:00
9411,아침식사,,2027-05-28 08:00:00,2027-05-28 10:00:00
9412,기타,,2027-05-28 10:00:00,2027-05-28 12:00:00
9413,점심식사,,2027-05-28 12:00:00,2027-05-28 14:00:00
9414,기타,,2027-05-28 14:00:00,2027-05-28 15:00:00
9415,기타,,2027-05-28 15:00:00,2027-05-28 16:00:00
9416,관람,,2027-05-28 16:00:00,2027-05-28 17:00:00
9417,관람,,2027-05-28 17:00:00,2027-05-28 18:00:00
9418,저녁식사,,2027-05-28 18:00:00,2027-05-28 20:00:00
9419,실내활동,,2027-05-28 20:00:00,2027-05-28 21:00:00
9420,운동,,2027-05-28 21:00:00,2027-05-28 23:00:00
9421,관람,,2027-05-28 23:00:00,2027-05-29 00:00:00
9422,공원,,2027-05-28 22:00:00,2027-05-28 23:00:00
9423,아침식사,,2027-05-29 08:00:00,2027-05-29 10:00:00
9424,스포츠,,2027-05-29 10:00:00,2027-05-29 11:00:00
9425,스포츠,,2027-05-29 11:00:00,2027-05-29 12:00:00
9426,점심식사,,2027-05-29 12:00:00,2027-05-29 14:00:00
9427,운동,,2027-05-29 14:00:00,2027-05-29 15:00:00
9428,운동,,2027-05-29 15:00:00,2027-05-29 16:00:00
9429,스포츠,,2027-05-29 16:00:00,2027-05-29 18:00:00
9430,저녁식사,,2027-05-29 18:00:00,2027-05-29 20:00:00
9431,기타,,2027-05-29 20:00:00,2027-05-29 22:00:00
9432,운동,,2027-05-29 22:00:00,2027-05-30 00:00:00
9433,아침식사,,2027-05-30 08:00:00,2027-05-30 10:00:00
9434,운동,,2027-05-30 10:00:00,2027-05-30 12:00:00
9435,점심식사,,2027-05-30 12:00:00,2027-05-30 14:00:00
9436,공부,,2027-05-30 14:00:00,2027-05-30 15:00:00
9437,공부,,2027-05-30 15:00:00,2027-05-30 17:00:00
9438,공부,,2027-05-30 17:00:00,2027-05-30 18:00:00
9439,저녁식사,,2027-05-30 18:00:00,2027-05-30 20:00:00
9440,기타,,2027-05-30 20:00:00,2027-05-30 21:00:00
9441,기타,,2027-05-30 21:00:00,2027-05-30 22:00:00
9442,기타,,2027-05-30 22:00:00,2027-05-31 00:00:00
9443,실내활동,,2027-05-30 22:00:00,2027-05-30 23:00:00
9444,관람,,2027-05-30 22:00:00,2027-05-30 23:00:00
9445,아침식사,,2027-05-31 08:00:00,2027-05-31 10:00:00
9446,기타,,2027-05-31 10:00:00,2027-05-31 12:00:00
9447,점심식사,,2027-05-31 12:00:00,2027-05-31 14:00:00
9448,기타,,2027-05-31 14:00:00,2027-05-31 16:00:00
9449,운동,,2027-05-31 16:00:00,2027-05-31 17:00:00
9450,기타,,2027-05-31 17:00:00,2027-05-31 18:00:00
9451,저녁식사,,2027-05-31 18:00:00,2027-05-31 20:00:00
9452,운동,,2027-05-31 20:00:00,2027-05-31 22:00:00
9453,관람,,2027-05-31 22:00:00,2027-05-31 23:00:00
9454,기타,,2027-05-31 23:00:00,2027-06-01 00:00:00
9455,공원,,2027-05-31 22:00:00,2027-05-31 23:00:00
9456,아침식사,,2027-06-01 08:00:00,2027-06-01 10:00:00
9457,공부,,2027-06-01 10:00:00,2027-06-01 12:00:00
9458,점심식사,,2027-06-01 12:00:00,2027-06-01 14:00:00
9459,기타,,2027-06-01 14:00:00,2027-06-01 16:00:00
9460,기타,,2027-06-01 16:00:00,2027-06-01 17:00:00
9461,공부,,2027-06-01 17:00:00,2027-06-01 18:00:00
9462,저녁식사,,2027-06-01 18:00:00,2027-06-01 20:00:00
9463,운동,,2027-06-01 20:00:00,2027-06-01 21:00:00
9464,기타,,2027-06-01 21:00:00,2027-06-01 22:00:00
9465,기타,,2027-06-01 22:00:00,2027-06-02 00:00:00
9466,아침식사,,2027-06-02 08:00:00,2027-06-02 10:00:00
9467,공부,,2027-06-02 10:00:00,2027-06-02 11:00:00
9468,운동,,2027-06-02 11:00:00,2027-06-02 13:00:00
9469,운동,,2027-06-02 13:00:00,2027-06-02 15:00:00
9470,공부,,2027-06-02 15:00:00,2027-06-02 16:00:00
9471,공부,,2027-06-02 16:00:00,2027-06-02 18:00:00
9472,저녁식사,,2027-06-02 18:00:00,2027-06-02 20:00:00
9473,공원,,2027-06-02 20:00:00,2027-06-02 21:00:00
9474,실내활동,,2027-06-02 21:00:00,2027-06-02 23:00:00
9475,기타,,2027-06-02 23:00:00,2027-06-03 00:00:00
9476,아침식사,,2027-06-03 08:00:00,2027-06-03 10:00:00
9477,운동,,2027-06-03 10:00:00,2027-06-03 11:00:00
9478,기타,,2027-06-03 11:00:00,2027-06-03 13:00:00
9479,기타,,2027-06-03 13:00:00,2027-06-03 15:00:00
9480,실내활동,,2027-06-03 15:00:00,2027-06-03 17:00:00
9481,기타,,2027-06-03 17:00:00,2027-06-03 18:00:00
9482,저녁식사,,2027-06-03 18:00:00,2027-06-03 20:00:00
9483,기타,,2027-06-03 20:00:00,2027-06-03 21:00:00
9484,실내활동,,2027-06-03 21:00:00,2027-06-03 22:00:00
9485,기타,,2027-06-03 22:00:00,2027-06-03 23:00:00
9486,운동,,2027-06-03 23:00:00,2027-06-04 00:00:00
9487,아침식사,,2027-06-04 08:00:00,2027-06-04 10:00:00
9488,기타,,2027-06-04 10:00:00,2027-06-04 12:00:00
9489,점심식사,,2027-06-04 12:00:00,2027-06-04 14:00:00
9490,기타,,2027-06-04 14:00:00,2027-06-04 15:00:00
9491,실내활동,,2027-06-04 15:00:00,2027-06-04 17:00:00
9492,기타,,2027-06-04 17:00:00,2027-06-04 19:00:00
9493,기타,,2027-06-04 19:00:00,2027-06-04 21:00:00
9494,기타,,2027-06-04 21:00:00,2027-06-04 23:00:00
9495,운동,,2027-06-04 23:00:00,2027-06-05 00:00:00
9496,관람,,2027-06-04 22:00:00,2027-06-04 23:00:00
9497,공원,,2027-06-04 22:00:00,2027-06-04 23:00:00
9498,아침식사,,2027-06-05 08:00:00,2027-06-05 10:00:00
9499,기타,,2027-06-05 10:00:00,2027-06-05 12:00:00
9500,점심식사,,2027-06-05 12:00:00,2027-06-05 14:00:00
9501,기타,,2027-06-05 14:00:00,2027-06-05 16:00:00
9502,운동,,2027-06-05 16:00:00,2027-06-05 17:00:00
9503,운동,,2027-06-05 17:00:00,2027-06-05 18:00:00
9504,저녁식사,,2027-06-05 18:00:00,2027-06-05 20:00:00
9505,기타,,2027-06-05 20:00:00,2027-06-05 21:00:00
9506,운동,,2027-06-05 21:00:00,2027-06-05 23:00:00
9507,기타,,2027-06-05 23:00:00,2027-06-06 00:00:00
9508,스포츠,,2027-06-05 22:00:00,2027-06-05 23:00:00
9509,아침식사,,2027-06-06 08:00:00,2027-06-06 10:00:00
9510,관람,,2027-06-06 10:00:00,2027-06-06 11:00:00
9511,공부,,2027-06-06 11:00:00,2027-06-06 12:00:00
9512,점심식사,,2027-06-06 12:00:00,2027-06-06 14:00:00
9513,운동,,2027-06-06 14:00:00,2027-06-06 16:00:00
9514,실내활동,,2027-06-06 16:00:00,2027-06-06 18:00:00
9515,저녁식사,,2027-06-06 18:00:00,2027-06-06 20:00:00
9516,기타,,2027-06-06 20:00:00,2027-06-06 21:00:00
9517,기타,,2027-06-06 21:00:00,2027-06-06 22:00:00
9518,관람,,2027-06-06 22:00:00,2027-06-06 23:00:00
9519,공부,,2027-06-06 23:00:00,2027-06-07 00:00:00
9520,아침식사,,2027-06-07 08:00:00,2027-06-07 10:00:00
9521,공원,,2027-06-07 10:00:00,2027-06-07 11:00:00
9522,공원,,2027-06-07 11:00:00,2027-06-07 13:00:00
9523,공원,,2027-06-07 13:00:00,2027-06-07 15:00:00
9524,공원,,2027-06-07 15:00:00,2027-06-07 16:00:00
9525,공원,,2027-06-07 16:00:00,2027-06-07 17:00:00
9526,기타,,2027-06-07 17:00:00,2027-06-07 18:00:00
9527,저녁식사,,2027-06-07 18:00:00,2027-06-07 20:00:00
9528,공원,,2027-06-07 20:00:00,2027-06-07 21:00:00
9529,공원,,2027-06-07 21:00:00,2027-06-07 23:00:00
9530,공원,,2027-06-07 23:00:00,2027-06-08 00:00:00
9531,운동,,2027-06-07 22:00:00,2027-06-07 23:00:00
9532,관람,,2027-06-07 22:00:00,2027-06-07 23:00:00
9533,아침식사,,2027-06-08 08:00:00,2027-06-08 10:00:00
9534,기타,,2027-06-08 10:00:00,2027-06-08 11:00:00
9535,기타,,2027-06-08 11:00:00,2027-06-08 13:00:00
9536,공부,,2027-06-08 13:00:00,2027-06-08 14:00:00
9537,기타,,2027-06-08 14:00:00,2027-06-08 16:00:00
9538,기타,,2027-06-08 16:00:00,2027-06-08 18:00:00
9539,저녁식사,,2027-06-08 18:00:00,2027-06-08 20:00:00
9540,기타,,2027-06-08 20:00:00,2027-06-08 22:00:00
9541,운동,,2027-06-08 22:00:00,2027-06-09 00:00:00
9542,아침식사,,2027-06-09 08:00:00,2027-06-09 10:00:00
9543,실내활동,,2027-06-09 10:00:00,2027-06-09 12:00:00
9544,점심식사,,2027-06-09 12:00:00,2027-06-09 14:00:00
9545,실내활동,,2027-06-09 14:00:00,2027-06-09 16:00:00
9546,실내활동,,2027-06-09 16:00:00,2027-06-09 17:00:00
9547,기타,,2027-06-09 17:00:00,2027-06-09 18:00:00
9548,저녁식사,,2027-06-09 18:00:00,2027-06-09 20:00:00
9549,운동,,2027-06-09 20:00:00,2027-06-09 22:00:00
9550,운동,,2027-06-09 22:00:00,2027-06-09 23:00:00
9551,운동,,2027-06-09 23:00:00,2027-06-10 00:00:00
9552,공부,,2027-06-09 22:00:00,2027-06-09 23:00:00
9553,공원,,2027-06-09 22:00:00,2027-06-09 23:00:00
9554,아침식사,,2027-06-10 08:00:00,2027-06-10 10:00:00
9555,운동,,2027-06-10 10:00:00,2027-06-10 12:00:00
9556,점심식사,,2027-06-10 12:00:00,2027-06-10 14:00:00
9557,운동,,2027-06-10 14:00:00,2027-06-10 15:00:00
9558,실내활동,,2027-06-10 15:00:00,2027-06-10 16:00:00
9559,기타,,2027-06-10 16:00:00,2027-06-10 18:00:00
9560,저녁식사,,2027-06-10 18:00:00,2027-06-10 20:00:00
9561,실내활동,,2027-06-10 20:00:00,2027-06-10 21:00:00
9562,운동,,2027-06-10 21:00:00,2027-06-10 22:00:00
9563,운동,,2027-06-10 22:00:00,2027-06-10 23:00:00
9564,기타,,2027-06-10 23:00:00,2027-06-11 00:00:00
9565,아침식사,,2027-06-11 08:00:00,2027-06-11 10:00:00
9566,공원,,2027-06-11 10:00:00,2027-06-11 12:00:00
9567,점심식사,,2027-06-11 12:00:00,2027-06-11 14:00:00
9568,공원,,2027-06-11 14:00:00,2027-06-11 16:00:00
9569,실내활동,,2027-06-11 16:00:00,2027-06-11 18:00:00
9570,저녁식사,,2027-06-11 18:00:00,2027-06-11 20:00:00
9571,공원,,2027-06-11 20:00:00,2027-06-11 21:00:00
9572,실내활동,,2027-06-11 21:00:00,2027-06-11 23:00:00
9573,기타,,2027-06-11 23:00:00,2027-06-12 00:00:00
9574,운동,,2027-06-11 22:00:00,2027-06-11 23:00:00
9575,관람,,2027-06-11 22:00:00,2027-06-11 23:00:00
9576,아침식사,,2027-06-12 08:00:00,2027-06-12 10:00:00
9577,스포츠,,2027-06-12 10:00:00,2027-06-12 11:00:00
9578,운동,,2027-06-12 11:00:00,2027-06-12 13:00:00
9579,기타,,2027-06-12 13:00:00,2027-06-12 14:00:00
9580,운동,,2027-06-12 14:00:00,2027-06-12 15:00:00
9581,기타,,2027-06-12 15:00:00,2027-06-12 16:00:00
9582,운동,,2027-06-12 16:00:00,2027-06-12 17:00:00
9583,스포츠,,2027-06-12 17:00:00,2027-06-12 18:00:00
9584,저녁식사,,2027-06-12 18:00:00,2027-06-12 20:00:00
9585,운동,,2027-06-12 20:00:00,2027-06-12 22:00:00
9586,스포츠,,2027-06-12 22:00:00,2027-06-12 23:00:00
9587,운동,,2027-06-12 23:00:00,2027-06-13 00:00:00
9588,아침식사,,2027-06-13 08:00:00,2027-06-13 10:00:00
9589,관람,,2027-06-13 10:00:00,2027-06-13 11:00:00
9590,기타,,2027-06-13 11:00:00,2027-06-13 13:00:00
9591,실내활동,,2027-06-13 13:00:00,2027-06-13 15:00:00
9592,기타,,2027-06-13 15:00:00,2027-06-13 17:00:00
9593,공부,,2027-06-13 17:00:00,2027-06-13 18:00:00
9594,저녁식사,,2027-06-13 18:00:00,2027-06-13 20:00:00
9595,실내활동,,2027-06-13 20:00:00,2027-06-13 22:00:00
9596,관람,,2027-06-13 22:00:00,2027-06-14 00:00:00
9597,운동,,2027-06-13 22:00:00,2027-06-13 23:00:00
9598,아침식사,,2027-06-14 08:00:00,2027-06-14 10:00:00
9599,공원,,2027-06-14 10:00:00,2027-06-14 12:00:00
9600,점심식사,,2027-06-14 12:00:00,2027-06-14 14:00:00
9601,기타,,2027-06-14 14:00:00,2027-06-14 16:00:00
9602,기타,,2027-06-14 16:00:00,2027-06-14 18:00:00
9603,저녁식사,,2027-06-14 18:00:00,2027-06-14 20:00:00
9604,기타,,2027-06-14 20:00:00,2027-06-14 21:00:00
9605,공원,,2027-06-14 21:00:00,2027-06-14 23:00:00
9606,공원,,2027-06-14 23:00:00,2027-06-15 00:00:00
9607,운동,,2027-06-14 22:00:00,2027-06-14 23:00:00
9608,관람,,2027-06-14 22:00:00,2027-06-14 23:00:00
9609,아침식사,,2027-06-15 08:00:00,2027-06-15 10:00:00
9610,운동,,2027-06-15 10:00:00,2027-06-15 12:00:00
9611,점심식사,,2027-06-15 12:00:00,2027-06-15 14:00:00
9612,운동,,2027-06-15 14:00:00,2027-06-15 15:00:00
9613,공부,,2027-06-15 15:00:00,2027-06-15 17:00:00
9614,공부,,2027-06-15 17:00:00,2027-06-15 19:00:00
9615,운동,,2027-06-15 19:00:00,2027-06-15 21:00:00
9616,공부,,2027-06-15 21:00:00,2027-06-15 22:00:00
9617,공부,,2027-06-15 22:00:00,2027-06-16 00:00:00
9618,기타,,2027-06-15 22:00:00,2027-06-15 23:00:00
9619,아침식사,,2027-06-16 08:00:00,2027-06-16 10:00:00
9620,공원,,2027-06-16 10:00:00,2027-06-16 11:00:00
9621,운동,,2027-06-16 11:00:00,2027-06-16 12:00:00
9622,점심식사,,2027-06-16 12:00:00,2027-06-16 14:00:00
9623,기타,,2027-06-16 14:00:00,2027-06-16 15:00:00
9624,공원,,2027-06-16 15:00:00,2027-06-16 16:00:00
9625,운동,,2027-06-16 16:00:00,2027-06-16 17:00:00
9626,운동,,2027-06-16 17:00:00,2027-06-16 19:00:00
9627,실내활동,,2027-06-16 19:00:00,2027-06-16 21:00:00
9628,공원,,2027-06-16 21:00:00,2027-06-16 23:00:00
9629,공원,,2027-06-16 23:00:00,2027-06-17 00:00:00
9630,공부,,2027-06-16 22:00:00,2027-06-16 23:00:00
9631,아침식사,,2027-06-17 08:00:00,2027-06-17 10:00:00
9632,실내활동,,2027-06-17 10:00:00,2027-06-17 11:00:00
9633,실내활동,,2027-06-17 11:00:00,2027-06-17 12:00:00
9634,점심식사,,2027-06-17 12:00:00,2027-06-17 14:00:00
9635,운동,,2027-06-17 14:00:00,2027-06-17 16:00:00
9636,실내활동,,2027-06-17 16:00:00,2027-06-17 18:00:00
9637,저녁식사,,2027-06-17 18:00:00,2027-06-17 20:00:00
9638,기타,,2027-06-17 20:00:00,2027-06-17 21:00:00
9639,운동,,2027-06-17 21:00:00,2027-06-17 23:00:00
9640,실내활동,,2027-06-17 23:00:00,2027-06-18 00:00:00
9641,아침식사,,2027-06-18 08:00:00,2027-06-18 10:00:00
9642,운동,,2027-06-18 10:00:00,2027-06-18 12:00:00
9643,점심식사,,2027-06-18 12:00:00,2027-06-18 14:00:00
9644,관람,,2027-06-18 14:00:00,2027-06-18 16:00:00
9645,실내활동,,2027-06-18 16:00:00,2027-06-18 17:00:00
9646,관람,,2027-06-18 17:00:00,2027-06-18 19:00:00
9647,기타,,2027-06-18 19:00:00,2027-06-18 20:00:00
9648,관람,,2027-06-18 20:00:00,2027-06-18 22:00:00
9649,공원,,2027-06-18 22:00:00,2027-06-18 23:00:00
9650,운동,,2027-06-18 23:00:00,2027-06-19 00:00:00
9651,아침식사,,2027-06-19 08:00:00,2027-06-19 10:00:00
9652,기타,,2027-06-19 10:00:00,2027-06-19 12:00:00
9653,점심식사,,2027-06-19 12:00:00,2027-06-19 14:00:00
9654,운동,,2027-06-19 14:00:00,2027-06-19 16:00:00
9655,스포츠,,2027-06-19 16:00:00,2027-06-19 18:00:00
9656,저녁식사,,2027-06-19 18:00:00,2027-06-19 20:00:00
9657,운동,,2027-06-19 20:00:00,2027-06-19 22:00:00
9658,운동,,2027-06-19 22:00:00,2027-06-19 23:00:00
9659,기타,,2027-06-19 23:00:00,2027-06-20 00:00:00
9660,아침식사,,2027-06-20 08:00:00,2027-06-20 10:00:00
9661,실내활동,,2027-06-20 10:00:00,2027-06-20 11:00:00
9662,운동,,2027-06-20 11:00:00,2027-06-20 12:00:00
9663,점심식사,,2027-06-20 12:00:00,2027-06-20 14:00:00
9664,실내활동,,2027-06-20 14:00:00,2027-06-20 16:00:00
9665,운동,,2027-06-20 16:00:00,2027-06-20 17:00:00
9666,실내활동,,2027-06-20 17:00:00,2027-06-20 18:00:00
9667,저녁식사,,2027-06-20 18:00:00,2027-06-20 20:00:00
9668,기타,,2027-06-20 20:00:00,2027-06-20 22:00:00
9669,기타,,2027-06-20 22:00:00,2027-06-21 00:00:00
9670,공부,,2027-06-20 22:00:00,2027-06-20 23:00:00
9671,관람,,2027-06-20 22:00:00,2027-06-20 23:00:00
9672,아침식사,,2027-06-21 08:00:00,2027-06-21 10:00:00
9673,공원,,2027-06-21 10:00:00,2027-06-21 12:00:00
9674,점심식사,,2027-06-21 12:00:00,2027-06-21 14:00:00
9675,운동,,2027-06-21 14:00:00,2027-06-21 15:00:00
9676,운동,,2027-06-21 15:00:00,2027-06-21 16:00:00
9677,관람,,2027-06-21 16:00:00,2027-06-21 18:00:00
9678,저녁식사,,2027-06-21 18:00:00,2027-06-21 20:00:00
9679,운동,,2027-06-21 20:00:00,2027-06-21 21:00:00
9680,운동,,2027-06-21 21:00:00,2027-06-21 23:00:00
9681,공원,,2027-06-21 23:00:00,2027-06-22 00:00:00
9682,기타,,2027-06-21 22:00:00,2027-06-21 23:00:00
9683,아침식사,,2027-06-22 08:00:00,2027-06-22 10:00:00
9684,운동,,2027-06-22 10:00:00,2027-06-22 12:00:00
9685,점심식사,,2027-06-22 12:00:00,2027-06-22 14:00:00
9686,운동,,2027-06-22 14:00:00,2027-06-22 16:00:00
9687,운동,,2027-06-22 16:00:00,2027-06-22 17:00:00
9688,운동,,2027-06-22 17:00:00,2027-06-22 18:00:00
9689,저녁식사,,2027-06-22 18:00:00,2027-06-22 20:00:00
9690,기타,,2027-06-22 20:00:00,2027-06-22 22:00:00
9691,기타,,2027-06-22 22:00:00,2027-06-22 23:00:00
9692,공부,,2027-06-22 23:00:00,2027-06-23 00:00:00
9693,아침식사,,2027-06-23 08:00:00,2027-06-23 10:00:00
9694,공원,,2027-06-23 10:00:00,2027-06-23 11:00:00
9695,실내활동,,2027-06-23 11:00:00,2027-06-23 13:00:00
9696,운동,,2027-06-23 13:00:00,2027-06-23 14:00:00
9697,실내활동,,2027-06-23 14:00:00,2027-06-23 16:00:00
9698,운동,,2027-06-23 16:00:00,2027-06-23 18:00:00
9699,저녁식사,,2027-06-23 18:00:00,2027-06-23 20:00:00
9700,운동,,2027-06-23 20:00:00,2027-06-23 22:00:00
9701,기타,,2027-06-23 22:00:00,2027-06-23 23:00:00
9702,공원,,2027-06-23 23:00:00,2027-06-24 00:00:00
9703,공부,,2027-06-23 22:00:00,2027-06-23 23:00:00
9704,아침식사,,2027-06-24 08:00:00,2027-06-24 10:00:00
9705,기타,,2027-06-24 10:00:00,2027-06-24 12:00:00
9706,점심식사,,2027-06-24 12:00:00,2027-06-24 14:00:00
9707,실내활동,,2027-06-24 14:00:00,2027-06-24 15:00:00
9708,기타,,2027-06-24 15:00:00,2027-06-24 17:00:00
9709,실내활동,,2027-06-24 17:00:00,2027-06-24 18:00:00
9710,저녁식사,,2027-06-24 18:00:00,2027-06-24 20:00:00
9711,기타,,2027-06-24 20:00:00,2027-06-24 22:00:00
9712,실내활동,,2027-06-24 22:00:00,2027-06-25 00:00:00
9713,운동,,2027-06-24 22:00:00,2027-06-24 23:00:00
9714,아침식사,,2027-06-25 08:00:00,2027-06-25 10:00:00
9715,관람,,2027-06-25 10:00:00,2027-06-25 11:00:00
9716,운동,,2027-06-25 11:00:00,2027-06-25 13:00:00
9717,기타,,2027-06-25 13:00:00,2027-06-25 14:00:00
9718,기타,,2027-06-25 14:00:00,2027-06-25 16:00:00
9719,운동,,2027-06-25 16:00:00,2027-06-25 17:00:00
9720,운동,,2027-06-25 17:00:00,2027-06-25 19:00:00
9721,관람,,2027-06-25 19:00:00,2027-06-25 21:00:00
9722,운동,,2027-06-25 21:00:00,2027-06-25 23:00:00
9723,운동,,2027-06-25 23:00:00,2027-06-26 00:00:00
9724,실내활동,,2027-06-25 22:00:00,2027-06-25 23:00:00
9725,공원,,2027-06-25 22:00:00,2027-06-25 23:00:00
9726,아침식사,,2027-06-26 08:00:00,2027-06-26 10:00:00
9727,기타,,2027-06-26 10:00:00,2027-06-26 11:00:00
9728,스포츠,,2027-06-26 11:00:00,2027-06-26 12:00:00
9729,점심식사,,2027-06-26 12:00:00,2027-06-26 14:00:00
9730,기타,,2027-06-26 14:00:00,2027-06-26 15:00:00
9731,스포츠,,2027-06-26 15:00:00,2027-06-26 16:00:00
9732,운동,,2027-06-26 16:00:00,2027-06-26 17:00:00
9733,운동,,2027-06-26 17:00:00,2027-06-26 18:00:00
9734,저녁식사,,2027-06-26 18:00:00,2027-06-26 20:00:00
9735,기타,,2027-06-26 20:00:00,2027-06-26 21:00:00
9736,운동,,2027-06-26 21:00:00,2027-06-26 22:00:00
9737,기타,,2027-06-26 22:00:00,2027-06-27 00:00:00
9738,아침식사,,2027-06-27 08:00:00,2027-06-27 10:00:00
9739,운동,,2027-06-27 10:00:00,2027-06-27 11:00:00
9740,기타,,2027-06-27 11:00:00,2027-06-27 12:00:00
9741,점심식사,,2027-06-27 12:00:00,2027-06-27 14:00:00
9742,기타,,2027-06-27 14:00:00,2027-06-27 15:00:00
9743,실내활동,,2027-06-27 15:00:00,2027-06-27 16:00:00
9744,실내활동,,2027-06-27 16:00:00,2027-06-27 17:00:00
9745,기타,,2027-06-27 17:00:00,2027-06-27 18:00:00
9746,저녁식사,,2027-06-27 18:00:00,2027-06-27 20:00:00
9747,기타,,2027-06-27 20:00:00,2027-06-27 22:00:00
9748,운동,,2027-06-27 22:00:00,2027-06-27 23:00:00
9749,관람,,2027-06-27 23:00:00,2027-06-28 00:00:00
9750,공부,,2027-06-27 22:00:00,2027-06-27 23:00:00
9751,아침식사,,2027-06-28 08:00:00,2027-06-28 10:00:00
9752,공원,,2027-06-28 10:00:00,2027-06-28 12:00:00
9753,점심식사,,2027-06-28 12:00:00,2027-06-28 14:00:00
9754,관람,,2027-06-28 14:00:00,2027-06-28 15:00:00
9755,공원,,2027-06-28 15:00:00,2027-06-28 16:00:00
9756,운동,,2027-06-28 16:00:00,2027-06-28 17:00:00
9757,기타,,2027-06-28 17:00:00,2027-06-28 18:00:00
9758,저녁식사,,2027-06-28 18:00:00,2027-06-28 20:00:00
9759,기타,,2027-06-28 20:00:00,2027-06-28 21:00:00
9760,공원,,2027-06-28 21:00:00,2027-06-28 23:00:00
9761,기타,,2027-06-28 23:00:00,2027-06-29 00:00:00
9762,아침식사,,2027-06-29 08:00:00,2027-06-29 10:00:00
9763,기타,,2027-06-29 10:00:00,2027-06-29 11:00:00
9764,공부,,2027-06-29 11:00:00,2027-06-29 12:00:00
9765,점심식사,,2027-06-29 12:00:00,2027-06-29 14:00:00
9766,운동,,2027-06-29 14:00:00,2027-06-29 16:00:00
9767,기타,,2027-06-29 16:00:00,2027-06-29 18:00:00
9768,저녁식사,,2027-06-29 18:00:00,2027-06-29 20:00:00
9769,운동,,2027-06-29 20:00:00,2027-06-29 22:00:00
9770,기타,,2027-06-29 22:00:00,2027-06-29 23:00:00
9771,기타,,2027-06-29 23:00:00,2027-06-30 00:00:00
9772,아침식사,,2027-06-30 08:00:00,2027-06-30 10:00:00
9773,실내활동,,2027-06-30 10:00:00,2027-06-30 11:00:00
9774,공원,,2027-06-30 11:00:00,2027-06-30 13:00:00
9775,운동,,2027-06-30 13:00:00,2027-06-30 14:00:00
9776,실내활동,,2027-06-30 14:00:00,2027-06-30 15:00:00
9777,공원,,2027-06-30 15:00:00,2027-06-30 16:00:00
9778,기타,,2027-06-30 16:00:00,2027-06-30 18:00:00
9779,저녁식사,,2027-06-30 18:00:00,2027-06-30 20:00:00
9780,실내활동,,2027-06-30 20:00:00,2027-06-30 21:00:00
9781,운동,,2027-06-30 21:00:00,2027-06-30 23:00:00
9782,운동,,2027-06-30 23:00:00,2027-07-01 00:00:00
9783,공부,,2027-06-30 22:00:00,2027-06-30 23:00:00
9784,아침식사,,2027-07-01 08:00:00,2027-07-01 10:00:00
9785,기타,,2027-07-01 10:00:00,2027-07-01 12:00:00
9786,점심식사,,2027-07-01 12:00:00,2027-07-01 14:00:00
9787,기타,,2027-07-01 14:00:00,2027-07-01 16:00:00
9788,운동,,2027-07-01 16:00:00,2027-07-01 18:00:00
9789,저녁식사,,2027-07-01 18:00:00,2027-07-01 20:00:00
9790,기타,,2027-07-01 20:00:00,2027-07-01 22:00:00
9791,운동,,2027-07-01 22:00:00,2027-07-02 00:00:00
9792,실내활동,,2027-07-01 22:00:00,2027-07-01 23:00:00
9793,아침식사,,2027-07-02 08:00:00,2027-07-02 10:00:00
9794,공원,,2027-07-02 10:00:00,2027-07-02 11:00:00
9795,실내활동,,2027-07-02 11:00:00,2027-07-02 12:00:00
9796,점심식사,,2027-07-02 12:00:00,2027-07-02 14:00:00
9797,운동,,2027-07-02 14:00:00,2027-07-02 16:00:00
9798,관람,,2027-07-02 16:00:00,2027-07-02 18:00:00
9799,저녁식사,,2027-07-02 18:00:00,2027-07-02 20:00:00
9800,실내활동,,2027-07-02 20:00:00,2027-07-02 22:00:00
9801,운동,,2027-07-02 22:00:00,2027-07-03 00:00:00
9802,기타,,2027-07-02 22:00:00,2027-07-02 23:00:00
9803,아침식사,,2027-07-03 08:00:00,2027-07-03 10:00:00
9804,운동,,2027-07-03 10:00:00,2027-07-03 12:00:00
9805,점심식사,,2027-07-03 12:00:00,2027-07-03 14:00:00
9806,기타,,2027-07-03 14:00:00,2027-07-03 15:00:00
9807,스포츠,,2027-07-03 15:00:00,2027-07-03 17:00:00
9808,기타,,2027-07-03 17:00:00,2027-07-03 18:00:00
9809,저녁식사,,2027-07-03 18:00:00,2027-07-03 20:00:00
9810,스포츠,,2027-07-03 20:00:00,2027-07-03 22:00:00
9811,스포츠,,2027-07-03 22:00:00,2027-07-04 00:00:00
9812,아침식사,,2027-07-04 08:00:00,2027-07-04 10:00:00
9813,실내활동,,2027-07-04 10:00:00,2027-07-04 11:00:00
9814,공부,,2027-07-04 11:00:00,2027-07-04 12:00:00
9815,점심식사,,2027-07-04 12:00:00,2027-07-04 14:00:00
9816,기타,,2027-07-04 14:00:00,2027-07-04 15:00:00
9817,공부,,2027-07-04 15:00:00,2027-07-04 17:00:00
9818,관람,,2027-07-04 17:00:00,2027-07-04 18:00:00
9819,저녁식사,,2027-07-04 18:00:00,2027-07-04 20:00:00
9820,공부,,2027-07-04 20:00:00,2027-07-04 22:00:00
9821,관람,,2027-07-04 22:00:00,2027-07-04 23:00:00
9822,기타,,2027-07-04 23:00:00,2027-07-05 00:00:00
9823,운동,,2027-07-04 22:00:00,2027-07-04 23:00:00
9824,아침식사,,2027-07-05 08:00:00,2027-07-05 10:00:00
9825,관람,,2027-07-05 10:00:00,2027-07-05 11:00:00
9826,기타,,2027-07-05 11:00:00,2027-07-05 13:00:00
9827,공원,,2027-07-05 13:00:00,2027-07-05 15:00:00
9828,관람,,2027-07-05 15:00:00,2027-07-05 17:00:00
9829,기타,,2027-07-05 17:00:00,2027-07-05 19:00:00
9830,관람,,2027-07-05 19:00:00,2027-07-05 20:00:00
9831,공원,,2027-07-05 20:00:00,2027-07-05 21:00:00
9832,관람,,2027-07-05 21:00:00,2027-07-05 22:00:00
9833,공원,,2027-07-05 22:00:00,2027-07-05 23:00:00
9834,공원,,2027-07-05 23:00:00,2027-07-06 00:00:00
9835,운동,,2027-07-05 22:00:00,2027-07-05 23:00:00
9836,아침식사,,2027-07-06 08:00:00,2027-07-06 10:00:00
9837,운동,,2027-07-06 10:00:00,2027-07-06 11:00:00
9838,공부,,2027-07-06 11:00:00,2027-07-06 12:00:00
9839,점심식사,,2027-07-06 12:00:00,2027-07-06 14:00:00
9840,운동,,2027-07-06 14:00:00,2027-07-06 16:00:00
9841,공부,,2027-07-06 16:00:00,2027-07-06 17:00:00
9842,기타,,2027-07-06 17:00:00,2027-07-06 19:00:00
9843,공부,,2027-07-06 19:00:00,2027-07-06 21:00:00
9844,공부,,2027-07-06 21:00:00,2027-07-06 23:00:00
9845,공부,,2027-07-06 23:00:00,2027-07-07 00:00:00
9846,아침식사,,2027-07-07 08:00:00,2027-07-07 10:00:00
9847,운동,,2027-07-07 10:00:00,2027-07-07 12:00:00
9848,점심식사,,2027-07-07 12:00:00,2027-07-07 14:00:00
9849,기타,,2027-07-07 14:00:00,2027-07-07 16:00:00
9850,공부,,2027-07-07 16:00:00,2027-07-07 17:00:00
9851,공부,,2027-07-07 17:00:00,2027-07-07 19:00:00
9852,운동,,2027-07-07 19:00:00,2027-07-07 21:00:00
9853,공원,,2027-07-07 21:00:00,2027-07-07 23:00:00
9854,기타,,2027-07-07 23:00:00,2027-07-08 00:00:00
9855,실내활동,,2027-07-07 22:00:00,2027-07-07 23:00:00
9856,아침식사,,2027-07-08 08:00:00,2027-07-08 10:00:00
9857,운동,,2027-07-08 10:00:00,2027-07-08 11:00:00
9858,기타,,2027-07-08 11:00:00,2027-07-08 13:00:00
9859,기타,,2027-07-08 13:00:00,2027-07-08 14:00:00
9860,기타,,2027-07-08 14:00:00,2027-07-08 16:00:00
9861,운동,,2027-07-08 16:00:00,2027-07-08 18:00:00
9862,저녁식사,,2027-07-08 18:00:00,2027-07-08 20:00:00
9863,실내활동,,2027-07-08 20:00:00,2027-07-08 22:00:00
9864,운동,,2027-07-08 22:00:00,2027-07-09 00:00:00
9865,아침식사,,2027-07-09 08:00:00,2027-07-09 10:00:00
9866,실내활동,,2027-07-09 10:00:00,2027-07-09 12:00:00
9867,점심식사,,2027-07-09 12:00:00,2027-07-09 14:00:00
9868,관람,,2027-07-09 14:00:00,2027-07-09 16:00:00
9869,공원,,2027-07-09 16:00:00,2027-07-09 18:00:00
9870,저녁식사,,2027-07-09 18:00:00,2027-07-09 20:00:00
9871,공원,,2027-07-09 20:00:00,2027-07-09 22:00:00
9872,운동,,2027-07-09 22:00:00,2027-07-10 00:00:00
9873,기타,,2027-07-09 22:00:00,2027-07-09 23:00:00
9874,아침식사,,2027-07-10 08:00:00,2027-07-10 10:00:00
9875,기타,,2027-07-10 10:00:00,2027-07-10 12:00:00
9876,점심식사,,2027-07-10 12:00:00,2027-07-10 14:00:00
9877,운동,,2027-07-10 14:00:00,2027-07-10 15:00:00
9878,스포츠,,2027-07-10 15:00:00,2027-07-10 17:00:00
9879,운동,,2027-07-10 17:00:00,2027-07-10 19:00:00
9880,스포츠,,2027-07-10 19:00:00,2027-07-10 21:00:00
9881,스포츠,,2027-07-10 21:00:00,2027-07-10 22:00:00
9882,기타,,2027-07-10 22:00:00,2027-07-10 23:00:00
9883,운동,,2027-07-10 23:00:00,2027-07-11 00:00:00
9884,아침식사,,2027-07-11 08:00:00,2027-07-11 10:00:00
9885,운동,,2027-07-11 10:00:00,2027-07-11 11:00:00
9886,기타,,2027-07-11 11:00:00,2027-07-11 13:00:00
9887,관람,,2027-07-11 13:00:00,2027-07-11 15:00:00
9888,운동,,2027-07-11 15:00:00,2027-07-11 17:00:00
9889,실내활동,,2027-07-11 17:00:00,2027-07-11 18:00:00
9890,저녁식사,,2027-07-11 18:00:00,2027-07-11 20:00:00
9891,운동,,2027-07-11 20:00:00,2027-07-11 21:00:00
9892,관람,,2027-07-11 21:00:00,2027-07-11 23:00:00
9893,기타,,2027-07-11 23:00:00,2027-07-12 00:00:00
9894,공부,,2027-07-11 22:00:00,2027-07-11 23:00:00
9895,아침식사,,2027-07-12 08:00:00,2027-07-12 10:00:00
9896,공원,,2027-07-12 10:00:00,2027-07-12 11:00:00
9897,관람,,2027-07-12 11:00:00,2027-07-12 13:00:00
9898,기타,,2027-07-12 13:00:00,2027-07-12 15:00:00
9899,관람,,2027-07-12 15:00:00,2027-07-12 16:00:00
9900,기타,,2027-07-12 16:00:00,2027-07-12 17:00:00
9901,운동,,2027-07-12 17:00:00,2027-07-12 19:00:00
9902,기타,,2027-07-12 19:00:00,2027-07-12 21:00:00
9903,공원,,2027-07-12 21:00:00,2027-07-12 23:00:00
9904,관람,,2027-07-12 23:00:00,2027-07-13 00:00:00
9905,아침식사,,2027-07-13 08:00:00,2027-07-13 10:00:00
9906,공부,,2027-07-13 10:00:00,2027-07-13 11:00:00
9907,기타,,2027-07-13 11:00:00,2027-07-13 13:00:00
9908,공부,,2027-07-13 13:00:00,2027-07-13 15:00:00
9909,운동,,2027-07-13 15:00:00,2027-07-13 16:00:00
9910,기타,,2027-07-13 16:00:00,2027-07-13 17:00:00
9911,기타,,2027-07-13 17:00:00,2027-07-13 19:00:00
9912,기타,,2027-07-13 19:00:00,2027-07-13 20:00:00
9913,기타,,2027-07-13 20:00:00,2027-07-13 21:00:00
9914,기타,,2027-07-13 21:00:00,2027-07-13 22:00:00
9915,운동,,2027-07-13 22:00:00,2027-07-14 00:00:00
9916,아침식사,,2027-07-14 08:00:00,2027-07-14 10:00:00
9917,공부,,2027-07-14 10:00:00,2027-07-14 11:00:00
9918,기타,,2027-07-14 11:00:00,2027-07-14 13:00:00
9919,실내활동,,2027-07-14 13:00:00,2027-07-14 15:00:00
9920,실내활동,,2027-07-14 15:00:00,2027-07-14 16:00:00
9921,실내활동,,2027-07-14 16:00:00,2027-07-14 18:00:00
9922,저녁식사,,2027-07-14 18:00:00,2027-07-14 20:00:00
9923,실내활동,,2027-07-14 20:00:00,2027-07-14 22:00:00
9924,공원,,2027-07-14 22:00:00,2027-07-14 23:00:00
9925,운동,,2027-07-14 23:00:00,2027-07-15 00:00:00
9926,아침식사,,2027-07-15 08:00:00,2027-07-15 10:00:00
9927,실내활동,,2027-07-15 10:00:00,2027-07-15 12:00:00
9928,점심식사,,2027-07-15 12:00:00,2027-07-15 14:00:00
9929,기타,,2027-07-15 14:00:00,2027-07-15 16:00:00
9930,운동,,2027-07-15 16:00:00,2027-07-15 17:00:00
9931,운동,,2027-07-15 17:00:00,2027-07-15 19:00:00
9932,실내활동,,2027-07-15 19:00:00,2027-07-15 20:00:00
9933,운동,,2027-07-15 20:00:00,2027-07-15 22:00:00
9934,기타,,2027-07-15 22:00:00,2027-07-16 00:00:00
9935,아침식사,,2027-07-16 08:00:00,2027-07-16 10:00:00
9936,공원,,2027-07-16 10:00:00,2027-07-16 11:00:00
9937,실내활동,,2027-07-16 11:00:00,2027-07-16 13:00:00
9938,기타,,2027-07-16 13:00:00,2027-07-16 15:00:00
9939,운동,,2027-07-16 15:00:00,2027-07-16 16:00:00
9940,관람,,2027-07-16 16:00:00,2027-07-16 18:00:00
9941,저녁식사,,2027-07-16 18:00:00,2027-07-16 20:00:00
9942,운동,,2027-07-16 20:00:00,2027-07-16 22:00:00
9943,실내활동,,2027-07-16 22:00:00,2027-07-17 00:00:00
9944,아침식사,,2027-07-17 08:00:00,2027-07-17 10:00:00
9945,기타,,2027-07-17 10:00:00,2027-07-17 11:00:00
9946,운동,,2027-07-17 11:00:00,2027-07-17 13:00:00
9947,스포츠,,2027-07-17 13:00:00,2027-07-17 14:00:00
9948,운동,,2027-07-17 14:00:00,2027-07-17 15:00:00
9949,운동,,2027-07-17 15:00:00,2027-07-17 17:00:00
9950,스포츠,,2027-07-17 17:00:00,2027-07-17 18:00:00
9951,저녁식사,,2027-07-17 18:00:00,2027-07-17 20:00:00
9952,스포츠,,2027-07-17 20:00:00,2027-07-17 21:00:00
9953,스포츠,,2027-07-17 21:00:00,2027-07-17 23:00:00
9954,스포츠,,2027-07-17 23:00:00,2027-07-18 00:00:00
9955,아침식사,,2027-07-18 08:00:00,2027-07-18 10:00:00
9956,실내활동,,2027-07-18 10:00:00,2027-07-18 12:00:00
9957,점심식사,,2027-07-18 12:00:00,2027-07-18 14:00:00
9958,실내활동,,2027-07-18 14:00:00,2027-07-18 16:00:00
9959,공부,,2027-07-18 16:00:00,2027-07-18 18:00:00
9960,저녁식사,,2027-07-18 18:00:00,2027-07-18 20:00:00
9961,기타,,2027-07-18 20:00:00,2027-07-18 21:00:00
9962,기타,,2027-07-18 21:00:00,2027-07-18 23:00:00
9963,실내활동,,2027-07-18 23:00:00,2027-07-19 00:00:00
9964,운동,,2027-07-18 22:00:00,2027-07-18 23:00:00
9965,관람,,2027-07-18 22:00:00,2027-07-18 23:00:00
9966,아침식사,,2027-07-19 08:00:00,2027-07-19 10:00:00
9967,운동,,2027-07-19 10:00:00,2027-07-19 11:00:00
9968,기타,,2027-07-19 11:00:00,2027-07-19 13:00:00
9969,운동,,2027-07-19 13:00:00,2027-07-19 15:00:00
9970,기타,,2027-07-19 15:00:00,2027-07-19 16:00:00
9971,기타,,2027-07-19 16:00:00,2027-07-19 17:00:00
9972,운동,,2027-07-19 17:00:00,2027-07-19 18:00:00
9973,저녁식사,,2027-07-19 18:00:00,2027-07-19 20:00:00
9974,관람,,2027-07-19 20:00:00,2027-07-19 22:00:00
9975,기타,,2027-07-19 22:00:00,2027-07-20 00:00:00
9976,공원,,2027-07-19 22:00:00,2027-07-19 23:00:00
9977,아침식사,,2027-07-20 08:00:00,2027-07-20 10:00:00
9978,운동,,2027-07-20 10:00:00,2027-07-20 12:00:00
9979,점심식사,,2027-07-20 12:00:00,2027-07-20 14:00:00
9980,공부,,2027-07-20 14:00:00,2027-07-20 16:00:00
9981,공부,,2027-07-20 16:00:00,2027-07-20 17:00:00
9982,운동,,2027-07-20 17:00:00,2027-07-20 19:00:00
9983,공부,,2027-07-20 19:00:00,2027-07-20 20:00:00
9984,공부,,2027-07-20 20:00:00,2027-07-20 21:00:00
9985,운동,,2027-07-20 21:00:00,2027-07-20 23:00:00
9986,기타,,2027-07-20 23:00:00,2027-07-21 00:00:00
9987,아침식사,,2027-07-21 08:00:00,2027-07-21 10:00:00
9988,공원,,2027-07-21 10:00:00,2027-07-21 11:00:00
9989,공부,,2027-07-21 11:00:00,2027-07-21 13:00:00
9990,실내활동,,2027-07-21 13:00:00,2027-07-21 14:00:00
9991,공원,,2027-07-21 14:00:00,2027-07-21 15:00:00
9992,운동,,2027-07-21 15:00:00,2027-07-21 16:00:00
9993,실내활동,,2027-07-21 16:00:00,2027-07-21 18:00:00
9994,저녁식사,,2027-07-21 18:00:00,2027-07-21 20:00:00
9995,운동,,2027-07-21 20:00:00,2027-07-21 21:00:00
9996,운동,,2027-07-21 21:00:00,2027-07-21 23:00:00
9997,실내활동,,2027-07-21 23:00:00,2027-07-22 00:00:00
9998,기타,,2027-07-21 22:00:00,2027-07-21 23:00:00
9999,아침식사,,2027-07-22 08:00:00,2027-07-22 10:00:00
10000,기타,,2027-07-22 10:00:00,2027-07-22 11:00:00
10001,실내활동,,2027-07-22 11:00:00,2027-07-22 12:00:00
10002,점심식사,,2027-07-22 12:00:00,2027-07-22 14:00:00
10003,운동,,2027-07-22 14:00:00,2027-07-22 16:00:00
10004,운동,,2027-07-22 16:00:00,2027-07-22 18:00:00
10005,저녁식사,,2027-07-22 18:00:00,2027-07-22 20:00:00
10006,실내활동,,2027-07-22 20:00:00,2027-07-22 22:00:00
10007,기타,,2027-07-22 22:00:00,2027-07-22 23:00:00
10008,실내활동,,2027-07-22 23:00:00,2027-07-23 00:00:00
