event_id,summary,description,start,end
1,식사,뚝섬 수변 카페,2024-12-22 08:00:00,2024-12-22 10:00:00
2,스포츠,광진구 요가 스튜디오,2024-12-22 10:00:00,2024-12-22 11:00:00
3,스포츠,세종대 실내 체육관,2024-12-22 11:00:00,2024-12-22 13:00:00
4,관람,서울숲 갤러리,2024-12-22 13:00:00,2024-12-22 14:00:00
5,운동,광진구 공원 체력단련장,2024-12-22 14:00:00,2024-12-22 16:00:00
6,관람,한강 뚝섬 예술극장,2024-12-22 16:00:00,2024-12-22 18:00:00
7,식사,광진구 한식당,2024-12-22 18:00:00,2024-12-22 20:00:00
8,관람,서울숲 갤러리,2024-12-22 20:00:00,2024-12-23 00:00:00
9,식사,광진구 한식당,2024-12-23 08:00:00,2024-12-23 10:00:00
10,운동,뚝섬 한강 수영장,2024-12-23 10:00:00,2024-12-23 11:00:00
11,스포츠,서울숲 스케이트장,2024-12-23 11:00:00,2024-12-23 12:00:00
12,식사,광장시장 맛집,2024-12-23 12:00:00,2024-12-23 14:00:00
13,운동,뚝섬 유원지 요가 센터,2024-12-23 14:00:00,2024-12-23 15:00:00
14,스포츠,뚝섬 런닝코스,2024-12-23 15:00:00,2024-12-23 17:00:00
15,운동,광진구 공원 체력단련장,2024-12-23 17:00:00,2024-12-23 18:00:00
16,식사,건대입구 전통시장,2024-12-23 18:00:00,2024-12-23 20:00:00
17,운동,건대 헬스장,2024-12-23 20:00:00,2024-12-23 22:00:00
18,운동,뚝섬 유원지 요가 센터,2024-12-23 22:00:00,2024-12-24 00:00:00
19,공부,광진구 기타 장소,2024-12-23 22:00:00,2024-12-23 23:00:00
20,식사,뚝섬 수변 카페,2024-12-24 08:00:00,2024-12-24 10:00:00
21,관람,서울숲 갤러리,2024-12-24 10:00:00,2024-12-24 11:00:00
22,스포츠,한강공원 축구장,2024-12-24 11:00:00,2024-12-24 14:00:00
23,스포츠,서울숲 테니스장,2024-12-24 14:00:00,2024-12-24 15:00:00
24,스포츠,건대 헬스장,2024-12-24 15:00:00,2024-12-24 16:00:00
25,스포츠,건대 헬스장,2024-12-24 16:00:00,2024-12-24 17:00:00
26,실내활동,광진구 기타 장소,2024-12-24 17:00:00,2024-12-24 19:00:00
27,관람,건대 커뮤니티 아트센터,2024-12-24 19:00:00,2024-12-24 23:00:00
28,스포츠,광진구 배드민턴장,2024-12-24 23:00:00,2024-12-25 00:00:00
29,식사,광진구 한식당,2024-12-25 08:00:00,2024-12-25 10:00:00
30,공원,광진구 기타 장소,2024-12-25 10:00:00,2024-12-25 14:00:00
31,공부,광진구 기타 장소,2024-12-25 14:00:00,2024-12-25 17:00:00
32,공부,광진구 기타 장소,2024-12-25 17:00:00,2024-12-25 20:00:00
33,실내활동,광진구 기타 장소,2024-12-25 20:00:00,2024-12-25 22:00:00
34,공부,광진구 기타 장소,2024-12-25 22:00:00,2024-12-25 23:00:00
35,공원,광진구 기타 장소,2024-12-25 23:00:00,2024-12-26 00:00:00
36,식사,건대입구 전통시장,2024-12-26 08:00:00,2024-12-26 10:00:00
37,운동,뚝섬 한강 수영장,2024-12-26 10:00:00,2024-12-26 12:00:00
38,식사,뚝섬 수변 카페,2024-12-26 12:00:00,2024-12-26 14:00:00
39,공원,광진구 기타 장소,2024-12-26 14:00:00,2024-12-26 15:00:00
40,스포츠,서울숲 테니스장,2024-12-26 15:00:00,2024-12-26 18:00:00
41,식사,광진구 한식당,2024-12-26 18:00:00,2024-12-26 20:00:00
42,운동,한강 자전거 대여소,2024-12-26 20:00:00,2024-12-26 21:00:00
43,공원,광진구 기타 장소,2024-12-26 21:00:00,2024-12-27 00:00:00
44,식사,건대 버거 레스토랑,2024-12-27 08:00:00,2024-12-27 10:00:00
45,실내활동,광진구 기타 장소,2024-12-27 10:00:00,2024-12-27 11:00:00
46,관람,어린이대공원 공연장,2024-12-27 11:00:00,2024-12-27 14:00:00
47,공부,광진구 기타 장소,2024-12-27 14:00:00,2024-12-27 17:00:00
48,실내활동,광진구 기타 장소,2024-12-27 17:00:00,2024-12-27 21:00:00
49,실내활동,광진구 기타 장소,2024-12-27 21:00:00,2024-12-28 00:00:00
50,식사,한강 뚝섬 피크닉존 카페,2024-12-28 08:00:00,2024-12-28 10:00:00
51,운동,뚝섬 유원지 요가 센터,2024-12-28 10:00:00,2024-12-28 12:00:00
52,식사,건대입구 음식점,2024-12-28 12:00:00,2024-12-28 14:00:00
53,실내활동,광진구 기타 장소,2024-12-28 14:00:00,2024-12-28 15:00:00
54,실내활동,광진구 기타 장소,2024-12-28 15:00:00,2024-12-28 18:00:00
55,식사,광진구 한식당,2024-12-28 18:00:00,2024-12-28 20:00:00
56,실내활동,광진구 기타 장소,2024-12-28 20:00:00,2024-12-28 23:00:00
57,실내활동,광진구 기타 장소,2024-12-28 23:00:00,2024-12-29 00:00:00
58,공원,광진구 기타 장소,2024-12-28 22:00:00,2024-12-28 23:00:00
59,식사,뚝섬 수변 카페,2024-12-29 08:00:00,2024-12-29 10:00:00
60,운동,건대 스포츠 클럽,2024-12-29 10:00:00,2024-12-29 11:00:00
61,스포츠,광진구 배드민턴장,2024-12-29 11:00:00,2024-12-29 13:00:00
62,스포츠,광진구 배드민턴장,2024-12-29 13:00:00,2024-12-29 15:00:00
63,운동,건대 스포츠 클럽,2024-12-29 15:00:00,2024-12-29 19:00:00
64,관람,롯데시네마 건대입구,2024-12-29 19:00:00,2024-12-29 20:00:00
65,관람,한강 뚝섬 예술극장,2024-12-29 20:00:00,2024-12-30 00:00:00
66,식사,건대입구 음식점,2024-12-30 08:00:00,2024-12-30 10:00:00
67,스포츠,광진구 체육관,2024-12-30 10:00:00,2024-12-30 11:00:00
68,공부,광진구 기타 장소,2024-12-30 11:00:00,2024-12-30 15:00:00
69,공부,광진구 기타 장소,2024-12-30 15:00:00,2024-12-30 16:00:00
70,공부,광진구 기타 장소,2024-12-30 16:00:00,2024-12-30 20:00:00
71,스포츠,건대 헬스장,2024-12-30 20:00:00,2024-12-30 21:00:00
72,운동,광진구 공원 체력단련장,2024-12-30 21:00:00,2024-12-30 22:00:00
73,스포츠,세종대 실내 체육관,2024-12-30 22:00:00,2024-12-31 00:00:00
74,식사,어린이대공원 근처 레스토랑,2024-12-31 08:00:00,2024-12-31 10:00:00
75,스포츠,어린이대공원 운동장,2024-12-31 10:00:00,2024-12-31 13:00:00
76,스포츠,서울숲 테니스장,2024-12-31 13:00:00,2024-12-31 17:00:00
77,실내활동,광진구 기타 장소,2024-12-31 17:00:00,2024-12-31 18:00:00
78,식사,뚝섬 수변 카페,2024-12-31 18:00:00,2024-12-31 20:00:00
79,실내활동,광진구 기타 장소,2024-12-31 20:00:00,2024-12-31 22:00:00
80,관람,광진문화예술회관,2024-12-31 22:00:00,2024-12-31 23:00:00
81,실내활동,광진구 기타 장소,2024-12-31 23:00:00,2025-01-01 00:00:00
82,식사,광진구 한식당,2025-01-01 08:00:00,2025-01-01 10:00:00
83,공원,광진구 기타 장소,2025-01-01 10:00:00,2025-01-01 13:00:00
84,공원,광진구 기타 장소,2025-01-01 13:00:00,2025-01-01 16:00:00
85,실내활동,광진구 기타 장소,2025-01-01 16:00:00,2025-01-01 20:00:00
86,실내활동,광진구 기타 장소,2025-01-01 20:00:00,2025-01-01 21:00:00
87,실내활동,광진구 기타 장소,2025-01-01 21:00:00,2025-01-01 22:00:00
88,실내활동,광진구 기타 장소,2025-01-01 22:00:00,2025-01-02 00:00:00
89,공부,광진구 기타 장소,2025-01-01 22:00:00,2025-01-01 23:00:00
90,식사,건대 버거 레스토랑,2025-01-02 08:00:00,2025-01-02 10:00:00
91,공원,광진구 기타 장소,2025-01-02 10:00:00,2025-01-02 14:00:00
92,운동,한강 자전거 대여소,2025-01-02 14:00:00,2025-01-02 17:00:00
93,스포츠,광진구 배드민턴장,2025-01-02 17:00:00,2025-01-02 19:00:00
94,운동,광진구 공원 체력단련장,2025-01-02 19:00:00,2025-01-02 20:00:00
95,스포츠,광진구 체육관,2025-01-02 20:00:00,2025-01-02 22:00:00
96,스포츠,세종대 실내 체육관,2025-01-02 22:00:00,2025-01-03 00:00:00
97,식사,한강 뚝섬 피크닉존 카페,2025-01-03 08:00:00,2025-01-03 10:00:00
98,공부,광진구 기타 장소,2025-01-03 10:00:00,2025-01-03 12:00:00
99,식사,건대 버거 레스토랑,2025-01-03 12:00:00,2025-01-03 14:00:00
100,공부,광진구 기타 장소,2025-01-03 14:00:00,2025-01-03 18:00:00
101,식사,스타시티 푸드코트,2025-01-03 18:00:00,2025-01-03 20:00:00
102,관람,뚝섬 전망대,2025-01-03 20:00:00,2025-01-03 23:00:00
103,실내활동,광진구 기타 장소,2025-01-03 23:00:00,2025-01-04 00:00:00
104,식사,건대입구 전통시장,2025-01-04 08:00:00,2025-01-04 10:00:00
105,운동,광진구 등산 코스,2025-01-04 10:00:00,2025-01-04 12:00:00
106,식사,광진구 한식당,2025-01-04 12:00:00,2025-01-04 14:00:00
107,실내활동,광진구 기타 장소,2025-01-04 14:00:00,2025-01-04 18:00:00
108,식사,어린이대공원 근처 레스토랑,2025-01-04 18:00:00,2025-01-04 20:00:00
109,운동,한강 공원,2025-01-04 20:00:00,2025-01-04 22:00:00
110,공원,광진구 기타 장소,2025-01-04 22:00:00,2025-01-05 00:00:00
111,식사,광장시장 맛집,2025-01-05 08:00:00,2025-01-05 10:00:00
112,관람,건대 커뮤니티 아트센터,2025-01-05 10:00:00,2025-01-05 13:00:00
113,관람,광진구 시립극장,2025-01-05 13:00:00,2025-01-05 16:00:00
114,관람,서울숲 갤러리,2025-01-05 16:00:00,2025-01-05 20:00:00
115,관람,서울숲 갤러리,2025-01-05 20:00:00,2025-01-05 21:00:00
116,운동,광진구 등산 코스,2025-01-05 21:00:00,2025-01-05 22:00:00
117,관람,광진문화예술회관,2025-01-05 22:00:00,2025-01-06 00:00:00
118,스포츠,서울숲 테니스장,2025-01-05 22:00:00,2025-01-05 23:00:00
119,식사,건대입구 전통시장,2025-01-06 08:00:00,2025-01-06 10:00:00
120,공부,광진구 기타 장소,2025-01-06 10:00:00,2025-01-06 12:00:00
121,식사,건대입구 전통시장,2025-01-06 12:00:00,2025-01-06 14:00:00
122,스포츠,세종대 실내 체육관,2025-01-06 14:00:00,2025-01-06 15:00:00
123,스포츠,광진구 체육관,2025-01-06 15:00:00,2025-01-06 16:00:00
124,운동,한강 공원,2025-01-06 16:00:00,2025-01-06 18:00:00
125,식사,건대입구 음식점,2025-01-06 18:00:00,2025-01-06 20:00:00
126,운동,광진구 공원 체력단련장,2025-01-06 20:00:00,2025-01-06 22:00:00
127,스포츠,광진구 요가 스튜디오,2025-01-06 22:00:00,2025-01-06 23:00:00
128,운동,서울숲 조깅 트랙,2025-01-06 23:00:00,2025-01-07 00:00:00
129,식사,뚝섬 수변 카페,2025-01-07 08:00:00,2025-01-07 10:00:00
130,실내활동,광진구 기타 장소,2025-01-07 10:00:00,2025-01-07 12:00:00
131,식사,세종대 부근 맛집,2025-01-07 12:00:00,2025-01-07 14:00:00
132,관람,롯데시네마 건대입구,2025-01-07 14:00:00,2025-01-07 15:00:00
133,스포츠,서울숲 테니스장,2025-01-07 15:00:00,2025-01-07 18:00:00
134,식사,한강 뚝섬 피크닉존 카페,2025-01-07 18:00:00,2025-01-07 20:00:00
135,실내활동,광진구 기타 장소,2025-01-07 20:00:00,2025-01-07 23:00:00
136,스포츠,건대 헬스장,2025-01-07 23:00:00,2025-01-08 00:00:00
137,식사,광진구 한식당,2025-01-08 08:00:00,2025-01-08 10:00:00
138,공부,광진구 기타 장소,2025-01-08 10:00:00,2025-01-08 11:00:00
139,공원,광진구 기타 장소,2025-01-08 11:00:00,2025-01-08 12:00:00
140,식사,한강 뚝섬 피크닉존 카페,2025-01-08 12:00:00,2025-01-08 14:00:00
141,공원,광진구 기타 장소,2025-01-08 14:00:00,2025-01-08 16:00:00
142,실내활동,광진구 기타 장소,2025-01-08 16:00:00,2025-01-08 17:00:00
143,실내활동,광진구 기타 장소,2025-01-08 17:00:00,2025-01-08 19:00:00
144,공부,광진구 기타 장소,2025-01-08 19:00:00,2025-01-08 21:00:00
145,공부,광진구 기타 장소,2025-01-08 21:00:00,2025-01-08 23:00:00
146,공부,광진구 기타 장소,2025-01-08 23:00:00,2025-01-09 00:00:00
147,식사,건대입구 음식점,2025-01-09 08:00:00,2025-01-09 10:00:00
148,운동,건대 헬스장,2025-01-09 10:00:00,2025-01-09 12:00:00
149,식사,건대입구 음식점,2025-01-09 12:00:00,2025-01-09 14:00:00
150,운동,한강 공원,2025-01-09 14:00:00,2025-01-09 17:00:00
151,공원,광진구 기타 장소,2025-01-09 17:00:00,2025-01-09 19:00:00
152,공원,광진구 기타 장소,2025-01-09 19:00:00,2025-01-09 23:00:00
153,운동,건대 스포츠 클럽,2025-01-09 23:00:00,2025-01-10 00:00:00
154,스포츠,세종대 실내 체육관,2025-01-09 22:00:00,2025-01-09 23:00:00
155,식사,광장시장 맛집,2025-01-10 08:00:00,2025-01-10 10:00:00
156,관람,광진구 시립극장,2025-01-10 10:00:00,2025-01-10 11:00:00
157,공부,광진구 기타 장소,2025-01-10 11:00:00,2025-01-10 13:00:00
158,공부,광진구 기타 장소,2025-01-10 13:00:00,2025-01-10 16:00:00
159,공부,광진구 기타 장소,2025-01-10 16:00:00,2025-01-10 18:00:00
160,식사,건대입구 전통시장,2025-01-10 18:00:00,2025-01-10 20:00:00
161,공부,광진구 기타 장소,2025-01-10 20:00:00,2025-01-10 21:00:00
162,실내활동,광진구 기타 장소,2025-01-10 21:00:00,2025-01-11 00:00:00
163,식사,건대입구 음식점,2025-01-11 08:00:00,2025-01-11 10:00:00
164,운동,광진구 등산 코스,2025-01-11 10:00:00,2025-01-11 13:00:00
165,공원,광진구 기타 장소,2025-01-11 13:00:00,2025-01-11 17:00:00
166,운동,서울숲 조깅 트랙,2025-01-11 17:00:00,2025-01-11 19:00:00
167,공원,광진구 기타 장소,2025-01-11 19:00:00,2025-01-11 22:00:00
168,운동,어린이대공원 실내 체육관,2025-01-11 22:00:00,2025-01-12 00:00:00
169,실내활동,광진구 기타 장소,2025-01-11 22:00:00,2025-01-11 23:00:00
170,식사,광장시장 맛집,2025-01-12 08:00:00,2025-01-12 10:00:00
171,관람,롯데시네마 건대입구,2025-01-12 10:00:00,2025-01-12 11:00:00
172,운동,건대 헬스장,2025-01-12 11:00:00,2025-01-12 15:00:00
173,운동,한강 공원,2025-01-12 15:00:00,2025-01-12 19:00:00
174,운동,뚝섬 유원지 요가 센터,2025-01-12 19:00:00,2025-01-12 22:00:00
175,스포츠,광진구 체육관,2025-01-12 22:00:00,2025-01-12 23:00:00
176,관람,건대 커뮤니티 아트센터,2025-01-12 23:00:00,2025-01-13 00:00:00
177,식사,건대 버거 레스토랑,2025-01-13 08:00:00,2025-01-13 10:00:00
178,운동,광진구 등산 코스,2025-01-13 10:00:00,2025-01-13 13:00:00
179,공부,광진구 기타 장소,2025-01-13 13:00:00,2025-01-13 17:00:00
180,공부,광진구 기타 장소,2025-01-13 17:00:00,2025-01-13 18:00:00
181,식사,건대입구 음식점,2025-01-13 18:00:00,2025-01-13 20:00:00
182,스포츠,광진구 체육관,2025-01-13 20:00:00,2025-01-13 21:00:00
183,운동,건대 헬스장,2025-01-13 21:00:00,2025-01-14 00:00:00
184,식사,광장시장 맛집,2025-01-14 08:00:00,2025-01-14 10:00:00
185,관람,뚝섬 전망대,2025-01-14 10:00:00,2025-01-14 12:00:00
186,식사,광진구 한식당,2025-01-14 12:00:00,2025-01-14 14:00:00
187,관람,광진구 시립극장,2025-01-14 14:00:00,2025-01-14 16:00:00
188,관람,광진문화예술회관,2025-01-14 16:00:00,2025-01-14 20:00:00
189,스포츠,한강공원 축구장,2025-01-14 20:00:00,2025-01-14 21:00:00
190,실내활동,광진구 기타 장소,2025-01-14 21:00:00,2025-01-14 22:00:00
191,실내활동,광진구 기타 장소,2025-01-14 22:00:00,2025-01-14 23:00:00
192,관람,서울숲 갤러리,2025-01-14 23:00:00,2025-01-15 00:00:00
193,식사,광진구 한식당,2025-01-15 08:00:00,2025-01-15 10:00:00
194,공부,광진구 기타 장소,2025-01-15 10:00:00,2025-01-15 14:00:00
195,실내활동,광진구 기타 장소,2025-01-15 14:00:00,2025-01-15 18:00:00
196,식사,어린이대공원 근처 레스토랑,2025-01-15 18:00:00,2025-01-15 20:00:00
197,공원,광진구 기타 장소,2025-01-15 20:00:00,2025-01-15 22:00:00
198,공원,광진구 기타 장소,2025-01-15 22:00:00,2025-01-15 23:00:00
199,실내활동,광진구 기타 장소,2025-01-15 23:00:00,2025-01-16 00:00:00
200,식사,스타시티 푸드코트,2025-01-16 08:00:00,2025-01-16 10:00:00
201,공원,광진구 기타 장소,2025-01-16 10:00:00,2025-01-16 11:00:00
202,공원,광진구 기타 장소,2025-01-16 11:00:00,2025-01-16 14:00:00
203,공원,광진구 기타 장소,2025-01-16 14:00:00,2025-01-16 15:00:00
204,공원,광진구 기타 장소,2025-01-16 15:00:00,2025-01-16 19:00:00
205,운동,뚝섬 유원지 요가 센터,2025-01-16 19:00:00,2025-01-16 23:00:00
206,운동,뚝섬 유원지 요가 센터,2025-01-16 23:00:00,2025-01-17 00:00:00
207,스포츠,광진구 배드민턴장,2025-01-16 22:00:00,2025-01-16 23:00:00
208,식사,광장시장 맛집,2025-01-17 08:00:00,2025-01-17 10:00:00
209,공부,광진구 기타 장소,2025-01-17 10:00:00,2025-01-17 14:00:00
210,실내활동,광진구 기타 장소,2025-01-17 14:00:00,2025-01-17 18:00:00
211,식사,세종대 부근 맛집,2025-01-17 18:00:00,2025-01-17 20:00:00
212,공부,광진구 기타 장소,2025-01-17 20:00:00,2025-01-17 21:00:00
213,공부,광진구 기타 장소,2025-01-17 21:00:00,2025-01-17 23:00:00
214,실내활동,광진구 기타 장소,2025-01-17 23:00:00,2025-01-18 00:00:00
215,관람,서울숲 갤러리,2025-01-17 22:00:00,2025-01-17 23:00:00
216,식사,건대입구 전통시장,2025-01-18 08:00:00,2025-01-18 10:00:00
217,운동,한강 자전거 대여소,2025-01-18 10:00:00,2025-01-18 11:00:00
218,실내활동,광진구 기타 장소,2025-01-18 11:00:00,2025-01-18 13:00:00
219,운동,뚝섬 한강 수영장,2025-01-18 13:00:00,2025-01-18 17:00:00
220,공원,광진구 기타 장소,2025-01-18 17:00:00,2025-01-18 19:00:00
221,운동,뚝섬 유원지 요가 센터,2025-01-18 19:00:00,2025-01-18 20:00:00
222,실내활동,광진구 기타 장소,2025-01-18 20:00:00,2025-01-18 22:00:00
223,운동,뚝섬 유원지 요가 센터,2025-01-18 22:00:00,2025-01-19 00:00:00
224,식사,뚝섬 수변 카페,2025-01-19 08:00:00,2025-01-19 10:00:00
225,관람,광진구 시립극장,2025-01-19 10:00:00,2025-01-19 11:00:00
226,스포츠,광진구 체육관,2025-01-19 11:00:00,2025-01-19 13:00:00
227,관람,어린이대공원 공연장,2025-01-19 13:00:00,2025-01-19 17:00:00
228,운동,뚝섬 한강 수영장,2025-01-19 17:00:00,2025-01-19 20:00:00
229,스포츠,광진구 요가 스튜디오,2025-01-19 20:00:00,2025-01-19 23:00:00
230,스포츠,한강공원 축구장,2025-01-19 23:00:00,2025-01-20 00:00:00
231,식사,건대 버거 레스토랑,2025-01-20 08:00:00,2025-01-20 10:00:00
232,공부,광진구 기타 장소,2025-01-20 10:00:00,2025-01-20 14:00:00
233,스포츠,뚝섬 런닝코스,2025-01-20 14:00:00,2025-01-20 15:00:00
234,운동,광진구 공원 체력단련장,2025-01-20 15:00:00,2025-01-20 16:00:00
235,스포츠,서울숲 스케이트장,2025-01-20 16:00:00,2025-01-20 19:00:00
236,운동,건대 스포츠 클럽,2025-01-20 19:00:00,2025-01-20 21:00:00
237,공부,광진구 기타 장소,2025-01-20 21:00:00,2025-01-20 23:00:00
238,공부,광진구 기타 장소,2025-01-20 23:00:00,2025-01-21 00:00:00
239,식사,광진구 한식당,2025-01-21 08:00:00,2025-01-21 10:00:00
240,스포츠,광진구 요가 스튜디오,2025-01-21 10:00:00,2025-01-21 13:00:00
241,스포츠,한강공원 축구장,2025-01-21 13:00:00,2025-01-21 15:00:00
242,스포츠,서울숲 스케이트장,2025-01-21 15:00:00,2025-01-21 19:00:00
243,스포츠,서울숲 스케이트장,2025-01-21 19:00:00,2025-01-21 23:00:00
244,실내활동,광진구 기타 장소,2025-01-21 23:00:00,2025-01-22 00:00:00
245,관람,건국대학교 박물관,2025-01-21 22:00:00,2025-01-21 23:00:00
246,식사,건대입구 전통시장,2025-01-22 08:00:00,2025-01-22 10:00:00
247,공부,광진구 기타 장소,2025-01-22 10:00:00,2025-01-22 11:00:00
248,공원,광진구 기타 장소,2025-01-22 11:00:00,2025-01-22 15:00:00
249,공부,광진구 기타 장소,2025-01-22 15:00:00,2025-01-22 16:00:00
250,공원,광진구 기타 장소,2025-01-22 16:00:00,2025-01-22 17:00:00
251,공부,광진구 기타 장소,2025-01-22 17:00:00,2025-01-22 18:00:00
252,식사,건대입구 전통시장,2025-01-22 18:00:00,2025-01-22 20:00:00
253,공부,광진구 기타 장소,2025-01-22 20:00:00,2025-01-22 21:00:00
254,공부,광진구 기타 장소,2025-01-22 21:00:00,2025-01-23 00:00:00
255,실내활동,광진구 기타 장소,2025-01-22 22:00:00,2025-01-22 23:00:00
256,식사,어린이대공원 근처 레스토랑,2025-01-23 08:00:00,2025-01-23 10:00:00
257,운동,한강 공원,2025-01-23 10:00:00,2025-01-23 13:00:00
258,공원,광진구 기타 장소,2025-01-23 13:00:00,2025-01-23 14:00:00
259,운동,뚝섬 한강 수영장,2025-01-23 14:00:00,2025-01-23 16:00:00
260,공원,광진구 기타 장소,2025-01-23 16:00:00,2025-01-23 17:00:00
261,스포츠,광진구 요가 스튜디오,2025-01-23 17:00:00,2025-01-23 18:00:00
262,식사,어린이대공원 근처 레스토랑,2025-01-23 18:00:00,2025-01-23 20:00:00
263,스포츠,광진구 체육관,2025-01-23 20:00:00,2025-01-23 23:00:00
264,운동,뚝섬 한강 수영장,2025-01-23 23:00:00,2025-01-24 00:00:00
265,식사,광장시장 맛집,2025-01-24 08:00:00,2025-01-24 10:00:00
266,관람,광진구 시립극장,2025-01-24 10:00:00,2025-01-24 13:00:00
267,공부,광진구 기타 장소,2025-01-24 13:00:00,2025-01-24 17:00:00
268,공부,광진구 기타 장소,2025-01-24 17:00:00,2025-01-24 21:00:00
269,공부,광진구 기타 장소,2025-01-24 21:00:00,2025-01-25 00:00:00
270,실내활동,광진구 기타 장소,2025-01-24 22:00:00,2025-01-24 23:00:00
271,식사,건대 버거 레스토랑,2025-01-25 08:00:00,2025-01-25 10:00:00
272,실내활동,광진구 기타 장소,2025-01-25 10:00:00,2025-01-25 13:00:00
273,실내활동,광진구 기타 장소,2025-01-25 13:00:00,2025-01-25 17:00:00
274,운동,어린이대공원 실내 체육관,2025-01-25 17:00:00,2025-01-25 19:00:00
275,실내활동,광진구 기타 장소,2025-01-25 19:00:00,2025-01-25 21:00:00
276,공원,광진구 기타 장소,2025-01-25 21:00:00,2025-01-25 23:00:00
277,공원,광진구 기타 장소,2025-01-25 23:00:00,2025-01-26 00:00:00
278,식사,건대입구 음식점,2025-01-26 08:00:00,2025-01-26 10:00:00
279,운동,광진구 공원 체력단련장,2025-01-26 10:00:00,2025-01-26 12:00:00
280,식사,광진구 한식당,2025-01-26 12:00:00,2025-01-26 14:00:00
281,운동,건대 스포츠 클럽,2025-01-26 14:00:00,2025-01-26 18:00:00
282,식사,광진구 한식당,2025-01-26 18:00:00,2025-01-26 20:00:00
283,스포츠,광진구 체육관,2025-01-26 20:00:00,2025-01-26 22:00:00
284,스포츠,세종대 실내 체육관,2025-01-26 22:00:00,2025-01-26 23:00:00
285,운동,한강 공원,2025-01-26 23:00:00,2025-01-27 00:00:00
286,관람,광진문화예술회관,2025-01-26 22:00:00,2025-01-26 23:00:00
287,식사,스타시티 푸드코트,2025-01-27 08:00:00,2025-01-27 10:00:00
288,운동,한강 자전거 대여소,2025-01-27 10:00:00,2025-01-27 13:00:00
289,스포츠,광진구 체육관,2025-01-27 13:00:00,2025-01-27 17:00:00
290,공부,광진구 기타 장소,2025-01-27 17:00:00,2025-01-27 20:00:00
291,공부,광진구 기타 장소,2025-01-27 20:00:00,2025-01-27 22:00:00
292,운동,한강 자전거 대여소,2025-01-27 22:00:00,2025-01-27 23:00:00
293,공부,광진구 기타 장소,2025-01-27 23:00:00,2025-01-28 00:00:00
294,식사,건대입구 전통시장,2025-01-28 08:00:00,2025-01-28 10:00:00
295,실내활동,광진구 기타 장소,2025-01-28 10:00:00,2025-01-28 13:00:00
296,스포츠,서울숲 테니스장,2025-01-28 13:00:00,2025-01-28 15:00:00
297,관람,한강 뚝섬 예술극장,2025-01-28 15:00:00,2025-01-28 19:00:00
298,스포츠,한강공원 축구장,2025-01-28 19:00:00,2025-01-28 21:00:00
299,실내활동,광진구 기타 장소,2025-01-28 21:00:00,2025-01-28 23:00:00
300,스포츠,서울숲 스케이트장,2025-01-28 23:00:00,2025-01-29 00:00:00
301,식사,건대입구 음식점,2025-01-29 08:00:00,2025-01-29 10:00:00
302,공원,광진구 기타 장소,2025-01-29 10:00:00,2025-01-29 13:00:00
303,실내활동,광진구 기타 장소,2025-01-29 13:00:00,2025-01-29 15:00:00
304,공부,광진구 기타 장소,2025-01-29 15:00:00,2025-01-29 17:00:00
305,공원,광진구 기타 장소,2025-01-29 17:00:00,2025-01-29 20:00:00
306,실내활동,광진구 기타 장소,2025-01-29 20:00:00,2025-01-29 22:00:00
307,실내활동,광진구 기타 장소,2025-01-29 22:00:00,2025-01-30 00:00:00
308,식사,세종대 부근 맛집,2025-01-30 08:00:00,2025-01-30 10:00:00
309,공원,광진구 기타 장소,2025-01-30 10:00:00,2025-01-30 13:00:00
310,운동,한강 자전거 대여소,2025-01-30 13:00:00,2025-01-30 16:00:00
311,운동,광진구 공원 체력단련장,2025-01-30 16:00:00,2025-01-30 20:00:00
312,운동,건대 스포츠 클럽,2025-01-30 20:00:00,2025-01-30 22:00:00
313,공원,광진구 기타 장소,2025-01-30 22:00:00,2025-01-31 00:00:00
314,스포츠,뚝섬 런닝코스,2025-01-30 22:00:00,2025-01-30 23:00:00
315,식사,어린이대공원 근처 레스토랑,2025-01-31 08:00:00,2025-01-31 10:00:00
316,실내활동,광진구 기타 장소,2025-01-31 10:00:00,2025-01-31 14:00:00
317,공부,광진구 기타 장소,2025-01-31 14:00:00,2025-01-31 18:00:00
318,식사,건대 버거 레스토랑,2025-01-31 18:00:00,2025-01-31 20:00:00
319,공부,광진구 기타 장소,2025-01-31 20:00:00,2025-01-31 22:00:00
320,공부,광진구 기타 장소,2025-01-31 22:00:00,2025-02-01 00:00:00
321,관람,한강 뚝섬 예술극장,2025-01-31 22:00:00,2025-01-31 23:00:00
322,식사,건대입구 음식점,2025-02-01 08:00:00,2025-02-01 10:00:00
323,공원,광진구 기타 장소,2025-02-01 10:00:00,2025-02-01 11:00:00
324,운동,뚝섬 유원지 요가 센터,2025-02-01 11:00:00,2025-02-01 12:00:00
325,식사,광장시장 맛집,2025-02-01 12:00:00,2025-02-01 14:00:00
326,실내활동,광진구 기타 장소,2025-02-01 14:00:00,2025-02-01 18:00:00
327,식사,세종대 부근 맛집,2025-02-01 18:00:00,2025-02-01 20:00:00
328,공원,광진구 기타 장소,2025-02-01 20:00:00,2025-02-02 00:00:00
329,식사,스타시티 푸드코트,2025-02-02 08:00:00,2025-02-02 10:00:00
330,스포츠,뚝섬 런닝코스,2025-02-02 10:00:00,2025-02-02 13:00:00
331,운동,서울숲 조깅 트랙,2025-02-02 13:00:00,2025-02-02 14:00:00
332,관람,한강 뚝섬 예술극장,2025-02-02 14:00:00,2025-02-02 15:00:00
333,관람,롯데시네마 건대입구,2025-02-02 15:00:00,2025-02-02 17:00:00
334,스포츠,광진구 배드민턴장,2025-02-02 17:00:00,2025-02-02 18:00:00
335,식사,건대입구 전통시장,2025-02-02 18:00:00,2025-02-02 20:00:00
336,스포츠,한강공원 축구장,2025-02-02 20:00:00,2025-02-02 23:00:00
337,운동,광진구 등산 코스,2025-02-02 23:00:00,2025-02-03 00:00:00
338,식사,뚝섬 수변 카페,2025-02-03 08:00:00,2025-02-03 10:00:00
339,스포츠,세종대 실내 체육관,2025-02-03 10:00:00,2025-02-03 12:00:00
340,식사,스타시티 푸드코트,2025-02-03 12:00:00,2025-02-03 14:00:00
341,운동,뚝섬 유원지 요가 센터,2025-02-03 14:00:00,2025-02-03 16:00:00
342,스포츠,세종대 실내 체육관,2025-02-03 16:00:00,2025-02-03 17:00:00
343,스포츠,서울숲 테니스장,2025-02-03 17:00:00,2025-02-03 19:00:00
344,스포츠,뚝섬 런닝코스,2025-02-03 19:00:00,2025-02-03 20:00:00
345,운동,건대 헬스장,2025-02-03 20:00:00,2025-02-03 22:00:00
346,스포츠,한강공원 축구장,2025-02-03 22:00:00,2025-02-04 00:00:00
347,공부,광진구 기타 장소,2025-02-03 22:00:00,2025-02-03 23:00:00
348,식사,세종대 부근 맛집,2025-02-04 08:00:00,2025-02-04 10:00:00
349,관람,광진구 시립극장,2025-02-04 10:00:00,2025-02-04 11:00:00
350,관람,서울숲 갤러리,2025-02-04 11:00:00,2025-02-04 13:00:00
351,관람,롯데시네마 건대입구,2025-02-04 13:00:00,2025-02-04 14:00:00
352,관람,뚝섬 전망대,2025-02-04 14:00:00,2025-02-04 16:00:00
353,스포츠,세종대 실내 체육관,2025-02-04 16:00:00,2025-02-04 18:00:00
354,식사,건대 버거 레스토랑,2025-02-04 18:00:00,2025-02-04 20:00:00
355,스포츠,세종대 실내 체육관,2025-02-04 20:00:00,2025-02-04 23:00:00
356,스포츠,광진구 요가 스튜디오,2025-02-04 23:00:00,2025-02-05 00:00:00
357,실내활동,광진구 기타 장소,2025-02-04 22:00:00,2025-02-04 23:00:00
358,식사,스타시티 푸드코트,2025-02-05 08:00:00,2025-02-05 10:00:00
359,실내활동,광진구 기타 장소,2025-02-05 10:00:00,2025-02-05 11:00:00
360,실내활동,광진구 기타 장소,2025-02-05 11:00:00,2025-02-05 12:00:00
361,식사,건대입구 전통시장,2025-02-05 12:00:00,2025-02-05 14:00:00
362,실내활동,광진구 기타 장소,2025-02-05 14:00:00,2025-02-05 18:00:00
363,식사,세종대 부근 맛집,2025-02-05 18:00:00,2025-02-05 20:00:00
364,공원,광진구 기타 장소,2025-02-05 20:00:00,2025-02-05 21:00:00
365,공원,광진구 기타 장소,2025-02-05 21:00:00,2025-02-06 00:00:00
366,공부,광진구 기타 장소,2025-02-05 22:00:00,2025-02-05 23:00:00
367,식사,건대입구 음식점,2025-02-06 08:00:00,2025-02-06 10:00:00
368,스포츠,어린이대공원 운동장,2025-02-06 10:00:00,2025-02-06 13:00:00
369,운동,광진구 공원 체력단련장,2025-02-06 13:00:00,2025-02-06 17:00:00
370,공원,광진구 기타 장소,2025-02-06 17:00:00,2025-02-06 21:00:00
371,스포츠,광진구 요가 스튜디오,2025-02-06 21:00:00,2025-02-07 00:00:00
372,식사,건대입구 전통시장,2025-02-07 08:00:00,2025-02-07 10:00:00
373,관람,어린이대공원 공연장,2025-02-07 10:00:00,2025-02-07 11:00:00
374,관람,롯데시네마 건대입구,2025-02-07 11:00:00,2025-02-07 15:00:00
375,공부,광진구 기타 장소,2025-02-07 15:00:00,2025-02-07 18:00:00
376,식사,세종대 부근 맛집,2025-02-07 18:00:00,2025-02-07 20:00:00
377,관람,어린이대공원 공연장,2025-02-07 20:00:00,2025-02-07 21:00:00
378,공부,광진구 기타 장소,2025-02-07 21:00:00,2025-02-08 00:00:00
379,실내활동,광진구 기타 장소,2025-02-07 22:00:00,2025-02-07 23:00:00
380,식사,스타시티 푸드코트,2025-02-08 08:00:00,2025-02-08 10:00:00
381,실내활동,광진구 기타 장소,2025-02-08 10:00:00,2025-02-08 13:00:00
382,실내활동,광진구 기타 장소,2025-02-08 13:00:00,2025-02-08 16:00:00
383,공원,광진구 기타 장소,2025-02-08 16:00:00,2025-02-08 19:00:00
384,실내활동,광진구 기타 장소,2025-02-08 19:00:00,2025-02-08 21:00:00
385,공원,광진구 기타 장소,2025-02-08 21:00:00,2025-02-09 00:00:00
386,운동,광진구 공원 체력단련장,2025-02-08 22:00:00,2025-02-08 23:00:00
387,식사,광진구 한식당,2025-02-09 08:00:00,2025-02-09 10:00:00
388,스포츠,광진구 요가 스튜디오,2025-02-09 10:00:00,2025-02-09 13:00:00
389,관람,광진구 시립극장,2025-02-09 13:00:00,2025-02-09 17:00:00
390,관람,광진구 시립극장,2025-02-09 17:00:00,2025-02-09 20:00:00
391,운동,한강 공원,2025-02-09 20:00:00,2025-02-09 23:00:00
392,운동,건대 스포츠 클럽,2025-02-09 23:00:00,2025-02-10 00:00:00
393,식사,세종대 부근 맛집,2025-02-10 08:00:00,2025-02-10 10:00:00
394,공부,광진구 기타 장소,2025-02-10 10:00:00,2025-02-10 11:00:00
395,운동,한강 공원,2025-02-10 11:00:00,2025-02-10 12:00:00
396,식사,건대입구 전통시장,2025-02-10 12:00:00,2025-02-10 14:00:00
397,공부,광진구 기타 장소,2025-02-10 14:00:00,2025-02-10 16:00:00
398,스포츠,광진구 체육관,2025-02-10 16:00:00,2025-02-10 17:00:00
399,운동,건대 스포츠 클럽,2025-02-10 17:00:00,2025-02-10 19:00:00
400,공부,광진구 기타 장소,2025-02-10 19:00:00,2025-02-10 22:00:00
401,운동,뚝섬 유원지 요가 센터,2025-02-10 22:00:00,2025-02-10 23:00:00
402,운동,한강 공원,2025-02-10 23:00:00,2025-02-11 00:00:00
403,식사,세종대 부근 맛집,2025-02-11 08:00:00,2025-02-11 10:00:00
404,실내활동,광진구 기타 장소,2025-02-11 10:00:00,2025-02-11 13:00:00
405,스포츠,세종대 실내 체육관,2025-02-11 13:00:00,2025-02-11 17:00:00
406,관람,광진문화예술회관,2025-02-11 17:00:00,2025-02-11 19:00:00
407,관람,건국대학교 박물관,2025-02-11 19:00:00,2025-02-11 21:00:00
408,실내활동,광진구 기타 장소,2025-02-11 21:00:00,2025-02-11 22:00:00
409,관람,서울숲 갤러리,2025-02-11 22:00:00,2025-02-12 00:00:00
410,식사,뚝섬 수변 카페,2025-02-12 08:00:00,2025-02-12 10:00:00
411,실내활동,광진구 기타 장소,2025-02-12 10:00:00,2025-02-12 14:00:00
412,공원,광진구 기타 장소,2025-02-12 14:00:00,2025-02-12 18:00:00
413,식사,광진구 한식당,2025-02-12 18:00:00,2025-02-12 20:00:00
414,공부,광진구 기타 장소,2025-02-12 20:00:00,2025-02-12 23:00:00
415,공원,광진구 기타 장소,2025-02-12 23:00:00,2025-02-13 00:00:00
416,식사,한강 뚝섬 피크닉존 카페,2025-02-13 08:00:00,2025-02-13 10:00:00
417,공원,광진구 기타 장소,2025-02-13 10:00:00,2025-02-13 11:00:00
418,스포츠,세종대 실내 체육관,2025-02-13 11:00:00,2025-02-13 14:00:00
419,운동,한강 공원,2025-02-13 14:00:00,2025-02-13 15:00:00
420,스포츠,광진구 요가 스튜디오,2025-02-13 15:00:00,2025-02-13 16:00:00
421,공원,광진구 기타 장소,2025-02-13 16:00:00,2025-02-13 17:00:00
422,운동,뚝섬 한강 수영장,2025-02-13 17:00:00,2025-02-13 19:00:00
423,운동,건대 헬스장,2025-02-13 19:00:00,2025-02-13 21:00:00
424,스포츠,서울숲 스케이트장,2025-02-13 21:00:00,2025-02-13 23:00:00
425,운동,건대 헬스장,2025-02-13 23:00:00,2025-02-14 00:00:00
426,식사,어린이대공원 근처 레스토랑,2025-02-14 08:00:00,2025-02-14 10:00:00
427,관람,서울숲 갤러리,2025-02-14 10:00:00,2025-02-14 13:00:00
428,공부,광진구 기타 장소,2025-02-14 13:00:00,2025-02-14 16:00:00
429,공부,광진구 기타 장소,2025-02-14 16:00:00,2025-02-14 18:00:00
430,식사,한강 뚝섬 피크닉존 카페,2025-02-14 18:00:00,2025-02-14 20:00:00
431,실내활동,광진구 기타 장소,2025-02-14 20:00:00,2025-02-14 23:00:00
432,관람,건국대학교 박물관,2025-02-14 23:00:00,2025-02-15 00:00:00
433,식사,건대입구 전통시장,2025-02-15 08:00:00,2025-02-15 10:00:00
434,공원,광진구 기타 장소,2025-02-15 10:00:00,2025-02-15 11:00:00
435,운동,건대 스포츠 클럽,2025-02-15 11:00:00,2025-02-15 12:00:00
436,식사,광진구 한식당,2025-02-15 12:00:00,2025-02-15 14:00:00
437,운동,서울숲 조깅 트랙,2025-02-15 14:00:00,2025-02-15 17:00:00
438,실내활동,광진구 기타 장소,2025-02-15 17:00:00,2025-02-15 19:00:00
439,공원,광진구 기타 장소,2025-02-15 19:00:00,2025-02-15 21:00:00
440,공원,광진구 기타 장소,2025-02-15 21:00:00,2025-02-16 00:00:00
441,식사,스타시티 푸드코트,2025-02-16 08:00:00,2025-02-16 10:00:00
442,스포츠,뚝섬 런닝코스,2025-02-16 10:00:00,2025-02-16 12:00:00
443,식사,건대입구 전통시장,2025-02-16 12:00:00,2025-02-16 14:00:00
444,스포츠,광진구 배드민턴장,2025-02-16 14:00:00,2025-02-16 18:00:00
445,식사,세종대 부근 맛집,2025-02-16 18:00:00,2025-02-16 20:00:00
446,스포츠,어린이대공원 운동장,2025-02-16 20:00:00,2025-02-17 00:00:00
447,운동,건대 헬스장,2025-02-16 22:00:00,2025-02-16 23:00:00
448,관람,롯데시네마 건대입구,2025-02-16 22:00:00,2025-02-16 23:00:00
449,식사,뚝섬 수변 카페,2025-02-17 08:00:00,2025-02-17 10:00:00
450,공부,광진구 기타 장소,2025-02-17 10:00:00,2025-02-17 14:00:00
451,공부,광진구 기타 장소,2025-02-17 14:00:00,2025-02-17 18:00:00
452,식사,건대 버거 레스토랑,2025-02-17 18:00:00,2025-02-17 20:00:00
453,스포츠,한강공원 축구장,2025-02-17 20:00:00,2025-02-17 22:00:00
454,스포츠,건대 헬스장,2025-02-17 22:00:00,2025-02-18 00:00:00
455,운동,서울숲 조깅 트랙,2025-02-17 22:00:00,2025-02-17 23:00:00
456,식사,광진구 한식당,2025-02-18 08:00:00,2025-02-18 10:00:00
457,실내활동,광진구 기타 장소,2025-02-18 10:00:00,2025-02-18 13:00:00
458,관람,롯데시네마 건대입구,2025-02-18 13:00:00,2025-02-18 15:00:00
459,실내활동,광진구 기타 장소,2025-02-18 15:00:00,2025-02-18 16:00:00
460,스포츠,광진구 체육관,2025-02-18 16:00:00,2025-02-18 18:00:00
461,식사,건대 버거 레스토랑,2025-02-18 18:00:00,2025-02-18 20:00:00
462,관람,건대 커뮤니티 아트센터,2025-02-18 20:00:00,2025-02-18 22:00:00
463,관람,건국대학교 박물관,2025-02-18 22:00:00,2025-02-18 23:00:00
464,실내활동,광진구 기타 장소,2025-02-18 23:00:00,2025-02-19 00:00:00
465,식사,건대 버거 레스토랑,2025-02-19 08:00:00,2025-02-19 10:00:00
466,공부,광진구 기타 장소,2025-02-19 10:00:00,2025-02-19 14:00:00
467,실내활동,광진구 기타 장소,2025-02-19 14:00:00,2025-02-19 18:00:00
468,식사,세종대 부근 맛집,2025-02-19 18:00:00,2025-02-19 20:00:00
469,공부,광진구 기타 장소,2025-02-19 20:00:00,2025-02-19 21:00:00
470,공원,광진구 기타 장소,2025-02-19 21:00:00,2025-02-20 00:00:00
471,식사,건대입구 음식점,2025-02-20 08:00:00,2025-02-20 10:00:00
472,운동,한강 공원,2025-02-20 10:00:00,2025-02-20 11:00:00
473,스포츠,서울숲 스케이트장,2025-02-20 11:00:00,2025-02-20 15:00:00
474,공원,광진구 기타 장소,2025-02-20 15:00:00,2025-02-20 16:00:00
475,운동,건대 헬스장,2025-02-20 16:00:00,2025-02-20 20:00:00
476,공원,광진구 기타 장소,2025-02-20 20:00:00,2025-02-20 23:00:00
477,공원,광진구 기타 장소,2025-02-20 23:00:00,2025-02-21 00:00:00
478,식사,어린이대공원 근처 레스토랑,2025-02-21 08:00:00,2025-02-21 10:00:00
479,공부,광진구 기타 장소,2025-02-21 10:00:00,2025-02-21 11:00:00
480,공부,광진구 기타 장소,2025-02-21 11:00:00,2025-02-21 12:00:00
481,식사,어린이대공원 근처 레스토랑,2025-02-21 12:00:00,2025-02-21 14:00:00
482,관람,광진문화예술회관,2025-02-21 14:00:00,2025-02-21 17:00:00
483,공부,광진구 기타 장소,2025-02-21 17:00:00,2025-02-21 20:00:00
484,관람,광진문화예술회관,2025-02-21 20:00:00,2025-02-21 23:00:00
485,공부,광진구 기타 장소,2025-02-21 23:00:00,2025-02-22 00:00:00
486,실내활동,광진구 기타 장소,2025-02-21 22:00:00,2025-02-21 23:00:00
487,식사,광장시장 맛집,2025-02-22 08:00:00,2025-02-22 10:00:00
488,운동,한강 자전거 대여소,2025-02-22 10:00:00,2025-02-22 12:00:00
489,식사,건대 버거 레스토랑,2025-02-22 12:00:00,2025-02-22 14:00:00
490,실내활동,광진구 기타 장소,2025-02-22 14:00:00,2025-02-22 15:00:00
491,운동,건대 헬스장,2025-02-22 15:00:00,2025-02-22 17:00:00
492,운동,건대 스포츠 클럽,2025-02-22 17:00:00,2025-02-22 19:00:00
493,운동,건대 헬스장,2025-02-22 19:00:00,2025-02-22 20:00:00
494,공원,광진구 기타 장소,2025-02-22 20:00:00,2025-02-23 00:00:00
495,식사,한강 뚝섬 피크닉존 카페,2025-02-23 08:00:00,2025-02-23 10:00:00
496,스포츠,광진구 배드민턴장,2025-02-23 10:00:00,2025-02-23 14:00:00
497,관람,건대 메가박스,2025-02-23 14:00:00,2025-02-23 18:00:00
498,식사,광진구 한식당,2025-02-23 18:00:00,2025-02-23 20:00:00
499,운동,건대 헬스장,2025-02-23 20:00:00,2025-02-23 21:00:00
500,관람,건대 메가박스,2025-02-23 21:00:00,2025-02-23 22:00:00
501,관람,광진구 시립극장,2025-02-23 22:00:00,2025-02-24 00:00:00
502,식사,스타시티 푸드코트,2025-02-24 08:00:00,2025-02-24 10:00:00
503,운동,뚝섬 유원지 요가 센터,2025-02-24 10:00:00,2025-02-24 14:00:00
504,운동,건대 헬스장,2025-02-24 14:00:00,2025-02-24 18:00:00
505,식사,광장시장 맛집,2025-02-24 18:00:00,2025-02-24 20:00:00
506,공부,광진구 기타 장소,2025-02-24 20:00:00,2025-02-24 21:00:00
507,운동,어린이대공원 실내 체육관,2025-02-24 21:00:00,2025-02-24 22:00:00
508,공부,광진구 기타 장소,2025-02-24 22:00:00,2025-02-25 00:00:00
509,스포츠,건대 헬스장,2025-02-24 22:00:00,2025-02-24 23:00:00
510,식사,어린이대공원 근처 레스토랑,2025-02-25 08:00:00,2025-02-25 10:00:00
511,실내활동,광진구 기타 장소,2025-02-25 10:00:00,2025-02-25 12:00:00
512,식사,광진구 한식당,2025-02-25 12:00:00,2025-02-25 14:00:00
513,스포츠,광진구 요가 스튜디오,2025-02-25 14:00:00,2025-02-25 18:00:00
514,식사,광장시장 맛집,2025-02-25 18:00:00,2025-02-25 20:00:00
515,스포츠,광진구 요가 스튜디오,2025-02-25 20:00:00,2025-02-25 21:00:00
516,관람,건대 커뮤니티 아트센터,2025-02-25 21:00:00,2025-02-25 22:00:00
517,스포츠,광진구 요가 스튜디오,2025-02-25 22:00:00,2025-02-25 23:00:00
518,스포츠,세종대 실내 체육관,2025-02-25 23:00:00,2025-02-26 00:00:00
519,식사,한강 뚝섬 피크닉존 카페,2025-02-26 08:00:00,2025-02-26 10:00:00
520,실내활동,광진구 기타 장소,2025-02-26 10:00:00,2025-02-26 14:00:00
521,공원,광진구 기타 장소,2025-02-26 14:00:00,2025-02-26 16:00:00
522,공부,광진구 기타 장소,2025-02-26 16:00:00,2025-02-26 18:00:00
523,식사,광진구 한식당,2025-02-26 18:00:00,2025-02-26 20:00:00
524,공부,광진구 기타 장소,2025-02-26 20:00:00,2025-02-26 21:00:00
525,공부,광진구 기타 장소,2025-02-26 21:00:00,2025-02-26 23:00:00
526,실내활동,광진구 기타 장소,2025-02-26 23:00:00,2025-02-27 00:00:00
527,식사,어린이대공원 근처 레스토랑,2025-02-27 08:00:00,2025-02-27 10:00:00
528,공원,광진구 기타 장소,2025-02-27 10:00:00,2025-02-27 11:00:00
529,공원,광진구 기타 장소,2025-02-27 11:00:00,2025-02-27 15:00:00
530,공원,광진구 기타 장소,2025-02-27 15:00:00,2025-02-27 17:00:00
531,스포츠,광진구 배드민턴장,2025-02-27 17:00:00,2025-02-27 19:00:00
532,스포츠,세종대 실내 체육관,2025-02-27 19:00:00,2025-02-27 21:00:00
533,공원,광진구 기타 장소,2025-02-27 21:00:00,2025-02-27 22:00:00
534,운동,건대 헬스장,2025-02-27 22:00:00,2025-02-28 00:00:00
535,식사,광장시장 맛집,2025-02-28 08:00:00,2025-02-28 10:00:00
536,관람,건국대학교 박물관,2025-02-28 10:00:00,2025-02-28 14:00:00
537,공부,광진구 기타 장소,2025-02-28 14:00:00,2025-02-28 16:00:00
538,실내활동,광진구 기타 장소,2025-02-28 16:00:00,2025-02-28 17:00:00
539,관람,서울숲 갤러리,2025-02-28 17:00:00,2025-02-28 21:00:00
540,관람,건국대학교 박물관,2025-02-28 21:00:00,2025-02-28 23:00:00
541,실내활동,광진구 기타 장소,2025-02-28 23:00:00,2025-03-01 00:00:00
542,식사,어린이대공원 근처 레스토랑,2025-03-01 08:00:00,2025-03-01 10:00:00
543,운동,서울숲 조깅 트랙,2025-03-01 10:00:00,2025-03-01 14:00:00
544,실내활동,광진구 기타 장소,2025-03-01 14:00:00,2025-03-01 18:00:00
545,식사,건대입구 음식점,2025-03-01 18:00:00,2025-03-01 20:00:00
546,공원,광진구 기타 장소,2025-03-01 20:00:00,2025-03-01 22:00:00
547,운동,건대 스포츠 클럽,2025-03-01 22:00:00,2025-03-02 00:00:00
548,식사,한강 뚝섬 피크닉존 카페,2025-03-02 08:00:00,2025-03-02 10:00:00
549,관람,뚝섬 전망대,2025-03-02 10:00:00,2025-03-02 11:00:00
550,스포츠,서울숲 테니스장,2025-03-02 11:00:00,2025-03-02 13:00:00
551,스포츠,건대 헬스장,2025-03-02 13:00:00,2025-03-02 14:00:00
552,관람,광진구 시립극장,2025-03-02 14:00:00,2025-03-02 16:00:00
553,스포츠,건대 헬스장,2025-03-02 16:00:00,2025-03-02 19:00:00
554,스포츠,한강공원 축구장,2025-03-02 19:00:00,2025-03-02 22:00:00
555,스포츠,건대 헬스장,2025-03-02 22:00:00,2025-03-02 23:00:00
556,스포츠,광진구 배드민턴장,2025-03-02 23:00:00,2025-03-03 00:00:00
557,운동,한강 자전거 대여소,2025-03-02 22:00:00,2025-03-02 23:00:00
558,식사,어린이대공원 근처 레스토랑,2025-03-03 08:00:00,2025-03-03 10:00:00
559,스포츠,광진구 배드민턴장,2025-03-03 10:00:00,2025-03-03 14:00:00
560,공부,광진구 기타 장소,2025-03-03 14:00:00,2025-03-03 17:00:00
561,스포츠,건대 헬스장,2025-03-03 17:00:00,2025-03-03 19:00:00
562,운동,뚝섬 유원지 요가 센터,2025-03-03 19:00:00,2025-03-03 20:00:00
563,운동,한강 자전거 대여소,2025-03-03 20:00:00,2025-03-04 00:00:00
564,식사,스타시티 푸드코트,2025-03-04 08:00:00,2025-03-04 10:00:00
565,스포츠,어린이대공원 운동장,2025-03-04 10:00:00,2025-03-04 14:00:00
566,관람,뚝섬 전망대,2025-03-04 14:00:00,2025-03-04 18:00:00
567,식사,뚝섬 수변 카페,2025-03-04 18:00:00,2025-03-04 20:00:00
568,관람,건대 메가박스,2025-03-04 20:00:00,2025-03-04 23:00:00
569,스포츠,광진구 배드민턴장,2025-03-04 23:00:00,2025-03-05 00:00:00
570,실내활동,광진구 기타 장소,2025-03-04 22:00:00,2025-03-04 23:00:00
571,식사,뚝섬 수변 카페,2025-03-05 08:00:00,2025-03-05 10:00:00
572,공원,광진구 기타 장소,2025-03-05 10:00:00,2025-03-05 11:00:00
573,실내활동,광진구 기타 장소,2025-03-05 11:00:00,2025-03-05 13:00:00
574,실내활동,광진구 기타 장소,2025-03-05 13:00:00,2025-03-05 14:00:00
575,공원,광진구 기타 장소,2025-03-05 14:00:00,2025-03-05 15:00:00
576,공부,광진구 기타 장소,2025-03-05 15:00:00,2025-03-05 19:00:00
577,실내활동,광진구 기타 장소,2025-03-05 19:00:00,2025-03-05 21:00:00
578,공원,광진구 기타 장소,2025-03-05 21:00:00,2025-03-05 23:00:00
579,공원,광진구 기타 장소,2025-03-05 23:00:00,2025-03-06 00:00:00
580,식사,스타시티 푸드코트,2025-03-06 08:00:00,2025-03-06 10:00:00
581,스포츠,세종대 실내 체육관,2025-03-06 10:00:00,2025-03-06 13:00:00
582,운동,뚝섬 유원지 요가 센터,2025-03-06 13:00:00,2025-03-06 17:00:00
583,스포츠,서울숲 테니스장,2025-03-06 17:00:00,2025-03-06 18:00:00
584,식사,광진구 한식당,2025-03-06 18:00:00,2025-03-06 20:00:00
585,스포츠,서울숲 스케이트장,2025-03-06 20:00:00,2025-03-06 22:00:00
586,공원,광진구 기타 장소,2025-03-06 22:00:00,2025-03-07 00:00:00
587,식사,건대입구 음식점,2025-03-07 08:00:00,2025-03-07 10:00:00
588,공부,광진구 기타 장소,2025-03-07 10:00:00,2025-03-07 13:00:00
589,실내활동,광진구 기타 장소,2025-03-07 13:00:00,2025-03-07 14:00:00
590,공부,광진구 기타 장소,2025-03-07 14:00:00,2025-03-07 18:00:00
591,식사,광장시장 맛집,2025-03-07 18:00:00,2025-03-07 20:00:00
592,공부,광진구 기타 장소,2025-03-07 20:00:00,2025-03-07 21:00:00
593,공부,광진구 기타 장소,2025-03-07 21:00:00,2025-03-07 23:00:00
594,공부,광진구 기타 장소,2025-03-07 23:00:00,2025-03-08 00:00:00
595,관람,건대 메가박스,2025-03-07 22:00:00,2025-03-07 23:00:00
596,식사,세종대 부근 맛집,2025-03-08 08:00:00,2025-03-08 10:00:00
597,공원,광진구 기타 장소,2025-03-08 10:00:00,2025-03-08 12:00:00
598,식사,광진구 한식당,2025-03-08 12:00:00,2025-03-08 14:00:00
599,공원,광진구 기타 장소,2025-03-08 14:00:00,2025-03-08 16:00:00
600,운동,서울숲 조깅 트랙,2025-03-08 16:00:00,2025-03-08 18:00:00
601,식사,건대 버거 레스토랑,2025-03-08 18:00:00,2025-03-08 20:00:00
602,공원,광진구 기타 장소,2025-03-08 20:00:00,2025-03-08 23:00:00
603,실내활동,광진구 기타 장소,2025-03-08 23:00:00,2025-03-09 00:00:00
604,식사,세종대 부근 맛집,2025-03-09 08:00:00,2025-03-09 10:00:00
605,관람,롯데시네마 건대입구,2025-03-09 10:00:00,2025-03-09 12:00:00
606,식사,광진구 한식당,2025-03-09 12:00:00,2025-03-09 14:00:00
607,운동,뚝섬 유원지 요가 센터,2025-03-09 14:00:00,2025-03-09 18:00:00
608,식사,스타시티 푸드코트,2025-03-09 18:00:00,2025-03-09 20:00:00
609,관람,어린이대공원 공연장,2025-03-09 20:00:00,2025-03-10 00:00:00
610,스포츠,광진구 체육관,2025-03-09 22:00:00,2025-03-09 23:00:00
611,식사,건대입구 음식점,2025-03-10 08:00:00,2025-03-10 10:00:00
612,공부,광진구 기타 장소,2025-03-10 10:00:00,2025-03-10 11:00:00
613,공부,광진구 기타 장소,2025-03-10 11:00:00,2025-03-10 15:00:00
614,운동,광진구 공원 체력단련장,2025-03-10 15:00:00,2025-03-10 17:00:00
615,공부,광진구 기타 장소,2025-03-10 17:00:00,2025-03-10 18:00:00
616,식사,건대 버거 레스토랑,2025-03-10 18:00:00,2025-03-10 20:00:00
617,운동,서울숲 조깅 트랙,2025-03-10 20:00:00,2025-03-11 00:00:00
618,스포츠,서울숲 테니스장,2025-03-10 22:00:00,2025-03-10 23:00:00
619,식사,광진구 한식당,2025-03-11 08:00:00,2025-03-11 10:00:00
620,스포츠,서울숲 스케이트장,2025-03-11 10:00:00,2025-03-11 12:00:00
621,식사,광진구 한식당,2025-03-11 12:00:00,2025-03-11 14:00:00
622,관람,한강 뚝섬 예술극장,2025-03-11 14:00:00,2025-03-11 16:00:00
623,실내활동,광진구 기타 장소,2025-03-11 16:00:00,2025-03-11 18:00:00
624,식사,건대 버거 레스토랑,2025-03-11 18:00:00,2025-03-11 20:00:00
625,관람,광진문화예술회관,2025-03-11 20:00:00,2025-03-11 21:00:00
626,관람,건국대학교 박물관,2025-03-11 21:00:00,2025-03-11 22:00:00
627,실내활동,광진구 기타 장소,2025-03-11 22:00:00,2025-03-12 00:00:00
628,식사,세종대 부근 맛집,2025-03-12 08:00:00,2025-03-12 10:00:00
629,공부,광진구 기타 장소,2025-03-12 10:00:00,2025-03-12 12:00:00
630,식사,세종대 부근 맛집,2025-03-12 12:00:00,2025-03-12 14:00:00
631,공부,광진구 기타 장소,2025-03-12 14:00:00,2025-03-12 18:00:00
632,식사,건대 버거 레스토랑,2025-03-12 18:00:00,2025-03-12 20:00:00
633,실내활동,광진구 기타 장소,2025-03-12 20:00:00,2025-03-12 23:00:00
634,실내활동,광진구 기타 장소,2025-03-12 23:00:00,2025-03-13 00:00:00
635,공원,광진구 기타 장소,2025-03-12 22:00:00,2025-03-12 23:00:00
636,식사,어린이대공원 근처 레스토랑,2025-03-13 08:00:00,2025-03-13 10:00:00
637,공원,광진구 기타 장소,2025-03-13 10:00:00,2025-03-13 12:00:00
638,식사,건대입구 전통시장,2025-03-13 12:00:00,2025-03-13 14:00:00
639,운동,서울숲 조깅 트랙,2025-03-13 14:00:00,2025-03-13 15:00:00
640,운동,건대 스포츠 클럽,2025-03-13 15:00:00,2025-03-13 17:00:00
641,운동,뚝섬 유원지 요가 센터,2025-03-13 17:00:00,2025-03-13 21:00:00
642,공원,광진구 기타 장소,2025-03-13 21:00:00,2025-03-13 23:00:00
643,공원,광진구 기타 장소,2025-03-13 23:00:00,2025-03-14 00:00:00
644,스포츠,세종대 실내 체육관,2025-03-13 22:00:00,2025-03-13 23:00:00
645,식사,한강 뚝섬 피크닉존 카페,2025-03-14 08:00:00,2025-03-14 10:00:00
646,관람,건대 메가박스,2025-03-14 10:00:00,2025-03-14 12:00:00
647,식사,한강 뚝섬 피크닉존 카페,2025-03-14 12:00:00,2025-03-14 14:00:00
648,실내활동,광진구 기타 장소,2025-03-14 14:00:00,2025-03-14 15:00:00
649,공부,광진구 기타 장소,2025-03-14 15:00:00,2025-03-14 19:00:00
650,실내활동,광진구 기타 장소,2025-03-14 19:00:00,2025-03-14 20:00:00
651,실내활동,광진구 기타 장소,2025-03-14 20:00:00,2025-03-14 23:00:00
652,관람,서울숲 갤러리,2025-03-14 23:00:00,2025-03-15 00:00:00
653,식사,광진구 한식당,2025-03-15 08:00:00,2025-03-15 10:00:00
654,실내활동,광진구 기타 장소,2025-03-15 10:00:00,2025-03-15 12:00:00
655,식사,건대입구 음식점,2025-03-15 12:00:00,2025-03-15 14:00:00
656,운동,서울숲 조깅 트랙,2025-03-15 14:00:00,2025-03-15 17:00:00
657,실내활동,광진구 기타 장소,2025-03-15 17:00:00,2025-03-15 18:00:00
658,식사,한강 뚝섬 피크닉존 카페,2025-03-15 18:00:00,2025-03-15 20:00:00
659,운동,뚝섬 유원지 요가 센터,2025-03-15 20:00:00,2025-03-16 00:00:00
660,공원,광진구 기타 장소,2025-03-15 22:00:00,2025-03-15 23:00:00
661,식사,건대입구 전통시장,2025-03-16 08:00:00,2025-03-16 10:00:00
662,관람,광진구 시립극장,2025-03-16 10:00:00,2025-03-16 12:00:00
663,식사,세종대 부근 맛집,2025-03-16 12:00:00,2025-03-16 14:00:00
664,스포츠,서울숲 테니스장,2025-03-16 14:00:00,2025-03-16 16:00:00
665,관람,뚝섬 전망대,2025-03-16 16:00:00,2025-03-16 19:00:00
666,운동,건대 헬스장,2025-03-16 19:00:00,2025-03-16 20:00:00
667,운동,어린이대공원 실내 체육관,2025-03-16 20:00:00,2025-03-16 23:00:00
668,관람,건대 메가박스,2025-03-16 23:00:00,2025-03-17 00:00:00
669,식사,광장시장 맛집,2025-03-17 08:00:00,2025-03-17 10:00:00
670,공부,광진구 기타 장소,2025-03-17 10:00:00,2025-03-17 14:00:00
671,스포츠,광진구 체육관,2025-03-17 14:00:00,2025-03-17 18:00:00
672,식사,세종대 부근 맛집,2025-03-17 18:00:00,2025-03-17 20:00:00
673,운동,뚝섬 한강 수영장,2025-03-17 20:00:00,2025-03-17 23:00:00
674,스포츠,광진구 체육관,2025-03-17 23:00:00,2025-03-18 00:00:00
675,식사,어린이대공원 근처 레스토랑,2025-03-18 08:00:00,2025-03-18 10:00:00
676,관람,건대 커뮤니티 아트센터,2025-03-18 10:00:00,2025-03-18 12:00:00
677,식사,광진구 한식당,2025-03-18 12:00:00,2025-03-18 14:00:00
678,관람,건대 메가박스,2025-03-18 14:00:00,2025-03-18 16:00:00
679,실내활동,광진구 기타 장소,2025-03-18 16:00:00,2025-03-18 17:00:00
680,스포츠,세종대 실내 체육관,2025-03-18 17:00:00,2025-03-18 20:00:00
681,스포츠,한강공원 축구장,2025-03-18 20:00:00,2025-03-18 23:00:00
682,관람,서울숲 갤러리,2025-03-18 23:00:00,2025-03-19 00:00:00
683,식사,건대입구 전통시장,2025-03-19 08:00:00,2025-03-19 10:00:00
684,공부,광진구 기타 장소,2025-03-19 10:00:00,2025-03-19 12:00:00
685,식사,어린이대공원 근처 레스토랑,2025-03-19 12:00:00,2025-03-19 14:00:00
686,공부,광진구 기타 장소,2025-03-19 14:00:00,2025-03-19 16:00:00
687,실내활동,광진구 기타 장소,2025-03-19 16:00:00,2025-03-19 20:00:00
688,공원,광진구 기타 장소,2025-03-19 20:00:00,2025-03-19 21:00:00
689,실내활동,광진구 기타 장소,2025-03-19 21:00:00,2025-03-20 00:00:00
690,식사,건대입구 음식점,2025-03-20 08:00:00,2025-03-20 10:00:00
691,공원,광진구 기타 장소,2025-03-20 10:00:00,2025-03-20 11:00:00
692,공원,광진구 기타 장소,2025-03-20 11:00:00,2025-03-20 15:00:00
693,공원,광진구 기타 장소,2025-03-20 15:00:00,2025-03-20 16:00:00
694,공원,광진구 기타 장소,2025-03-20 16:00:00,2025-03-20 17:00:00
695,스포츠,광진구 배드민턴장,2025-03-20 17:00:00,2025-03-20 18:00:00
696,식사,한강 뚝섬 피크닉존 카페,2025-03-20 18:00:00,2025-03-20 20:00:00
697,운동,건대 헬스장,2025-03-20 20:00:00,2025-03-20 22:00:00
698,공원,광진구 기타 장소,2025-03-20 22:00:00,2025-03-20 23:00:00
699,스포츠,세종대 실내 체육관,2025-03-20 23:00:00,2025-03-21 00:00:00
700,식사,뚝섬 수변 카페,2025-03-21 08:00:00,2025-03-21 10:00:00
701,관람,어린이대공원 공연장,2025-03-21 10:00:00,2025-03-21 12:00:00
702,식사,세종대 부근 맛집,2025-03-21 12:00:00,2025-03-21 14:00:00
703,관람,롯데시네마 건대입구,2025-03-21 14:00:00,2025-03-21 16:00:00
704,공부,광진구 기타 장소,2025-03-21 16:00:00,2025-03-21 19:00:00
705,실내활동,광진구 기타 장소,2025-03-21 19:00:00,2025-03-21 20:00:00
706,공부,광진구 기타 장소,2025-03-21 20:00:00,2025-03-21 21:00:00
707,공부,광진구 기타 장소,2025-03-21 21:00:00,2025-03-21 23:00:00
708,관람,건대 메가박스,2025-03-21 23:00:00,2025-03-22 00:00:00
709,식사,한강 뚝섬 피크닉존 카페,2025-03-22 08:00:00,2025-03-22 10:00:00
710,공원,광진구 기타 장소,2025-03-22 10:00:00,2025-03-22 12:00:00
711,식사,건대입구 음식점,2025-03-22 12:00:00,2025-03-22 14:00:00
712,공원,광진구 기타 장소,2025-03-22 14:00:00,2025-03-22 15:00:00
713,실내활동,광진구 기타 장소,2025-03-22 15:00:00,2025-03-22 16:00:00
714,공원,광진구 기타 장소,2025-03-22 16:00:00,2025-03-22 18:00:00
715,식사,건대입구 음식점,2025-03-22 18:00:00,2025-03-22 20:00:00
716,운동,뚝섬 유원지 요가 센터,2025-03-22 20:00:00,2025-03-23 00:00:00
717,식사,광진구 한식당,2025-03-23 08:00:00,2025-03-23 10:00:00
718,관람,광진문화예술회관,2025-03-23 10:00:00,2025-03-23 11:00:00
719,운동,광진구 등산 코스,2025-03-23 11:00:00,2025-03-23 13:00:00
720,스포츠,한강공원 축구장,2025-03-23 13:00:00,2025-03-23 15:00:00
721,스포츠,서울숲 테니스장,2025-03-23 15:00:00,2025-03-23 18:00:00
722,식사,건대 버거 레스토랑,2025-03-23 18:00:00,2025-03-23 20:00:00
723,관람,서울숲 갤러리,2025-03-23 20:00:00,2025-03-23 23:00:00
724,관람,한강 뚝섬 예술극장,2025-03-23 23:00:00,2025-03-24 00:00:00
725,식사,세종대 부근 맛집,2025-03-24 08:00:00,2025-03-24 10:00:00
726,공부,광진구 기타 장소,2025-03-24 10:00:00,2025-03-24 13:00:00
727,스포츠,어린이대공원 운동장,2025-03-24 13:00:00,2025-03-24 15:00:00
728,공부,광진구 기타 장소,2025-03-24 15:00:00,2025-03-24 17:00:00
729,스포츠,광진구 체육관,2025-03-24 17:00:00,2025-03-24 20:00:00
730,공부,광진구 기타 장소,2025-03-24 20:00:00,2025-03-24 21:00:00
731,운동,한강 자전거 대여소,2025-03-24 21:00:00,2025-03-25 00:00:00
732,식사,어린이대공원 근처 레스토랑,2025-03-25 08:00:00,2025-03-25 10:00:00
733,실내활동,광진구 기타 장소,2025-03-25 10:00:00,2025-03-25 14:00:00
734,실내활동,광진구 기타 장소,2025-03-25 14:00:00,2025-03-25 17:00:00
735,관람,건국대학교 박물관,2025-03-25 17:00:00,2025-03-25 20:00:00
736,실내활동,광진구 기타 장소,2025-03-25 20:00:00,2025-03-25 22:00:00
737,실내활동,광진구 기타 장소,2025-03-25 22:00:00,2025-03-25 23:00:00
738,관람,건대 커뮤니티 아트센터,2025-03-25 23:00:00,2025-03-26 00:00:00
739,스포츠,광진구 체육관,2025-03-25 22:00:00,2025-03-25 23:00:00
740,식사,어린이대공원 근처 레스토랑,2025-03-26 08:00:00,2025-03-26 10:00:00
741,실내활동,광진구 기타 장소,2025-03-26 10:00:00,2025-03-26 14:00:00
742,실내활동,광진구 기타 장소,2025-03-26 14:00:00,2025-03-26 15:00:00
743,실내활동,광진구 기타 장소,2025-03-26 15:00:00,2025-03-26 16:00:00
744,실내활동,광진구 기타 장소,2025-03-26 16:00:00,2025-03-26 17:00:00
745,공부,광진구 기타 장소,2025-03-26 17:00:00,2025-03-26 18:00:00
746,식사,건대입구 전통시장,2025-03-26 18:00:00,2025-03-26 20:00:00
747,공부,광진구 기타 장소,2025-03-26 20:00:00,2025-03-27 00:00:00
748,공원,광진구 기타 장소,2025-03-26 22:00:00,2025-03-26 23:00:00
749,식사,스타시티 푸드코트,2025-03-27 08:00:00,2025-03-27 10:00:00
750,스포츠,한강공원 축구장,2025-03-27 10:00:00,2025-03-27 13:00:00
751,스포츠,어린이대공원 운동장,2025-03-27 13:00:00,2025-03-27 14:00:00
752,스포츠,서울숲 스케이트장,2025-03-27 14:00:00,2025-03-27 16:00:00
753,공원,광진구 기타 장소,2025-03-27 16:00:00,2025-03-27 19:00:00
754,운동,한강 공원,2025-03-27 19:00:00,2025-03-27 22:00:00
755,운동,광진구 공원 체력단련장,2025-03-27 22:00:00,2025-03-28 00:00:00
756,식사,건대입구 음식점,2025-03-28 08:00:00,2025-03-28 10:00:00
757,관람,건대 메가박스,2025-03-28 10:00:00,2025-03-28 11:00:00
758,관람,롯데시네마 건대입구,2025-03-28 11:00:00,2025-03-28 13:00:00
759,관람,한강 뚝섬 예술극장,2025-03-28 13:00:00,2025-03-28 16:00:00
760,공부,광진구 기타 장소,2025-03-28 16:00:00,2025-03-28 20:00:00
761,공부,광진구 기타 장소,2025-03-28 20:00:00,2025-03-28 22:00:00
762,관람,서울숲 갤러리,2025-03-28 22:00:00,2025-03-29 00:00:00
763,실내활동,광진구 기타 장소,2025-03-28 22:00:00,2025-03-28 23:00:00
764,식사,어린이대공원 근처 레스토랑,2025-03-29 08:00:00,2025-03-29 10:00:00
765,공원,광진구 기타 장소,2025-03-29 10:00:00,2025-03-29 14:00:00
766,운동,한강 자전거 대여소,2025-03-29 14:00:00,2025-03-29 18:00:00
767,식사,뚝섬 수변 카페,2025-03-29 18:00:00,2025-03-29 20:00:00
768,실내활동,광진구 기타 장소,2025-03-29 20:00:00,2025-03-30 00:00:00
769,식사,건대입구 음식점,2025-03-30 08:00:00,2025-03-30 10:00:00
770,운동,어린이대공원 실내 체육관,2025-03-30 10:00:00,2025-03-30 14:00:00
771,관람,어린이대공원 공연장,2025-03-30 14:00:00,2025-03-30 16:00:00
772,스포츠,한강공원 축구장,2025-03-30 16:00:00,2025-03-30 18:00:00
773,식사,어린이대공원 근처 레스토랑,2025-03-30 18:00:00,2025-03-30 20:00:00
774,관람,롯데시네마 건대입구,2025-03-30 20:00:00,2025-03-30 22:00:00
775,스포츠,건대 헬스장,2025-03-30 22:00:00,2025-03-31 00:00:00
776,식사,광장시장 맛집,2025-03-31 08:00:00,2025-03-31 10:00:00
777,스포츠,뚝섬 런닝코스,2025-03-31 10:00:00,2025-03-31 13:00:00
778,운동,건대 스포츠 클럽,2025-03-31 13:00:00,2025-03-31 16:00:00
779,공부,광진구 기타 장소,2025-03-31 16:00:00,2025-03-31 20:00:00
780,운동,건대 헬스장,2025-03-31 20:00:00,2025-03-31 23:00:00
781,공부,광진구 기타 장소,2025-03-31 23:00:00,2025-04-01 00:00:00
782,식사,건대입구 음식점,2025-04-01 08:00:00,2025-04-01 10:00:00
783,관람,한강 뚝섬 예술극장,2025-04-01 10:00:00,2025-04-01 11:00:00
784,관람,건국대학교 박물관,2025-04-01 11:00:00,2025-04-01 15:00:00
785,실내활동,광진구 기타 장소,2025-04-01 15:00:00,2025-04-01 18:00:00
786,식사,건대입구 음식점,2025-04-01 18:00:00,2025-04-01 20:00:00
787,관람,건국대학교 박물관,2025-04-01 20:00:00,2025-04-02 00:00:00
788,스포츠,서울숲 테니스장,2025-04-01 22:00:00,2025-04-01 23:00:00
789,식사,어린이대공원 근처 레스토랑,2025-04-02 08:00:00,2025-04-02 10:00:00
790,실내활동,광진구 기타 장소,2025-04-02 10:00:00,2025-04-02 11:00:00
791,공원,광진구 기타 장소,2025-04-02 11:00:00,2025-04-02 13:00:00
792,공원,광진구 기타 장소,2025-04-02 13:00:00,2025-04-02 17:00:00
793,실내활동,광진구 기타 장소,2025-04-02 17:00:00,2025-04-02 20:00:00
794,공원,광진구 기타 장소,2025-04-02 20:00:00,2025-04-02 23:00:00
795,실내활동,광진구 기타 장소,2025-04-02 23:00:00,2025-04-03 00:00:00
796,공부,광진구 기타 장소,2025-04-02 22:00:00,2025-04-02 23:00:00
797,식사,건대 버거 레스토랑,2025-04-03 08:00:00,2025-04-03 10:00:00
798,공원,광진구 기타 장소,2025-04-03 10:00:00,2025-04-03 12:00:00
799,식사,건대입구 전통시장,2025-04-03 12:00:00,2025-04-03 14:00:00
800,공원,광진구 기타 장소,2025-04-03 14:00:00,2025-04-03 15:00:00
801,운동,한강 자전거 대여소,2025-04-03 15:00:00,2025-04-03 18:00:00
802,식사,건대 버거 레스토랑,2025-04-03 18:00:00,2025-04-03 20:00:00
803,스포츠,한강공원 축구장,2025-04-03 20:00:00,2025-04-03 23:00:00
804,스포츠,건대 헬스장,2025-04-03 23:00:00,2025-04-04 00:00:00
805,식사,뚝섬 수변 카페,2025-04-04 08:00:00,2025-04-04 10:00:00
806,관람,건대 커뮤니티 아트센터,2025-04-04 10:00:00,2025-04-04 11:00:00
807,관람,건국대학교 박물관,2025-04-04 11:00:00,2025-04-04 13:00:00
808,관람,뚝섬 전망대,2025-04-04 13:00:00,2025-04-04 17:00:00
809,관람,뚝섬 전망대,2025-04-04 17:00:00,2025-04-04 19:00:00
810,실내활동,광진구 기타 장소,2025-04-04 19:00:00,2025-04-04 22:00:00
811,관람,한강 뚝섬 예술극장,2025-04-04 22:00:00,2025-04-05 00:00:00
812,공부,광진구 기타 장소,2025-04-04 22:00:00,2025-04-04 23:00:00
813,식사,스타시티 푸드코트,2025-04-05 08:00:00,2025-04-05 10:00:00
814,운동,건대 헬스장,2025-04-05 10:00:00,2025-04-05 11:00:00
815,실내활동,광진구 기타 장소,2025-04-05 11:00:00,2025-04-05 12:00:00
816,식사,스타시티 푸드코트,2025-04-05 12:00:00,2025-04-05 14:00:00
817,운동,한강 자전거 대여소,2025-04-05 14:00:00,2025-04-05 18:00:00
818,식사,스타시티 푸드코트,2025-04-05 18:00:00,2025-04-05 20:00:00
819,공원,광진구 기타 장소,2025-04-05 20:00:00,2025-04-05 21:00:00
820,실내활동,광진구 기타 장소,2025-04-05 21:00:00,2025-04-06 00:00:00
821,식사,광장시장 맛집,2025-04-06 08:00:00,2025-04-06 10:00:00
822,스포츠,광진구 체육관,2025-04-06 10:00:00,2025-04-06 13:00:00
823,운동,뚝섬 한강 수영장,2025-04-06 13:00:00,2025-04-06 16:00:00
824,관람,뚝섬 전망대,2025-04-06 16:00:00,2025-04-06 20:00:00
825,관람,어린이대공원 공연장,2025-04-06 20:00:00,2025-04-06 22:00:00
826,스포츠,어린이대공원 운동장,2025-04-06 22:00:00,2025-04-06 23:00:00
827,스포츠,서울숲 스케이트장,2025-04-06 23:00:00,2025-04-07 00:00:00
828,식사,광진구 한식당,2025-04-07 08:00:00,2025-04-07 10:00:00
829,운동,어린이대공원 실내 체육관,2025-04-07 10:00:00,2025-04-07 12:00:00
830,식사,건대입구 전통시장,2025-04-07 12:00:00,2025-04-07 14:00:00
831,공부,광진구 기타 장소,2025-04-07 14:00:00,2025-04-07 17:00:00
832,공부,광진구 기타 장소,2025-04-07 17:00:00,2025-04-07 19:00:00
833,공부,광진구 기타 장소,2025-04-07 19:00:00,2025-04-07 20:00:00
834,스포츠,건대 헬스장,2025-04-07 20:00:00,2025-04-07 21:00:00
835,운동,건대 헬스장,2025-04-07 21:00:00,2025-04-07 22:00:00
836,운동,한강 공원,2025-04-07 22:00:00,2025-04-07 23:00:00
837,공부,광진구 기타 장소,2025-04-07 23:00:00,2025-04-08 00:00:00
838,식사,건대입구 전통시장,2025-04-08 08:00:00,2025-04-08 10:00:00
839,실내활동,광진구 기타 장소,2025-04-08 10:00:00,2025-04-08 14:00:00
840,관람,서울숲 갤러리,2025-04-08 14:00:00,2025-04-08 15:00:00
841,스포츠,광진구 요가 스튜디오,2025-04-08 15:00:00,2025-04-08 16:00:00
842,실내활동,광진구 기타 장소,2025-04-08 16:00:00,2025-04-08 20:00:00
843,관람,광진문화예술회관,2025-04-08 20:00:00,2025-04-08 21:00:00
844,관람,뚝섬 전망대,2025-04-08 21:00:00,2025-04-09 00:00:00
845,식사,건대입구 음식점,2025-04-09 08:00:00,2025-04-09 10:00:00
846,공부,광진구 기타 장소,2025-04-09 10:00:00,2025-04-09 11:00:00
847,실내활동,광진구 기타 장소,2025-04-09 11:00:00,2025-04-09 15:00:00
848,실내활동,광진구 기타 장소,2025-04-09 15:00:00,2025-04-09 19:00:00
849,실내활동,광진구 기타 장소,2025-04-09 19:00:00,2025-04-09 20:00:00
850,공부,광진구 기타 장소,2025-04-09 20:00:00,2025-04-09 22:00:00
851,공원,광진구 기타 장소,2025-04-09 22:00:00,2025-04-10 00:00:00
852,식사,뚝섬 수변 카페,2025-04-10 08:00:00,2025-04-10 10:00:00
853,공원,광진구 기타 장소,2025-04-10 10:00:00,2025-04-10 13:00:00
854,스포츠,광진구 배드민턴장,2025-04-10 13:00:00,2025-04-10 17:00:00
855,운동,뚝섬 한강 수영장,2025-04-10 17:00:00,2025-04-10 20:00:00
856,운동,건대 헬스장,2025-04-10 20:00:00,2025-04-10 23:00:00
857,공원,광진구 기타 장소,2025-04-10 23:00:00,2025-04-11 00:00:00
858,식사,한강 뚝섬 피크닉존 카페,2025-04-11 08:00:00,2025-04-11 10:00:00
859,공부,광진구 기타 장소,2025-04-11 10:00:00,2025-04-11 12:00:00
860,식사,광장시장 맛집,2025-04-11 12:00:00,2025-04-11 14:00:00
861,실내활동,광진구 기타 장소,2025-04-11 14:00:00,2025-04-11 17:00:00
862,관람,롯데시네마 건대입구,2025-04-11 17:00:00,2025-04-11 21:00:00
863,실내활동,광진구 기타 장소,2025-04-11 21:00:00,2025-04-11 23:00:00
864,실내활동,광진구 기타 장소,2025-04-11 23:00:00,2025-04-12 00:00:00
865,식사,세종대 부근 맛집,2025-04-12 08:00:00,2025-04-12 10:00:00
866,공원,광진구 기타 장소,2025-04-12 10:00:00,2025-04-12 11:00:00
867,운동,건대 헬스장,2025-04-12 11:00:00,2025-04-12 12:00:00
868,식사,광장시장 맛집,2025-04-12 12:00:00,2025-04-12 14:00:00
869,실내활동,광진구 기타 장소,2025-04-12 14:00:00,2025-04-12 15:00:00
870,실내활동,광진구 기타 장소,2025-04-12 15:00:00,2025-04-12 16:00:00
871,공원,광진구 기타 장소,2025-04-12 16:00:00,2025-04-12 18:00:00
872,식사,한강 뚝섬 피크닉존 카페,2025-04-12 18:00:00,2025-04-12 20:00:00
873,공원,광진구 기타 장소,2025-04-12 20:00:00,2025-04-12 22:00:00
874,실내활동,광진구 기타 장소,2025-04-12 22:00:00,2025-04-13 00:00:00
875,식사,어린이대공원 근처 레스토랑,2025-04-13 08:00:00,2025-04-13 10:00:00
876,관람,건대 커뮤니티 아트센터,2025-04-13 10:00:00,2025-04-13 11:00:00
877,스포츠,건대 헬스장,2025-04-13 11:00:00,2025-04-13 13:00:00
878,스포츠,서울숲 테니스장,2025-04-13 13:00:00,2025-04-13 16:00:00
879,관람,뚝섬 전망대,2025-04-13 16:00:00,2025-04-13 20:00:00
880,스포츠,건대 헬스장,2025-04-13 20:00:00,2025-04-14 00:00:00
881,운동,뚝섬 유원지 요가 센터,2025-04-13 22:00:00,2025-04-13 23:00:00
882,식사,건대입구 전통시장,2025-04-14 08:00:00,2025-04-14 10:00:00
883,공부,광진구 기타 장소,2025-04-14 10:00:00,2025-04-14 11:00:00
884,공부,광진구 기타 장소,2025-04-14 11:00:00,2025-04-14 15:00:00
885,운동,서울숲 조깅 트랙,2025-04-14 15:00:00,2025-04-14 18:00:00
886,식사,건대 버거 레스토랑,2025-04-14 18:00:00,2025-04-14 20:00:00
887,스포츠,서울숲 스케이트장,2025-04-14 20:00:00,2025-04-14 23:00:00
888,공부,광진구 기타 장소,2025-04-14 23:00:00,2025-04-15 00:00:00
889,식사,광장시장 맛집,2025-04-15 08:00:00,2025-04-15 10:00:00
890,스포츠,세종대 실내 체육관,2025-04-15 10:00:00,2025-04-15 11:00:00
891,스포츠,세종대 실내 체육관,2025-04-15 11:00:00,2025-04-15 12:00:00
892,식사,뚝섬 수변 카페,2025-04-15 12:00:00,2025-04-15 14:00:00
893,스포츠,세종대 실내 체육관,2025-04-15 14:00:00,2025-04-15 18:00:00
894,식사,건대입구 음식점,2025-04-15 18:00:00,2025-04-15 20:00:00
895,관람,건대 메가박스,2025-04-15 20:00:00,2025-04-15 21:00:00
896,스포츠,한강공원 축구장,2025-04-15 21:00:00,2025-04-15 22:00:00
897,스포츠,한강공원 축구장,2025-04-15 22:00:00,2025-04-16 00:00:00
898,실내활동,광진구 기타 장소,2025-04-15 22:00:00,2025-04-15 23:00:00
899,식사,어린이대공원 근처 레스토랑,2025-04-16 08:00:00,2025-04-16 10:00:00
900,공원,광진구 기타 장소,2025-04-16 10:00:00,2025-04-16 14:00:00
901,공원,광진구 기타 장소,2025-04-16 14:00:00,2025-04-16 16:00:00
902,공부,광진구 기타 장소,2025-04-16 16:00:00,2025-04-16 18:00:00
903,식사,한강 뚝섬 피크닉존 카페,2025-04-16 18:00:00,2025-04-16 20:00:00
904,공부,광진구 기타 장소,2025-04-16 20:00:00,2025-04-16 21:00:00
905,실내활동,광진구 기타 장소,2025-04-16 21:00:00,2025-04-16 22:00:00
906,공원,광진구 기타 장소,2025-04-16 22:00:00,2025-04-16 23:00:00
907,실내활동,광진구 기타 장소,2025-04-16 23:00:00,2025-04-17 00:00:00
908,식사,어린이대공원 근처 레스토랑,2025-04-17 08:00:00,2025-04-17 10:00:00
909,운동,서울숲 조깅 트랙,2025-04-17 10:00:00,2025-04-17 13:00:00
910,운동,한강 공원,2025-04-17 13:00:00,2025-04-17 14:00:00
911,운동,한강 자전거 대여소,2025-04-17 14:00:00,2025-04-17 15:00:00
912,공원,광진구 기타 장소,2025-04-17 15:00:00,2025-04-17 17:00:00
913,공원,광진구 기타 장소,2025-04-17 17:00:00,2025-04-17 20:00:00
914,스포츠,서울숲 스케이트장,2025-04-17 20:00:00,2025-04-18 00:00:00
915,식사,뚝섬 수변 카페,2025-04-18 08:00:00,2025-04-18 10:00:00
916,실내활동,광진구 기타 장소,2025-04-18 10:00:00,2025-04-18 14:00:00
917,관람,건대 메가박스,2025-04-18 14:00:00,2025-04-18 15:00:00
918,실내활동,광진구 기타 장소,2025-04-18 15:00:00,2025-04-18 18:00:00
919,식사,광진구 한식당,2025-04-18 18:00:00,2025-04-18 20:00:00
920,실내활동,광진구 기타 장소,2025-04-18 20:00:00,2025-04-19 00:00:00
921,공부,광진구 기타 장소,2025-04-18 22:00:00,2025-04-18 23:00:00
922,식사,광장시장 맛집,2025-04-19 08:00:00,2025-04-19 10:00:00
923,실내활동,광진구 기타 장소,2025-04-19 10:00:00,2025-04-19 13:00:00
924,실내활동,광진구 기타 장소,2025-04-19 13:00:00,2025-04-19 14:00:00
925,운동,어린이대공원 실내 체육관,2025-04-19 14:00:00,2025-04-19 18:00:00
926,식사,건대 버거 레스토랑,2025-04-19 18:00:00,2025-04-19 20:00:00
927,공원,광진구 기타 장소,2025-04-19 20:00:00,2025-04-19 21:00:00
928,운동,어린이대공원 실내 체육관,2025-04-19 21:00:00,2025-04-19 22:00:00
929,운동,한강 자전거 대여소,2025-04-19 22:00:00,2025-04-20 00:00:00
930,식사,건대입구 음식점,2025-04-20 08:00:00,2025-04-20 10:00:00
931,운동,뚝섬 한강 수영장,2025-04-20 10:00:00,2025-04-20 12:00:00
932,식사,뚝섬 수변 카페,2025-04-20 12:00:00,2025-04-20 14:00:00
933,운동,한강 자전거 대여소,2025-04-20 14:00:00,2025-04-20 16:00:00
934,운동,한강 공원,2025-04-20 16:00:00,2025-04-20 19:00:00
935,운동,한강 자전거 대여소,2025-04-20 19:00:00,2025-04-20 22:00:00
936,관람,뚝섬 전망대,2025-04-20 22:00:00,2025-04-21 00:00:00
937,스포츠,광진구 체육관,2025-04-20 22:00:00,2025-04-20 23:00:00
938,식사,건대입구 전통시장,2025-04-21 08:00:00,2025-04-21 10:00:00
939,스포츠,광진구 체육관,2025-04-21 10:00:00,2025-04-21 14:00:00
940,스포츠,한강공원 축구장,2025-04-21 14:00:00,2025-04-21 15:00:00
941,공부,광진구 기타 장소,2025-04-21 15:00:00,2025-04-21 18:00:00
942,식사,어린이대공원 근처 레스토랑,2025-04-21 18:00:00,2025-04-21 20:00:00
943,스포츠,한강공원 축구장,2025-04-21 20:00:00,2025-04-21 22:00:00
944,운동,건대 스포츠 클럽,2025-04-21 22:00:00,2025-04-22 00:00:00
945,식사,한강 뚝섬 피크닉존 카페,2025-04-22 08:00:00,2025-04-22 10:00:00
946,관람,광진문화예술회관,2025-04-22 10:00:00,2025-04-22 14:00:00
947,스포츠,서울숲 테니스장,2025-04-22 14:00:00,2025-04-22 16:00:00
948,스포츠,광진구 체육관,2025-04-22 16:00:00,2025-04-22 19:00:00
949,스포츠,서울숲 테니스장,2025-04-22 19:00:00,2025-04-22 23:00:00
950,스포츠,광진구 배드민턴장,2025-04-22 23:00:00,2025-04-23 00:00:00
951,실내활동,광진구 기타 장소,2025-04-22 22:00:00,2025-04-22 23:00:00
952,식사,어린이대공원 근처 레스토랑,2025-04-23 08:00:00,2025-04-23 10:00:00
953,공원,광진구 기타 장소,2025-04-23 10:00:00,2025-04-23 13:00:00
954,실내활동,광진구 기타 장소,2025-04-23 13:00:00,2025-04-23 17:00:00
955,실내활동,광진구 기타 장소,2025-04-23 17:00:00,2025-04-23 20:00:00
956,실내활동,광진구 기타 장소,2025-04-23 20:00:00,2025-04-23 23:00:00
957,공원,광진구 기타 장소,2025-04-23 23:00:00,2025-04-24 00:00:00
958,공부,광진구 기타 장소,2025-04-23 22:00:00,2025-04-23 23:00:00
959,식사,건대입구 음식점,2025-04-24 08:00:00,2025-04-24 10:00:00
960,운동,뚝섬 한강 수영장,2025-04-24 10:00:00,2025-04-24 12:00:00
961,식사,광장시장 맛집,2025-04-24 12:00:00,2025-04-24 14:00:00
962,스포츠,서울숲 테니스장,2025-04-24 14:00:00,2025-04-24 18:00:00
963,식사,건대입구 전통시장,2025-04-24 18:00:00,2025-04-24 20:00:00
964,공원,광진구 기타 장소,2025-04-24 20:00:00,2025-04-24 23:00:00
965,공원,광진구 기타 장소,2025-04-24 23:00:00,2025-04-25 00:00:00
966,식사,광진구 한식당,2025-04-25 08:00:00,2025-04-25 10:00:00
967,실내활동,광진구 기타 장소,2025-04-25 10:00:00,2025-04-25 13:00:00
968,관람,롯데시네마 건대입구,2025-04-25 13:00:00,2025-04-25 16:00:00
969,실내활동,광진구 기타 장소,2025-04-25 16:00:00,2025-04-25 19:00:00
970,공부,광진구 기타 장소,2025-04-25 19:00:00,2025-04-25 22:00:00
971,실내활동,광진구 기타 장소,2025-04-25 22:00:00,2025-04-26 00:00:00
972,식사,한강 뚝섬 피크닉존 카페,2025-04-26 08:00:00,2025-04-26 10:00:00
973,운동,한강 공원,2025-04-26 10:00:00,2025-04-26 14:00:00
974,운동,광진구 등산 코스,2025-04-26 14:00:00,2025-04-26 15:00:00
975,실내활동,광진구 기타 장소,2025-04-26 15:00:00,2025-04-26 19:00:00
976,실내활동,광진구 기타 장소,2025-04-26 19:00:00,2025-04-26 22:00:00
977,실내활동,광진구 기타 장소,2025-04-26 22:00:00,2025-04-26 23:00:00
978,실내활동,광진구 기타 장소,2025-04-26 23:00:00,2025-04-27 00:00:00
979,공원,광진구 기타 장소,2025-04-26 22:00:00,2025-04-26 23:00:00
980,식사,건대입구 음식점,2025-04-27 08:00:00,2025-04-27 10:00:00
981,스포츠,건대 헬스장,2025-04-27 10:00:00,2025-04-27 14:00:00
982,관람,건대 메가박스,2025-04-27 14:00:00,2025-04-27 16:00:00
983,관람,광진문화예술회관,2025-04-27 16:00:00,2025-04-27 18:00:00
984,식사,뚝섬 수변 카페,2025-04-27 18:00:00,2025-04-27 20:00:00
985,스포츠,서울숲 테니스장,2025-04-27 20:00:00,2025-04-27 21:00:00
986,스포츠,어린이대공원 운동장,2025-04-27 21:00:00,2025-04-27 23:00:00
987,스포츠,광진구 배드민턴장,2025-04-27 23:00:00,2025-04-28 00:00:00
988,운동,뚝섬 유원지 요가 센터,2025-04-27 22:00:00,2025-04-27 23:00:00
989,식사,광진구 한식당,2025-04-28 08:00:00,2025-04-28 10:00:00
990,운동,어린이대공원 실내 체육관,2025-04-28 10:00:00,2025-04-28 14:00:00
991,스포츠,세종대 실내 체육관,2025-04-28 14:00:00,2025-04-28 18:00:00
992,식사,어린이대공원 근처 레스토랑,2025-04-28 18:00:00,2025-04-28 20:00:00
993,운동,뚝섬 한강 수영장,2025-04-28 20:00:00,2025-04-28 21:00:00
994,운동,광진구 공원 체력단련장,2025-04-28 21:00:00,2025-04-29 00:00:00
995,공부,광진구 기타 장소,2025-04-28 22:00:00,2025-04-28 23:00:00
996,식사,세종대 부근 맛집,2025-04-29 08:00:00,2025-04-29 10:00:00
997,스포츠,뚝섬 런닝코스,2025-04-29 10:00:00,2025-04-29 11:00:00
998,스포츠,서울숲 테니스장,2025-04-29 11:00:00,2025-04-29 13:00:00
999,관람,한강 뚝섬 예술극장,2025-04-29 13:00:00,2025-04-29 15:00:00
1000,스포츠,건대 헬스장,2025-04-29 15:00:00,2025-04-29 18:00:00
1001,식사,광장시장 맛집,2025-04-29 18:00:00,2025-04-29 20:00:00
1002,실내활동,광진구 기타 장소,2025-04-29 20:00:00,2025-04-29 22:00:00
1003,실내활동,광진구 기타 장소,2025-04-29 22:00:00,2025-04-30 00:00:00
1004,식사,건대입구 전통시장,2025-04-30 08:00:00,2025-04-30 10:00:00
1005,공부,광진구 기타 장소,2025-04-30 10:00:00,2025-04-30 12:00:00
1006,식사,광장시장 맛집,2025-04-30 12:00:00,2025-04-30 14:00:00
1007,공부,광진구 기타 장소,2025-04-30 14:00:00,2025-04-30 17:00:00
1008,실내활동,광진구 기타 장소,2025-04-30 17:00:00,2025-04-30 21:00:00
1009,실내활동,광진구 기타 장소,2025-04-30 21:00:00,2025-05-01 00:00:00
1010,공원,광진구 기타 장소,2025-04-30 22:00:00,2025-04-30 23:00:00
1011,식사,스타시티 푸드코트,2025-05-01 08:00:00,2025-05-01 10:00:00
1012,스포츠,뚝섬 런닝코스,2025-05-01 10:00:00,2025-05-01 13:00:00
1013,공원,광진구 기타 장소,2025-05-01 13:00:00,2025-05-01 17:00:00
1014,공원,광진구 기타 장소,2025-05-01 17:00:00,2025-05-01 18:00:00
1015,식사,세종대 부근 맛집,2025-05-01 18:00:00,2025-05-01 20:00:00
1016,운동,광진구 공원 체력단련장,2025-05-01 20:00:00,2025-05-01 21:00:00
1017,운동,건대 스포츠 클럽,2025-05-01 21:00:00,2025-05-01 23:00:00
1018,운동,뚝섬 유원지 요가 센터,2025-05-01 23:00:00,2025-05-02 00:00:00
1019,식사,광장시장 맛집,2025-05-02 08:00:00,2025-05-02 10:00:00
1020,공부,광진구 기타 장소,2025-05-02 10:00:00,2025-05-02 11:00:00
1021,공부,광진구 기타 장소,2025-05-02 11:00:00,2025-05-02 13:00:00
1022,공부,광진구 기타 장소,2025-05-02 13:00:00,2025-05-02 15:00:00
1023,공부,광진구 기타 장소,2025-05-02 15:00:00,2025-05-02 19:00:00
1024,관람,롯데시네마 건대입구,2025-05-02 19:00:00,2025-05-02 23:00:00
1025,관람,건국대학교 박물관,2025-05-02 23:00:00,2025-05-03 00:00:00
1026,실내활동,광진구 기타 장소,2025-05-02 22:00:00,2025-05-02 23:00:00
1027,식사,어린이대공원 근처 레스토랑,2025-05-03 08:00:00,2025-05-03 10:00:00
1028,운동,건대 헬스장,2025-05-03 10:00:00,2025-05-03 13:00:00
1029,실내활동,광진구 기타 장소,2025-05-03 13:00:00,2025-05-03 15:00:00
1030,공원,광진구 기타 장소,2025-05-03 15:00:00,2025-05-03 17:00:00
1031,실내활동,광진구 기타 장소,2025-05-03 17:00:00,2025-05-03 18:00:00
1032,식사,건대입구 전통시장,2025-05-03 18:00:00,2025-05-03 20:00:00
1033,실내활동,광진구 기타 장소,2025-05-03 20:00:00,2025-05-03 21:00:00
1034,운동,광진구 등산 코스,2025-05-03 21:00:00,2025-05-04 00:00:00
1035,식사,건대입구 전통시장,2025-05-04 08:00:00,2025-05-04 10:00:00
1036,관람,건대 커뮤니티 아트센터,2025-05-04 10:00:00,2025-05-04 14:00:00
1037,관람,뚝섬 전망대,2025-05-04 14:00:00,2025-05-04 18:00:00
1038,식사,건대 버거 레스토랑,2025-05-04 18:00:00,2025-05-04 20:00:00
1039,관람,롯데시네마 건대입구,2025-05-04 20:00:00,2025-05-05 00:00:00
1040,운동,뚝섬 유원지 요가 센터,2025-05-04 22:00:00,2025-05-04 23:00:00
1041,스포츠,광진구 체육관,2025-05-04 22:00:00,2025-05-04 23:00:00
1042,식사,건대 버거 레스토랑,2025-05-05 08:00:00,2025-05-05 10:00:00
1043,운동,건대 스포츠 클럽,2025-05-05 10:00:00,2025-05-05 11:00:00
1044,운동,건대 헬스장,2025-05-05 11:00:00,2025-05-05 12:00:00
1045,식사,광진구 한식당,2025-05-05 12:00:00,2025-05-05 14:00:00
1046,스포츠,광진구 요가 스튜디오,2025-05-05 14:00:00,2025-05-05 17:00:00
1047,스포츠,건대 헬스장,2025-05-05 17:00:00,2025-05-05 19:00:00
1048,공부,광진구 기타 장소,2025-05-05 19:00:00,2025-05-05 20:00:00
1049,공부,광진구 기타 장소,2025-05-05 20:00:00,2025-05-05 23:00:00
1050,운동,한강 공원,2025-05-05 23:00:00,2025-05-06 00:00:00
1051,식사,한강 뚝섬 피크닉존 카페,2025-05-06 08:00:00,2025-05-06 10:00:00
1052,실내활동,광진구 기타 장소,2025-05-06 10:00:00,2025-05-06 13:00:00
1053,스포츠,광진구 체육관,2025-05-06 13:00:00,2025-05-06 16:00:00
1054,실내활동,광진구 기타 장소,2025-05-06 16:00:00,2025-05-06 18:00:00
1055,식사,광진구 한식당,2025-05-06 18:00:00,2025-05-06 20:00:00
1056,스포츠,광진구 배드민턴장,2025-05-06 20:00:00,2025-05-06 21:00:00
1057,관람,광진구 시립극장,2025-05-06 21:00:00,2025-05-06 23:00:00
1058,스포츠,광진구 요가 스튜디오,2025-05-06 23:00:00,2025-05-07 00:00:00
1059,식사,건대입구 음식점,2025-05-07 08:00:00,2025-05-07 10:00:00
1060,실내활동,광진구 기타 장소,2025-05-07 10:00:00,2025-05-07 11:00:00
1061,실내활동,광진구 기타 장소,2025-05-07 11:00:00,2025-05-07 15:00:00
1062,실내활동,광진구 기타 장소,2025-05-07 15:00:00,2025-05-07 19:00:00
1063,공부,광진구 기타 장소,2025-05-07 19:00:00,2025-05-07 22:00:00
1064,공원,광진구 기타 장소,2025-05-07 22:00:00,2025-05-07 23:00:00
1065,공부,광진구 기타 장소,2025-05-07 23:00:00,2025-05-08 00:00:00
1066,식사,뚝섬 수변 카페,2025-05-08 08:00:00,2025-05-08 10:00:00
1067,공원,광진구 기타 장소,2025-05-08 10:00:00,2025-05-08 14:00:00
1068,공원,광진구 기타 장소,2025-05-08 14:00:00,2025-05-08 17:00:00
1069,스포츠,한강공원 축구장,2025-05-08 17:00:00,2025-05-08 19:00:00
1070,스포츠,어린이대공원 운동장,2025-05-08 19:00:00,2025-05-08 23:00:00
1071,공원,광진구 기타 장소,2025-05-08 23:00:00,2025-05-09 00:00:00
1072,운동,뚝섬 한강 수영장,2025-05-08 22:00:00,2025-05-08 23:00:00
1073,식사,세종대 부근 맛집,2025-05-09 08:00:00,2025-05-09 10:00:00
1074,공부,광진구 기타 장소,2025-05-09 10:00:00,2025-05-09 11:00:00
1075,관람,광진구 시립극장,2025-05-09 11:00:00,2025-05-09 13:00:00
1076,실내활동,광진구 기타 장소,2025-05-09 13:00:00,2025-05-09 17:00:00
1077,관람,한강 뚝섬 예술극장,2025-05-09 17:00:00,2025-05-09 20:00:00
1078,관람,롯데시네마 건대입구,2025-05-09 20:00:00,2025-05-09 23:00:00
1079,공부,광진구 기타 장소,2025-05-09 23:00:00,2025-05-10 00:00:00
1080,식사,스타시티 푸드코트,2025-05-10 08:00:00,2025-05-10 10:00:00
1081,운동,뚝섬 유원지 요가 센터,2025-05-10 10:00:00,2025-05-10 14:00:00
1082,실내활동,광진구 기타 장소,2025-05-10 14:00:00,2025-05-10 16:00:00
1083,운동,한강 자전거 대여소,2025-05-10 16:00:00,2025-05-10 20:00:00
1084,운동,뚝섬 한강 수영장,2025-05-10 20:00:00,2025-05-10 23:00:00
1085,운동,광진구 공원 체력단련장,2025-05-10 23:00:00,2025-05-11 00:00:00
1086,공원,광진구 기타 장소,2025-05-10 22:00:00,2025-05-10 23:00:00
1087,식사,광장시장 맛집,2025-05-11 08:00:00,2025-05-11 10:00:00
1088,관람,건대 메가박스,2025-05-11 10:00:00,2025-05-11 14:00:00
1089,운동,건대 스포츠 클럽,2025-05-11 14:00:00,2025-05-11 18:00:00
1090,식사,건대 버거 레스토랑,2025-05-11 18:00:00,2025-05-11 20:00:00
1091,스포츠,어린이대공원 운동장,2025-05-11 20:00:00,2025-05-12 00:00:00
1092,식사,건대 버거 레스토랑,2025-05-12 08:00:00,2025-05-12 10:00:00
1093,운동,서울숲 조깅 트랙,2025-05-12 10:00:00,2025-05-12 13:00:00
1094,공부,광진구 기타 장소,2025-05-12 13:00:00,2025-05-12 16:00:00
1095,운동,광진구 공원 체력단련장,2025-05-12 16:00:00,2025-05-12 18:00:00
1096,식사,어린이대공원 근처 레스토랑,2025-05-12 18:00:00,2025-05-12 20:00:00
1097,스포츠,세종대 실내 체육관,2025-05-12 20:00:00,2025-05-13 00:00:00
1098,식사,광진구 한식당,2025-05-13 08:00:00,2025-05-13 10:00:00
1099,관람,어린이대공원 공연장,2025-05-13 10:00:00,2025-05-13 14:00:00
1100,관람,어린이대공원 공연장,2025-05-13 14:00:00,2025-05-13 16:00:00
1101,실내활동,광진구 기타 장소,2025-05-13 16:00:00,2025-05-13 18:00:00
1102,식사,세종대 부근 맛집,2025-05-13 18:00:00,2025-05-13 20:00:00
1103,관람,광진구 시립극장,2025-05-13 20:00:00,2025-05-13 22:00:00
1104,실내활동,광진구 기타 장소,2025-05-13 22:00:00,2025-05-14 00:00:00
1105,스포츠,광진구 체육관,2025-05-13 22:00:00,2025-05-13 23:00:00
1106,식사,세종대 부근 맛집,2025-05-14 08:00:00,2025-05-14 10:00:00
1107,공원,광진구 기타 장소,2025-05-14 10:00:00,2025-05-14 13:00:00
1108,공부,광진구 기타 장소,2025-05-14 13:00:00,2025-05-14 14:00:00
1109,실내활동,광진구 기타 장소,2025-05-14 14:00:00,2025-05-14 15:00:00
1110,실내활동,광진구 기타 장소,2025-05-14 15:00:00,2025-05-14 17:00:00
1111,공부,광진구 기타 장소,2025-05-14 17:00:00,2025-05-14 18:00:00
1112,식사,한강 뚝섬 피크닉존 카페,2025-05-14 18:00:00,2025-05-14 20:00:00
1113,공원,광진구 기타 장소,2025-05-14 20:00:00,2025-05-14 22:00:00
1114,공원,광진구 기타 장소,2025-05-14 22:00:00,2025-05-15 00:00:00
1115,식사,건대입구 전통시장,2025-05-15 08:00:00,2025-05-15 10:00:00
1116,스포츠,광진구 배드민턴장,2025-05-15 10:00:00,2025-05-15 13:00:00
1117,운동,한강 공원,2025-05-15 13:00:00,2025-05-15 14:00:00
1118,공원,광진구 기타 장소,2025-05-15 14:00:00,2025-05-15 17:00:00
1119,스포츠,광진구 배드민턴장,2025-05-15 17:00:00,2025-05-15 18:00:00
1120,식사,건대입구 음식점,2025-05-15 18:00:00,2025-05-15 20:00:00
1121,운동,한강 공원,2025-05-15 20:00:00,2025-05-16 00:00:00
1122,식사,광장시장 맛집,2025-05-16 08:00:00,2025-05-16 10:00:00
1123,실내활동,광진구 기타 장소,2025-05-16 10:00:00,2025-05-16 13:00:00
1124,공부,광진구 기타 장소,2025-05-16 13:00:00,2025-05-16 15:00:00
1125,관람,서울숲 갤러리,2025-05-16 15:00:00,2025-05-16 18:00:00
1126,식사,광진구 한식당,2025-05-16 18:00:00,2025-05-16 20:00:00
1127,실내활동,광진구 기타 장소,2025-05-16 20:00:00,2025-05-17 00:00:00
1128,식사,한강 뚝섬 피크닉존 카페,2025-05-17 08:00:00,2025-05-17 10:00:00
1129,운동,광진구 등산 코스,2025-05-17 10:00:00,2025-05-17 14:00:00
1130,실내활동,광진구 기타 장소,2025-05-17 14:00:00,2025-05-17 16:00:00
1131,운동,건대 스포츠 클럽,2025-05-17 16:00:00,2025-05-17 19:00:00
1132,운동,서울숲 조깅 트랙,2025-05-17 19:00:00,2025-05-17 21:00:00
1133,실내활동,광진구 기타 장소,2025-05-17 21:00:00,2025-05-18 00:00:00
1134,공원,광진구 기타 장소,2025-05-17 22:00:00,2025-05-17 23:00:00
1135,식사,뚝섬 수변 카페,2025-05-18 08:00:00,2025-05-18 10:00:00
1136,스포츠,서울숲 테니스장,2025-05-18 10:00:00,2025-05-18 12:00:00
1137,식사,스타시티 푸드코트,2025-05-18 12:00:00,2025-05-18 14:00:00
1138,관람,롯데시네마 건대입구,2025-05-18 14:00:00,2025-05-18 15:00:00
1139,스포츠,서울숲 스케이트장,2025-05-18 15:00:00,2025-05-18 19:00:00
1140,운동,뚝섬 한강 수영장,2025-05-18 19:00:00,2025-05-18 23:00:00
1141,스포츠,서울숲 스케이트장,2025-05-18 23:00:00,2025-05-19 00:00:00
1142,식사,세종대 부근 맛집,2025-05-19 08:00:00,2025-05-19 10:00:00
1143,스포츠,어린이대공원 운동장,2025-05-19 10:00:00,2025-05-19 11:00:00
1144,스포츠,뚝섬 런닝코스,2025-05-19 11:00:00,2025-05-19 15:00:00
1145,스포츠,건대 헬스장,2025-05-19 15:00:00,2025-05-19 19:00:00
1146,스포츠,어린이대공원 운동장,2025-05-19 19:00:00,2025-05-19 21:00:00
1147,운동,뚝섬 유원지 요가 센터,2025-05-19 21:00:00,2025-05-20 00:00:00
1148,공부,광진구 기타 장소,2025-05-19 22:00:00,2025-05-19 23:00:00
1149,식사,광진구 한식당,2025-05-20 08:00:00,2025-05-20 10:00:00
1150,관람,광진구 시립극장,2025-05-20 10:00:00,2025-05-20 14:00:00
1151,관람,광진문화예술회관,2025-05-20 14:00:00,2025-05-20 18:00:00
1152,식사,광진구 한식당,2025-05-20 18:00:00,2025-05-20 20:00:00
1153,관람,광진문화예술회관,2025-05-20 20:00:00,2025-05-20 23:00:00
1154,관람,건대 메가박스,2025-05-20 23:00:00,2025-05-21 00:00:00
1155,스포츠,세종대 실내 체육관,2025-05-20 22:00:00,2025-05-20 23:00:00
1156,실내활동,광진구 기타 장소,2025-05-20 22:00:00,2025-05-20 23:00:00
1157,식사,뚝섬 수변 카페,2025-05-21 08:00:00,2025-05-21 10:00:00
1158,공원,광진구 기타 장소,2025-05-21 10:00:00,2025-05-21 13:00:00
1159,공부,광진구 기타 장소,2025-05-21 13:00:00,2025-05-21 14:00:00
1160,공원,광진구 기타 장소,2025-05-21 14:00:00,2025-05-21 15:00:00
1161,공원,광진구 기타 장소,2025-05-21 15:00:00,2025-05-21 16:00:00
1162,공부,광진구 기타 장소,2025-05-21 16:00:00,2025-05-21 19:00:00
1163,공원,광진구 기타 장소,2025-05-21 19:00:00,2025-05-21 22:00:00
1164,실내활동,광진구 기타 장소,2025-05-21 22:00:00,2025-05-22 00:00:00
1165,식사,세종대 부근 맛집,2025-05-22 08:00:00,2025-05-22 10:00:00
1166,운동,광진구 공원 체력단련장,2025-05-22 10:00:00,2025-05-22 12:00:00
1167,식사,광진구 한식당,2025-05-22 12:00:00,2025-05-22 14:00:00
1168,운동,광진구 등산 코스,2025-05-22 14:00:00,2025-05-22 15:00:00
1169,운동,한강 자전거 대여소,2025-05-22 15:00:00,2025-05-22 19:00:00
1170,스포츠,한강공원 축구장,2025-05-22 19:00:00,2025-05-22 22:00:00
1171,운동,광진구 등산 코스,2025-05-22 22:00:00,2025-05-23 00:00:00
1172,공원,광진구 기타 장소,2025-05-22 22:00:00,2025-05-22 23:00:00
1173,식사,뚝섬 수변 카페,2025-05-23 08:00:00,2025-05-23 10:00:00
1174,실내활동,광진구 기타 장소,2025-05-23 10:00:00,2025-05-23 12:00:00
1175,식사,스타시티 푸드코트,2025-05-23 12:00:00,2025-05-23 14:00:00
1176,공부,광진구 기타 장소,2025-05-23 14:00:00,2025-05-23 16:00:00
1177,공부,광진구 기타 장소,2025-05-23 16:00:00,2025-05-23 19:00:00
1178,공부,광진구 기타 장소,2025-05-23 19:00:00,2025-05-23 21:00:00
1179,공부,광진구 기타 장소,2025-05-23 21:00:00,2025-05-24 00:00:00
1180,관람,어린이대공원 공연장,2025-05-23 22:00:00,2025-05-23 23:00:00
1181,식사,한강 뚝섬 피크닉존 카페,2025-05-24 08:00:00,2025-05-24 10:00:00
1182,공원,광진구 기타 장소,2025-05-24 10:00:00,2025-05-24 11:00:00
1183,실내활동,광진구 기타 장소,2025-05-24 11:00:00,2025-05-24 14:00:00
1184,운동,뚝섬 유원지 요가 센터,2025-05-24 14:00:00,2025-05-24 18:00:00
1185,식사,건대입구 음식점,2025-05-24 18:00:00,2025-05-24 20:00:00
1186,실내활동,광진구 기타 장소,2025-05-24 20:00:00,2025-05-24 21:00:00
1187,공원,광진구 기타 장소,2025-05-24 21:00:00,2025-05-25 00:00:00
1188,식사,광장시장 맛집,2025-05-25 08:00:00,2025-05-25 10:00:00
1189,관람,한강 뚝섬 예술극장,2025-05-25 10:00:00,2025-05-25 11:00:00
1190,스포츠,서울숲 테니스장,2025-05-25 11:00:00,2025-05-25 13:00:00
1191,운동,어린이대공원 실내 체육관,2025-05-25 13:00:00,2025-05-25 15:00:00
1192,관람,서울숲 갤러리,2025-05-25 15:00:00,2025-05-25 18:00:00
1193,식사,뚝섬 수변 카페,2025-05-25 18:00:00,2025-05-25 20:00:00
1194,스포츠,어린이대공원 운동장,2025-05-25 20:00:00,2025-05-25 23:00:00
1195,관람,서울숲 갤러리,2025-05-25 23:00:00,2025-05-26 00:00:00
1196,식사,광장시장 맛집,2025-05-26 08:00:00,2025-05-26 10:00:00
1197,공부,광진구 기타 장소,2025-05-26 10:00:00,2025-05-26 12:00:00
1198,식사,스타시티 푸드코트,2025-05-26 12:00:00,2025-05-26 14:00:00
1199,스포츠,세종대 실내 체육관,2025-05-26 14:00:00,2025-05-26 18:00:00
1200,식사,스타시티 푸드코트,2025-05-26 18:00:00,2025-05-26 20:00:00
1201,공부,광진구 기타 장소,2025-05-26 20:00:00,2025-05-27 00:00:00
1202,운동,한강 자전거 대여소,2025-05-26 22:00:00,2025-05-26 23:00:00
1203,식사,스타시티 푸드코트,2025-05-27 08:00:00,2025-05-27 10:00:00
1204,관람,한강 뚝섬 예술극장,2025-05-27 10:00:00,2025-05-27 12:00:00
1205,식사,건대 버거 레스토랑,2025-05-27 12:00:00,2025-05-27 14:00:00
1206,실내활동,광진구 기타 장소,2025-05-27 14:00:00,2025-05-27 15:00:00
1207,실내활동,광진구 기타 장소,2025-05-27 15:00:00,2025-05-27 19:00:00
1208,스포츠,광진구 체육관,2025-05-27 19:00:00,2025-05-27 20:00:00
1209,관람,서울숲 갤러리,2025-05-27 20:00:00,2025-05-27 21:00:00
1210,스포츠,뚝섬 런닝코스,2025-05-27 21:00:00,2025-05-27 22:00:00
1211,실내활동,광진구 기타 장소,2025-05-27 22:00:00,2025-05-28 00:00:00
1212,식사,광장시장 맛집,2025-05-28 08:00:00,2025-05-28 10:00:00
1213,공원,광진구 기타 장소,2025-05-28 10:00:00,2025-05-28 14:00:00
1214,공원,광진구 기타 장소,2025-05-28 14:00:00,2025-05-28 18:00:00
1215,식사,한강 뚝섬 피크닉존 카페,2025-05-28 18:00:00,2025-05-28 20:00:00
1216,공원,광진구 기타 장소,2025-05-28 20:00:00,2025-05-28 23:00:00
1217,공부,광진구 기타 장소,2025-05-28 23:00:00,2025-05-29 00:00:00
1218,실내활동,광진구 기타 장소,2025-05-28 22:00:00,2025-05-28 23:00:00
1219,식사,건대입구 음식점,2025-05-29 08:00:00,2025-05-29 10:00:00
1220,운동,한강 자전거 대여소,2025-05-29 10:00:00,2025-05-29 11:00:00
1221,운동,한강 공원,2025-05-29 11:00:00,2025-05-29 13:00:00
1222,운동,한강 자전거 대여소,2025-05-29 13:00:00,2025-05-29 16:00:00
1223,공원,광진구 기타 장소,2025-05-29 16:00:00,2025-05-29 19:00:00
1224,공원,광진구 기타 장소,2025-05-29 19:00:00,2025-05-29 22:00:00
1225,운동,서울숲 조깅 트랙,2025-05-29 22:00:00,2025-05-30 00:00:00
1226,스포츠,세종대 실내 체육관,2025-05-29 22:00:00,2025-05-29 23:00:00
1227,식사,건대입구 음식점,2025-05-30 08:00:00,2025-05-30 10:00:00
1228,실내활동,광진구 기타 장소,2025-05-30 10:00:00,2025-05-30 12:00:00
1229,식사,뚝섬 수변 카페,2025-05-30 12:00:00,2025-05-30 14:00:00
1230,실내활동,광진구 기타 장소,2025-05-30 14:00:00,2025-05-30 16:00:00
1231,실내활동,광진구 기타 장소,2025-05-30 16:00:00,2025-05-30 20:00:00
1232,관람,건국대학교 박물관,2025-05-30 20:00:00,2025-05-30 23:00:00
1233,관람,뚝섬 전망대,2025-05-30 23:00:00,2025-05-31 00:00:00
1234,공부,광진구 기타 장소,2025-05-30 22:00:00,2025-05-30 23:00:00
1235,식사,건대입구 음식점,2025-05-31 08:00:00,2025-05-31 10:00:00
1236,운동,서울숲 조깅 트랙,2025-05-31 10:00:00,2025-05-31 13:00:00
1237,실내활동,광진구 기타 장소,2025-05-31 13:00:00,2025-05-31 17:00:00
1238,공원,광진구 기타 장소,2025-05-31 17:00:00,2025-05-31 21:00:00
1239,공원,광진구 기타 장소,2025-05-31 21:00:00,2025-05-31 23:00:00
1240,운동,광진구 등산 코스,2025-05-31 23:00:00,2025-06-01 00:00:00
1241,식사,스타시티 푸드코트,2025-06-01 08:00:00,2025-06-01 10:00:00
1242,운동,서울숲 조깅 트랙,2025-06-01 10:00:00,2025-06-01 13:00:00
1243,스포츠,뚝섬 런닝코스,2025-06-01 13:00:00,2025-06-01 16:00:00
1244,관람,서울숲 갤러리,2025-06-01 16:00:00,2025-06-01 20:00:00
1245,스포츠,광진구 체육관,2025-06-01 20:00:00,2025-06-01 23:00:00
1246,운동,광진구 등산 코스,2025-06-01 23:00:00,2025-06-02 00:00:00
1247,식사,광장시장 맛집,2025-06-02 08:00:00,2025-06-02 10:00:00
1248,운동,한강 공원,2025-06-02 10:00:00,2025-06-02 14:00:00
1249,운동,서울숲 조깅 트랙,2025-06-02 14:00:00,2025-06-02 15:00:00
1250,운동,광진구 공원 체력단련장,2025-06-02 15:00:00,2025-06-02 19:00:00
1251,스포츠,건대 헬스장,2025-06-02 19:00:00,2025-06-02 20:00:00
1252,공부,광진구 기타 장소,2025-06-02 20:00:00,2025-06-02 21:00:00
1253,운동,한강 공원,2025-06-02 21:00:00,2025-06-03 00:00:00
1254,식사,광장시장 맛집,2025-06-03 08:00:00,2025-06-03 10:00:00
1255,실내활동,광진구 기타 장소,2025-06-03 10:00:00,2025-06-03 12:00:00
1256,식사,세종대 부근 맛집,2025-06-03 12:00:00,2025-06-03 14:00:00
1257,스포츠,서울숲 스케이트장,2025-06-03 14:00:00,2025-06-03 15:00:00
1258,스포츠,건대 헬스장,2025-06-03 15:00:00,2025-06-03 16:00:00
1259,실내활동,광진구 기타 장소,2025-06-03 16:00:00,2025-06-03 17:00:00
1260,스포츠,건대 헬스장,2025-06-03 17:00:00,2025-06-03 19:00:00
1261,관람,광진구 시립극장,2025-06-03 19:00:00,2025-06-03 21:00:00
1262,관람,건대 커뮤니티 아트센터,2025-06-03 21:00:00,2025-06-03 23:00:00
1263,관람,광진문화예술회관,2025-06-03 23:00:00,2025-06-04 00:00:00
1264,식사,한강 뚝섬 피크닉존 카페,2025-06-04 08:00:00,2025-06-04 10:00:00
1265,공원,광진구 기타 장소,2025-06-04 10:00:00,2025-06-04 12:00:00
1266,식사,어린이대공원 근처 레스토랑,2025-06-04 12:00:00,2025-06-04 14:00:00
1267,공부,광진구 기타 장소,2025-06-04 14:00:00,2025-06-04 17:00:00
1268,공원,광진구 기타 장소,2025-06-04 17:00:00,2025-06-04 19:00:00
1269,공부,광진구 기타 장소,2025-06-04 19:00:00,2025-06-04 22:00:00
1270,실내활동,광진구 기타 장소,2025-06-04 22:00:00,2025-06-05 00:00:00
1271,식사,어린이대공원 근처 레스토랑,2025-06-05 08:00:00,2025-06-05 10:00:00
1272,스포츠,어린이대공원 운동장,2025-06-05 10:00:00,2025-06-05 11:00:00
1273,운동,한강 자전거 대여소,2025-06-05 11:00:00,2025-06-05 13:00:00
1274,스포츠,뚝섬 런닝코스,2025-06-05 13:00:00,2025-06-05 15:00:00
1275,공원,광진구 기타 장소,2025-06-05 15:00:00,2025-06-05 18:00:00
1276,식사,어린이대공원 근처 레스토랑,2025-06-05 18:00:00,2025-06-05 20:00:00
1277,공원,광진구 기타 장소,2025-06-05 20:00:00,2025-06-05 23:00:00
1278,공원,광진구 기타 장소,2025-06-05 23:00:00,2025-06-06 00:00:00
1279,식사,어린이대공원 근처 레스토랑,2025-06-06 08:00:00,2025-06-06 10:00:00
1280,공부,광진구 기타 장소,2025-06-06 10:00:00,2025-06-06 11:00:00
1281,공부,광진구 기타 장소,2025-06-06 11:00:00,2025-06-06 14:00:00
1282,실내활동,광진구 기타 장소,2025-06-06 14:00:00,2025-06-06 15:00:00
1283,공부,광진구 기타 장소,2025-06-06 15:00:00,2025-06-06 19:00:00
1284,공부,광진구 기타 장소,2025-06-06 19:00:00,2025-06-06 21:00:00
1285,실내활동,광진구 기타 장소,2025-06-06 21:00:00,2025-06-06 22:00:00
1286,공부,광진구 기타 장소,2025-06-06 22:00:00,2025-06-06 23:00:00
1287,관람,어린이대공원 공연장,2025-06-06 23:00:00,2025-06-07 00:00:00
1288,식사,광진구 한식당,2025-06-07 08:00:00,2025-06-07 10:00:00
1289,실내활동,광진구 기타 장소,2025-06-07 10:00:00,2025-06-07 11:00:00
1290,공원,광진구 기타 장소,2025-06-07 11:00:00,2025-06-07 13:00:00
1291,운동,건대 헬스장,2025-06-07 13:00:00,2025-06-07 14:00:00
1292,운동,광진구 등산 코스,2025-06-07 14:00:00,2025-06-07 15:00:00
1293,운동,건대 헬스장,2025-06-07 15:00:00,2025-06-07 16:00:00
1294,실내활동,광진구 기타 장소,2025-06-07 16:00:00,2025-06-07 17:00:00
1295,운동,광진구 등산 코스,2025-06-07 17:00:00,2025-06-07 21:00:00
1296,공원,광진구 기타 장소,2025-06-07 21:00:00,2025-06-07 23:00:00
1297,공원,광진구 기타 장소,2025-06-07 23:00:00,2025-06-08 00:00:00
1298,식사,한강 뚝섬 피크닉존 카페,2025-06-08 08:00:00,2025-06-08 10:00:00
1299,관람,광진문화예술회관,2025-06-08 10:00:00,2025-06-08 14:00:00
1300,스포츠,광진구 요가 스튜디오,2025-06-08 14:00:00,2025-06-08 17:00:00
1301,스포츠,뚝섬 런닝코스,2025-06-08 17:00:00,2025-06-08 21:00:00
1302,관람,건국대학교 박물관,2025-06-08 21:00:00,2025-06-08 23:00:00
1303,운동,뚝섬 유원지 요가 센터,2025-06-08 23:00:00,2025-06-09 00:00:00
1304,식사,광장시장 맛집,2025-06-09 08:00:00,2025-06-09 10:00:00
1305,운동,광진구 등산 코스,2025-06-09 10:00:00,2025-06-09 11:00:00
1306,스포츠,한강공원 축구장,2025-06-09 11:00:00,2025-06-09 13:00:00
1307,운동,한강 자전거 대여소,2025-06-09 13:00:00,2025-06-09 16:00:00
1308,운동,한강 공원,2025-06-09 16:00:00,2025-06-09 17:00:00
1309,스포츠,어린이대공원 운동장,2025-06-09 17:00:00,2025-06-09 21:00:00
1310,공부,광진구 기타 장소,2025-06-09 21:00:00,2025-06-09 23:00:00
1311,스포츠,어린이대공원 운동장,2025-06-09 23:00:00,2025-06-10 00:00:00
1312,식사,한강 뚝섬 피크닉존 카페,2025-06-10 08:00:00,2025-06-10 10:00:00
1313,관람,한강 뚝섬 예술극장,2025-06-10 10:00:00,2025-06-10 11:00:00
1314,스포츠,건대 헬스장,2025-06-10 11:00:00,2025-06-10 14:00:00
1315,스포츠,광진구 요가 스튜디오,2025-06-10 14:00:00,2025-06-10 15:00:00
1316,실내활동,광진구 기타 장소,2025-06-10 15:00:00,2025-06-10 17:00:00
1317,스포츠,한강공원 축구장,2025-06-10 17:00:00,2025-06-10 18:00:00
1318,식사,광진구 한식당,2025-06-10 18:00:00,2025-06-10 20:00:00
1319,스포츠,건대 헬스장,2025-06-10 20:00:00,2025-06-10 21:00:00
1320,스포츠,서울숲 스케이트장,2025-06-10 21:00:00,2025-06-11 00:00:00
1321,식사,세종대 부근 맛집,2025-06-11 08:00:00,2025-06-11 10:00:00
1322,실내활동,광진구 기타 장소,2025-06-11 10:00:00,2025-06-11 11:00:00
1323,실내활동,광진구 기타 장소,2025-06-11 11:00:00,2025-06-11 14:00:00
1324,공원,광진구 기타 장소,2025-06-11 14:00:00,2025-06-11 18:00:00
1325,식사,광장시장 맛집,2025-06-11 18:00:00,2025-06-11 20:00:00
1326,실내활동,광진구 기타 장소,2025-06-11 20:00:00,2025-06-11 22:00:00
1327,실내활동,광진구 기타 장소,2025-06-11 22:00:00,2025-06-11 23:00:00
1328,공부,광진구 기타 장소,2025-06-11 23:00:00,2025-06-12 00:00:00
1329,식사,뚝섬 수변 카페,2025-06-12 08:00:00,2025-06-12 10:00:00
1330,운동,어린이대공원 실내 체육관,2025-06-12 10:00:00,2025-06-12 11:00:00
1331,운동,한강 공원,2025-06-12 11:00:00,2025-06-12 12:00:00
1332,식사,뚝섬 수변 카페,2025-06-12 12:00:00,2025-06-12 14:00:00
1333,스포츠,광진구 배드민턴장,2025-06-12 14:00:00,2025-06-12 17:00:00
1334,공원,광진구 기타 장소,2025-06-12 17:00:00,2025-06-12 19:00:00
1335,스포츠,어린이대공원 운동장,2025-06-12 19:00:00,2025-06-12 21:00:00
1336,스포츠,세종대 실내 체육관,2025-06-12 21:00:00,2025-06-12 22:00:00
1337,운동,한강 자전거 대여소,2025-06-12 22:00:00,2025-06-13 00:00:00
1338,식사,광진구 한식당,2025-06-13 08:00:00,2025-06-13 10:00:00
1339,관람,어린이대공원 공연장,2025-06-13 10:00:00,2025-06-13 12:00:00
1340,식사,건대입구 음식점,2025-06-13 12:00:00,2025-06-13 14:00:00
1341,관람,뚝섬 전망대,2025-06-13 14:00:00,2025-06-13 18:00:00
1342,식사,어린이대공원 근처 레스토랑,2025-06-13 18:00:00,2025-06-13 20:00:00
1343,관람,한강 뚝섬 예술극장,2025-06-13 20:00:00,2025-06-13 21:00:00
1344,관람,건대 메가박스,2025-06-13 21:00:00,2025-06-13 23:00:00
1345,실내활동,광진구 기타 장소,2025-06-13 23:00:00,2025-06-14 00:00:00
1346,공부,광진구 기타 장소,2025-06-13 22:00:00,2025-06-13 23:00:00
1347,식사,광장시장 맛집,2025-06-14 08:00:00,2025-06-14 10:00:00
1348,공원,광진구 기타 장소,2025-06-14 10:00:00,2025-06-14 12:00:00
1349,식사,광장시장 맛집,2025-06-14 12:00:00,2025-06-14 14:00:00
1350,운동,건대 헬스장,2025-06-14 14:00:00,2025-06-14 16:00:00
1351,운동,건대 스포츠 클럽,2025-06-14 16:00:00,2025-06-14 19:00:00
1352,공원,광진구 기타 장소,2025-06-14 19:00:00,2025-06-14 23:00:00
1353,운동,어린이대공원 실내 체육관,2025-06-14 23:00:00,2025-06-15 00:00:00
1354,실내활동,광진구 기타 장소,2025-06-14 22:00:00,2025-06-14 23:00:00
1355,식사,건대입구 전통시장,2025-06-15 08:00:00,2025-06-15 10:00:00
1356,관람,어린이대공원 공연장,2025-06-15 10:00:00,2025-06-15 12:00:00
1357,식사,광장시장 맛집,2025-06-15 12:00:00,2025-06-15 14:00:00
1358,관람,건대 커뮤니티 아트센터,2025-06-15 14:00:00,2025-06-15 16:00:00
1359,관람,건국대학교 박물관,2025-06-15 16:00:00,2025-06-15 19:00:00
1360,운동,한강 자전거 대여소,2025-06-15 19:00:00,2025-06-15 20:00:00
1361,스포츠,광진구 요가 스튜디오,2025-06-15 20:00:00,2025-06-15 22:00:00
1362,운동,광진구 공원 체력단련장,2025-06-15 22:00:00,2025-06-16 00:00:00
1363,식사,광진구 한식당,2025-06-16 08:00:00,2025-06-16 10:00:00
1364,운동,뚝섬 한강 수영장,2025-06-16 10:00:00,2025-06-16 12:00:00
1365,식사,뚝섬 수변 카페,2025-06-16 12:00:00,2025-06-16 14:00:00
1366,운동,건대 헬스장,2025-06-16 14:00:00,2025-06-16 15:00:00
1367,공부,광진구 기타 장소,2025-06-16 15:00:00,2025-06-16 17:00:00
1368,운동,건대 스포츠 클럽,2025-06-16 17:00:00,2025-06-16 21:00:00
1369,스포츠,광진구 요가 스튜디오,2025-06-16 21:00:00,2025-06-17 00:00:00
1370,식사,스타시티 푸드코트,2025-06-17 08:00:00,2025-06-17 10:00:00
1371,스포츠,건대 헬스장,2025-06-17 10:00:00,2025-06-17 11:00:00
1372,실내활동,광진구 기타 장소,2025-06-17 11:00:00,2025-06-17 15:00:00
1373,관람,광진구 시립극장,2025-06-17 15:00:00,2025-06-17 19:00:00
1374,실내활동,광진구 기타 장소,2025-06-17 19:00:00,2025-06-17 21:00:00
1375,스포츠,서울숲 테니스장,2025-06-17 21:00:00,2025-06-18 00:00:00
1376,식사,어린이대공원 근처 레스토랑,2025-06-18 08:00:00,2025-06-18 10:00:00
1377,공원,광진구 기타 장소,2025-06-18 10:00:00,2025-06-18 13:00:00
1378,공부,광진구 기타 장소,2025-06-18 13:00:00,2025-06-18 17:00:00
1379,공부,광진구 기타 장소,2025-06-18 17:00:00,2025-06-18 20:00:00
1380,공원,광진구 기타 장소,2025-06-18 20:00:00,2025-06-19 00:00:00
1381,실내활동,광진구 기타 장소,2025-06-18 22:00:00,2025-06-18 23:00:00
1382,식사,세종대 부근 맛집,2025-06-19 08:00:00,2025-06-19 10:00:00
1383,공원,광진구 기타 장소,2025-06-19 10:00:00,2025-06-19 12:00:00
1384,식사,광진구 한식당,2025-06-19 12:00:00,2025-06-19 14:00:00
1385,스포츠,어린이대공원 운동장,2025-06-19 14:00:00,2025-06-19 15:00:00
1386,스포츠,한강공원 축구장,2025-06-19 15:00:00,2025-06-19 16:00:00
1387,공원,광진구 기타 장소,2025-06-19 16:00:00,2025-06-19 19:00:00
1388,스포츠,서울숲 스케이트장,2025-06-19 19:00:00,2025-06-19 23:00:00
1389,스포츠,건대 헬스장,2025-06-19 23:00:00,2025-06-20 00:00:00
1390,운동,어린이대공원 실내 체육관,2025-06-19 22:00:00,2025-06-19 23:00:00
1391,식사,세종대 부근 맛집,2025-06-20 08:00:00,2025-06-20 10:00:00
1392,실내활동,광진구 기타 장소,2025-06-20 10:00:00,2025-06-20 13:00:00
1393,관람,서울숲 갤러리,2025-06-20 13:00:00,2025-06-20 16:00:00
1394,공부,광진구 기타 장소,2025-06-20 16:00:00,2025-06-20 19:00:00
1395,실내활동,광진구 기타 장소,2025-06-20 19:00:00,2025-06-20 21:00:00
1396,공부,광진구 기타 장소,2025-06-20 21:00:00,2025-06-21 00:00:00
1397,식사,광진구 한식당,2025-06-21 08:00:00,2025-06-21 10:00:00
1398,공원,광진구 기타 장소,2025-06-21 10:00:00,2025-06-21 13:00:00
1399,실내활동,광진구 기타 장소,2025-06-21 13:00:00,2025-06-21 14:00:00
1400,공원,광진구 기타 장소,2025-06-21 14:00:00,2025-06-21 18:00:00
1401,식사,건대 버거 레스토랑,2025-06-21 18:00:00,2025-06-21 20:00:00
1402,운동,뚝섬 유원지 요가 센터,2025-06-21 20:00:00,2025-06-21 22:00:00
1403,공원,광진구 기타 장소,2025-06-21 22:00:00,2025-06-21 23:00:00
1404,공원,광진구 기타 장소,2025-06-21 23:00:00,2025-06-22 00:00:00
1405,식사,스타시티 푸드코트,2025-06-22 08:00:00,2025-06-22 10:00:00
1406,관람,광진구 시립극장,2025-06-22 10:00:00,2025-06-22 12:00:00
1407,식사,건대입구 전통시장,2025-06-22 12:00:00,2025-06-22 14:00:00
1408,관람,광진문화예술회관,2025-06-22 14:00:00,2025-06-22 15:00:00
1409,관람,서울숲 갤러리,2025-06-22 15:00:00,2025-06-22 16:00:00
1410,스포츠,광진구 요가 스튜디오,2025-06-22 16:00:00,2025-06-22 20:00:00
1411,관람,서울숲 갤러리,2025-06-22 20:00:00,2025-06-23 00:00:00
1412,운동,건대 헬스장,2025-06-22 22:00:00,2025-06-22 23:00:00
1413,식사,건대입구 전통시장,2025-06-23 08:00:00,2025-06-23 10:00:00
1414,공부,광진구 기타 장소,2025-06-23 10:00:00,2025-06-23 13:00:00
1415,공부,광진구 기타 장소,2025-06-23 13:00:00,2025-06-23 17:00:00
1416,공부,광진구 기타 장소,2025-06-23 17:00:00,2025-06-23 20:00:00
1417,공부,광진구 기타 장소,2025-06-23 20:00:00,2025-06-24 00:00:00
1418,운동,한강 자전거 대여소,2025-06-23 22:00:00,2025-06-23 23:00:00
1419,스포츠,서울숲 스케이트장,2025-06-23 22:00:00,2025-06-23 23:00:00
1420,식사,세종대 부근 맛집,2025-06-24 08:00:00,2025-06-24 10:00:00
1421,실내활동,광진구 기타 장소,2025-06-24 10:00:00,2025-06-24 12:00:00
1422,식사,건대입구 음식점,2025-06-24 12:00:00,2025-06-24 14:00:00
1423,실내활동,광진구 기타 장소,2025-06-24 14:00:00,2025-06-24 16:00:00
1424,실내활동,광진구 기타 장소,2025-06-24 16:00:00,2025-06-24 20:00:00
1425,관람,롯데시네마 건대입구,2025-06-24 20:00:00,2025-06-24 21:00:00
1426,관람,건대 커뮤니티 아트센터,2025-06-24 21:00:00,2025-06-25 00:00:00
1427,스포츠,건대 헬스장,2025-06-24 22:00:00,2025-06-24 23:00:00
1428,식사,한강 뚝섬 피크닉존 카페,2025-06-25 08:00:00,2025-06-25 10:00:00
1429,공원,광진구 기타 장소,2025-06-25 10:00:00,2025-06-25 13:00:00
1430,공부,광진구 기타 장소,2025-06-25 13:00:00,2025-06-25 14:00:00
1431,실내활동,광진구 기타 장소,2025-06-25 14:00:00,2025-06-25 16:00:00
1432,실내활동,광진구 기타 장소,2025-06-25 16:00:00,2025-06-25 19:00:00
1433,공원,광진구 기타 장소,2025-06-25 19:00:00,2025-06-25 22:00:00
1434,공원,광진구 기타 장소,2025-06-25 22:00:00,2025-06-26 00:00:00
1435,식사,광진구 한식당,2025-06-26 08:00:00,2025-06-26 10:00:00
1436,운동,광진구 공원 체력단련장,2025-06-26 10:00:00,2025-06-26 11:00:00
1437,스포츠,어린이대공원 운동장,2025-06-26 11:00:00,2025-06-26 15:00:00
1438,운동,건대 스포츠 클럽,2025-06-26 15:00:00,2025-06-26 16:00:00
1439,스포츠,서울숲 스케이트장,2025-06-26 16:00:00,2025-06-26 19:00:00
1440,운동,뚝섬 한강 수영장,2025-06-26 19:00:00,2025-06-26 20:00:00
1441,운동,어린이대공원 실내 체육관,2025-06-26 20:00:00,2025-06-26 22:00:00
1442,스포츠,뚝섬 런닝코스,2025-06-26 22:00:00,2025-06-27 00:00:00
1443,공원,광진구 기타 장소,2025-06-26 22:00:00,2025-06-26 23:00:00
1444,식사,건대입구 전통시장,2025-06-27 08:00:00,2025-06-27 10:00:00
1445,관람,건대 커뮤니티 아트센터,2025-06-27 10:00:00,2025-06-27 12:00:00
1446,식사,스타시티 푸드코트,2025-06-27 12:00:00,2025-06-27 14:00:00
1447,공부,광진구 기타 장소,2025-06-27 14:00:00,2025-06-27 18:00:00
1448,식사,한강 뚝섬 피크닉존 카페,2025-06-27 18:00:00,2025-06-27 20:00:00
1449,공부,광진구 기타 장소,2025-06-27 20:00:00,2025-06-27 23:00:00
1450,공부,광진구 기타 장소,2025-06-27 23:00:00,2025-06-28 00:00:00
1451,실내활동,광진구 기타 장소,2025-06-27 22:00:00,2025-06-27 23:00:00
1452,식사,뚝섬 수변 카페,2025-06-28 08:00:00,2025-06-28 10:00:00
1453,운동,서울숲 조깅 트랙,2025-06-28 10:00:00,2025-06-28 14:00:00
1454,공원,광진구 기타 장소,2025-06-28 14:00:00,2025-06-28 15:00:00
1455,실내활동,광진구 기타 장소,2025-06-28 15:00:00,2025-06-28 16:00:00
1456,운동,광진구 공원 체력단련장,2025-06-28 16:00:00,2025-06-28 20:00:00
1457,공원,광진구 기타 장소,2025-06-28 20:00:00,2025-06-28 23:00:00
1458,운동,어린이대공원 실내 체육관,2025-06-28 23:00:00,2025-06-29 00:00:00
1459,식사,어린이대공원 근처 레스토랑,2025-06-29 08:00:00,2025-06-29 10:00:00
1460,관람,한강 뚝섬 예술극장,2025-06-29 10:00:00,2025-06-29 11:00:00
1461,스포츠,어린이대공원 운동장,2025-06-29 11:00:00,2025-06-29 15:00:00
1462,스포츠,뚝섬 런닝코스,2025-06-29 15:00:00,2025-06-29 19:00:00
1463,관람,서울숲 갤러리,2025-06-29 19:00:00,2025-06-29 21:00:00
1464,스포츠,서울숲 테니스장,2025-06-29 21:00:00,2025-06-29 22:00:00
1465,스포츠,건대 헬스장,2025-06-29 22:00:00,2025-06-30 00:00:00
1466,운동,건대 헬스장,2025-06-29 22:00:00,2025-06-29 23:00:00
1467,식사,건대입구 음식점,2025-06-30 08:00:00,2025-06-30 10:00:00
1468,스포츠,광진구 배드민턴장,2025-06-30 10:00:00,2025-06-30 14:00:00
1469,스포츠,광진구 요가 스튜디오,2025-06-30 14:00:00,2025-06-30 18:00:00
1470,식사,스타시티 푸드코트,2025-06-30 18:00:00,2025-06-30 20:00:00
1471,운동,건대 헬스장,2025-06-30 20:00:00,2025-06-30 22:00:00
1472,운동,한강 자전거 대여소,2025-06-30 22:00:00,2025-06-30 23:00:00
1473,운동,뚝섬 유원지 요가 센터,2025-06-30 23:00:00,2025-07-01 00:00:00
1474,공부,광진구 기타 장소,2025-06-30 22:00:00,2025-06-30 23:00:00
1475,식사,어린이대공원 근처 레스토랑,2025-07-01 08:00:00,2025-07-01 10:00:00
1476,실내활동,광진구 기타 장소,2025-07-01 10:00:00,2025-07-01 13:00:00
1477,실내활동,광진구 기타 장소,2025-07-01 13:00:00,2025-07-01 14:00:00
1478,스포츠,서울숲 스케이트장,2025-07-01 14:00:00,2025-07-01 16:00:00
1479,관람,서울숲 갤러리,2025-07-01 16:00:00,2025-07-01 17:00:00
1480,실내활동,광진구 기타 장소,2025-07-01 17:00:00,2025-07-01 21:00:00
1481,관람,광진문화예술회관,2025-07-01 21:00:00,2025-07-01 23:00:00
1482,실내활동,광진구 기타 장소,2025-07-01 23:00:00,2025-07-02 00:00:00
1483,식사,한강 뚝섬 피크닉존 카페,2025-07-02 08:00:00,2025-07-02 10:00:00
1484,공원,광진구 기타 장소,2025-07-02 10:00:00,2025-07-02 13:00:00
1485,공부,광진구 기타 장소,2025-07-02 13:00:00,2025-07-02 14:00:00
1486,공부,광진구 기타 장소,2025-07-02 14:00:00,2025-07-02 16:00:00
1487,실내활동,광진구 기타 장소,2025-07-02 16:00:00,2025-07-02 17:00:00
1488,실내활동,광진구 기타 장소,2025-07-02 17:00:00,2025-07-02 19:00:00
1489,실내활동,광진구 기타 장소,2025-07-02 19:00:00,2025-07-02 21:00:00
1490,공원,광진구 기타 장소,2025-07-02 21:00:00,2025-07-03 00:00:00
1491,식사,광진구 한식당,2025-07-03 08:00:00,2025-07-03 10:00:00
1492,스포츠,세종대 실내 체육관,2025-07-03 10:00:00,2025-07-03 12:00:00
1493,식사,건대 버거 레스토랑,2025-07-03 12:00:00,2025-07-03 14:00:00
1494,운동,한강 자전거 대여소,2025-07-03 14:00:00,2025-07-03 16:00:00
1495,운동,뚝섬 유원지 요가 센터,2025-07-03 16:00:00,2025-07-03 20:00:00
1496,스포츠,광진구 배드민턴장,2025-07-03 20:00:00,2025-07-03 23:00:00
1497,스포츠,광진구 요가 스튜디오,2025-07-03 23:00:00,2025-07-04 00:00:00
1498,공원,광진구 기타 장소,2025-07-03 22:00:00,2025-07-03 23:00:00
1499,식사,광진구 한식당,2025-07-04 08:00:00,2025-07-04 10:00:00
1500,실내활동,광진구 기타 장소,2025-07-04 10:00:00,2025-07-04 12:00:00
1501,식사,한강 뚝섬 피크닉존 카페,2025-07-04 12:00:00,2025-07-04 14:00:00
1502,공부,광진구 기타 장소,2025-07-04 14:00:00,2025-07-04 18:00:00
1503,식사,스타시티 푸드코트,2025-07-04 18:00:00,2025-07-04 20:00:00
1504,실내활동,광진구 기타 장소,2025-07-04 20:00:00,2025-07-04 22:00:00
1505,실내활동,광진구 기타 장소,2025-07-04 22:00:00,2025-07-05 00:00:00
1506,관람,뚝섬 전망대,2025-07-04 22:00:00,2025-07-04 23:00:00
1507,식사,건대입구 음식점,2025-07-05 08:00:00,2025-07-05 10:00:00
1508,실내활동,광진구 기타 장소,2025-07-05 10:00:00,2025-07-05 13:00:00
1509,공원,광진구 기타 장소,2025-07-05 13:00:00,2025-07-05 17:00:00
1510,공원,광진구 기타 장소,2025-07-05 17:00:00,2025-07-05 19:00:00
1511,공원,광진구 기타 장소,2025-07-05 19:00:00,2025-07-05 22:00:00
1512,운동,한강 자전거 대여소,2025-07-05 22:00:00,2025-07-06 00:00:00
1513,식사,세종대 부근 맛집,2025-07-06 08:00:00,2025-07-06 10:00:00
1514,운동,건대 헬스장,2025-07-06 10:00:00,2025-07-06 13:00:00
1515,관람,어린이대공원 공연장,2025-07-06 13:00:00,2025-07-06 15:00:00
1516,관람,광진문화예술회관,2025-07-06 15:00:00,2025-07-06 17:00:00
1517,운동,광진구 공원 체력단련장,2025-07-06 17:00:00,2025-07-06 20:00:00
1518,관람,롯데시네마 건대입구,2025-07-06 20:00:00,2025-07-06 22:00:00
1519,관람,건대 커뮤니티 아트센터,2025-07-06 22:00:00,2025-07-06 23:00:00
1520,관람,롯데시네마 건대입구,2025-07-06 23:00:00,2025-07-07 00:00:00
1521,스포츠,건대 헬스장,2025-07-06 22:00:00,2025-07-06 23:00:00
1522,식사,광진구 한식당,2025-07-07 08:00:00,2025-07-07 10:00:00
1523,운동,서울숲 조깅 트랙,2025-07-07 10:00:00,2025-07-07 11:00:00
1524,운동,어린이대공원 실내 체육관,2025-07-07 11:00:00,2025-07-07 13:00:00
1525,스포츠,건대 헬스장,2025-07-07 13:00:00,2025-07-07 14:00:00
1526,운동,뚝섬 한강 수영장,2025-07-07 14:00:00,2025-07-07 16:00:00
1527,공부,광진구 기타 장소,2025-07-07 16:00:00,2025-07-07 19:00:00
1528,공부,광진구 기타 장소,2025-07-07 19:00:00,2025-07-07 21:00:00
1529,공부,광진구 기타 장소,2025-07-07 21:00:00,2025-07-07 22:00:00
1530,운동,건대 헬스장,2025-07-07 22:00:00,2025-07-08 00:00:00
1531,식사,건대입구 전통시장,2025-07-08 08:00:00,2025-07-08 10:00:00
1532,스포츠,건대 헬스장,2025-07-08 10:00:00,2025-07-08 11:00:00
1533,관람,한강 뚝섬 예술극장,2025-07-08 11:00:00,2025-07-08 15:00:00
1534,실내활동,광진구 기타 장소,2025-07-08 15:00:00,2025-07-08 17:00:00
1535,스포츠,건대 헬스장,2025-07-08 17:00:00,2025-07-08 19:00:00
1536,관람,건대 메가박스,2025-07-08 19:00:00,2025-07-08 21:00:00
1537,관람,서울숲 갤러리,2025-07-08 21:00:00,2025-07-09 00:00:00
1538,식사,한강 뚝섬 피크닉존 카페,2025-07-09 08:00:00,2025-07-09 10:00:00
1539,공원,광진구 기타 장소,2025-07-09 10:00:00,2025-07-09 11:00:00
1540,실내활동,광진구 기타 장소,2025-07-09 11:00:00,2025-07-09 15:00:00
1541,공부,광진구 기타 장소,2025-07-09 15:00:00,2025-07-09 19:00:00
1542,실내활동,광진구 기타 장소,2025-07-09 19:00:00,2025-07-09 22:00:00
1543,실내활동,광진구 기타 장소,2025-07-09 22:00:00,2025-07-10 00:00:00
1544,식사,광장시장 맛집,2025-07-10 08:00:00,2025-07-10 10:00:00
1545,공원,광진구 기타 장소,2025-07-10 10:00:00,2025-07-10 11:00:00
1546,공원,광진구 기타 장소,2025-07-10 11:00:00,2025-07-10 14:00:00
1547,스포츠,건대 헬스장,2025-07-10 14:00:00,2025-07-10 15:00:00
1548,공원,광진구 기타 장소,2025-07-10 15:00:00,2025-07-10 18:00:00
1549,식사,뚝섬 수변 카페,2025-07-10 18:00:00,2025-07-10 20:00:00
1550,운동,한강 자전거 대여소,2025-07-10 20:00:00,2025-07-10 23:00:00
1551,공원,광진구 기타 장소,2025-07-10 23:00:00,2025-07-11 00:00:00
1552,식사,한강 뚝섬 피크닉존 카페,2025-07-11 08:00:00,2025-07-11 10:00:00
1553,관람,뚝섬 전망대,2025-07-11 10:00:00,2025-07-11 11:00:00
1554,공부,광진구 기타 장소,2025-07-11 11:00:00,2025-07-11 14:00:00
1555,실내활동,광진구 기타 장소,2025-07-11 14:00:00,2025-07-11 17:00:00
1556,관람,건대 메가박스,2025-07-11 17:00:00,2025-07-11 20:00:00
1557,관람,건대 메가박스,2025-07-11 20:00:00,2025-07-11 22:00:00
1558,공부,광진구 기타 장소,2025-07-11 22:00:00,2025-07-11 23:00:00
1559,공부,광진구 기타 장소,2025-07-11 23:00:00,2025-07-12 00:00:00
1560,식사,건대입구 음식점,2025-07-12 08:00:00,2025-07-12 10:00:00
1561,공원,광진구 기타 장소,2025-07-12 10:00:00,2025-07-12 13:00:00
1562,운동,광진구 등산 코스,2025-07-12 13:00:00,2025-07-12 14:00:00
1563,공원,광진구 기타 장소,2025-07-12 14:00:00,2025-07-12 18:00:00
1564,식사,광장시장 맛집,2025-07-12 18:00:00,2025-07-12 20:00:00
1565,실내활동,광진구 기타 장소,2025-07-12 20:00:00,2025-07-12 23:00:00
1566,공원,광진구 기타 장소,2025-07-12 23:00:00,2025-07-13 00:00:00
1567,식사,어린이대공원 근처 레스토랑,2025-07-13 08:00:00,2025-07-13 10:00:00
1568,운동,뚝섬 한강 수영장,2025-07-13 10:00:00,2025-07-13 11:00:00
1569,스포츠,뚝섬 런닝코스,2025-07-13 11:00:00,2025-07-13 14:00:00
1570,운동,서울숲 조깅 트랙,2025-07-13 14:00:00,2025-07-13 18:00:00
1571,식사,광진구 한식당,2025-07-13 18:00:00,2025-07-13 20:00:00
1572,관람,한강 뚝섬 예술극장,2025-07-13 20:00:00,2025-07-13 23:00:00
1573,스포츠,광진구 요가 스튜디오,2025-07-13 23:00:00,2025-07-14 00:00:00
1574,식사,광진구 한식당,2025-07-14 08:00:00,2025-07-14 10:00:00
1575,운동,광진구 등산 코스,2025-07-14 10:00:00,2025-07-14 11:00:00
1576,운동,뚝섬 유원지 요가 센터,2025-07-14 11:00:00,2025-07-14 13:00:00
1577,공부,광진구 기타 장소,2025-07-14 13:00:00,2025-07-14 15:00:00
1578,스포츠,어린이대공원 운동장,2025-07-14 15:00:00,2025-07-14 18:00:00
1579,식사,광장시장 맛집,2025-07-14 18:00:00,2025-07-14 20:00:00
1580,스포츠,광진구 배드민턴장,2025-07-14 20:00:00,2025-07-15 00:00:00
1581,식사,건대 버거 레스토랑,2025-07-15 08:00:00,2025-07-15 10:00:00
1582,관람,건대 커뮤니티 아트센터,2025-07-15 10:00:00,2025-07-15 14:00:00
1583,관람,한강 뚝섬 예술극장,2025-07-15 14:00:00,2025-07-15 16:00:00
1584,실내활동,광진구 기타 장소,2025-07-15 16:00:00,2025-07-15 19:00:00
1585,실내활동,광진구 기타 장소,2025-07-15 19:00:00,2025-07-15 20:00:00
1586,관람,뚝섬 전망대,2025-07-15 20:00:00,2025-07-15 21:00:00
1587,스포츠,서울숲 스케이트장,2025-07-15 21:00:00,2025-07-16 00:00:00
1588,식사,뚝섬 수변 카페,2025-07-16 08:00:00,2025-07-16 10:00:00
1589,실내활동,광진구 기타 장소,2025-07-16 10:00:00,2025-07-16 12:00:00
1590,식사,뚝섬 수변 카페,2025-07-16 12:00:00,2025-07-16 14:00:00
1591,공원,광진구 기타 장소,2025-07-16 14:00:00,2025-07-16 15:00:00
1592,공부,광진구 기타 장소,2025-07-16 15:00:00,2025-07-16 19:00:00
1593,공부,광진구 기타 장소,2025-07-16 19:00:00,2025-07-16 23:00:00
1594,공원,광진구 기타 장소,2025-07-16 23:00:00,2025-07-17 00:00:00
1595,식사,건대입구 음식점,2025-07-17 08:00:00,2025-07-17 10:00:00
1596,공원,광진구 기타 장소,2025-07-17 10:00:00,2025-07-17 13:00:00
1597,스포츠,광진구 배드민턴장,2025-07-17 13:00:00,2025-07-17 17:00:00
1598,스포츠,한강공원 축구장,2025-07-17 17:00:00,2025-07-17 18:00:00
1599,식사,건대입구 전통시장,2025-07-17 18:00:00,2025-07-17 20:00:00
1600,운동,어린이대공원 실내 체육관,2025-07-17 20:00:00,2025-07-17 23:00:00
1601,공원,광진구 기타 장소,2025-07-17 23:00:00,2025-07-18 00:00:00
1602,식사,한강 뚝섬 피크닉존 카페,2025-07-18 08:00:00,2025-07-18 10:00:00
1603,실내활동,광진구 기타 장소,2025-07-18 10:00:00,2025-07-18 14:00:00
1604,공부,광진구 기타 장소,2025-07-18 14:00:00,2025-07-18 16:00:00
1605,공부,광진구 기타 장소,2025-07-18 16:00:00,2025-07-18 18:00:00
1606,식사,광진구 한식당,2025-07-18 18:00:00,2025-07-18 20:00:00
1607,공부,광진구 기타 장소,2025-07-18 20:00:00,2025-07-19 00:00:00
1608,관람,광진구 시립극장,2025-07-18 22:00:00,2025-07-18 23:00:00
1609,식사,한강 뚝섬 피크닉존 카페,2025-07-19 08:00:00,2025-07-19 10:00:00
1610,실내활동,광진구 기타 장소,2025-07-19 10:00:00,2025-07-19 12:00:00
1611,식사,건대입구 전통시장,2025-07-19 12:00:00,2025-07-19 14:00:00
1612,공원,광진구 기타 장소,2025-07-19 14:00:00,2025-07-19 15:00:00
1613,실내활동,광진구 기타 장소,2025-07-19 15:00:00,2025-07-19 19:00:00
1614,운동,어린이대공원 실내 체육관,2025-07-19 19:00:00,2025-07-19 21:00:00
1615,공원,광진구 기타 장소,2025-07-19 21:00:00,2025-07-19 23:00:00
1616,공원,광진구 기타 장소,2025-07-19 23:00:00,2025-07-20 00:00:00
1617,식사,광장시장 맛집,2025-07-20 08:00:00,2025-07-20 10:00:00
1618,운동,뚝섬 유원지 요가 센터,2025-07-20 10:00:00,2025-07-20 14:00:00
1619,운동,어린이대공원 실내 체육관,2025-07-20 14:00:00,2025-07-20 17:00:00
1620,관람,뚝섬 전망대,2025-07-20 17:00:00,2025-07-20 21:00:00
1621,운동,광진구 등산 코스,2025-07-20 21:00:00,2025-07-21 00:00:00
1622,스포츠,광진구 체육관,2025-07-20 22:00:00,2025-07-20 23:00:00
1623,식사,스타시티 푸드코트,2025-07-21 08:00:00,2025-07-21 10:00:00
1624,스포츠,서울숲 스케이트장,2025-07-21 10:00:00,2025-07-21 14:00:00
1625,스포츠,광진구 배드민턴장,2025-07-21 14:00:00,2025-07-21 15:00:00
1626,공부,광진구 기타 장소,2025-07-21 15:00:00,2025-07-21 17:00:00
1627,공부,광진구 기타 장소,2025-07-21 17:00:00,2025-07-21 20:00:00
1628,공부,광진구 기타 장소,2025-07-21 20:00:00,2025-07-21 21:00:00
1629,공부,광진구 기타 장소,2025-07-21 21:00:00,2025-07-21 22:00:00
1630,스포츠,광진구 배드민턴장,2025-07-21 22:00:00,2025-07-21 23:00:00
1631,공부,광진구 기타 장소,2025-07-21 23:00:00,2025-07-22 00:00:00
1632,운동,한강 자전거 대여소,2025-07-21 22:00:00,2025-07-21 23:00:00
1633,식사,스타시티 푸드코트,2025-07-22 08:00:00,2025-07-22 10:00:00
1634,실내활동,광진구 기타 장소,2025-07-22 10:00:00,2025-07-22 13:00:00
1635,실내활동,광진구 기타 장소,2025-07-22 13:00:00,2025-07-22 16:00:00
1636,실내활동,광진구 기타 장소,2025-07-22 16:00:00,2025-07-22 19:00:00
1637,스포츠,광진구 요가 스튜디오,2025-07-22 19:00:00,2025-07-22 21:00:00
1638,스포츠,서울숲 스케이트장,2025-07-22 21:00:00,2025-07-22 23:00:00
1639,실내활동,광진구 기타 장소,2025-07-22 23:00:00,2025-07-23 00:00:00
1640,관람,뚝섬 전망대,2025-07-22 22:00:00,2025-07-22 23:00:00
1641,식사,뚝섬 수변 카페,2025-07-23 08:00:00,2025-07-23 10:00:00
1642,공부,광진구 기타 장소,2025-07-23 10:00:00,2025-07-23 12:00:00
1643,식사,어린이대공원 근처 레스토랑,2025-07-23 12:00:00,2025-07-23 14:00:00
1644,공원,광진구 기타 장소,2025-07-23 14:00:00,2025-07-23 18:00:00
1645,식사,세종대 부근 맛집,2025-07-23 18:00:00,2025-07-23 20:00:00
1646,실내활동,광진구 기타 장소,2025-07-23 20:00:00,2025-07-23 23:00:00
1647,공부,광진구 기타 장소,2025-07-23 23:00:00,2025-07-24 00:00:00
1648,식사,광장시장 맛집,2025-07-24 08:00:00,2025-07-24 10:00:00
1649,공원,광진구 기타 장소,2025-07-24 10:00:00,2025-07-24 13:00:00
1650,운동,한강 자전거 대여소,2025-07-24 13:00:00,2025-07-24 15:00:00
1651,공원,광진구 기타 장소,2025-07-24 15:00:00,2025-07-24 19:00:00
1652,공원,광진구 기타 장소,2025-07-24 19:00:00,2025-07-24 23:00:00
1653,운동,한강 공원,2025-07-24 23:00:00,2025-07-25 00:00:00
1654,스포츠,한강공원 축구장,2025-07-24 22:00:00,2025-07-24 23:00:00
1655,식사,뚝섬 수변 카페,2025-07-25 08:00:00,2025-07-25 10:00:00
1656,관람,건국대학교 박물관,2025-07-25 10:00:00,2025-07-25 13:00:00
1657,실내활동,광진구 기타 장소,2025-07-25 13:00:00,2025-07-25 14:00:00
1658,공부,광진구 기타 장소,2025-07-25 14:00:00,2025-07-25 16:00:00
1659,실내활동,광진구 기타 장소,2025-07-25 16:00:00,2025-07-25 19:00:00
1660,공부,광진구 기타 장소,2025-07-25 19:00:00,2025-07-25 23:00:00
1661,관람,어린이대공원 공연장,2025-07-25 23:00:00,2025-07-26 00:00:00
1662,식사,건대입구 전통시장,2025-07-26 08:00:00,2025-07-26 10:00:00
1663,공원,광진구 기타 장소,2025-07-26 10:00:00,2025-07-26 14:00:00
1664,운동,광진구 공원 체력단련장,2025-07-26 14:00:00,2025-07-26 16:00:00
1665,공원,광진구 기타 장소,2025-07-26 16:00:00,2025-07-26 17:00:00
1666,실내활동,광진구 기타 장소,2025-07-26 17:00:00,2025-07-26 18:00:00
1667,식사,스타시티 푸드코트,2025-07-26 18:00:00,2025-07-26 20:00:00
1668,실내활동,광진구 기타 장소,2025-07-26 20:00:00,2025-07-26 21:00:00
1669,공원,광진구 기타 장소,2025-07-26 21:00:00,2025-07-26 23:00:00
1670,운동,광진구 등산 코스,2025-07-26 23:00:00,2025-07-27 00:00:00
1671,식사,건대입구 전통시장,2025-07-27 08:00:00,2025-07-27 10:00:00
1672,스포츠,뚝섬 런닝코스,2025-07-27 10:00:00,2025-07-27 13:00:00
1673,관람,서울숲 갤러리,2025-07-27 13:00:00,2025-07-27 16:00:00
1674,관람,롯데시네마 건대입구,2025-07-27 16:00:00,2025-07-27 17:00:00
1675,스포츠,광진구 배드민턴장,2025-07-27 17:00:00,2025-07-27 18:00:00
1676,식사,광장시장 맛집,2025-07-27 18:00:00,2025-07-27 20:00:00
1677,관람,광진구 시립극장,2025-07-27 20:00:00,2025-07-27 22:00:00
1678,관람,건대 커뮤니티 아트센터,2025-07-27 22:00:00,2025-07-28 00:00:00
1679,운동,한강 자전거 대여소,2025-07-27 22:00:00,2025-07-27 23:00:00
1680,식사,세종대 부근 맛집,2025-07-28 08:00:00,2025-07-28 10:00:00
1681,스포츠,세종대 실내 체육관,2025-07-28 10:00:00,2025-07-28 11:00:00
1682,스포츠,서울숲 스케이트장,2025-07-28 11:00:00,2025-07-28 13:00:00
1683,공부,광진구 기타 장소,2025-07-28 13:00:00,2025-07-28 16:00:00
1684,공부,광진구 기타 장소,2025-07-28 16:00:00,2025-07-28 17:00:00
1685,공부,광진구 기타 장소,2025-07-28 17:00:00,2025-07-28 18:00:00
1686,식사,광장시장 맛집,2025-07-28 18:00:00,2025-07-28 20:00:00
1687,공부,광진구 기타 장소,2025-07-28 20:00:00,2025-07-29 00:00:00
1688,운동,뚝섬 유원지 요가 센터,2025-07-28 22:00:00,2025-07-28 23:00:00
1689,식사,광장시장 맛집,2025-07-29 08:00:00,2025-07-29 10:00:00
1690,실내활동,광진구 기타 장소,2025-07-29 10:00:00,2025-07-29 11:00:00
1691,스포츠,뚝섬 런닝코스,2025-07-29 11:00:00,2025-07-29 12:00:00
1692,식사,스타시티 푸드코트,2025-07-29 12:00:00,2025-07-29 14:00:00
1693,실내활동,광진구 기타 장소,2025-07-29 14:00:00,2025-07-29 18:00:00
1694,식사,스타시티 푸드코트,2025-07-29 18:00:00,2025-07-29 20:00:00
1695,스포츠,건대 헬스장,2025-07-29 20:00:00,2025-07-29 23:00:00
1696,스포츠,광진구 배드민턴장,2025-07-29 23:00:00,2025-07-30 00:00:00
1697,관람,광진문화예술회관,2025-07-29 22:00:00,2025-07-29 23:00:00
1698,식사,건대입구 음식점,2025-07-30 08:00:00,2025-07-30 10:00:00
1699,실내활동,광진구 기타 장소,2025-07-30 10:00:00,2025-07-30 12:00:00
1700,식사,한강 뚝섬 피크닉존 카페,2025-07-30 12:00:00,2025-07-30 14:00:00
1701,실내활동,광진구 기타 장소,2025-07-30 14:00:00,2025-07-30 16:00:00
1702,공부,광진구 기타 장소,2025-07-30 16:00:00,2025-07-30 17:00:00
1703,실내활동,광진구 기타 장소,2025-07-30 17:00:00,2025-07-30 20:00:00
1704,공부,광진구 기타 장소,2025-07-30 20:00:00,2025-07-30 23:00:00
1705,공원,광진구 기타 장소,2025-07-30 23:00:00,2025-07-31 00:00:00
1706,식사,뚝섬 수변 카페,2025-07-31 08:00:00,2025-07-31 10:00:00
1707,스포츠,어린이대공원 운동장,2025-07-31 10:00:00,2025-07-31 11:00:00
1708,운동,광진구 등산 코스,2025-07-31 11:00:00,2025-07-31 13:00:00
1709,공원,광진구 기타 장소,2025-07-31 13:00:00,2025-07-31 16:00:00
1710,공원,광진구 기타 장소,2025-07-31 16:00:00,2025-07-31 17:00:00
1711,공원,광진구 기타 장소,2025-07-31 17:00:00,2025-07-31 19:00:00
1712,공원,광진구 기타 장소,2025-07-31 19:00:00,2025-07-31 23:00:00
1713,운동,건대 헬스장,2025-07-31 23:00:00,2025-08-01 00:00:00
1714,식사,뚝섬 수변 카페,2025-08-01 08:00:00,2025-08-01 10:00:00
1715,관람,건국대학교 박물관,2025-08-01 10:00:00,2025-08-01 13:00:00
1716,관람,광진구 시립극장,2025-08-01 13:00:00,2025-08-01 15:00:00
1717,공부,광진구 기타 장소,2025-08-01 15:00:00,2025-08-01 17:00:00
1718,공부,광진구 기타 장소,2025-08-01 17:00:00,2025-08-01 20:00:00
1719,실내활동,광진구 기타 장소,2025-08-01 20:00:00,2025-08-01 21:00:00
1720,공부,광진구 기타 장소,2025-08-01 21:00:00,2025-08-01 22:00:00
1721,관람,롯데시네마 건대입구,2025-08-01 22:00:00,2025-08-02 00:00:00
1722,식사,스타시티 푸드코트,2025-08-02 08:00:00,2025-08-02 10:00:00
1723,공원,광진구 기타 장소,2025-08-02 10:00:00,2025-08-02 12:00:00
1724,식사,광진구 한식당,2025-08-02 12:00:00,2025-08-02 14:00:00
1725,실내활동,광진구 기타 장소,2025-08-02 14:00:00,2025-08-02 15:00:00
1726,운동,광진구 등산 코스,2025-08-02 15:00:00,2025-08-02 19:00:00
1727,공원,광진구 기타 장소,2025-08-02 19:00:00,2025-08-02 21:00:00
1728,실내활동,광진구 기타 장소,2025-08-02 21:00:00,2025-08-02 23:00:00
1729,운동,광진구 등산 코스,2025-08-02 23:00:00,2025-08-03 00:00:00
1730,식사,건대입구 전통시장,2025-08-03 08:00:00,2025-08-03 10:00:00
1731,관람,어린이대공원 공연장,2025-08-03 10:00:00,2025-08-03 13:00:00
1732,스포츠,뚝섬 런닝코스,2025-08-03 13:00:00,2025-08-03 16:00:00
1733,스포츠,세종대 실내 체육관,2025-08-03 16:00:00,2025-08-03 19:00:00
1734,운동,뚝섬 한강 수영장,2025-08-03 19:00:00,2025-08-03 22:00:00
1735,운동,한강 공원,2025-08-03 22:00:00,2025-08-03 23:00:00
1736,관람,건대 커뮤니티 아트센터,2025-08-03 23:00:00,2025-08-04 00:00:00
1737,식사,한강 뚝섬 피크닉존 카페,2025-08-04 08:00:00,2025-08-04 10:00:00
1738,운동,광진구 등산 코스,2025-08-04 10:00:00,2025-08-04 11:00:00
1739,운동,건대 스포츠 클럽,2025-08-04 11:00:00,2025-08-04 15:00:00
1740,운동,서울숲 조깅 트랙,2025-08-04 15:00:00,2025-08-04 17:00:00
1741,스포츠,세종대 실내 체육관,2025-08-04 17:00:00,2025-08-04 19:00:00
1742,공부,광진구 기타 장소,2025-08-04 19:00:00,2025-08-04 22:00:00
1743,스포츠,뚝섬 런닝코스,2025-08-04 22:00:00,2025-08-04 23:00:00
1744,공부,광진구 기타 장소,2025-08-04 23:00:00,2025-08-05 00:00:00
1745,식사,광진구 한식당,2025-08-05 08:00:00,2025-08-05 10:00:00
1746,실내활동,광진구 기타 장소,2025-08-05 10:00:00,2025-08-05 12:00:00
1747,식사,한강 뚝섬 피크닉존 카페,2025-08-05 12:00:00,2025-08-05 14:00:00
1748,실내활동,광진구 기타 장소,2025-08-05 14:00:00,2025-08-05 15:00:00
1749,관람,한강 뚝섬 예술극장,2025-08-05 15:00:00,2025-08-05 18:00:00
1750,식사,건대입구 전통시장,2025-08-05 18:00:00,2025-08-05 20:00:00
1751,스포츠,광진구 요가 스튜디오,2025-08-05 20:00:00,2025-08-06 00:00:00
1752,식사,어린이대공원 근처 레스토랑,2025-08-06 08:00:00,2025-08-06 10:00:00
1753,실내활동,광진구 기타 장소,2025-08-06 10:00:00,2025-08-06 14:00:00
1754,공부,광진구 기타 장소,2025-08-06 14:00:00,2025-08-06 16:00:00
1755,공부,광진구 기타 장소,2025-08-06 16:00:00,2025-08-06 18:00:00
1756,식사,뚝섬 수변 카페,2025-08-06 18:00:00,2025-08-06 20:00:00
1757,공부,광진구 기타 장소,2025-08-06 20:00:00,2025-08-06 22:00:00
1758,공원,광진구 기타 장소,2025-08-06 22:00:00,2025-08-06 23:00:00
1759,실내활동,광진구 기타 장소,2025-08-06 23:00:00,2025-08-07 00:00:00
1760,식사,세종대 부근 맛집,2025-08-07 08:00:00,2025-08-07 10:00:00
1761,공원,광진구 기타 장소,2025-08-07 10:00:00,2025-08-07 11:00:00
1762,운동,건대 스포츠 클럽,2025-08-07 11:00:00,2025-08-07 13:00:00
1763,공원,광진구 기타 장소,2025-08-07 13:00:00,2025-08-07 15:00:00
1764,스포츠,뚝섬 런닝코스,2025-08-07 15:00:00,2025-08-07 18:00:00
1765,식사,스타시티 푸드코트,2025-08-07 18:00:00,2025-08-07 20:00:00
1766,운동,한강 자전거 대여소,2025-08-07 20:00:00,2025-08-08 00:00:00
1767,식사,건대입구 음식점,2025-08-08 08:00:00,2025-08-08 10:00:00
1768,실내활동,광진구 기타 장소,2025-08-08 10:00:00,2025-08-08 14:00:00
1769,실내활동,광진구 기타 장소,2025-08-08 14:00:00,2025-08-08 15:00:00
1770,실내활동,광진구 기타 장소,2025-08-08 15:00:00,2025-08-08 19:00:00
1771,실내활동,광진구 기타 장소,2025-08-08 19:00:00,2025-08-08 20:00:00
1772,공부,광진구 기타 장소,2025-08-08 20:00:00,2025-08-09 00:00:00
1773,관람,롯데시네마 건대입구,2025-08-08 22:00:00,2025-08-08 23:00:00
1774,식사,뚝섬 수변 카페,2025-08-09 08:00:00,2025-08-09 10:00:00
1775,공원,광진구 기타 장소,2025-08-09 10:00:00,2025-08-09 12:00:00
1776,식사,건대입구 음식점,2025-08-09 12:00:00,2025-08-09 14:00:00
1777,운동,서울숲 조깅 트랙,2025-08-09 14:00:00,2025-08-09 16:00:00
1778,실내활동,광진구 기타 장소,2025-08-09 16:00:00,2025-08-09 18:00:00
1779,식사,뚝섬 수변 카페,2025-08-09 18:00:00,2025-08-09 20:00:00
1780,운동,건대 헬스장,2025-08-09 20:00:00,2025-08-09 23:00:00
1781,공원,광진구 기타 장소,2025-08-09 23:00:00,2025-08-10 00:00:00
1782,식사,건대 버거 레스토랑,2025-08-10 08:00:00,2025-08-10 10:00:00
1783,운동,광진구 등산 코스,2025-08-10 10:00:00,2025-08-10 14:00:00
1784,관람,서울숲 갤러리,2025-08-10 14:00:00,2025-08-10 18:00:00
1785,식사,어린이대공원 근처 레스토랑,2025-08-10 18:00:00,2025-08-10 20:00:00
1786,관람,건국대학교 박물관,2025-08-10 20:00:00,2025-08-10 21:00:00
1787,관람,서울숲 갤러리,2025-08-10 21:00:00,2025-08-11 00:00:00
1788,스포츠,뚝섬 런닝코스,2025-08-10 22:00:00,2025-08-10 23:00:00
1789,식사,건대입구 음식점,2025-08-11 08:00:00,2025-08-11 10:00:00
1790,공부,광진구 기타 장소,2025-08-11 10:00:00,2025-08-11 11:00:00
1791,스포츠,세종대 실내 체육관,2025-08-11 11:00:00,2025-08-11 12:00:00
1792,식사,한강 뚝섬 피크닉존 카페,2025-08-11 12:00:00,2025-08-11 14:00:00
1793,스포츠,광진구 체육관,2025-08-11 14:00:00,2025-08-11 15:00:00
1794,운동,한강 공원,2025-08-11 15:00:00,2025-08-11 19:00:00
1795,공부,광진구 기타 장소,2025-08-11 19:00:00,2025-08-11 21:00:00
1796,운동,한강 자전거 대여소,2025-08-11 21:00:00,2025-08-12 00:00:00
1797,식사,광진구 한식당,2025-08-12 08:00:00,2025-08-12 10:00:00
1798,관람,롯데시네마 건대입구,2025-08-12 10:00:00,2025-08-12 14:00:00
1799,스포츠,광진구 요가 스튜디오,2025-08-12 14:00:00,2025-08-12 15:00:00
1800,관람,서울숲 갤러리,2025-08-12 15:00:00,2025-08-12 19:00:00
1801,실내활동,광진구 기타 장소,2025-08-12 19:00:00,2025-08-12 22:00:00
1802,실내활동,광진구 기타 장소,2025-08-12 22:00:00,2025-08-13 00:00:00
1803,식사,스타시티 푸드코트,2025-08-13 08:00:00,2025-08-13 10:00:00
1804,공부,광진구 기타 장소,2025-08-13 10:00:00,2025-08-13 12:00:00
1805,식사,건대 버거 레스토랑,2025-08-13 12:00:00,2025-08-13 14:00:00
1806,실내활동,광진구 기타 장소,2025-08-13 14:00:00,2025-08-13 15:00:00
1807,공부,광진구 기타 장소,2025-08-13 15:00:00,2025-08-13 18:00:00
1808,식사,스타시티 푸드코트,2025-08-13 18:00:00,2025-08-13 20:00:00
1809,실내활동,광진구 기타 장소,2025-08-13 20:00:00,2025-08-13 22:00:00
1810,공부,광진구 기타 장소,2025-08-13 22:00:00,2025-08-14 00:00:00
1811,공원,광진구 기타 장소,2025-08-13 22:00:00,2025-08-13 23:00:00
1812,식사,세종대 부근 맛집,2025-08-14 08:00:00,2025-08-14 10:00:00
1813,스포츠,서울숲 테니스장,2025-08-14 10:00:00,2025-08-14 12:00:00
1814,식사,어린이대공원 근처 레스토랑,2025-08-14 12:00:00,2025-08-14 14:00:00
1815,공원,광진구 기타 장소,2025-08-14 14:00:00,2025-08-14 17:00:00
1816,운동,건대 스포츠 클럽,2025-08-14 17:00:00,2025-08-14 19:00:00
1817,운동,건대 스포츠 클럽,2025-08-14 19:00:00,2025-08-14 23:00:00
1818,스포츠,세종대 실내 체육관,2025-08-14 23:00:00,2025-08-15 00:00:00
1819,식사,스타시티 푸드코트,2025-08-15 08:00:00,2025-08-15 10:00:00
1820,공부,광진구 기타 장소,2025-08-15 10:00:00,2025-08-15 14:00:00
1821,관람,광진문화예술회관,2025-08-15 14:00:00,2025-08-15 16:00:00
1822,공부,광진구 기타 장소,2025-08-15 16:00:00,2025-08-15 19:00:00
1823,공부,광진구 기타 장소,2025-08-15 19:00:00,2025-08-15 23:00:00
1824,실내활동,광진구 기타 장소,2025-08-15 23:00:00,2025-08-16 00:00:00
1825,식사,건대 버거 레스토랑,2025-08-16 08:00:00,2025-08-16 10:00:00
1826,공원,광진구 기타 장소,2025-08-16 10:00:00,2025-08-16 11:00:00
1827,공원,광진구 기타 장소,2025-08-16 11:00:00,2025-08-16 13:00:00
1828,실내활동,광진구 기타 장소,2025-08-16 13:00:00,2025-08-16 14:00:00
1829,실내활동,광진구 기타 장소,2025-08-16 14:00:00,2025-08-16 17:00:00
1830,실내활동,광진구 기타 장소,2025-08-16 17:00:00,2025-08-16 20:00:00
1831,운동,서울숲 조깅 트랙,2025-08-16 20:00:00,2025-08-16 22:00:00
1832,운동,뚝섬 한강 수영장,2025-08-16 22:00:00,2025-08-16 23:00:00
1833,실내활동,광진구 기타 장소,2025-08-16 23:00:00,2025-08-17 00:00:00
1834,식사,건대입구 전통시장,2025-08-17 08:00:00,2025-08-17 10:00:00
1835,관람,광진구 시립극장,2025-08-17 10:00:00,2025-08-17 12:00:00
1836,식사,건대 버거 레스토랑,2025-08-17 12:00:00,2025-08-17 14:00:00
1837,운동,광진구 공원 체력단련장,2025-08-17 14:00:00,2025-08-17 17:00:00
1838,스포츠,광진구 체육관,2025-08-17 17:00:00,2025-08-17 19:00:00
1839,관람,롯데시네마 건대입구,2025-08-17 19:00:00,2025-08-17 23:00:00
1840,운동,뚝섬 한강 수영장,2025-08-17 23:00:00,2025-08-18 00:00:00
1841,식사,세종대 부근 맛집,2025-08-18 08:00:00,2025-08-18 10:00:00
1842,스포츠,건대 헬스장,2025-08-18 10:00:00,2025-08-18 11:00:00
1843,운동,뚝섬 한강 수영장,2025-08-18 11:00:00,2025-08-18 15:00:00
1844,스포츠,한강공원 축구장,2025-08-18 15:00:00,2025-08-18 19:00:00
1845,공부,광진구 기타 장소,2025-08-18 19:00:00,2025-08-18 21:00:00
1846,스포츠,광진구 체육관,2025-08-18 21:00:00,2025-08-18 23:00:00
1847,공부,광진구 기타 장소,2025-08-18 23:00:00,2025-08-19 00:00:00
1848,식사,스타시티 푸드코트,2025-08-19 08:00:00,2025-08-19 10:00:00
1849,스포츠,세종대 실내 체육관,2025-08-19 10:00:00,2025-08-19 14:00:00
1850,실내활동,광진구 기타 장소,2025-08-19 14:00:00,2025-08-19 15:00:00
1851,스포츠,광진구 배드민턴장,2025-08-19 15:00:00,2025-08-19 19:00:00
1852,관람,한강 뚝섬 예술극장,2025-08-19 19:00:00,2025-08-19 22:00:00
1853,스포츠,광진구 체육관,2025-08-19 22:00:00,2025-08-20 00:00:00
1854,식사,어린이대공원 근처 레스토랑,2025-08-20 08:00:00,2025-08-20 10:00:00
1855,공원,광진구 기타 장소,2025-08-20 10:00:00,2025-08-20 11:00:00
1856,공원,광진구 기타 장소,2025-08-20 11:00:00,2025-08-20 12:00:00
1857,식사,스타시티 푸드코트,2025-08-20 12:00:00,2025-08-20 14:00:00
1858,공부,광진구 기타 장소,2025-08-20 14:00:00,2025-08-20 16:00:00
1859,공부,광진구 기타 장소,2025-08-20 16:00:00,2025-08-20 20:00:00
1860,공부,광진구 기타 장소,2025-08-20 20:00:00,2025-08-20 22:00:00
1861,실내활동,광진구 기타 장소,2025-08-20 22:00:00,2025-08-20 23:00:00
1862,공부,광진구 기타 장소,2025-08-20 23:00:00,2025-08-21 00:00:00
1863,식사,스타시티 푸드코트,2025-08-21 08:00:00,2025-08-21 10:00:00
1864,공원,광진구 기타 장소,2025-08-21 10:00:00,2025-08-21 14:00:00
1865,운동,뚝섬 유원지 요가 센터,2025-08-21 14:00:00,2025-08-21 17:00:00
1866,공원,광진구 기타 장소,2025-08-21 17:00:00,2025-08-21 19:00:00
1867,운동,건대 헬스장,2025-08-21 19:00:00,2025-08-21 20:00:00
1868,공원,광진구 기타 장소,2025-08-21 20:00:00,2025-08-22 00:00:00
1869,스포츠,어린이대공원 운동장,2025-08-21 22:00:00,2025-08-21 23:00:00
1870,식사,스타시티 푸드코트,2025-08-22 08:00:00,2025-08-22 10:00:00
1871,실내활동,광진구 기타 장소,2025-08-22 10:00:00,2025-08-22 13:00:00
1872,공부,광진구 기타 장소,2025-08-22 13:00:00,2025-08-22 17:00:00
1873,공부,광진구 기타 장소,2025-08-22 17:00:00,2025-08-22 19:00:00
1874,실내활동,광진구 기타 장소,2025-08-22 19:00:00,2025-08-22 20:00:00
1875,공부,광진구 기타 장소,2025-08-22 20:00:00,2025-08-23 00:00:00
1876,관람,광진구 시립극장,2025-08-22 22:00:00,2025-08-22 23:00:00
1877,식사,어린이대공원 근처 레스토랑,2025-08-23 08:00:00,2025-08-23 10:00:00
1878,실내활동,광진구 기타 장소,2025-08-23 10:00:00,2025-08-23 13:00:00
1879,운동,뚝섬 한강 수영장,2025-08-23 13:00:00,2025-08-23 14:00:00
1880,운동,건대 스포츠 클럽,2025-08-23 14:00:00,2025-08-23 18:00:00
1881,식사,광장시장 맛집,2025-08-23 18:00:00,2025-08-23 20:00:00
1882,공원,광진구 기타 장소,2025-08-23 20:00:00,2025-08-23 22:00:00
1883,공원,광진구 기타 장소,2025-08-23 22:00:00,2025-08-24 00:00:00
1884,식사,광장시장 맛집,2025-08-24 08:00:00,2025-08-24 10:00:00
1885,관람,롯데시네마 건대입구,2025-08-24 10:00:00,2025-08-24 12:00:00
1886,식사,광장시장 맛집,2025-08-24 12:00:00,2025-08-24 14:00:00
1887,스포츠,서울숲 테니스장,2025-08-24 14:00:00,2025-08-24 15:00:00
1888,운동,광진구 공원 체력단련장,2025-08-24 15:00:00,2025-08-24 16:00:00
1889,스포츠,서울숲 스케이트장,2025-08-24 16:00:00,2025-08-24 17:00:00
1890,관람,건국대학교 박물관,2025-08-24 17:00:00,2025-08-24 21:00:00
1891,관람,롯데시네마 건대입구,2025-08-24 21:00:00,2025-08-25 00:00:00
1892,식사,어린이대공원 근처 레스토랑,2025-08-25 08:00:00,2025-08-25 10:00:00
1893,운동,한강 공원,2025-08-25 10:00:00,2025-08-25 12:00:00
1894,식사,광장시장 맛집,2025-08-25 12:00:00,2025-08-25 14:00:00
1895,스포츠,뚝섬 런닝코스,2025-08-25 14:00:00,2025-08-25 17:00:00
1896,스포츠,세종대 실내 체육관,2025-08-25 17:00:00,2025-08-25 20:00:00
1897,운동,서울숲 조깅 트랙,2025-08-25 20:00:00,2025-08-25 23:00:00
1898,운동,광진구 공원 체력단련장,2025-08-25 23:00:00,2025-08-26 00:00:00
1899,공부,광진구 기타 장소,2025-08-25 22:00:00,2025-08-25 23:00:00
1900,식사,광장시장 맛집,2025-08-26 08:00:00,2025-08-26 10:00:00
1901,관람,롯데시네마 건대입구,2025-08-26 10:00:00,2025-08-26 11:00:00
1902,실내활동,광진구 기타 장소,2025-08-26 11:00:00,2025-08-26 14:00:00
1903,실내활동,광진구 기타 장소,2025-08-26 14:00:00,2025-08-26 17:00:00
1904,실내활동,광진구 기타 장소,2025-08-26 17:00:00,2025-08-26 18:00:00
1905,식사,건대 버거 레스토랑,2025-08-26 18:00:00,2025-08-26 20:00:00
1906,실내활동,광진구 기타 장소,2025-08-26 20:00:00,2025-08-26 21:00:00
1907,실내활동,광진구 기타 장소,2025-08-26 21:00:00,2025-08-26 23:00:00
1908,실내활동,광진구 기타 장소,2025-08-26 23:00:00,2025-08-27 00:00:00
1909,스포츠,세종대 실내 체육관,2025-08-26 22:00:00,2025-08-26 23:00:00
1910,식사,건대 버거 레스토랑,2025-08-27 08:00:00,2025-08-27 10:00:00
1911,공원,광진구 기타 장소,2025-08-27 10:00:00,2025-08-27 12:00:00
1912,식사,어린이대공원 근처 레스토랑,2025-08-27 12:00:00,2025-08-27 14:00:00
1913,공원,광진구 기타 장소,2025-08-27 14:00:00,2025-08-27 18:00:00
1914,식사,광장시장 맛집,2025-08-27 18:00:00,2025-08-27 20:00:00
1915,공부,광진구 기타 장소,2025-08-27 20:00:00,2025-08-28 00:00:00
1916,실내활동,광진구 기타 장소,2025-08-27 22:00:00,2025-08-27 23:00:00
1917,식사,광진구 한식당,2025-08-28 08:00:00,2025-08-28 10:00:00
1918,공원,광진구 기타 장소,2025-08-28 10:00:00,2025-08-28 14:00:00
1919,운동,뚝섬 한강 수영장,2025-08-28 14:00:00,2025-08-28 16:00:00
1920,공원,광진구 기타 장소,2025-08-28 16:00:00,2025-08-28 18:00:00
1921,식사,스타시티 푸드코트,2025-08-28 18:00:00,2025-08-28 20:00:00
1922,스포츠,한강공원 축구장,2025-08-28 20:00:00,2025-08-28 22:00:00
1923,운동,서울숲 조깅 트랙,2025-08-28 22:00:00,2025-08-28 23:00:00
1924,운동,뚝섬 한강 수영장,2025-08-28 23:00:00,2025-08-29 00:00:00
1925,식사,건대 버거 레스토랑,2025-08-29 08:00:00,2025-08-29 10:00:00
1926,관람,뚝섬 전망대,2025-08-29 10:00:00,2025-08-29 13:00:00
1927,관람,건대 커뮤니티 아트센터,2025-08-29 13:00:00,2025-08-29 16:00:00
1928,관람,어린이대공원 공연장,2025-08-29 16:00:00,2025-08-29 19:00:00
1929,실내활동,광진구 기타 장소,2025-08-29 19:00:00,2025-08-29 22:00:00
1930,공부,광진구 기타 장소,2025-08-29 22:00:00,2025-08-30 00:00:00
1931,식사,건대입구 전통시장,2025-08-30 08:00:00,2025-08-30 10:00:00
1932,실내활동,광진구 기타 장소,2025-08-30 10:00:00,2025-08-30 11:00:00
1933,운동,한강 자전거 대여소,2025-08-30 11:00:00,2025-08-30 15:00:00
1934,공원,광진구 기타 장소,2025-08-30 15:00:00,2025-08-30 16:00:00
1935,실내활동,광진구 기타 장소,2025-08-30 16:00:00,2025-08-30 18:00:00
1936,식사,스타시티 푸드코트,2025-08-30 18:00:00,2025-08-30 20:00:00
1937,실내활동,광진구 기타 장소,2025-08-30 20:00:00,2025-08-30 21:00:00
1938,실내활동,광진구 기타 장소,2025-08-30 21:00:00,2025-08-31 00:00:00
1939,식사,건대입구 전통시장,2025-08-31 08:00:00,2025-08-31 10:00:00
1940,운동,한강 자전거 대여소,2025-08-31 10:00:00,2025-08-31 13:00:00
1941,스포츠,서울숲 테니스장,2025-08-31 13:00:00,2025-08-31 14:00:00
1942,운동,어린이대공원 실내 체육관,2025-08-31 14:00:00,2025-08-31 18:00:00
1943,식사,뚝섬 수변 카페,2025-08-31 18:00:00,2025-08-31 20:00:00
1944,관람,광진문화예술회관,2025-08-31 20:00:00,2025-09-01 00:00:00
1945,식사,광진구 한식당,2025-09-01 08:00:00,2025-09-01 10:00:00
1946,운동,한강 자전거 대여소,2025-09-01 10:00:00,2025-09-01 12:00:00
1947,식사,세종대 부근 맛집,2025-09-01 12:00:00,2025-09-01 14:00:00
1948,스포츠,뚝섬 런닝코스,2025-09-01 14:00:00,2025-09-01 18:00:00
1949,식사,광진구 한식당,2025-09-01 18:00:00,2025-09-01 20:00:00
1950,스포츠,서울숲 테니스장,2025-09-01 20:00:00,2025-09-02 00:00:00
1951,공부,광진구 기타 장소,2025-09-01 22:00:00,2025-09-01 23:00:00
1952,식사,한강 뚝섬 피크닉존 카페,2025-09-02 08:00:00,2025-09-02 10:00:00
1953,실내활동,광진구 기타 장소,2025-09-02 10:00:00,2025-09-02 11:00:00
1954,관람,한강 뚝섬 예술극장,2025-09-02 11:00:00,2025-09-02 14:00:00
1955,실내활동,광진구 기타 장소,2025-09-02 14:00:00,2025-09-02 17:00:00
1956,실내활동,광진구 기타 장소,2025-09-02 17:00:00,2025-09-02 20:00:00
1957,스포츠,광진구 배드민턴장,2025-09-02 20:00:00,2025-09-02 22:00:00
1958,스포츠,서울숲 스케이트장,2025-09-02 22:00:00,2025-09-02 23:00:00
1959,관람,광진구 시립극장,2025-09-02 23:00:00,2025-09-03 00:00:00
1960,식사,건대 버거 레스토랑,2025-09-03 08:00:00,2025-09-03 10:00:00
1961,공원,광진구 기타 장소,2025-09-03 10:00:00,2025-09-03 12:00:00
1962,식사,세종대 부근 맛집,2025-09-03 12:00:00,2025-09-03 14:00:00
1963,공부,광진구 기타 장소,2025-09-03 14:00:00,2025-09-03 18:00:00
1964,식사,건대 버거 레스토랑,2025-09-03 18:00:00,2025-09-03 20:00:00
1965,실내활동,광진구 기타 장소,2025-09-03 20:00:00,2025-09-03 21:00:00
1966,공부,광진구 기타 장소,2025-09-03 21:00:00,2025-09-03 22:00:00
1967,공원,광진구 기타 장소,2025-09-03 22:00:00,2025-09-04 00:00:00
1968,식사,건대 버거 레스토랑,2025-09-04 08:00:00,2025-09-04 10:00:00
1969,스포츠,한강공원 축구장,2025-09-04 10:00:00,2025-09-04 13:00:00
1970,운동,뚝섬 유원지 요가 센터,2025-09-04 13:00:00,2025-09-04 15:00:00
1971,공원,광진구 기타 장소,2025-09-04 15:00:00,2025-09-04 17:00:00
1972,운동,건대 헬스장,2025-09-04 17:00:00,2025-09-04 18:00:00
1973,식사,스타시티 푸드코트,2025-09-04 18:00:00,2025-09-04 20:00:00
1974,공원,광진구 기타 장소,2025-09-04 20:00:00,2025-09-04 21:00:00
1975,공원,광진구 기타 장소,2025-09-04 21:00:00,2025-09-04 22:00:00
1976,스포츠,광진구 배드민턴장,2025-09-04 22:00:00,2025-09-05 00:00:00
1977,식사,한강 뚝섬 피크닉존 카페,2025-09-05 08:00:00,2025-09-05 10:00:00
1978,실내활동,광진구 기타 장소,2025-09-05 10:00:00,2025-09-05 14:00:00
1979,공부,광진구 기타 장소,2025-09-05 14:00:00,2025-09-05 15:00:00
1980,관람,광진구 시립극장,2025-09-05 15:00:00,2025-09-05 18:00:00
1981,식사,건대입구 전통시장,2025-09-05 18:00:00,2025-09-05 20:00:00
1982,관람,서울숲 갤러리,2025-09-05 20:00:00,2025-09-05 22:00:00
1983,관람,광진구 시립극장,2025-09-05 22:00:00,2025-09-05 23:00:00
1984,관람,한강 뚝섬 예술극장,2025-09-05 23:00:00,2025-09-06 00:00:00
1985,식사,뚝섬 수변 카페,2025-09-06 08:00:00,2025-09-06 10:00:00
1986,운동,뚝섬 유원지 요가 센터,2025-09-06 10:00:00,2025-09-06 12:00:00
1987,식사,어린이대공원 근처 레스토랑,2025-09-06 12:00:00,2025-09-06 14:00:00
1988,실내활동,광진구 기타 장소,2025-09-06 14:00:00,2025-09-06 17:00:00
1989,운동,어린이대공원 실내 체육관,2025-09-06 17:00:00,2025-09-06 19:00:00
1990,공원,광진구 기타 장소,2025-09-06 19:00:00,2025-09-06 20:00:00
1991,공원,광진구 기타 장소,2025-09-06 20:00:00,2025-09-06 21:00:00
1992,운동,한강 자전거 대여소,2025-09-06 21:00:00,2025-09-06 23:00:00
1993,공원,광진구 기타 장소,2025-09-06 23:00:00,2025-09-07 00:00:00
1994,식사,어린이대공원 근처 레스토랑,2025-09-07 08:00:00,2025-09-07 10:00:00
1995,스포츠,서울숲 스케이트장,2025-09-07 10:00:00,2025-09-07 11:00:00
1996,관람,광진문화예술회관,2025-09-07 11:00:00,2025-09-07 13:00:00
1997,운동,서울숲 조깅 트랙,2025-09-07 13:00:00,2025-09-07 17:00:00
1998,스포츠,광진구 배드민턴장,2025-09-07 17:00:00,2025-09-07 19:00:00
1999,관람,건국대학교 박물관,2025-09-07 19:00:00,2025-09-07 22:00:00
2000,운동,뚝섬 유원지 요가 센터,2025-09-07 22:00:00,2025-09-08 00:00:00
2001,식사,광장시장 맛집,2025-09-08 08:00:00,2025-09-08 10:00:00
2002,운동,건대 헬스장,2025-09-08 10:00:00,2025-09-08 11:00:00
2003,공부,광진구 기타 장소,2025-09-08 11:00:00,2025-09-08 12:00:00
2004,식사,어린이대공원 근처 레스토랑,2025-09-08 12:00:00,2025-09-08 14:00:00
2005,스포츠,뚝섬 런닝코스,2025-09-08 14:00:00,2025-09-08 16:00:00
2006,공부,광진구 기타 장소,2025-09-08 16:00:00,2025-09-08 19:00:00
2007,운동,어린이대공원 실내 체육관,2025-09-08 19:00:00,2025-09-08 22:00:00
2008,운동,한강 공원,2025-09-08 22:00:00,2025-09-09 00:00:00
2009,식사,건대입구 전통시장,2025-09-09 08:00:00,2025-09-09 10:00:00
2010,실내활동,광진구 기타 장소,2025-09-09 10:00:00,2025-09-09 12:00:00
2011,식사,세종대 부근 맛집,2025-09-09 12:00:00,2025-09-09 14:00:00
2012,실내활동,광진구 기타 장소,2025-09-09 14:00:00,2025-09-09 17:00:00
2013,스포츠,어린이대공원 운동장,2025-09-09 17:00:00,2025-09-09 20:00:00
2014,관람,서울숲 갤러리,2025-09-09 20:00:00,2025-09-09 22:00:00
2015,실내활동,광진구 기타 장소,2025-09-09 22:00:00,2025-09-10 00:00:00
2016,식사,세종대 부근 맛집,2025-09-10 08:00:00,2025-09-10 10:00:00
2017,공부,광진구 기타 장소,2025-09-10 10:00:00,2025-09-10 12:00:00
2018,식사,건대 버거 레스토랑,2025-09-10 12:00:00,2025-09-10 14:00:00
2019,공원,광진구 기타 장소,2025-09-10 14:00:00,2025-09-10 18:00:00
2020,식사,광진구 한식당,2025-09-10 18:00:00,2025-09-10 20:00:00
2021,공원,광진구 기타 장소,2025-09-10 20:00:00,2025-09-11 00:00:00
2022,실내활동,광진구 기타 장소,2025-09-10 22:00:00,2025-09-10 23:00:00
2023,식사,건대입구 전통시장,2025-09-11 08:00:00,2025-09-11 10:00:00
2024,스포츠,광진구 배드민턴장,2025-09-11 10:00:00,2025-09-11 14:00:00
2025,운동,광진구 공원 체력단련장,2025-09-11 14:00:00,2025-09-11 17:00:00
2026,운동,광진구 공원 체력단련장,2025-09-11 17:00:00,2025-09-11 18:00:00
2027,식사,건대 버거 레스토랑,2025-09-11 18:00:00,2025-09-11 20:00:00
2028,스포츠,건대 헬스장,2025-09-11 20:00:00,2025-09-12 00:00:00
2029,공원,광진구 기타 장소,2025-09-11 22:00:00,2025-09-11 23:00:00
2030,식사,세종대 부근 맛집,2025-09-12 08:00:00,2025-09-12 10:00:00
2031,실내활동,광진구 기타 장소,2025-09-12 10:00:00,2025-09-12 14:00:00
2032,관람,어린이대공원 공연장,2025-09-12 14:00:00,2025-09-12 15:00:00
2033,실내활동,광진구 기타 장소,2025-09-12 15:00:00,2025-09-12 19:00:00
2034,관람,건국대학교 박물관,2025-09-12 19:00:00,2025-09-12 22:00:00
2035,실내활동,광진구 기타 장소,2025-09-12 22:00:00,2025-09-13 00:00:00
2036,공부,광진구 기타 장소,2025-09-12 22:00:00,2025-09-12 23:00:00
2037,식사,건대입구 음식점,2025-09-13 08:00:00,2025-09-13 10:00:00
2038,운동,어린이대공원 실내 체육관,2025-09-13 10:00:00,2025-09-13 14:00:00
2039,실내활동,광진구 기타 장소,2025-09-13 14:00:00,2025-09-13 17:00:00
2040,공원,광진구 기타 장소,2025-09-13 17:00:00,2025-09-13 21:00:00
2041,운동,건대 스포츠 클럽,2025-09-13 21:00:00,2025-09-13 22:00:00
2042,실내활동,광진구 기타 장소,2025-09-13 22:00:00,2025-09-13 23:00:00
2043,실내활동,광진구 기타 장소,2025-09-13 23:00:00,2025-09-14 00:00:00
2044,식사,한강 뚝섬 피크닉존 카페,2025-09-14 08:00:00,2025-09-14 10:00:00
2045,운동,한강 자전거 대여소,2025-09-14 10:00:00,2025-09-14 14:00:00
2046,운동,광진구 공원 체력단련장,2025-09-14 14:00:00,2025-09-14 16:00:00
2047,스포츠,뚝섬 런닝코스,2025-09-14 16:00:00,2025-09-14 18:00:00
2048,식사,건대 버거 레스토랑,2025-09-14 18:00:00,2025-09-14 20:00:00
2049,스포츠,서울숲 테니스장,2025-09-14 20:00:00,2025-09-14 22:00:00
2050,스포츠,세종대 실내 체육관,2025-09-14 22:00:00,2025-09-15 00:00:00
2051,관람,뚝섬 전망대,2025-09-14 22:00:00,2025-09-14 23:00:00
2052,식사,건대 버거 레스토랑,2025-09-15 08:00:00,2025-09-15 10:00:00
2053,공부,광진구 기타 장소,2025-09-15 10:00:00,2025-09-15 12:00:00
2054,식사,건대입구 전통시장,2025-09-15 12:00:00,2025-09-15 14:00:00
2055,공부,광진구 기타 장소,2025-09-15 14:00:00,2025-09-15 17:00:00
2056,스포츠,어린이대공원 운동장,2025-09-15 17:00:00,2025-09-15 18:00:00
2057,식사,건대 버거 레스토랑,2025-09-15 18:00:00,2025-09-15 20:00:00
2058,운동,서울숲 조깅 트랙,2025-09-15 20:00:00,2025-09-16 00:00:00
2059,식사,어린이대공원 근처 레스토랑,2025-09-16 08:00:00,2025-09-16 10:00:00
2060,관람,광진구 시립극장,2025-09-16 10:00:00,2025-09-16 12:00:00
2061,식사,뚝섬 수변 카페,2025-09-16 12:00:00,2025-09-16 14:00:00
2062,관람,뚝섬 전망대,2025-09-16 14:00:00,2025-09-16 15:00:00
2063,관람,건대 커뮤니티 아트센터,2025-09-16 15:00:00,2025-09-16 17:00:00
2064,스포츠,광진구 배드민턴장,2025-09-16 17:00:00,2025-09-16 20:00:00
2065,스포츠,서울숲 스케이트장,2025-09-16 20:00:00,2025-09-17 00:00:00
2066,실내활동,광진구 기타 장소,2025-09-16 22:00:00,2025-09-16 23:00:00
2067,식사,광진구 한식당,2025-09-17 08:00:00,2025-09-17 10:00:00
2068,실내활동,광진구 기타 장소,2025-09-17 10:00:00,2025-09-17 14:00:00
2069,공원,광진구 기타 장소,2025-09-17 14:00:00,2025-09-17 18:00:00
2070,식사,건대 버거 레스토랑,2025-09-17 18:00:00,2025-09-17 20:00:00
2071,공부,광진구 기타 장소,2025-09-17 20:00:00,2025-09-17 21:00:00
2072,공부,광진구 기타 장소,2025-09-17 21:00:00,2025-09-18 00:00:00
2073,식사,광진구 한식당,2025-09-18 08:00:00,2025-09-18 10:00:00
2074,운동,한강 공원,2025-09-18 10:00:00,2025-09-18 14:00:00
2075,스포츠,서울숲 스케이트장,2025-09-18 14:00:00,2025-09-18 17:00:00
2076,스포츠,광진구 배드민턴장,2025-09-18 17:00:00,2025-09-18 19:00:00
2077,스포츠,광진구 배드민턴장,2025-09-18 19:00:00,2025-09-18 22:00:00
2078,스포츠,어린이대공원 운동장,2025-09-18 22:00:00,2025-09-18 23:00:00
2079,공원,광진구 기타 장소,2025-09-18 23:00:00,2025-09-19 00:00:00
2080,식사,세종대 부근 맛집,2025-09-19 08:00:00,2025-09-19 10:00:00
2081,공부,광진구 기타 장소,2025-09-19 10:00:00,2025-09-19 13:00:00
2082,관람,어린이대공원 공연장,2025-09-19 13:00:00,2025-09-19 16:00:00
2083,관람,광진구 시립극장,2025-09-19 16:00:00,2025-09-19 20:00:00
2084,공부,광진구 기타 장소,2025-09-19 20:00:00,2025-09-20 00:00:00
2085,실내활동,광진구 기타 장소,2025-09-19 22:00:00,2025-09-19 23:00:00
2086,식사,광진구 한식당,2025-09-20 08:00:00,2025-09-20 10:00:00
2087,운동,뚝섬 유원지 요가 센터,2025-09-20 10:00:00,2025-09-20 14:00:00
2088,실내활동,광진구 기타 장소,2025-09-20 14:00:00,2025-09-20 18:00:00
2089,식사,건대입구 전통시장,2025-09-20 18:00:00,2025-09-20 20:00:00
2090,공원,광진구 기타 장소,2025-09-20 20:00:00,2025-09-20 22:00:00
2091,운동,한강 공원,2025-09-20 22:00:00,2025-09-21 00:00:00
2092,식사,광진구 한식당,2025-09-21 08:00:00,2025-09-21 10:00:00
2093,운동,한강 공원,2025-09-21 10:00:00,2025-09-21 12:00:00
2094,식사,스타시티 푸드코트,2025-09-21 12:00:00,2025-09-21 14:00:00
2095,관람,건국대학교 박물관,2025-09-21 14:00:00,2025-09-21 16:00:00
2096,스포츠,광진구 체육관,2025-09-21 16:00:00,2025-09-21 19:00:00
2097,운동,한강 공원,2025-09-21 19:00:00,2025-09-21 22:00:00
2098,스포츠,광진구 요가 스튜디오,2025-09-21 22:00:00,2025-09-22 00:00:00
2099,식사,어린이대공원 근처 레스토랑,2025-09-22 08:00:00,2025-09-22 10:00:00
2100,운동,광진구 공원 체력단련장,2025-09-22 10:00:00,2025-09-22 14:00:00
2101,운동,광진구 등산 코스,2025-09-22 14:00:00,2025-09-22 15:00:00
2102,공부,광진구 기타 장소,2025-09-22 15:00:00,2025-09-22 18:00:00
2103,식사,광장시장 맛집,2025-09-22 18:00:00,2025-09-22 20:00:00
2104,스포츠,서울숲 테니스장,2025-09-22 20:00:00,2025-09-23 00:00:00
2105,식사,광장시장 맛집,2025-09-23 08:00:00,2025-09-23 10:00:00
2106,관람,한강 뚝섬 예술극장,2025-09-23 10:00:00,2025-09-23 11:00:00
2107,스포츠,광진구 요가 스튜디오,2025-09-23 11:00:00,2025-09-23 12:00:00
2108,식사,스타시티 푸드코트,2025-09-23 12:00:00,2025-09-23 14:00:00
2109,관람,건대 커뮤니티 아트센터,2025-09-23 14:00:00,2025-09-23 18:00:00
2110,식사,광진구 한식당,2025-09-23 18:00:00,2025-09-23 20:00:00
2111,실내활동,광진구 기타 장소,2025-09-23 20:00:00,2025-09-24 00:00:00
2112,식사,뚝섬 수변 카페,2025-09-24 08:00:00,2025-09-24 10:00:00
2113,공원,광진구 기타 장소,2025-09-24 10:00:00,2025-09-24 11:00:00
2114,공부,광진구 기타 장소,2025-09-24 11:00:00,2025-09-24 15:00:00
2115,실내활동,광진구 기타 장소,2025-09-24 15:00:00,2025-09-24 18:00:00
2116,식사,건대입구 전통시장,2025-09-24 18:00:00,2025-09-24 20:00:00
2117,공원,광진구 기타 장소,2025-09-24 20:00:00,2025-09-24 22:00:00
2118,공원,광진구 기타 장소,2025-09-24 22:00:00,2025-09-25 00:00:00
2119,식사,건대입구 음식점,2025-09-25 08:00:00,2025-09-25 10:00:00
2120,스포츠,한강공원 축구장,2025-09-25 10:00:00,2025-09-25 13:00:00
2121,스포츠,어린이대공원 운동장,2025-09-25 13:00:00,2025-09-25 14:00:00
2122,스포츠,서울숲 테니스장,2025-09-25 14:00:00,2025-09-25 18:00:00
2123,식사,세종대 부근 맛집,2025-09-25 18:00:00,2025-09-25 20:00:00
2124,스포츠,한강공원 축구장,2025-09-25 20:00:00,2025-09-26 00:00:00
2125,운동,한강 공원,2025-09-25 22:00:00,2025-09-25 23:00:00
2126,공원,광진구 기타 장소,2025-09-25 22:00:00,2025-09-25 23:00:00
2127,식사,한강 뚝섬 피크닉존 카페,2025-09-26 08:00:00,2025-09-26 10:00:00
2128,실내활동,광진구 기타 장소,2025-09-26 10:00:00,2025-09-26 13:00:00
2129,공부,광진구 기타 장소,2025-09-26 13:00:00,2025-09-26 14:00:00
2130,실내활동,광진구 기타 장소,2025-09-26 14:00:00,2025-09-26 16:00:00
2131,실내활동,광진구 기타 장소,2025-09-26 16:00:00,2025-09-26 17:00:00
2132,실내활동,광진구 기타 장소,2025-09-26 17:00:00,2025-09-26 19:00:00
2133,실내활동,광진구 기타 장소,2025-09-26 19:00:00,2025-09-26 21:00:00
2134,관람,어린이대공원 공연장,2025-09-26 21:00:00,2025-09-27 00:00:00
2135,식사,어린이대공원 근처 레스토랑,2025-09-27 08:00:00,2025-09-27 10:00:00
2136,공원,광진구 기타 장소,2025-09-27 10:00:00,2025-09-27 12:00:00
2137,식사,한강 뚝섬 피크닉존 카페,2025-09-27 12:00:00,2025-09-27 14:00:00
2138,운동,뚝섬 유원지 요가 센터,2025-09-27 14:00:00,2025-09-27 15:00:00
2139,공원,광진구 기타 장소,2025-09-27 15:00:00,2025-09-27 16:00:00
2140,공원,광진구 기타 장소,2025-09-27 16:00:00,2025-09-27 19:00:00
2141,공원,광진구 기타 장소,2025-09-27 19:00:00,2025-09-27 21:00:00
2142,실내활동,광진구 기타 장소,2025-09-27 21:00:00,2025-09-28 00:00:00
2143,식사,한강 뚝섬 피크닉존 카페,2025-09-28 08:00:00,2025-09-28 10:00:00
2144,운동,뚝섬 한강 수영장,2025-09-28 10:00:00,2025-09-28 11:00:00
2145,스포츠,광진구 배드민턴장,2025-09-28 11:00:00,2025-09-28 13:00:00
2146,관람,어린이대공원 공연장,2025-09-28 13:00:00,2025-09-28 17:00:00
2147,운동,광진구 등산 코스,2025-09-28 17:00:00,2025-09-28 19:00:00
2148,운동,광진구 등산 코스,2025-09-28 19:00:00,2025-09-28 21:00:00
2149,운동,뚝섬 유원지 요가 센터,2025-09-28 21:00:00,2025-09-29 00:00:00
2150,식사,건대입구 전통시장,2025-09-29 08:00:00,2025-09-29 10:00:00
2151,스포츠,건대 헬스장,2025-09-29 10:00:00,2025-09-29 12:00:00
2152,식사,건대 버거 레스토랑,2025-09-29 12:00:00,2025-09-29 14:00:00
2153,운동,뚝섬 한강 수영장,2025-09-29 14:00:00,2025-09-29 18:00:00
2154,식사,광진구 한식당,2025-09-29 18:00:00,2025-09-29 20:00:00
2155,스포츠,세종대 실내 체육관,2025-09-29 20:00:00,2025-09-29 23:00:00
2156,공부,광진구 기타 장소,2025-09-29 23:00:00,2025-09-30 00:00:00
2157,식사,스타시티 푸드코트,2025-09-30 08:00:00,2025-09-30 10:00:00
2158,실내활동,광진구 기타 장소,2025-09-30 10:00:00,2025-09-30 12:00:00
2159,식사,광진구 한식당,2025-09-30 12:00:00,2025-09-30 14:00:00
2160,관람,한강 뚝섬 예술극장,2025-09-30 14:00:00,2025-09-30 16:00:00
2161,스포츠,건대 헬스장,2025-09-30 16:00:00,2025-09-30 19:00:00
2162,스포츠,광진구 배드민턴장,2025-09-30 19:00:00,2025-09-30 22:00:00
2163,실내활동,광진구 기타 장소,2025-09-30 22:00:00,2025-10-01 00:00:00
2164,식사,한강 뚝섬 피크닉존 카페,2025-10-01 08:00:00,2025-10-01 10:00:00
2165,공부,광진구 기타 장소,2025-10-01 10:00:00,2025-10-01 11:00:00
2166,공원,광진구 기타 장소,2025-10-01 11:00:00,2025-10-01 15:00:00
2167,공원,광진구 기타 장소,2025-10-01 15:00:00,2025-10-01 17:00:00
2168,공원,광진구 기타 장소,2025-10-01 17:00:00,2025-10-01 19:00:00
2169,실내활동,광진구 기타 장소,2025-10-01 19:00:00,2025-10-01 23:00:00
2170,실내활동,광진구 기타 장소,2025-10-01 23:00:00,2025-10-02 00:00:00
2171,식사,건대입구 전통시장,2025-10-02 08:00:00,2025-10-02 10:00:00
2172,스포츠,어린이대공원 운동장,2025-10-02 10:00:00,2025-10-02 14:00:00
2173,공원,광진구 기타 장소,2025-10-02 14:00:00,2025-10-02 15:00:00
2174,운동,건대 스포츠 클럽,2025-10-02 15:00:00,2025-10-02 18:00:00
2175,식사,건대 버거 레스토랑,2025-10-02 18:00:00,2025-10-02 20:00:00
2176,운동,뚝섬 유원지 요가 센터,2025-10-02 20:00:00,2025-10-02 22:00:00
2177,스포츠,세종대 실내 체육관,2025-10-02 22:00:00,2025-10-03 00:00:00
2178,식사,건대 버거 레스토랑,2025-10-03 08:00:00,2025-10-03 10:00:00
2179,실내활동,광진구 기타 장소,2025-10-03 10:00:00,2025-10-03 13:00:00
2180,관람,한강 뚝섬 예술극장,2025-10-03 13:00:00,2025-10-03 15:00:00
2181,공부,광진구 기타 장소,2025-10-03 15:00:00,2025-10-03 16:00:00
2182,공부,광진구 기타 장소,2025-10-03 16:00:00,2025-10-03 20:00:00
2183,공부,광진구 기타 장소,2025-10-03 20:00:00,2025-10-03 21:00:00
2184,실내활동,광진구 기타 장소,2025-10-03 21:00:00,2025-10-04 00:00:00
2185,식사,뚝섬 수변 카페,2025-10-04 08:00:00,2025-10-04 10:00:00
2186,실내활동,광진구 기타 장소,2025-10-04 10:00:00,2025-10-04 13:00:00
2187,운동,한강 공원,2025-10-04 13:00:00,2025-10-04 16:00:00
2188,공원,광진구 기타 장소,2025-10-04 16:00:00,2025-10-04 18:00:00
2189,식사,한강 뚝섬 피크닉존 카페,2025-10-04 18:00:00,2025-10-04 20:00:00
2190,공원,광진구 기타 장소,2025-10-04 20:00:00,2025-10-04 21:00:00
2191,공원,광진구 기타 장소,2025-10-04 21:00:00,2025-10-05 00:00:00
2192,식사,스타시티 푸드코트,2025-10-05 08:00:00,2025-10-05 10:00:00
2193,스포츠,광진구 배드민턴장,2025-10-05 10:00:00,2025-10-05 11:00:00
2194,스포츠,광진구 요가 스튜디오,2025-10-05 11:00:00,2025-10-05 12:00:00
2195,식사,광장시장 맛집,2025-10-05 12:00:00,2025-10-05 14:00:00
2196,운동,한강 공원,2025-10-05 14:00:00,2025-10-05 17:00:00
2197,운동,광진구 공원 체력단련장,2025-10-05 17:00:00,2025-10-05 19:00:00
2198,스포츠,어린이대공원 운동장,2025-10-05 19:00:00,2025-10-05 20:00:00
2199,관람,뚝섬 전망대,2025-10-05 20:00:00,2025-10-05 22:00:00
2200,운동,뚝섬 유원지 요가 센터,2025-10-05 22:00:00,2025-10-06 00:00:00
2201,식사,건대입구 전통시장,2025-10-06 08:00:00,2025-10-06 10:00:00
2202,운동,건대 스포츠 클럽,2025-10-06 10:00:00,2025-10-06 11:00:00
2203,공부,광진구 기타 장소,2025-10-06 11:00:00,2025-10-06 13:00:00
2204,운동,서울숲 조깅 트랙,2025-10-06 13:00:00,2025-10-06 17:00:00
2205,운동,뚝섬 한강 수영장,2025-10-06 17:00:00,2025-10-06 19:00:00
2206,공부,광진구 기타 장소,2025-10-06 19:00:00,2025-10-06 20:00:00
2207,스포츠,광진구 요가 스튜디오,2025-10-06 20:00:00,2025-10-06 23:00:00
2208,공부,광진구 기타 장소,2025-10-06 23:00:00,2025-10-07 00:00:00
2209,식사,광진구 한식당,2025-10-07 08:00:00,2025-10-07 10:00:00
2210,스포츠,어린이대공원 운동장,2025-10-07 10:00:00,2025-10-07 11:00:00
2211,관람,한강 뚝섬 예술극장,2025-10-07 11:00:00,2025-10-07 13:00:00
2212,실내활동,광진구 기타 장소,2025-10-07 13:00:00,2025-10-07 16:00:00
2213,스포츠,광진구 요가 스튜디오,2025-10-07 16:00:00,2025-10-07 20:00:00
2214,실내활동,광진구 기타 장소,2025-10-07 20:00:00,2025-10-07 23:00:00
2215,실내활동,광진구 기타 장소,2025-10-07 23:00:00,2025-10-08 00:00:00
2216,식사,한강 뚝섬 피크닉존 카페,2025-10-08 08:00:00,2025-10-08 10:00:00
2217,실내활동,광진구 기타 장소,2025-10-08 10:00:00,2025-10-08 11:00:00
2218,실내활동,광진구 기타 장소,2025-10-08 11:00:00,2025-10-08 15:00:00
2219,공원,광진구 기타 장소,2025-10-08 15:00:00,2025-10-08 17:00:00
2220,공원,광진구 기타 장소,2025-10-08 17:00:00,2025-10-08 21:00:00
2221,실내활동,광진구 기타 장소,2025-10-08 21:00:00,2025-10-09 00:00:00
2222,공부,광진구 기타 장소,2025-10-08 22:00:00,2025-10-08 23:00:00
2223,식사,스타시티 푸드코트,2025-10-09 08:00:00,2025-10-09 10:00:00
2224,운동,한강 공원,2025-10-09 10:00:00,2025-10-09 11:00:00
2225,운동,건대 스포츠 클럽,2025-10-09 11:00:00,2025-10-09 14:00:00
2226,운동,광진구 등산 코스,2025-10-09 14:00:00,2025-10-09 16:00:00
2227,스포츠,서울숲 테니스장,2025-10-09 16:00:00,2025-10-09 18:00:00
2228,식사,뚝섬 수변 카페,2025-10-09 18:00:00,2025-10-09 20:00:00
2229,스포츠,서울숲 테니스장,2025-10-09 20:00:00,2025-10-09 22:00:00
2230,스포츠,뚝섬 런닝코스,2025-10-09 22:00:00,2025-10-10 00:00:00
2231,공원,광진구 기타 장소,2025-10-09 22:00:00,2025-10-09 23:00:00
2232,식사,세종대 부근 맛집,2025-10-10 08:00:00,2025-10-10 10:00:00
2233,공부,광진구 기타 장소,2025-10-10 10:00:00,2025-10-10 13:00:00
2234,실내활동,광진구 기타 장소,2025-10-10 13:00:00,2025-10-10 16:00:00
2235,실내활동,광진구 기타 장소,2025-10-10 16:00:00,2025-10-10 18:00:00
2236,식사,어린이대공원 근처 레스토랑,2025-10-10 18:00:00,2025-10-10 20:00:00
2237,실내활동,광진구 기타 장소,2025-10-10 20:00:00,2025-10-10 22:00:00
2238,관람,건국대학교 박물관,2025-10-10 22:00:00,2025-10-10 23:00:00
2239,실내활동,광진구 기타 장소,2025-10-10 23:00:00,2025-10-11 00:00:00
2240,식사,건대입구 전통시장,2025-10-11 08:00:00,2025-10-11 10:00:00
2241,공원,광진구 기타 장소,2025-10-11 10:00:00,2025-10-11 13:00:00
2242,운동,뚝섬 유원지 요가 센터,2025-10-11 13:00:00,2025-10-11 14:00:00
2243,운동,뚝섬 유원지 요가 센터,2025-10-11 14:00:00,2025-10-11 15:00:00
2244,실내활동,광진구 기타 장소,2025-10-11 15:00:00,2025-10-11 17:00:00
2245,운동,한강 공원,2025-10-11 17:00:00,2025-10-11 19:00:00
2246,운동,광진구 공원 체력단련장,2025-10-11 19:00:00,2025-10-11 20:00:00
2247,운동,광진구 등산 코스,2025-10-11 20:00:00,2025-10-11 23:00:00
2248,실내활동,광진구 기타 장소,2025-10-11 23:00:00,2025-10-12 00:00:00
2249,식사,건대입구 음식점,2025-10-12 08:00:00,2025-10-12 10:00:00
2250,스포츠,건대 헬스장,2025-10-12 10:00:00,2025-10-12 13:00:00
2251,관람,뚝섬 전망대,2025-10-12 13:00:00,2025-10-12 17:00:00
2252,운동,서울숲 조깅 트랙,2025-10-12 17:00:00,2025-10-12 20:00:00
2253,관람,롯데시네마 건대입구,2025-10-12 20:00:00,2025-10-12 23:00:00
2254,관람,건국대학교 박물관,2025-10-12 23:00:00,2025-10-13 00:00:00
2255,식사,건대입구 음식점,2025-10-13 08:00:00,2025-10-13 10:00:00
2256,운동,뚝섬 한강 수영장,2025-10-13 10:00:00,2025-10-13 12:00:00
2257,식사,광진구 한식당,2025-10-13 12:00:00,2025-10-13 14:00:00
2258,운동,한강 자전거 대여소,2025-10-13 14:00:00,2025-10-13 16:00:00
2259,스포츠,뚝섬 런닝코스,2025-10-13 16:00:00,2025-10-13 20:00:00
2260,운동,건대 스포츠 클럽,2025-10-13 20:00:00,2025-10-13 23:00:00
2261,스포츠,광진구 배드민턴장,2025-10-13 23:00:00,2025-10-14 00:00:00
2262,공부,광진구 기타 장소,2025-10-13 22:00:00,2025-10-13 23:00:00
2263,식사,건대입구 전통시장,2025-10-14 08:00:00,2025-10-14 10:00:00
2264,실내활동,광진구 기타 장소,2025-10-14 10:00:00,2025-10-14 12:00:00
2265,식사,건대입구 음식점,2025-10-14 12:00:00,2025-10-14 14:00:00
2266,관람,건국대학교 박물관,2025-10-14 14:00:00,2025-10-14 18:00:00
2267,식사,한강 뚝섬 피크닉존 카페,2025-10-14 18:00:00,2025-10-14 20:00:00
2268,스포츠,서울숲 테니스장,2025-10-14 20:00:00,2025-10-14 21:00:00
2269,실내활동,광진구 기타 장소,2025-10-14 21:00:00,2025-10-14 23:00:00
2270,실내활동,광진구 기타 장소,2025-10-14 23:00:00,2025-10-15 00:00:00
2271,식사,어린이대공원 근처 레스토랑,2025-10-15 08:00:00,2025-10-15 10:00:00
2272,공부,광진구 기타 장소,2025-10-15 10:00:00,2025-10-15 12:00:00
2273,식사,광진구 한식당,2025-10-15 12:00:00,2025-10-15 14:00:00
2274,실내활동,광진구 기타 장소,2025-10-15 14:00:00,2025-10-15 17:00:00
2275,공부,광진구 기타 장소,2025-10-15 17:00:00,2025-10-15 18:00:00
2276,식사,세종대 부근 맛집,2025-10-15 18:00:00,2025-10-15 20:00:00
2277,실내활동,광진구 기타 장소,2025-10-15 20:00:00,2025-10-15 22:00:00
2278,공부,광진구 기타 장소,2025-10-15 22:00:00,2025-10-15 23:00:00
2279,실내활동,광진구 기타 장소,2025-10-15 23:00:00,2025-10-16 00:00:00
2280,공원,광진구 기타 장소,2025-10-15 22:00:00,2025-10-15 23:00:00
2281,식사,세종대 부근 맛집,2025-10-16 08:00:00,2025-10-16 10:00:00
2282,공원,광진구 기타 장소,2025-10-16 10:00:00,2025-10-16 14:00:00
2283,공원,광진구 기타 장소,2025-10-16 14:00:00,2025-10-16 17:00:00
2284,운동,뚝섬 한강 수영장,2025-10-16 17:00:00,2025-10-16 19:00:00
2285,운동,서울숲 조깅 트랙,2025-10-16 19:00:00,2025-10-16 22:00:00
2286,공원,광진구 기타 장소,2025-10-16 22:00:00,2025-10-17 00:00:00
2287,스포츠,세종대 실내 체육관,2025-10-16 22:00:00,2025-10-16 23:00:00
2288,식사,한강 뚝섬 피크닉존 카페,2025-10-17 08:00:00,2025-10-17 10:00:00
2289,실내활동,광진구 기타 장소,2025-10-17 10:00:00,2025-10-17 14:00:00
2290,관람,어린이대공원 공연장,2025-10-17 14:00:00,2025-10-17 17:00:00
2291,공부,광진구 기타 장소,2025-10-17 17:00:00,2025-10-17 18:00:00
2292,식사,세종대 부근 맛집,2025-10-17 18:00:00,2025-10-17 20:00:00
2293,공부,광진구 기타 장소,2025-10-17 20:00:00,2025-10-18 00:00:00
2294,식사,뚝섬 수변 카페,2025-10-18 08:00:00,2025-10-18 10:00:00
2295,공원,광진구 기타 장소,2025-10-18 10:00:00,2025-10-18 12:00:00
2296,식사,한강 뚝섬 피크닉존 카페,2025-10-18 12:00:00,2025-10-18 14:00:00
2297,운동,뚝섬 유원지 요가 센터,2025-10-18 14:00:00,2025-10-18 17:00:00
2298,운동,한강 자전거 대여소,2025-10-18 17:00:00,2025-10-18 19:00:00
2299,실내활동,광진구 기타 장소,2025-10-18 19:00:00,2025-10-18 23:00:00
2300,운동,건대 헬스장,2025-10-18 23:00:00,2025-10-19 00:00:00
2301,식사,건대 버거 레스토랑,2025-10-19 08:00:00,2025-10-19 10:00:00
2302,스포츠,뚝섬 런닝코스,2025-10-19 10:00:00,2025-10-19 12:00:00
2303,식사,광장시장 맛집,2025-10-19 12:00:00,2025-10-19 14:00:00
2304,스포츠,광진구 배드민턴장,2025-10-19 14:00:00,2025-10-19 15:00:00
2305,관람,광진구 시립극장,2025-10-19 15:00:00,2025-10-19 16:00:00
2306,관람,건대 메가박스,2025-10-19 16:00:00,2025-10-19 17:00:00
2307,관람,건대 커뮤니티 아트센터,2025-10-19 17:00:00,2025-10-19 18:00:00
2308,식사,뚝섬 수변 카페,2025-10-19 18:00:00,2025-10-19 20:00:00
2309,스포츠,건대 헬스장,2025-10-19 20:00:00,2025-10-19 23:00:00
2310,관람,건대 메가박스,2025-10-19 23:00:00,2025-10-20 00:00:00
2311,운동,뚝섬 유원지 요가 센터,2025-10-19 22:00:00,2025-10-19 23:00:00
2312,식사,광진구 한식당,2025-10-20 08:00:00,2025-10-20 10:00:00
2313,운동,한강 공원,2025-10-20 10:00:00,2025-10-20 11:00:00
2314,공부,광진구 기타 장소,2025-10-20 11:00:00,2025-10-20 15:00:00
2315,공부,광진구 기타 장소,2025-10-20 15:00:00,2025-10-20 17:00:00
2316,공부,광진구 기타 장소,2025-10-20 17:00:00,2025-10-20 20:00:00
2317,운동,뚝섬 한강 수영장,2025-10-20 20:00:00,2025-10-20 21:00:00
2318,공부,광진구 기타 장소,2025-10-20 21:00:00,2025-10-21 00:00:00
2319,스포츠,광진구 체육관,2025-10-20 22:00:00,2025-10-20 23:00:00
2320,식사,건대입구 음식점,2025-10-21 08:00:00,2025-10-21 10:00:00
2321,실내활동,광진구 기타 장소,2025-10-21 10:00:00,2025-10-21 13:00:00
2322,관람,서울숲 갤러리,2025-10-21 13:00:00,2025-10-21 14:00:00
2323,스포츠,서울숲 테니스장,2025-10-21 14:00:00,2025-10-21 15:00:00
2324,스포츠,어린이대공원 운동장,2025-10-21 15:00:00,2025-10-21 17:00:00
2325,관람,건대 메가박스,2025-10-21 17:00:00,2025-10-21 19:00:00
2326,관람,롯데시네마 건대입구,2025-10-21 19:00:00,2025-10-21 21:00:00
2327,실내활동,광진구 기타 장소,2025-10-21 21:00:00,2025-10-22 00:00:00
2328,식사,어린이대공원 근처 레스토랑,2025-10-22 08:00:00,2025-10-22 10:00:00
2329,공부,광진구 기타 장소,2025-10-22 10:00:00,2025-10-22 11:00:00
2330,실내활동,광진구 기타 장소,2025-10-22 11:00:00,2025-10-22 15:00:00
2331,공부,광진구 기타 장소,2025-10-22 15:00:00,2025-10-22 16:00:00
2332,실내활동,광진구 기타 장소,2025-10-22 16:00:00,2025-10-22 18:00:00
2333,식사,한강 뚝섬 피크닉존 카페,2025-10-22 18:00:00,2025-10-22 20:00:00
2334,실내활동,광진구 기타 장소,2025-10-22 20:00:00,2025-10-22 23:00:00
2335,실내활동,광진구 기타 장소,2025-10-22 23:00:00,2025-10-23 00:00:00
2336,공원,광진구 기타 장소,2025-10-22 22:00:00,2025-10-22 23:00:00
2337,식사,뚝섬 수변 카페,2025-10-23 08:00:00,2025-10-23 10:00:00
2338,운동,어린이대공원 실내 체육관,2025-10-23 10:00:00,2025-10-23 12:00:00
2339,식사,스타시티 푸드코트,2025-10-23 12:00:00,2025-10-23 14:00:00
2340,운동,건대 헬스장,2025-10-23 14:00:00,2025-10-23 17:00:00
2341,공원,광진구 기타 장소,2025-10-23 17:00:00,2025-10-23 19:00:00
2342,스포츠,광진구 체육관,2025-10-23 19:00:00,2025-10-23 21:00:00
2343,스포츠,한강공원 축구장,2025-10-23 21:00:00,2025-10-24 00:00:00
2344,식사,한강 뚝섬 피크닉존 카페,2025-10-24 08:00:00,2025-10-24 10:00:00
2345,관람,어린이대공원 공연장,2025-10-24 10:00:00,2025-10-24 14:00:00
2346,관람,건국대학교 박물관,2025-10-24 14:00:00,2025-10-24 16:00:00
2347,실내활동,광진구 기타 장소,2025-10-24 16:00:00,2025-10-24 19:00:00
2348,공부,광진구 기타 장소,2025-10-24 19:00:00,2025-10-24 23:00:00
2349,실내활동,광진구 기타 장소,2025-10-24 23:00:00,2025-10-25 00:00:00
2350,식사,세종대 부근 맛집,2025-10-25 08:00:00,2025-10-25 10:00:00
2351,실내활동,광진구 기타 장소,2025-10-25 10:00:00,2025-10-25 13:00:00
2352,공원,광진구 기타 장소,2025-10-25 13:00:00,2025-10-25 14:00:00
2353,운동,한강 공원,2025-10-25 14:00:00,2025-10-25 16:00:00
2354,실내활동,광진구 기타 장소,2025-10-25 16:00:00,2025-10-25 18:00:00
2355,식사,스타시티 푸드코트,2025-10-25 18:00:00,2025-10-25 20:00:00
2356,운동,광진구 공원 체력단련장,2025-10-25 20:00:00,2025-10-25 23:00:00
2357,운동,광진구 공원 체력단련장,2025-10-25 23:00:00,2025-10-26 00:00:00
2358,식사,광진구 한식당,2025-10-26 08:00:00,2025-10-26 10:00:00
2359,운동,어린이대공원 실내 체육관,2025-10-26 10:00:00,2025-10-26 12:00:00
2360,식사,스타시티 푸드코트,2025-10-26 12:00:00,2025-10-26 14:00:00
2361,운동,뚝섬 한강 수영장,2025-10-26 14:00:00,2025-10-26 17:00:00
2362,운동,어린이대공원 실내 체육관,2025-10-26 17:00:00,2025-10-26 20:00:00
2363,스포츠,광진구 요가 스튜디오,2025-10-26 20:00:00,2025-10-26 23:00:00
2364,운동,한강 공원,2025-10-26 23:00:00,2025-10-27 00:00:00
2365,관람,서울숲 갤러리,2025-10-26 22:00:00,2025-10-26 23:00:00
2366,식사,건대 버거 레스토랑,2025-10-27 08:00:00,2025-10-27 10:00:00
2367,스포츠,서울숲 스케이트장,2025-10-27 10:00:00,2025-10-27 13:00:00
2368,공부,광진구 기타 장소,2025-10-27 13:00:00,2025-10-27 16:00:00
2369,운동,건대 스포츠 클럽,2025-10-27 16:00:00,2025-10-27 17:00:00
2370,공부,광진구 기타 장소,2025-10-27 17:00:00,2025-10-27 18:00:00
2371,식사,건대 버거 레스토랑,2025-10-27 18:00:00,2025-10-27 20:00:00
2372,공부,광진구 기타 장소,2025-10-27 20:00:00,2025-10-28 00:00:00
2373,식사,건대입구 음식점,2025-10-28 08:00:00,2025-10-28 10:00:00
2374,실내활동,광진구 기타 장소,2025-10-28 10:00:00,2025-10-28 11:00:00
2375,관람,건대 메가박스,2025-10-28 11:00:00,2025-10-28 14:00:00
2376,실내활동,광진구 기타 장소,2025-10-28 14:00:00,2025-10-28 17:00:00
2377,실내활동,광진구 기타 장소,2025-10-28 17:00:00,2025-10-28 21:00:00
2378,스포츠,세종대 실내 체육관,2025-10-28 21:00:00,2025-10-29 00:00:00
2379,식사,건대입구 음식점,2025-10-29 08:00:00,2025-10-29 10:00:00
2380,공원,광진구 기타 장소,2025-10-29 10:00:00,2025-10-29 13:00:00
2381,공원,광진구 기타 장소,2025-10-29 13:00:00,2025-10-29 14:00:00
2382,공원,광진구 기타 장소,2025-10-29 14:00:00,2025-10-29 18:00:00
2383,식사,어린이대공원 근처 레스토랑,2025-10-29 18:00:00,2025-10-29 20:00:00
2384,공부,광진구 기타 장소,2025-10-29 20:00:00,2025-10-29 23:00:00
2385,공원,광진구 기타 장소,2025-10-29 23:00:00,2025-10-30 00:00:00
2386,실내활동,광진구 기타 장소,2025-10-29 22:00:00,2025-10-29 23:00:00
2387,식사,건대 버거 레스토랑,2025-10-30 08:00:00,2025-10-30 10:00:00
2388,운동,광진구 공원 체력단련장,2025-10-30 10:00:00,2025-10-30 11:00:00
2389,운동,광진구 공원 체력단련장,2025-10-30 11:00:00,2025-10-30 15:00:00
2390,스포츠,어린이대공원 운동장,2025-10-30 15:00:00,2025-10-30 17:00:00
2391,공원,광진구 기타 장소,2025-10-30 17:00:00,2025-10-30 19:00:00
2392,공원,광진구 기타 장소,2025-10-30 19:00:00,2025-10-30 21:00:00
2393,공원,광진구 기타 장소,2025-10-30 21:00:00,2025-10-31 00:00:00
2394,식사,한강 뚝섬 피크닉존 카페,2025-10-31 08:00:00,2025-10-31 10:00:00
2395,실내활동,광진구 기타 장소,2025-10-31 10:00:00,2025-10-31 13:00:00
2396,관람,한강 뚝섬 예술극장,2025-10-31 13:00:00,2025-10-31 15:00:00
2397,실내활동,광진구 기타 장소,2025-10-31 15:00:00,2025-10-31 19:00:00
2398,공부,광진구 기타 장소,2025-10-31 19:00:00,2025-10-31 22:00:00
2399,관람,건국대학교 박물관,2025-10-31 22:00:00,2025-10-31 23:00:00
2400,관람,서울숲 갤러리,2025-10-31 23:00:00,2025-11-01 00:00:00
2401,식사,한강 뚝섬 피크닉존 카페,2025-11-01 08:00:00,2025-11-01 10:00:00
2402,실내활동,광진구 기타 장소,2025-11-01 10:00:00,2025-11-01 13:00:00
2403,실내활동,광진구 기타 장소,2025-11-01 13:00:00,2025-11-01 15:00:00
2404,운동,건대 헬스장,2025-11-01 15:00:00,2025-11-01 17:00:00
2405,운동,한강 자전거 대여소,2025-11-01 17:00:00,2025-11-01 20:00:00
2406,운동,건대 스포츠 클럽,2025-11-01 20:00:00,2025-11-01 22:00:00
2407,실내활동,광진구 기타 장소,2025-11-01 22:00:00,2025-11-02 00:00:00
2408,공원,광진구 기타 장소,2025-11-01 22:00:00,2025-11-01 23:00:00
2409,식사,세종대 부근 맛집,2025-11-02 08:00:00,2025-11-02 10:00:00
2410,관람,서울숲 갤러리,2025-11-02 10:00:00,2025-11-02 14:00:00
2411,운동,한강 자전거 대여소,2025-11-02 14:00:00,2025-11-02 16:00:00
2412,관람,건대 커뮤니티 아트센터,2025-11-02 16:00:00,2025-11-02 20:00:00
2413,스포츠,어린이대공원 운동장,2025-11-02 20:00:00,2025-11-02 23:00:00
2414,관람,서울숲 갤러리,2025-11-02 23:00:00,2025-11-03 00:00:00
2415,식사,건대 버거 레스토랑,2025-11-03 08:00:00,2025-11-03 10:00:00
2416,스포츠,건대 헬스장,2025-11-03 10:00:00,2025-11-03 11:00:00
2417,운동,뚝섬 한강 수영장,2025-11-03 11:00:00,2025-11-03 14:00:00
2418,운동,어린이대공원 실내 체육관,2025-11-03 14:00:00,2025-11-03 17:00:00
2419,공부,광진구 기타 장소,2025-11-03 17:00:00,2025-11-03 19:00:00
2420,운동,광진구 공원 체력단련장,2025-11-03 19:00:00,2025-11-03 23:00:00
2421,운동,건대 스포츠 클럽,2025-11-03 23:00:00,2025-11-04 00:00:00
2422,식사,어린이대공원 근처 레스토랑,2025-11-04 08:00:00,2025-11-04 10:00:00
2423,실내활동,광진구 기타 장소,2025-11-04 10:00:00,2025-11-04 14:00:00
2424,실내활동,광진구 기타 장소,2025-11-04 14:00:00,2025-11-04 16:00:00
2425,관람,건대 커뮤니티 아트센터,2025-11-04 16:00:00,2025-11-04 18:00:00
2426,식사,건대입구 전통시장,2025-11-04 18:00:00,2025-11-04 20:00:00
2427,스포츠,세종대 실내 체육관,2025-11-04 20:00:00,2025-11-04 21:00:00
2428,관람,롯데시네마 건대입구,2025-11-04 21:00:00,2025-11-04 22:00:00
2429,관람,건대 커뮤니티 아트센터,2025-11-04 22:00:00,2025-11-05 00:00:00
2430,식사,뚝섬 수변 카페,2025-11-05 08:00:00,2025-11-05 10:00:00
2431,공부,광진구 기타 장소,2025-11-05 10:00:00,2025-11-05 13:00:00
2432,공부,광진구 기타 장소,2025-11-05 13:00:00,2025-11-05 15:00:00
2433,공부,광진구 기타 장소,2025-11-05 15:00:00,2025-11-05 19:00:00
2434,공원,광진구 기타 장소,2025-11-05 19:00:00,2025-11-05 21:00:00
2435,공부,광진구 기타 장소,2025-11-05 21:00:00,2025-11-05 22:00:00
2436,실내활동,광진구 기타 장소,2025-11-05 22:00:00,2025-11-06 00:00:00
2437,식사,광장시장 맛집,2025-11-06 08:00:00,2025-11-06 10:00:00
2438,운동,한강 공원,2025-11-06 10:00:00,2025-11-06 12:00:00
2439,식사,광장시장 맛집,2025-11-06 12:00:00,2025-11-06 14:00:00
2440,운동,광진구 공원 체력단련장,2025-11-06 14:00:00,2025-11-06 17:00:00
2441,스포츠,한강공원 축구장,2025-11-06 17:00:00,2025-11-06 18:00:00
2442,식사,건대입구 음식점,2025-11-06 18:00:00,2025-11-06 20:00:00
2443,스포츠,뚝섬 런닝코스,2025-11-06 20:00:00,2025-11-06 23:00:00
2444,운동,건대 헬스장,2025-11-06 23:00:00,2025-11-07 00:00:00
2445,공원,광진구 기타 장소,2025-11-06 22:00:00,2025-11-06 23:00:00
2446,식사,건대입구 음식점,2025-11-07 08:00:00,2025-11-07 10:00:00
2447,관람,광진문화예술회관,2025-11-07 10:00:00,2025-11-07 12:00:00
2448,식사,광장시장 맛집,2025-11-07 12:00:00,2025-11-07 14:00:00
2449,실내활동,광진구 기타 장소,2025-11-07 14:00:00,2025-11-07 15:00:00
2450,실내활동,광진구 기타 장소,2025-11-07 15:00:00,2025-11-07 16:00:00
2451,공부,광진구 기타 장소,2025-11-07 16:00:00,2025-11-07 17:00:00
2452,공부,광진구 기타 장소,2025-11-07 17:00:00,2025-11-07 18:00:00
2453,식사,건대입구 음식점,2025-11-07 18:00:00,2025-11-07 20:00:00
2454,공부,광진구 기타 장소,2025-11-07 20:00:00,2025-11-07 22:00:00
2455,관람,롯데시네마 건대입구,2025-11-07 22:00:00,2025-11-08 00:00:00
2456,식사,광장시장 맛집,2025-11-08 08:00:00,2025-11-08 10:00:00
2457,운동,어린이대공원 실내 체육관,2025-11-08 10:00:00,2025-11-08 13:00:00
2458,공원,광진구 기타 장소,2025-11-08 13:00:00,2025-11-08 14:00:00
2459,실내활동,광진구 기타 장소,2025-11-08 14:00:00,2025-11-08 16:00:00
2460,실내활동,광진구 기타 장소,2025-11-08 16:00:00,2025-11-08 19:00:00
2461,운동,어린이대공원 실내 체육관,2025-11-08 19:00:00,2025-11-08 21:00:00
2462,운동,건대 스포츠 클럽,2025-11-08 21:00:00,2025-11-08 22:00:00
2463,공원,광진구 기타 장소,2025-11-08 22:00:00,2025-11-08 23:00:00
2464,공원,광진구 기타 장소,2025-11-08 23:00:00,2025-11-09 00:00:00
2465,식사,광장시장 맛집,2025-11-09 08:00:00,2025-11-09 10:00:00
2466,스포츠,뚝섬 런닝코스,2025-11-09 10:00:00,2025-11-09 12:00:00
2467,식사,건대입구 음식점,2025-11-09 12:00:00,2025-11-09 14:00:00
2468,관람,뚝섬 전망대,2025-11-09 14:00:00,2025-11-09 16:00:00
2469,운동,한강 자전거 대여소,2025-11-09 16:00:00,2025-11-09 20:00:00
2470,스포츠,서울숲 테니스장,2025-11-09 20:00:00,2025-11-09 22:00:00
2471,운동,건대 헬스장,2025-11-09 22:00:00,2025-11-10 00:00:00
2472,식사,한강 뚝섬 피크닉존 카페,2025-11-10 08:00:00,2025-11-10 10:00:00
2473,운동,뚝섬 한강 수영장,2025-11-10 10:00:00,2025-11-10 14:00:00
2474,스포츠,광진구 체육관,2025-11-10 14:00:00,2025-11-10 18:00:00
2475,식사,광장시장 맛집,2025-11-10 18:00:00,2025-11-10 20:00:00
2476,스포츠,서울숲 테니스장,2025-11-10 20:00:00,2025-11-10 22:00:00
2477,공부,광진구 기타 장소,2025-11-10 22:00:00,2025-11-11 00:00:00
2478,식사,어린이대공원 근처 레스토랑,2025-11-11 08:00:00,2025-11-11 10:00:00
2479,실내활동,광진구 기타 장소,2025-11-11 10:00:00,2025-11-11 11:00:00
2480,스포츠,세종대 실내 체육관,2025-11-11 11:00:00,2025-11-11 13:00:00
2481,실내활동,광진구 기타 장소,2025-11-11 13:00:00,2025-11-11 14:00:00
2482,관람,광진문화예술회관,2025-11-11 14:00:00,2025-11-11 17:00:00
2483,실내활동,광진구 기타 장소,2025-11-11 17:00:00,2025-11-11 20:00:00
2484,스포츠,한강공원 축구장,2025-11-11 20:00:00,2025-11-11 23:00:00
2485,실내활동,광진구 기타 장소,2025-11-11 23:00:00,2025-11-12 00:00:00
2486,식사,뚝섬 수변 카페,2025-11-12 08:00:00,2025-11-12 10:00:00
2487,공부,광진구 기타 장소,2025-11-12 10:00:00,2025-11-12 12:00:00
2488,식사,뚝섬 수변 카페,2025-11-12 12:00:00,2025-11-12 14:00:00
2489,공부,광진구 기타 장소,2025-11-12 14:00:00,2025-11-12 17:00:00
2490,실내활동,광진구 기타 장소,2025-11-12 17:00:00,2025-11-12 19:00:00
2491,실내활동,광진구 기타 장소,2025-11-12 19:00:00,2025-11-12 20:00:00
2492,공원,광진구 기타 장소,2025-11-12 20:00:00,2025-11-12 23:00:00
2493,실내활동,광진구 기타 장소,2025-11-12 23:00:00,2025-11-13 00:00:00
2494,식사,세종대 부근 맛집,2025-11-13 08:00:00,2025-11-13 10:00:00
2495,스포츠,건대 헬스장,2025-11-13 10:00:00,2025-11-13 13:00:00
2496,운동,한강 공원,2025-11-13 13:00:00,2025-11-13 15:00:00
2497,공원,광진구 기타 장소,2025-11-13 15:00:00,2025-11-13 19:00:00
2498,운동,광진구 등산 코스,2025-11-13 19:00:00,2025-11-13 22:00:00
2499,운동,건대 스포츠 클럽,2025-11-13 22:00:00,2025-11-14 00:00:00
2500,식사,한강 뚝섬 피크닉존 카페,2025-11-14 08:00:00,2025-11-14 10:00:00
2501,관람,롯데시네마 건대입구,2025-11-14 10:00:00,2025-11-14 14:00:00
2502,공부,광진구 기타 장소,2025-11-14 14:00:00,2025-11-14 18:00:00
2503,식사,광장시장 맛집,2025-11-14 18:00:00,2025-11-14 20:00:00
2504,관람,롯데시네마 건대입구,2025-11-14 20:00:00,2025-11-14 21:00:00
2505,관람,롯데시네마 건대입구,2025-11-14 21:00:00,2025-11-15 00:00:00
2506,실내활동,광진구 기타 장소,2025-11-14 22:00:00,2025-11-14 23:00:00
2507,식사,스타시티 푸드코트,2025-11-15 08:00:00,2025-11-15 10:00:00
2508,운동,광진구 등산 코스,2025-11-15 10:00:00,2025-11-15 12:00:00
2509,식사,뚝섬 수변 카페,2025-11-15 12:00:00,2025-11-15 14:00:00
2510,공원,광진구 기타 장소,2025-11-15 14:00:00,2025-11-15 17:00:00
2511,실내활동,광진구 기타 장소,2025-11-15 17:00:00,2025-11-15 18:00:00
2512,식사,광장시장 맛집,2025-11-15 18:00:00,2025-11-15 20:00:00
2513,운동,뚝섬 한강 수영장,2025-11-15 20:00:00,2025-11-15 23:00:00
2514,운동,광진구 공원 체력단련장,2025-11-15 23:00:00,2025-11-16 00:00:00
2515,식사,건대입구 전통시장,2025-11-16 08:00:00,2025-11-16 10:00:00
2516,스포츠,한강공원 축구장,2025-11-16 10:00:00,2025-11-16 11:00:00
2517,관람,건대 메가박스,2025-11-16 11:00:00,2025-11-16 12:00:00
2518,식사,건대 버거 레스토랑,2025-11-16 12:00:00,2025-11-16 14:00:00
2519,운동,뚝섬 한강 수영장,2025-11-16 14:00:00,2025-11-16 15:00:00
2520,스포츠,세종대 실내 체육관,2025-11-16 15:00:00,2025-11-16 19:00:00
2521,운동,서울숲 조깅 트랙,2025-11-16 19:00:00,2025-11-16 21:00:00
2522,운동,어린이대공원 실내 체육관,2025-11-16 21:00:00,2025-11-17 00:00:00
2523,식사,한강 뚝섬 피크닉존 카페,2025-11-17 08:00:00,2025-11-17 10:00:00
2524,운동,건대 스포츠 클럽,2025-11-17 10:00:00,2025-11-17 12:00:00
2525,식사,뚝섬 수변 카페,2025-11-17 12:00:00,2025-11-17 14:00:00
2526,공부,광진구 기타 장소,2025-11-17 14:00:00,2025-11-17 15:00:00
2527,운동,한강 공원,2025-11-17 15:00:00,2025-11-17 17:00:00
2528,운동,뚝섬 유원지 요가 센터,2025-11-17 17:00:00,2025-11-17 18:00:00
2529,식사,뚝섬 수변 카페,2025-11-17 18:00:00,2025-11-17 20:00:00
2530,운동,어린이대공원 실내 체육관,2025-11-17 20:00:00,2025-11-18 00:00:00
2531,스포츠,세종대 실내 체육관,2025-11-17 22:00:00,2025-11-17 23:00:00
2532,식사,어린이대공원 근처 레스토랑,2025-11-18 08:00:00,2025-11-18 10:00:00
2533,관람,건대 메가박스,2025-11-18 10:00:00,2025-11-18 14:00:00
2534,실내활동,광진구 기타 장소,2025-11-18 14:00:00,2025-11-18 15:00:00
2535,스포츠,세종대 실내 체육관,2025-11-18 15:00:00,2025-11-18 19:00:00
2536,관람,어린이대공원 공연장,2025-11-18 19:00:00,2025-11-18 20:00:00
2537,스포츠,서울숲 테니스장,2025-11-18 20:00:00,2025-11-19 00:00:00
2538,식사,세종대 부근 맛집,2025-11-19 08:00:00,2025-11-19 10:00:00
2539,공부,광진구 기타 장소,2025-11-19 10:00:00,2025-11-19 11:00:00
2540,공부,광진구 기타 장소,2025-11-19 11:00:00,2025-11-19 14:00:00
2541,공부,광진구 기타 장소,2025-11-19 14:00:00,2025-11-19 16:00:00
2542,공부,광진구 기타 장소,2025-11-19 16:00:00,2025-11-19 17:00:00
2543,공부,광진구 기타 장소,2025-11-19 17:00:00,2025-11-19 19:00:00
2544,공부,광진구 기타 장소,2025-11-19 19:00:00,2025-11-19 21:00:00
2545,실내활동,광진구 기타 장소,2025-11-19 21:00:00,2025-11-20 00:00:00
2546,공원,광진구 기타 장소,2025-11-19 22:00:00,2025-11-19 23:00:00
2547,식사,한강 뚝섬 피크닉존 카페,2025-11-20 08:00:00,2025-11-20 10:00:00
2548,공원,광진구 기타 장소,2025-11-20 10:00:00,2025-11-20 14:00:00
2549,공원,광진구 기타 장소,2025-11-20 14:00:00,2025-11-20 18:00:00
2550,식사,광장시장 맛집,2025-11-20 18:00:00,2025-11-20 20:00:00
2551,스포츠,건대 헬스장,2025-11-20 20:00:00,2025-11-20 21:00:00
2552,스포츠,광진구 체육관,2025-11-20 21:00:00,2025-11-20 22:00:00
2553,공원,광진구 기타 장소,2025-11-20 22:00:00,2025-11-21 00:00:00
2554,운동,뚝섬 한강 수영장,2025-11-20 22:00:00,2025-11-20 23:00:00
2555,식사,어린이대공원 근처 레스토랑,2025-11-21 08:00:00,2025-11-21 10:00:00
2556,실내활동,광진구 기타 장소,2025-11-21 10:00:00,2025-11-21 12:00:00
2557,식사,건대입구 음식점,2025-11-21 12:00:00,2025-11-21 14:00:00
2558,공부,광진구 기타 장소,2025-11-21 14:00:00,2025-11-21 17:00:00
2559,관람,건대 커뮤니티 아트센터,2025-11-21 17:00:00,2025-11-21 21:00:00
2560,공부,광진구 기타 장소,2025-11-21 21:00:00,2025-11-21 22:00:00
2561,실내활동,광진구 기타 장소,2025-11-21 22:00:00,2025-11-22 00:00:00
2562,식사,광진구 한식당,2025-11-22 08:00:00,2025-11-22 10:00:00
2563,운동,광진구 공원 체력단련장,2025-11-22 10:00:00,2025-11-22 12:00:00
2564,식사,스타시티 푸드코트,2025-11-22 12:00:00,2025-11-22 14:00:00
2565,운동,광진구 등산 코스,2025-11-22 14:00:00,2025-11-22 15:00:00
2566,공원,광진구 기타 장소,2025-11-22 15:00:00,2025-11-22 18:00:00
2567,식사,광장시장 맛집,2025-11-22 18:00:00,2025-11-22 20:00:00
2568,운동,광진구 등산 코스,2025-11-22 20:00:00,2025-11-22 22:00:00
2569,운동,건대 스포츠 클럽,2025-11-22 22:00:00,2025-11-22 23:00:00
2570,운동,한강 자전거 대여소,2025-11-22 23:00:00,2025-11-23 00:00:00
2571,실내활동,광진구 기타 장소,2025-11-22 22:00:00,2025-11-22 23:00:00
2572,식사,세종대 부근 맛집,2025-11-23 08:00:00,2025-11-23 10:00:00
2573,스포츠,어린이대공원 운동장,2025-11-23 10:00:00,2025-11-23 11:00:00
2574,운동,한강 자전거 대여소,2025-11-23 11:00:00,2025-11-23 12:00:00
2575,식사,건대입구 전통시장,2025-11-23 12:00:00,2025-11-23 14:00:00
2576,관람,롯데시네마 건대입구,2025-11-23 14:00:00,2025-11-23 17:00:00
2577,관람,광진구 시립극장,2025-11-23 17:00:00,2025-11-23 18:00:00
2578,식사,어린이대공원 근처 레스토랑,2025-11-23 18:00:00,2025-11-23 20:00:00
2579,스포츠,뚝섬 런닝코스,2025-11-23 20:00:00,2025-11-23 21:00:00
2580,스포츠,광진구 체육관,2025-11-23 21:00:00,2025-11-23 22:00:00
2581,스포츠,서울숲 스케이트장,2025-11-23 22:00:00,2025-11-24 00:00:00
2582,식사,뚝섬 수변 카페,2025-11-24 08:00:00,2025-11-24 10:00:00
2583,스포츠,광진구 배드민턴장,2025-11-24 10:00:00,2025-11-24 11:00:00
2584,운동,건대 스포츠 클럽,2025-11-24 11:00:00,2025-11-24 12:00:00
2585,식사,뚝섬 수변 카페,2025-11-24 12:00:00,2025-11-24 14:00:00
2586,운동,건대 헬스장,2025-11-24 14:00:00,2025-11-24 16:00:00
2587,운동,광진구 공원 체력단련장,2025-11-24 16:00:00,2025-11-24 20:00:00
2588,운동,뚝섬 유원지 요가 센터,2025-11-24 20:00:00,2025-11-24 21:00:00
2589,공부,광진구 기타 장소,2025-11-24 21:00:00,2025-11-25 00:00:00
2590,식사,스타시티 푸드코트,2025-11-25 08:00:00,2025-11-25 10:00:00
2591,관람,롯데시네마 건대입구,2025-11-25 10:00:00,2025-11-25 11:00:00
2592,스포츠,광진구 배드민턴장,2025-11-25 11:00:00,2025-11-25 12:00:00
2593,식사,건대입구 음식점,2025-11-25 12:00:00,2025-11-25 14:00:00
2594,스포츠,서울숲 스케이트장,2025-11-25 14:00:00,2025-11-25 17:00:00
2595,실내활동,광진구 기타 장소,2025-11-25 17:00:00,2025-11-25 19:00:00
2596,스포츠,한강공원 축구장,2025-11-25 19:00:00,2025-11-25 22:00:00
2597,스포츠,광진구 배드민턴장,2025-11-25 22:00:00,2025-11-26 00:00:00
2598,식사,건대입구 전통시장,2025-11-26 08:00:00,2025-11-26 10:00:00
2599,공원,광진구 기타 장소,2025-11-26 10:00:00,2025-11-26 12:00:00
2600,식사,한강 뚝섬 피크닉존 카페,2025-11-26 12:00:00,2025-11-26 14:00:00
2601,공원,광진구 기타 장소,2025-11-26 14:00:00,2025-11-26 18:00:00
2602,식사,건대입구 전통시장,2025-11-26 18:00:00,2025-11-26 20:00:00
2603,실내활동,광진구 기타 장소,2025-11-26 20:00:00,2025-11-26 22:00:00
2604,공원,광진구 기타 장소,2025-11-26 22:00:00,2025-11-27 00:00:00
2605,공부,광진구 기타 장소,2025-11-26 22:00:00,2025-11-26 23:00:00
2606,식사,건대입구 전통시장,2025-11-27 08:00:00,2025-11-27 10:00:00
2607,스포츠,어린이대공원 운동장,2025-11-27 10:00:00,2025-11-27 12:00:00
2608,식사,세종대 부근 맛집,2025-11-27 12:00:00,2025-11-27 14:00:00
2609,공원,광진구 기타 장소,2025-11-27 14:00:00,2025-11-27 18:00:00
2610,식사,광장시장 맛집,2025-11-27 18:00:00,2025-11-27 20:00:00
2611,스포츠,건대 헬스장,2025-11-27 20:00:00,2025-11-27 21:00:00
2612,공원,광진구 기타 장소,2025-11-27 21:00:00,2025-11-27 22:00:00
2613,스포츠,광진구 체육관,2025-11-27 22:00:00,2025-11-28 00:00:00
2614,운동,어린이대공원 실내 체육관,2025-11-27 22:00:00,2025-11-27 23:00:00
2615,식사,건대입구 전통시장,2025-11-28 08:00:00,2025-11-28 10:00:00
2616,공부,광진구 기타 장소,2025-11-28 10:00:00,2025-11-28 12:00:00
2617,식사,한강 뚝섬 피크닉존 카페,2025-11-28 12:00:00,2025-11-28 14:00:00
2618,실내활동,광진구 기타 장소,2025-11-28 14:00:00,2025-11-28 17:00:00
2619,공부,광진구 기타 장소,2025-11-28 17:00:00,2025-11-28 19:00:00
2620,실내활동,광진구 기타 장소,2025-11-28 19:00:00,2025-11-28 20:00:00
2621,공부,광진구 기타 장소,2025-11-28 20:00:00,2025-11-28 21:00:00
2622,공부,광진구 기타 장소,2025-11-28 21:00:00,2025-11-29 00:00:00
2623,관람,어린이대공원 공연장,2025-11-28 22:00:00,2025-11-28 23:00:00
2624,식사,광장시장 맛집,2025-11-29 08:00:00,2025-11-29 10:00:00
2625,실내활동,광진구 기타 장소,2025-11-29 10:00:00,2025-11-29 13:00:00
2626,공원,광진구 기타 장소,2025-11-29 13:00:00,2025-11-29 14:00:00
2627,공원,광진구 기타 장소,2025-11-29 14:00:00,2025-11-29 16:00:00
2628,공원,광진구 기타 장소,2025-11-29 16:00:00,2025-11-29 18:00:00
2629,식사,한강 뚝섬 피크닉존 카페,2025-11-29 18:00:00,2025-11-29 20:00:00
2630,실내활동,광진구 기타 장소,2025-11-29 20:00:00,2025-11-30 00:00:00
2631,운동,건대 헬스장,2025-11-29 22:00:00,2025-11-29 23:00:00
2632,식사,건대입구 전통시장,2025-11-30 08:00:00,2025-11-30 10:00:00
2633,스포츠,한강공원 축구장,2025-11-30 10:00:00,2025-11-30 11:00:00
2634,스포츠,뚝섬 런닝코스,2025-11-30 11:00:00,2025-11-30 12:00:00
2635,식사,광장시장 맛집,2025-11-30 12:00:00,2025-11-30 14:00:00
2636,스포츠,광진구 요가 스튜디오,2025-11-30 14:00:00,2025-11-30 15:00:00
2637,관람,광진구 시립극장,2025-11-30 15:00:00,2025-11-30 16:00:00
2638,관람,서울숲 갤러리,2025-11-30 16:00:00,2025-11-30 18:00:00
2639,식사,스타시티 푸드코트,2025-11-30 18:00:00,2025-11-30 20:00:00
2640,운동,광진구 공원 체력단련장,2025-11-30 20:00:00,2025-11-30 21:00:00
2641,관람,서울숲 갤러리,2025-11-30 21:00:00,2025-11-30 22:00:00
2642,스포츠,서울숲 테니스장,2025-11-30 22:00:00,2025-11-30 23:00:00
2643,운동,어린이대공원 실내 체육관,2025-11-30 23:00:00,2025-12-01 00:00:00
2644,식사,한강 뚝섬 피크닉존 카페,2025-12-01 08:00:00,2025-12-01 10:00:00
2645,스포츠,세종대 실내 체육관,2025-12-01 10:00:00,2025-12-01 13:00:00
2646,스포츠,세종대 실내 체육관,2025-12-01 13:00:00,2025-12-01 16:00:00
2647,스포츠,어린이대공원 운동장,2025-12-01 16:00:00,2025-12-01 18:00:00
2648,식사,어린이대공원 근처 레스토랑,2025-12-01 18:00:00,2025-12-01 20:00:00
2649,운동,어린이대공원 실내 체육관,2025-12-01 20:00:00,2025-12-01 23:00:00
2650,공부,광진구 기타 장소,2025-12-01 23:00:00,2025-12-02 00:00:00
2651,식사,세종대 부근 맛집,2025-12-02 08:00:00,2025-12-02 10:00:00
2652,실내활동,광진구 기타 장소,2025-12-02 10:00:00,2025-12-02 13:00:00
2653,실내활동,광진구 기타 장소,2025-12-02 13:00:00,2025-12-02 15:00:00
2654,관람,광진문화예술회관,2025-12-02 15:00:00,2025-12-02 19:00:00
2655,스포츠,광진구 체육관,2025-12-02 19:00:00,2025-12-02 21:00:00
2656,관람,광진문화예술회관,2025-12-02 21:00:00,2025-12-03 00:00:00
2657,식사,건대입구 음식점,2025-12-03 08:00:00,2025-12-03 10:00:00
2658,공원,광진구 기타 장소,2025-12-03 10:00:00,2025-12-03 13:00:00
2659,공부,광진구 기타 장소,2025-12-03 13:00:00,2025-12-03 15:00:00
2660,실내활동,광진구 기타 장소,2025-12-03 15:00:00,2025-12-03 18:00:00
2661,식사,건대 버거 레스토랑,2025-12-03 18:00:00,2025-12-03 20:00:00
2662,공부,광진구 기타 장소,2025-12-03 20:00:00,2025-12-03 21:00:00
2663,실내활동,광진구 기타 장소,2025-12-03 21:00:00,2025-12-04 00:00:00
2664,식사,광진구 한식당,2025-12-04 08:00:00,2025-12-04 10:00:00
2665,스포츠,뚝섬 런닝코스,2025-12-04 10:00:00,2025-12-04 11:00:00
2666,스포츠,서울숲 스케이트장,2025-12-04 11:00:00,2025-12-04 14:00:00
2667,공원,광진구 기타 장소,2025-12-04 14:00:00,2025-12-04 15:00:00
2668,공원,광진구 기타 장소,2025-12-04 15:00:00,2025-12-04 19:00:00
2669,공원,광진구 기타 장소,2025-12-04 19:00:00,2025-12-04 20:00:00
2670,스포츠,세종대 실내 체육관,2025-12-04 20:00:00,2025-12-05 00:00:00
2671,운동,뚝섬 한강 수영장,2025-12-04 22:00:00,2025-12-04 23:00:00
2672,식사,스타시티 푸드코트,2025-12-05 08:00:00,2025-12-05 10:00:00
2673,실내활동,광진구 기타 장소,2025-12-05 10:00:00,2025-12-05 11:00:00
2674,실내활동,광진구 기타 장소,2025-12-05 11:00:00,2025-12-05 15:00:00
2675,실내활동,광진구 기타 장소,2025-12-05 15:00:00,2025-12-05 16:00:00
2676,실내활동,광진구 기타 장소,2025-12-05 16:00:00,2025-12-05 17:00:00
2677,실내활동,광진구 기타 장소,2025-12-05 17:00:00,2025-12-05 18:00:00
2678,식사,건대 버거 레스토랑,2025-12-05 18:00:00,2025-12-05 20:00:00
2679,공부,광진구 기타 장소,2025-12-05 20:00:00,2025-12-06 00:00:00
2680,관람,뚝섬 전망대,2025-12-05 22:00:00,2025-12-05 23:00:00
2681,식사,뚝섬 수변 카페,2025-12-06 08:00:00,2025-12-06 10:00:00
2682,실내활동,광진구 기타 장소,2025-12-06 10:00:00,2025-12-06 11:00:00
2683,운동,건대 헬스장,2025-12-06 11:00:00,2025-12-06 14:00:00
2684,공원,광진구 기타 장소,2025-12-06 14:00:00,2025-12-06 18:00:00
2685,식사,광진구 한식당,2025-12-06 18:00:00,2025-12-06 20:00:00
2686,운동,한강 자전거 대여소,2025-12-06 20:00:00,2025-12-06 21:00:00
2687,공원,광진구 기타 장소,2025-12-06 21:00:00,2025-12-06 22:00:00
2688,실내활동,광진구 기타 장소,2025-12-06 22:00:00,2025-12-07 00:00:00
2689,식사,건대 버거 레스토랑,2025-12-07 08:00:00,2025-12-07 10:00:00
2690,운동,뚝섬 한강 수영장,2025-12-07 10:00:00,2025-12-07 14:00:00
2691,관람,뚝섬 전망대,2025-12-07 14:00:00,2025-12-07 16:00:00
2692,스포츠,건대 헬스장,2025-12-07 16:00:00,2025-12-07 18:00:00
2693,식사,세종대 부근 맛집,2025-12-07 18:00:00,2025-12-07 20:00:00
2694,운동,뚝섬 한강 수영장,2025-12-07 20:00:00,2025-12-07 23:00:00
2695,스포츠,광진구 배드민턴장,2025-12-07 23:00:00,2025-12-08 00:00:00
2696,식사,건대 버거 레스토랑,2025-12-08 08:00:00,2025-12-08 10:00:00
2697,공부,광진구 기타 장소,2025-12-08 10:00:00,2025-12-08 13:00:00
2698,스포츠,뚝섬 런닝코스,2025-12-08 13:00:00,2025-12-08 14:00:00
2699,공부,광진구 기타 장소,2025-12-08 14:00:00,2025-12-08 15:00:00
2700,스포츠,세종대 실내 체육관,2025-12-08 15:00:00,2025-12-08 16:00:00
2701,운동,뚝섬 한강 수영장,2025-12-08 16:00:00,2025-12-08 17:00:00
2702,스포츠,서울숲 테니스장,2025-12-08 17:00:00,2025-12-08 20:00:00
2703,공부,광진구 기타 장소,2025-12-08 20:00:00,2025-12-08 21:00:00
2704,공부,광진구 기타 장소,2025-12-08 21:00:00,2025-12-09 00:00:00
2705,식사,건대입구 음식점,2025-12-09 08:00:00,2025-12-09 10:00:00
2706,실내활동,광진구 기타 장소,2025-12-09 10:00:00,2025-12-09 12:00:00
2707,식사,세종대 부근 맛집,2025-12-09 12:00:00,2025-12-09 14:00:00
2708,스포츠,광진구 배드민턴장,2025-12-09 14:00:00,2025-12-09 15:00:00
2709,관람,광진문화예술회관,2025-12-09 15:00:00,2025-12-09 18:00:00
2710,식사,건대입구 음식점,2025-12-09 18:00:00,2025-12-09 20:00:00
2711,스포츠,어린이대공원 운동장,2025-12-09 20:00:00,2025-12-09 23:00:00
2712,스포츠,한강공원 축구장,2025-12-09 23:00:00,2025-12-10 00:00:00
2713,식사,한강 뚝섬 피크닉존 카페,2025-12-10 08:00:00,2025-12-10 10:00:00
2714,실내활동,광진구 기타 장소,2025-12-10 10:00:00,2025-12-10 13:00:00
2715,실내활동,광진구 기타 장소,2025-12-10 13:00:00,2025-12-10 16:00:00
2716,공원,광진구 기타 장소,2025-12-10 16:00:00,2025-12-10 17:00:00
2717,실내활동,광진구 기타 장소,2025-12-10 17:00:00,2025-12-10 20:00:00
2718,공원,광진구 기타 장소,2025-12-10 20:00:00,2025-12-10 23:00:00
2719,공부,광진구 기타 장소,2025-12-10 23:00:00,2025-12-11 00:00:00
2720,식사,건대 버거 레스토랑,2025-12-11 08:00:00,2025-12-11 10:00:00
2721,스포츠,한강공원 축구장,2025-12-11 10:00:00,2025-12-11 12:00:00
2722,식사,건대입구 전통시장,2025-12-11 12:00:00,2025-12-11 14:00:00
2723,스포츠,광진구 체육관,2025-12-11 14:00:00,2025-12-11 15:00:00
2724,공원,광진구 기타 장소,2025-12-11 15:00:00,2025-12-11 17:00:00
2725,공원,광진구 기타 장소,2025-12-11 17:00:00,2025-12-11 20:00:00
2726,공원,광진구 기타 장소,2025-12-11 20:00:00,2025-12-11 22:00:00
2727,공원,광진구 기타 장소,2025-12-11 22:00:00,2025-12-12 00:00:00
2728,운동,서울숲 조깅 트랙,2025-12-11 22:00:00,2025-12-11 23:00:00
2729,식사,광장시장 맛집,2025-12-12 08:00:00,2025-12-12 10:00:00
2730,관람,건대 메가박스,2025-12-12 10:00:00,2025-12-12 13:00:00
2731,공부,광진구 기타 장소,2025-12-12 13:00:00,2025-12-12 17:00:00
2732,공부,광진구 기타 장소,2025-12-12 17:00:00,2025-12-12 19:00:00
2733,공부,광진구 기타 장소,2025-12-12 19:00:00,2025-12-12 20:00:00
2734,공부,광진구 기타 장소,2025-12-12 20:00:00,2025-12-12 22:00:00
2735,관람,뚝섬 전망대,2025-12-12 22:00:00,2025-12-12 23:00:00
2736,공부,광진구 기타 장소,2025-12-12 23:00:00,2025-12-13 00:00:00
2737,실내활동,광진구 기타 장소,2025-12-12 22:00:00,2025-12-12 23:00:00
2738,식사,건대 버거 레스토랑,2025-12-13 08:00:00,2025-12-13 10:00:00
2739,공원,광진구 기타 장소,2025-12-13 10:00:00,2025-12-13 14:00:00
2740,실내활동,광진구 기타 장소,2025-12-13 14:00:00,2025-12-13 18:00:00
2741,식사,건대입구 음식점,2025-12-13 18:00:00,2025-12-13 20:00:00
2742,공원,광진구 기타 장소,2025-12-13 20:00:00,2025-12-13 21:00:00
2743,운동,건대 헬스장,2025-12-13 21:00:00,2025-12-13 22:00:00
2744,공원,광진구 기타 장소,2025-12-13 22:00:00,2025-12-14 00:00:00
2745,식사,건대 버거 레스토랑,2025-12-14 08:00:00,2025-12-14 10:00:00
2746,운동,어린이대공원 실내 체육관,2025-12-14 10:00:00,2025-12-14 13:00:00
2747,운동,뚝섬 유원지 요가 센터,2025-12-14 13:00:00,2025-12-14 17:00:00
2748,스포츠,광진구 체육관,2025-12-14 17:00:00,2025-12-14 18:00:00
2749,식사,세종대 부근 맛집,2025-12-14 18:00:00,2025-12-14 20:00:00
2750,관람,건국대학교 박물관,2025-12-14 20:00:00,2025-12-15 00:00:00
2751,식사,광진구 한식당,2025-12-15 08:00:00,2025-12-15 10:00:00
2752,공부,광진구 기타 장소,2025-12-15 10:00:00,2025-12-15 11:00:00
2753,스포츠,서울숲 테니스장,2025-12-15 11:00:00,2025-12-15 12:00:00
2754,식사,어린이대공원 근처 레스토랑,2025-12-15 12:00:00,2025-12-15 14:00:00
2755,공부,광진구 기타 장소,2025-12-15 14:00:00,2025-12-15 16:00:00
2756,스포츠,광진구 배드민턴장,2025-12-15 16:00:00,2025-12-15 17:00:00
2757,스포츠,세종대 실내 체육관,2025-12-15 17:00:00,2025-12-15 20:00:00
2758,공부,광진구 기타 장소,2025-12-15 20:00:00,2025-12-15 22:00:00
2759,운동,광진구 공원 체력단련장,2025-12-15 22:00:00,2025-12-16 00:00:00
2760,식사,뚝섬 수변 카페,2025-12-16 08:00:00,2025-12-16 10:00:00
2761,스포츠,광진구 요가 스튜디오,2025-12-16 10:00:00,2025-12-16 13:00:00
2762,관람,한강 뚝섬 예술극장,2025-12-16 13:00:00,2025-12-16 15:00:00
2763,스포츠,서울숲 테니스장,2025-12-16 15:00:00,2025-12-16 16:00:00
2764,관람,한강 뚝섬 예술극장,2025-12-16 16:00:00,2025-12-16 20:00:00
2765,스포츠,어린이대공원 운동장,2025-12-16 20:00:00,2025-12-17 00:00:00
2766,실내활동,광진구 기타 장소,2025-12-16 22:00:00,2025-12-16 23:00:00
2767,식사,뚝섬 수변 카페,2025-12-17 08:00:00,2025-12-17 10:00:00
2768,공부,광진구 기타 장소,2025-12-17 10:00:00,2025-12-17 14:00:00
2769,공부,광진구 기타 장소,2025-12-17 14:00:00,2025-12-17 15:00:00
2770,공원,광진구 기타 장소,2025-12-17 15:00:00,2025-12-17 18:00:00
2771,식사,세종대 부근 맛집,2025-12-17 18:00:00,2025-12-17 20:00:00
2772,공부,광진구 기타 장소,2025-12-17 20:00:00,2025-12-17 23:00:00
2773,공부,광진구 기타 장소,2025-12-17 23:00:00,2025-12-18 00:00:00
2774,실내활동,광진구 기타 장소,2025-12-17 22:00:00,2025-12-17 23:00:00
2775,식사,건대 버거 레스토랑,2025-12-18 08:00:00,2025-12-18 10:00:00
2776,공원,광진구 기타 장소,2025-12-18 10:00:00,2025-12-18 12:00:00
2777,식사,어린이대공원 근처 레스토랑,2025-12-18 12:00:00,2025-12-18 14:00:00
2778,스포츠,광진구 배드민턴장,2025-12-18 14:00:00,2025-12-18 16:00:00
2779,공원,광진구 기타 장소,2025-12-18 16:00:00,2025-12-18 17:00:00
2780,운동,건대 헬스장,2025-12-18 17:00:00,2025-12-18 21:00:00
2781,스포츠,서울숲 스케이트장,2025-12-18 21:00:00,2025-12-19 00:00:00
2782,식사,광장시장 맛집,2025-12-19 08:00:00,2025-12-19 10:00:00
2783,실내활동,광진구 기타 장소,2025-12-19 10:00:00,2025-12-19 14:00:00
2784,관람,건국대학교 박물관,2025-12-19 14:00:00,2025-12-19 15:00:00
2785,공부,광진구 기타 장소,2025-12-19 15:00:00,2025-12-19 16:00:00
2786,관람,건대 메가박스,2025-12-19 16:00:00,2025-12-19 17:00:00
2787,실내활동,광진구 기타 장소,2025-12-19 17:00:00,2025-12-19 19:00:00
2788,실내활동,광진구 기타 장소,2025-12-19 19:00:00,2025-12-19 23:00:00
2789,실내활동,광진구 기타 장소,2025-12-19 23:00:00,2025-12-20 00:00:00
2790,식사,건대입구 음식점,2025-12-20 08:00:00,2025-12-20 10:00:00
2791,운동,건대 헬스장,2025-12-20 10:00:00,2025-12-20 12:00:00
2792,식사,세종대 부근 맛집,2025-12-20 12:00:00,2025-12-20 14:00:00
2793,공원,광진구 기타 장소,2025-12-20 14:00:00,2025-12-20 15:00:00
2794,실내활동,광진구 기타 장소,2025-12-20 15:00:00,2025-12-20 17:00:00
2795,공원,광진구 기타 장소,2025-12-20 17:00:00,2025-12-20 18:00:00
2796,식사,어린이대공원 근처 레스토랑,2025-12-20 18:00:00,2025-12-20 20:00:00
2797,공원,광진구 기타 장소,2025-12-20 20:00:00,2025-12-20 23:00:00
2798,실내활동,광진구 기타 장소,2025-12-20 23:00:00,2025-12-21 00:00:00
2799,식사,건대입구 전통시장,2025-12-21 08:00:00,2025-12-21 10:00:00
2800,스포츠,광진구 체육관,2025-12-21 10:00:00,2025-12-21 14:00:00
2801,관람,롯데시네마 건대입구,2025-12-21 14:00:00,2025-12-21 18:00:00
2802,식사,광진구 한식당,2025-12-21 18:00:00,2025-12-21 20:00:00
2803,운동,한강 공원,2025-12-21 20:00:00,2025-12-21 23:00:00
2804,운동,한강 공원,2025-12-21 23:00:00,2025-12-22 00:00:00
2805,식사,광장시장 맛집,2025-12-22 08:00:00,2025-12-22 10:00:00
2806,운동,광진구 공원 체력단련장,2025-12-22 10:00:00,2025-12-22 14:00:00
2807,공부,광진구 기타 장소,2025-12-22 14:00:00,2025-12-22 17:00:00
2808,스포츠,어린이대공원 운동장,2025-12-22 17:00:00,2025-12-22 18:00:00
2809,식사,광장시장 맛집,2025-12-22 18:00:00,2025-12-22 20:00:00
2810,운동,어린이대공원 실내 체육관,2025-12-22 20:00:00,2025-12-22 22:00:00
2811,스포츠,어린이대공원 운동장,2025-12-22 22:00:00,2025-12-23 00:00:00
2812,식사,한강 뚝섬 피크닉존 카페,2025-12-23 08:00:00,2025-12-23 10:00:00
2813,스포츠,건대 헬스장,2025-12-23 10:00:00,2025-12-23 13:00:00
2814,스포츠,어린이대공원 운동장,2025-12-23 13:00:00,2025-12-23 15:00:00
2815,관람,한강 뚝섬 예술극장,2025-12-23 15:00:00,2025-12-23 18:00:00
2816,식사,광장시장 맛집,2025-12-23 18:00:00,2025-12-23 20:00:00
2817,관람,광진문화예술회관,2025-12-23 20:00:00,2025-12-23 23:00:00
2818,관람,광진구 시립극장,2025-12-23 23:00:00,2025-12-24 00:00:00
2819,실내활동,광진구 기타 장소,2025-12-23 22:00:00,2025-12-23 23:00:00
2820,식사,광진구 한식당,2025-12-24 08:00:00,2025-12-24 10:00:00
2821,실내활동,광진구 기타 장소,2025-12-24 10:00:00,2025-12-24 11:00:00
2822,공부,광진구 기타 장소,2025-12-24 11:00:00,2025-12-24 13:00:00
2823,실내활동,광진구 기타 장소,2025-12-24 13:00:00,2025-12-24 17:00:00
2824,공부,광진구 기타 장소,2025-12-24 17:00:00,2025-12-24 18:00:00
2825,식사,건대 버거 레스토랑,2025-12-24 18:00:00,2025-12-24 20:00:00
2826,공원,광진구 기타 장소,2025-12-24 20:00:00,2025-12-24 22:00:00
2827,실내활동,광진구 기타 장소,2025-12-24 22:00:00,2025-12-24 23:00:00
2828,공원,광진구 기타 장소,2025-12-24 23:00:00,2025-12-25 00:00:00
2829,식사,건대 버거 레스토랑,2025-12-25 08:00:00,2025-12-25 10:00:00
2830,운동,건대 스포츠 클럽,2025-12-25 10:00:00,2025-12-25 12:00:00
2831,식사,건대입구 음식점,2025-12-25 12:00:00,2025-12-25 14:00:00
2832,공원,광진구 기타 장소,2025-12-25 14:00:00,2025-12-25 16:00:00
2833,공원,광진구 기타 장소,2025-12-25 16:00:00,2025-12-25 17:00:00
2834,공원,광진구 기타 장소,2025-12-25 17:00:00,2025-12-25 18:00:00
2835,식사,스타시티 푸드코트,2025-12-25 18:00:00,2025-12-25 20:00:00
2836,공원,광진구 기타 장소,2025-12-25 20:00:00,2025-12-25 23:00:00
2837,운동,뚝섬 한강 수영장,2025-12-25 23:00:00,2025-12-26 00:00:00
2838,스포츠,한강공원 축구장,2025-12-25 22:00:00,2025-12-25 23:00:00
2839,식사,건대입구 음식점,2025-12-26 08:00:00,2025-12-26 10:00:00
2840,관람,롯데시네마 건대입구,2025-12-26 10:00:00,2025-12-26 13:00:00
2841,관람,건국대학교 박물관,2025-12-26 13:00:00,2025-12-26 16:00:00
2842,공부,광진구 기타 장소,2025-12-26 16:00:00,2025-12-26 20:00:00
2843,공부,광진구 기타 장소,2025-12-26 20:00:00,2025-12-26 22:00:00
2844,관람,한강 뚝섬 예술극장,2025-12-26 22:00:00,2025-12-27 00:00:00
2845,실내활동,광진구 기타 장소,2025-12-26 22:00:00,2025-12-26 23:00:00
2846,식사,어린이대공원 근처 레스토랑,2025-12-27 08:00:00,2025-12-27 10:00:00
2847,실내활동,광진구 기타 장소,2025-12-27 10:00:00,2025-12-27 14:00:00
2848,운동,뚝섬 한강 수영장,2025-12-27 14:00:00,2025-12-27 18:00:00
2849,식사,광장시장 맛집,2025-12-27 18:00:00,2025-12-27 20:00:00
2850,운동,한강 공원,2025-12-27 20:00:00,2025-12-27 22:00:00
2851,실내활동,광진구 기타 장소,2025-12-27 22:00:00,2025-12-28 00:00:00
2852,공원,광진구 기타 장소,2025-12-27 22:00:00,2025-12-27 23:00:00
2853,식사,건대 버거 레스토랑,2025-12-28 08:00:00,2025-12-28 10:00:00
2854,관람,건대 커뮤니티 아트센터,2025-12-28 10:00:00,2025-12-28 11:00:00
2855,스포츠,어린이대공원 운동장,2025-12-28 11:00:00,2025-12-28 13:00:00
2856,스포츠,서울숲 테니스장,2025-12-28 13:00:00,2025-12-28 17:00:00
2857,스포츠,건대 헬스장,2025-12-28 17:00:00,2025-12-28 20:00:00
2858,관람,한강 뚝섬 예술극장,2025-12-28 20:00:00,2025-12-28 21:00:00
2859,관람,롯데시네마 건대입구,2025-12-28 21:00:00,2025-12-28 23:00:00
2860,스포츠,세종대 실내 체육관,2025-12-28 23:00:00,2025-12-29 00:00:00
2861,운동,서울숲 조깅 트랙,2025-12-28 22:00:00,2025-12-28 23:00:00
2862,식사,스타시티 푸드코트,2025-12-29 08:00:00,2025-12-29 10:00:00
2863,운동,건대 헬스장,2025-12-29 10:00:00,2025-12-29 12:00:00
2864,식사,스타시티 푸드코트,2025-12-29 12:00:00,2025-12-29 14:00:00
2865,스포츠,서울숲 스케이트장,2025-12-29 14:00:00,2025-12-29 16:00:00
2866,스포츠,어린이대공원 운동장,2025-12-29 16:00:00,2025-12-29 18:00:00
2867,식사,세종대 부근 맛집,2025-12-29 18:00:00,2025-12-29 20:00:00
2868,운동,한강 자전거 대여소,2025-12-29 20:00:00,2025-12-29 23:00:00
2869,공부,광진구 기타 장소,2025-12-29 23:00:00,2025-12-30 00:00:00
2870,식사,광진구 한식당,2025-12-30 08:00:00,2025-12-30 10:00:00
2871,관람,건대 메가박스,2025-12-30 10:00:00,2025-12-30 13:00:00
2872,관람,롯데시네마 건대입구,2025-12-30 13:00:00,2025-12-30 17:00:00
2873,스포츠,광진구 배드민턴장,2025-12-30 17:00:00,2025-12-30 20:00:00
2874,실내활동,광진구 기타 장소,2025-12-30 20:00:00,2025-12-30 21:00:00
2875,실내활동,광진구 기타 장소,2025-12-30 21:00:00,2025-12-30 22:00:00
2876,스포츠,어린이대공원 운동장,2025-12-30 22:00:00,2025-12-30 23:00:00
2877,관람,어린이대공원 공연장,2025-12-30 23:00:00,2025-12-31 00:00:00
2878,식사,한강 뚝섬 피크닉존 카페,2025-12-31 08:00:00,2025-12-31 10:00:00
2879,공원,광진구 기타 장소,2025-12-31 10:00:00,2025-12-31 13:00:00
2880,실내활동,광진구 기타 장소,2025-12-31 13:00:00,2025-12-31 15:00:00
2881,공부,광진구 기타 장소,2025-12-31 15:00:00,2025-12-31 18:00:00
2882,식사,건대입구 음식점,2025-12-31 18:00:00,2025-12-31 20:00:00
2883,공부,광진구 기타 장소,2025-12-31 20:00:00,2026-01-01 00:00:00
2884,식사,스타시티 푸드코트,2026-01-01 08:00:00,2026-01-01 10:00:00
2885,스포츠,어린이대공원 운동장,2026-01-01 10:00:00,2026-01-01 13:00:00
2886,스포츠,서울숲 테니스장,2026-01-01 13:00:00,2026-01-01 15:00:00
2887,스포츠,뚝섬 런닝코스,2026-01-01 15:00:00,2026-01-01 17:00:00
2888,운동,어린이대공원 실내 체육관,2026-01-01 17:00:00,2026-01-01 21:00:00
2889,공원,광진구 기타 장소,2026-01-01 21:00:00,2026-01-02 00:00:00
2890,식사,광장시장 맛집,2026-01-02 08:00:00,2026-01-02 10:00:00
2891,실내활동,광진구 기타 장소,2026-01-02 10:00:00,2026-01-02 12:00:00
2892,식사,건대입구 전통시장,2026-01-02 12:00:00,2026-01-02 14:00:00
2893,공부,광진구 기타 장소,2026-01-02 14:00:00,2026-01-02 15:00:00
2894,공부,광진구 기타 장소,2026-01-02 15:00:00,2026-01-02 17:00:00
2895,공부,광진구 기타 장소,2026-01-02 17:00:00,2026-01-02 20:00:00
2896,공부,광진구 기타 장소,2026-01-02 20:00:00,2026-01-02 23:00:00
2897,관람,건대 메가박스,2026-01-02 23:00:00,2026-01-03 00:00:00
2898,식사,광장시장 맛집,2026-01-03 08:00:00,2026-01-03 10:00:00
2899,공원,광진구 기타 장소,2026-01-03 10:00:00,2026-01-03 13:00:00
2900,공원,광진구 기타 장소,2026-01-03 13:00:00,2026-01-03 15:00:00
2901,공원,광진구 기타 장소,2026-01-03 15:00:00,2026-01-03 17:00:00
2902,공원,광진구 기타 장소,2026-01-03 17:00:00,2026-01-03 19:00:00
2903,운동,뚝섬 유원지 요가 센터,2026-01-03 19:00:00,2026-01-03 22:00:00
2904,공원,광진구 기타 장소,2026-01-03 22:00:00,2026-01-03 23:00:00
2905,공원,광진구 기타 장소,2026-01-03 23:00:00,2026-01-04 00:00:00
2906,실내활동,광진구 기타 장소,2026-01-03 22:00:00,2026-01-03 23:00:00
2907,식사,뚝섬 수변 카페,2026-01-04 08:00:00,2026-01-04 10:00:00
2908,운동,뚝섬 유원지 요가 센터,2026-01-04 10:00:00,2026-01-04 14:00:00
2909,운동,한강 공원,2026-01-04 14:00:00,2026-01-04 15:00:00
2910,운동,광진구 공원 체력단련장,2026-01-04 15:00:00,2026-01-04 19:00:00
2911,스포츠,광진구 체육관,2026-01-04 19:00:00,2026-01-04 22:00:00
2912,스포츠,뚝섬 런닝코스,2026-01-04 22:00:00,2026-01-05 00:00:00
2913,관람,어린이대공원 공연장,2026-01-04 22:00:00,2026-01-04 23:00:00
2914,식사,건대 버거 레스토랑,2026-01-05 08:00:00,2026-01-05 10:00:00
2915,공부,광진구 기타 장소,2026-01-05 10:00:00,2026-01-05 12:00:00
2916,식사,건대 버거 레스토랑,2026-01-05 12:00:00,2026-01-05 14:00:00
2917,공부,광진구 기타 장소,2026-01-05 14:00:00,2026-01-05 18:00:00
2918,식사,건대입구 음식점,2026-01-05 18:00:00,2026-01-05 20:00:00
2919,운동,서울숲 조깅 트랙,2026-01-05 20:00:00,2026-01-06 00:00:00
2920,스포츠,어린이대공원 운동장,2026-01-05 22:00:00,2026-01-05 23:00:00
2921,식사,광진구 한식당,2026-01-06 08:00:00,2026-01-06 10:00:00
2922,관람,뚝섬 전망대,2026-01-06 10:00:00,2026-01-06 11:00:00
2923,관람,건대 메가박스,2026-01-06 11:00:00,2026-01-06 15:00:00
2924,관람,건대 커뮤니티 아트센터,2026-01-06 15:00:00,2026-01-06 18:00:00
2925,식사,스타시티 푸드코트,2026-01-06 18:00:00,2026-01-06 20:00:00
2926,관람,광진문화예술회관,2026-01-06 20:00:00,2026-01-06 22:00:00
2927,스포츠,건대 헬스장,2026-01-06 22:00:00,2026-01-06 23:00:00
2928,스포츠,한강공원 축구장,2026-01-06 23:00:00,2026-01-07 00:00:00
2929,실내활동,광진구 기타 장소,2026-01-06 22:00:00,2026-01-06 23:00:00
2930,식사,뚝섬 수변 카페,2026-01-07 08:00:00,2026-01-07 10:00:00
2931,공부,광진구 기타 장소,2026-01-07 10:00:00,2026-01-07 12:00:00
2932,식사,광장시장 맛집,2026-01-07 12:00:00,2026-01-07 14:00:00
2933,공부,광진구 기타 장소,2026-01-07 14:00:00,2026-01-07 16:00:00
2934,공부,광진구 기타 장소,2026-01-07 16:00:00,2026-01-07 18:00:00
2935,식사,세종대 부근 맛집,2026-01-07 18:00:00,2026-01-07 20:00:00
2936,공원,광진구 기타 장소,2026-01-07 20:00:00,2026-01-07 22:00:00
2937,공부,광진구 기타 장소,2026-01-07 22:00:00,2026-01-08 00:00:00
2938,실내활동,광진구 기타 장소,2026-01-07 22:00:00,2026-01-07 23:00:00
2939,식사,어린이대공원 근처 레스토랑,2026-01-08 08:00:00,2026-01-08 10:00:00
2940,공원,광진구 기타 장소,2026-01-08 10:00:00,2026-01-08 13:00:00
2941,운동,건대 스포츠 클럽,2026-01-08 13:00:00,2026-01-08 15:00:00
2942,공원,광진구 기타 장소,2026-01-08 15:00:00,2026-01-08 18:00:00
2943,식사,어린이대공원 근처 레스토랑,2026-01-08 18:00:00,2026-01-08 20:00:00
2944,스포츠,어린이대공원 운동장,2026-01-08 20:00:00,2026-01-08 23:00:00
2945,운동,뚝섬 유원지 요가 센터,2026-01-08 23:00:00,2026-01-09 00:00:00
2946,식사,광장시장 맛집,2026-01-09 08:00:00,2026-01-09 10:00:00
2947,실내활동,광진구 기타 장소,2026-01-09 10:00:00,2026-01-09 11:00:00
2948,관람,서울숲 갤러리,2026-01-09 11:00:00,2026-01-09 12:00:00
2949,식사,세종대 부근 맛집,2026-01-09 12:00:00,2026-01-09 14:00:00
2950,공부,광진구 기타 장소,2026-01-09 14:00:00,2026-01-09 18:00:00
2951,식사,광장시장 맛집,2026-01-09 18:00:00,2026-01-09 20:00:00
2952,실내활동,광진구 기타 장소,2026-01-09 20:00:00,2026-01-10 00:00:00
2953,식사,뚝섬 수변 카페,2026-01-10 08:00:00,2026-01-10 10:00:00
2954,공원,광진구 기타 장소,2026-01-10 10:00:00,2026-01-10 12:00:00
2955,식사,건대 버거 레스토랑,2026-01-10 12:00:00,2026-01-10 14:00:00
2956,운동,건대 스포츠 클럽,2026-01-10 14:00:00,2026-01-10 17:00:00
2957,공원,광진구 기타 장소,2026-01-10 17:00:00,2026-01-10 18:00:00
2958,식사,세종대 부근 맛집,2026-01-10 18:00:00,2026-01-10 20:00:00
2959,실내활동,광진구 기타 장소,2026-01-10 20:00:00,2026-01-11 00:00:00
2960,식사,광진구 한식당,2026-01-11 08:00:00,2026-01-11 10:00:00
2961,운동,한강 자전거 대여소,2026-01-11 10:00:00,2026-01-11 12:00:00
2962,식사,광장시장 맛집,2026-01-11 12:00:00,2026-01-11 14:00:00
2963,스포츠,광진구 요가 스튜디오,2026-01-11 14:00:00,2026-01-11 18:00:00
2964,식사,어린이대공원 근처 레스토랑,2026-01-11 18:00:00,2026-01-11 20:00:00
2965,운동,한강 공원,2026-01-11 20:00:00,2026-01-11 23:00:00
2966,관람,건국대학교 박물관,2026-01-11 23:00:00,2026-01-12 00:00:00
2967,식사,세종대 부근 맛집,2026-01-12 08:00:00,2026-01-12 10:00:00
2968,운동,한강 자전거 대여소,2026-01-12 10:00:00,2026-01-12 13:00:00
2969,공부,광진구 기타 장소,2026-01-12 13:00:00,2026-01-12 16:00:00
2970,운동,어린이대공원 실내 체육관,2026-01-12 16:00:00,2026-01-12 17:00:00
2971,스포츠,광진구 요가 스튜디오,2026-01-12 17:00:00,2026-01-12 18:00:00
2972,식사,건대입구 음식점,2026-01-12 18:00:00,2026-01-12 20:00:00
2973,운동,어린이대공원 실내 체육관,2026-01-12 20:00:00,2026-01-13 00:00:00
2974,식사,광장시장 맛집,2026-01-13 08:00:00,2026-01-13 10:00:00
2975,스포츠,서울숲 테니스장,2026-01-13 10:00:00,2026-01-13 12:00:00
2976,식사,어린이대공원 근처 레스토랑,2026-01-13 12:00:00,2026-01-13 14:00:00
2977,관람,광진구 시립극장,2026-01-13 14:00:00,2026-01-13 18:00:00
2978,식사,광진구 한식당,2026-01-13 18:00:00,2026-01-13 20:00:00
2979,관람,광진구 시립극장,2026-01-13 20:00:00,2026-01-13 23:00:00
2980,실내활동,광진구 기타 장소,2026-01-13 23:00:00,2026-01-14 00:00:00
2981,식사,건대입구 전통시장,2026-01-14 08:00:00,2026-01-14 10:00:00
2982,실내활동,광진구 기타 장소,2026-01-14 10:00:00,2026-01-14 12:00:00
2983,식사,건대 버거 레스토랑,2026-01-14 12:00:00,2026-01-14 14:00:00
2984,공원,광진구 기타 장소,2026-01-14 14:00:00,2026-01-14 18:00:00
2985,식사,스타시티 푸드코트,2026-01-14 18:00:00,2026-01-14 20:00:00
2986,실내활동,광진구 기타 장소,2026-01-14 20:00:00,2026-01-15 00:00:00
2987,공부,광진구 기타 장소,2026-01-14 22:00:00,2026-01-14 23:00:00
2988,식사,한강 뚝섬 피크닉존 카페,2026-01-15 08:00:00,2026-01-15 10:00:00
2989,운동,뚝섬 한강 수영장,2026-01-15 10:00:00,2026-01-15 11:00:00
2990,운동,광진구 등산 코스,2026-01-15 11:00:00,2026-01-15 15:00:00
2991,운동,건대 스포츠 클럽,2026-01-15 15:00:00,2026-01-15 16:00:00
2992,운동,뚝섬 한강 수영장,2026-01-15 16:00:00,2026-01-15 18:00:00
2993,식사,건대입구 음식점,2026-01-15 18:00:00,2026-01-15 20:00:00
2994,스포츠,건대 헬스장,2026-01-15 20:00:00,2026-01-16 00:00:00
2995,공원,광진구 기타 장소,2026-01-15 22:00:00,2026-01-15 23:00:00
2996,식사,어린이대공원 근처 레스토랑,2026-01-16 08:00:00,2026-01-16 10:00:00
2997,관람,롯데시네마 건대입구,2026-01-16 10:00:00,2026-01-16 13:00:00
2998,공부,광진구 기타 장소,2026-01-16 13:00:00,2026-01-16 15:00:00
2999,공부,광진구 기타 장소,2026-01-16 15:00:00,2026-01-16 19:00:00
3000,공부,광진구 기타 장소,2026-01-16 19:00:00,2026-01-16 22:00:00
3001,공부,광진구 기타 장소,2026-01-16 22:00:00,2026-01-17 00:00:00
3002,실내활동,광진구 기타 장소,2026-01-16 22:00:00,2026-01-16 23:00:00
3003,식사,한강 뚝섬 피크닉존 카페,2026-01-17 08:00:00,2026-01-17 10:00:00
3004,실내활동,광진구 기타 장소,2026-01-17 10:00:00,2026-01-17 12:00:00
3005,식사,광장시장 맛집,2026-01-17 12:00:00,2026-01-17 14:00:00
3006,실내활동,광진구 기타 장소,2026-01-17 14:00:00,2026-01-17 15:00:00
3007,실내활동,광진구 기타 장소,2026-01-17 15:00:00,2026-01-17 19:00:00
3008,실내활동,광진구 기타 장소,2026-01-17 19:00:00,2026-01-17 20:00:00
3009,운동,서울숲 조깅 트랙,2026-01-17 20:00:00,2026-01-17 22:00:00
3010,공원,광진구 기타 장소,2026-01-17 22:00:00,2026-01-18 00:00:00
3011,식사,건대 버거 레스토랑,2026-01-18 08:00:00,2026-01-18 10:00:00
3012,스포츠,뚝섬 런닝코스,2026-01-18 10:00:00,2026-01-18 14:00:00
3013,관람,롯데시네마 건대입구,2026-01-18 14:00:00,2026-01-18 16:00:00
3014,운동,뚝섬 유원지 요가 센터,2026-01-18 16:00:00,2026-01-18 20:00:00
3015,운동,건대 헬스장,2026-01-18 20:00:00,2026-01-18 21:00:00
3016,운동,건대 스포츠 클럽,2026-01-18 21:00:00,2026-01-19 00:00:00
3017,식사,스타시티 푸드코트,2026-01-19 08:00:00,2026-01-19 10:00:00
3018,공부,광진구 기타 장소,2026-01-19 10:00:00,2026-01-19 14:00:00
3019,운동,건대 헬스장,2026-01-19 14:00:00,2026-01-19 18:00:00
3020,식사,광진구 한식당,2026-01-19 18:00:00,2026-01-19 20:00:00
3021,운동,뚝섬 한강 수영장,2026-01-19 20:00:00,2026-01-19 21:00:00
3022,공부,광진구 기타 장소,2026-01-19 21:00:00,2026-01-20 00:00:00
3023,스포츠,어린이대공원 운동장,2026-01-19 22:00:00,2026-01-19 23:00:00
3024,식사,건대 버거 레스토랑,2026-01-20 08:00:00,2026-01-20 10:00:00
3025,실내활동,광진구 기타 장소,2026-01-20 10:00:00,2026-01-20 11:00:00
3026,실내활동,광진구 기타 장소,2026-01-20 11:00:00,2026-01-20 12:00:00
3027,식사,어린이대공원 근처 레스토랑,2026-01-20 12:00:00,2026-01-20 14:00:00
3028,스포츠,광진구 배드민턴장,2026-01-20 14:00:00,2026-01-20 15:00:00
3029,실내활동,광진구 기타 장소,2026-01-20 15:00:00,2026-01-20 16:00:00
3030,실내활동,광진구 기타 장소,2026-01-20 16:00:00,2026-01-20 18:00:00
3031,식사,건대 버거 레스토랑,2026-01-20 18:00:00,2026-01-20 20:00:00
3032,실내활동,광진구 기타 장소,2026-01-20 20:00:00,2026-01-20 22:00:00
3033,관람,서울숲 갤러리,2026-01-20 22:00:00,2026-01-21 00:00:00
3034,식사,건대입구 음식점,2026-01-21 08:00:00,2026-01-21 10:00:00
3035,공원,광진구 기타 장소,2026-01-21 10:00:00,2026-01-21 13:00:00
3036,공부,광진구 기타 장소,2026-01-21 13:00:00,2026-01-21 15:00:00
3037,공원,광진구 기타 장소,2026-01-21 15:00:00,2026-01-21 19:00:00
3038,실내활동,광진구 기타 장소,2026-01-21 19:00:00,2026-01-21 22:00:00
3039,실내활동,광진구 기타 장소,2026-01-21 22:00:00,2026-01-21 23:00:00
3040,실내활동,광진구 기타 장소,2026-01-21 23:00:00,2026-01-22 00:00:00
3041,식사,건대입구 전통시장,2026-01-22 08:00:00,2026-01-22 10:00:00
3042,공원,광진구 기타 장소,2026-01-22 10:00:00,2026-01-22 14:00:00
3043,운동,뚝섬 유원지 요가 센터,2026-01-22 14:00:00,2026-01-22 17:00:00
3044,공원,광진구 기타 장소,2026-01-22 17:00:00,2026-01-22 19:00:00
3045,스포츠,광진구 체육관,2026-01-22 19:00:00,2026-01-22 23:00:00
3046,운동,한강 공원,2026-01-22 23:00:00,2026-01-23 00:00:00
3047,식사,세종대 부근 맛집,2026-01-23 08:00:00,2026-01-23 10:00:00
3048,실내활동,광진구 기타 장소,2026-01-23 10:00:00,2026-01-23 11:00:00
3049,관람,뚝섬 전망대,2026-01-23 11:00:00,2026-01-23 12:00:00
3050,식사,어린이대공원 근처 레스토랑,2026-01-23 12:00:00,2026-01-23 14:00:00
3051,관람,한강 뚝섬 예술극장,2026-01-23 14:00:00,2026-01-23 18:00:00
3052,식사,광진구 한식당,2026-01-23 18:00:00,2026-01-23 20:00:00
3053,실내활동,광진구 기타 장소,2026-01-23 20:00:00,2026-01-23 21:00:00
3054,공부,광진구 기타 장소,2026-01-23 21:00:00,2026-01-23 22:00:00
3055,실내활동,광진구 기타 장소,2026-01-23 22:00:00,2026-01-24 00:00:00
3056,식사,광장시장 맛집,2026-01-24 08:00:00,2026-01-24 10:00:00
3057,공원,광진구 기타 장소,2026-01-24 10:00:00,2026-01-24 14:00:00
3058,운동,서울숲 조깅 트랙,2026-01-24 14:00:00,2026-01-24 15:00:00
3059,공원,광진구 기타 장소,2026-01-24 15:00:00,2026-01-24 19:00:00
3060,공원,광진구 기타 장소,2026-01-24 19:00:00,2026-01-24 20:00:00
3061,공원,광진구 기타 장소,2026-01-24 20:00:00,2026-01-24 21:00:00
3062,실내활동,광진구 기타 장소,2026-01-24 21:00:00,2026-01-25 00:00:00
3063,식사,스타시티 푸드코트,2026-01-25 08:00:00,2026-01-25 10:00:00
3064,운동,어린이대공원 실내 체육관,2026-01-25 10:00:00,2026-01-25 11:00:00
3065,스포츠,한강공원 축구장,2026-01-25 11:00:00,2026-01-25 14:00:00
3066,관람,광진구 시립극장,2026-01-25 14:00:00,2026-01-25 16:00:00
3067,운동,서울숲 조깅 트랙,2026-01-25 16:00:00,2026-01-25 20:00:00
3068,스포츠,한강공원 축구장,2026-01-25 20:00:00,2026-01-25 22:00:00
3069,관람,광진구 시립극장,2026-01-25 22:00:00,2026-01-26 00:00:00
3070,식사,건대입구 음식점,2026-01-26 08:00:00,2026-01-26 10:00:00
3071,운동,건대 헬스장,2026-01-26 10:00:00,2026-01-26 14:00:00
3072,스포츠,서울숲 스케이트장,2026-01-26 14:00:00,2026-01-26 18:00:00
3073,식사,건대입구 전통시장,2026-01-26 18:00:00,2026-01-26 20:00:00
3074,운동,한강 공원,2026-01-26 20:00:00,2026-01-27 00:00:00
3075,공부,광진구 기타 장소,2026-01-26 22:00:00,2026-01-26 23:00:00
3076,식사,뚝섬 수변 카페,2026-01-27 08:00:00,2026-01-27 10:00:00
3077,실내활동,광진구 기타 장소,2026-01-27 10:00:00,2026-01-27 11:00:00
3078,실내활동,광진구 기타 장소,2026-01-27 11:00:00,2026-01-27 13:00:00
3079,스포츠,서울숲 스케이트장,2026-01-27 13:00:00,2026-01-27 17:00:00
3080,스포츠,광진구 체육관,2026-01-27 17:00:00,2026-01-27 18:00:00
3081,식사,스타시티 푸드코트,2026-01-27 18:00:00,2026-01-27 20:00:00
3082,스포츠,건대 헬스장,2026-01-27 20:00:00,2026-01-27 21:00:00
3083,관람,건대 커뮤니티 아트센터,2026-01-27 21:00:00,2026-01-27 22:00:00
3084,스포츠,광진구 체육관,2026-01-27 22:00:00,2026-01-28 00:00:00
3085,식사,스타시티 푸드코트,2026-01-28 08:00:00,2026-01-28 10:00:00
3086,공부,광진구 기타 장소,2026-01-28 10:00:00,2026-01-28 12:00:00
3087,식사,광진구 한식당,2026-01-28 12:00:00,2026-01-28 14:00:00
3088,실내활동,광진구 기타 장소,2026-01-28 14:00:00,2026-01-28 17:00:00
3089,공원,광진구 기타 장소,2026-01-28 17:00:00,2026-01-28 18:00:00
3090,식사,광진구 한식당,2026-01-28 18:00:00,2026-01-28 20:00:00
3091,실내활동,광진구 기타 장소,2026-01-28 20:00:00,2026-01-28 21:00:00
3092,실내활동,광진구 기타 장소,2026-01-28 21:00:00,2026-01-29 00:00:00
3093,식사,건대 버거 레스토랑,2026-01-29 08:00:00,2026-01-29 10:00:00
3094,스포츠,광진구 배드민턴장,2026-01-29 10:00:00,2026-01-29 14:00:00
3095,운동,뚝섬 한강 수영장,2026-01-29 14:00:00,2026-01-29 15:00:00
3096,공원,광진구 기타 장소,2026-01-29 15:00:00,2026-01-29 18:00:00
3097,식사,스타시티 푸드코트,2026-01-29 18:00:00,2026-01-29 20:00:00
3098,공원,광진구 기타 장소,2026-01-29 20:00:00,2026-01-29 23:00:00
3099,스포츠,어린이대공원 운동장,2026-01-29 23:00:00,2026-01-30 00:00:00
3100,식사,광진구 한식당,2026-01-30 08:00:00,2026-01-30 10:00:00
3101,공부,광진구 기타 장소,2026-01-30 10:00:00,2026-01-30 13:00:00
3102,실내활동,광진구 기타 장소,2026-01-30 13:00:00,2026-01-30 15:00:00
3103,관람,롯데시네마 건대입구,2026-01-30 15:00:00,2026-01-30 19:00:00
3104,공부,광진구 기타 장소,2026-01-30 19:00:00,2026-01-30 20:00:00
3105,공부,광진구 기타 장소,2026-01-30 20:00:00,2026-01-30 22:00:00
3106,공부,광진구 기타 장소,2026-01-30 22:00:00,2026-01-31 00:00:00
3107,식사,광장시장 맛집,2026-01-31 08:00:00,2026-01-31 10:00:00
3108,공원,광진구 기타 장소,2026-01-31 10:00:00,2026-01-31 14:00:00
3109,운동,뚝섬 유원지 요가 센터,2026-01-31 14:00:00,2026-01-31 16:00:00
3110,공원,광진구 기타 장소,2026-01-31 16:00:00,2026-01-31 17:00:00
3111,공원,광진구 기타 장소,2026-01-31 17:00:00,2026-01-31 20:00:00
3112,실내활동,광진구 기타 장소,2026-01-31 20:00:00,2026-01-31 23:00:00
3113,실내활동,광진구 기타 장소,2026-01-31 23:00:00,2026-02-01 00:00:00
3114,식사,스타시티 푸드코트,2026-02-01 08:00:00,2026-02-01 10:00:00
3115,스포츠,어린이대공원 운동장,2026-02-01 10:00:00,2026-02-01 13:00:00
3116,스포츠,한강공원 축구장,2026-02-01 13:00:00,2026-02-01 16:00:00
3117,관람,건대 커뮤니티 아트센터,2026-02-01 16:00:00,2026-02-01 20:00:00
3118,스포츠,건대 헬스장,2026-02-01 20:00:00,2026-02-01 21:00:00
3119,관람,광진구 시립극장,2026-02-01 21:00:00,2026-02-02 00:00:00
3120,운동,광진구 공원 체력단련장,2026-02-01 22:00:00,2026-02-01 23:00:00
3121,식사,건대입구 음식점,2026-02-02 08:00:00,2026-02-02 10:00:00
3122,공부,광진구 기타 장소,2026-02-02 10:00:00,2026-02-02 13:00:00
3123,운동,건대 헬스장,2026-02-02 13:00:00,2026-02-02 17:00:00
3124,스포츠,서울숲 스케이트장,2026-02-02 17:00:00,2026-02-02 21:00:00
3125,스포츠,한강공원 축구장,2026-02-02 21:00:00,2026-02-02 22:00:00
3126,공부,광진구 기타 장소,2026-02-02 22:00:00,2026-02-03 00:00:00
3127,식사,광진구 한식당,2026-02-03 08:00:00,2026-02-03 10:00:00
3128,실내활동,광진구 기타 장소,2026-02-03 10:00:00,2026-02-03 13:00:00
3129,스포츠,광진구 체육관,2026-02-03 13:00:00,2026-02-03 15:00:00
3130,실내활동,광진구 기타 장소,2026-02-03 15:00:00,2026-02-03 16:00:00
3131,스포츠,세종대 실내 체육관,2026-02-03 16:00:00,2026-02-03 20:00:00
3132,관람,건대 메가박스,2026-02-03 20:00:00,2026-02-03 21:00:00
3133,실내활동,광진구 기타 장소,2026-02-03 21:00:00,2026-02-03 23:00:00
3134,실내활동,광진구 기타 장소,2026-02-03 23:00:00,2026-02-04 00:00:00
3135,식사,광진구 한식당,2026-02-04 08:00:00,2026-02-04 10:00:00
3136,공원,광진구 기타 장소,2026-02-04 10:00:00,2026-02-04 11:00:00
3137,공부,광진구 기타 장소,2026-02-04 11:00:00,2026-02-04 13:00:00
3138,실내활동,광진구 기타 장소,2026-02-04 13:00:00,2026-02-04 17:00:00
3139,실내활동,광진구 기타 장소,2026-02-04 17:00:00,2026-02-04 20:00:00
3140,실내활동,광진구 기타 장소,2026-02-04 20:00:00,2026-02-04 21:00:00
3141,실내활동,광진구 기타 장소,2026-02-04 21:00:00,2026-02-05 00:00:00
3142,식사,어린이대공원 근처 레스토랑,2026-02-05 08:00:00,2026-02-05 10:00:00
3143,스포츠,광진구 요가 스튜디오,2026-02-05 10:00:00,2026-02-05 14:00:00
3144,스포츠,광진구 요가 스튜디오,2026-02-05 14:00:00,2026-02-05 15:00:00
3145,공원,광진구 기타 장소,2026-02-05 15:00:00,2026-02-05 18:00:00
3146,식사,광장시장 맛집,2026-02-05 18:00:00,2026-02-05 20:00:00
3147,공원,광진구 기타 장소,2026-02-05 20:00:00,2026-02-05 21:00:00
3148,운동,광진구 등산 코스,2026-02-05 21:00:00,2026-02-06 00:00:00
3149,식사,건대입구 음식점,2026-02-06 08:00:00,2026-02-06 10:00:00
3150,공부,광진구 기타 장소,2026-02-06 10:00:00,2026-02-06 14:00:00
3151,관람,뚝섬 전망대,2026-02-06 14:00:00,2026-02-06 18:00:00
3152,식사,한강 뚝섬 피크닉존 카페,2026-02-06 18:00:00,2026-02-06 20:00:00
3153,공부,광진구 기타 장소,2026-02-06 20:00:00,2026-02-06 21:00:00
3154,실내활동,광진구 기타 장소,2026-02-06 21:00:00,2026-02-06 22:00:00
3155,공부,광진구 기타 장소,2026-02-06 22:00:00,2026-02-07 00:00:00
3156,식사,건대입구 전통시장,2026-02-07 08:00:00,2026-02-07 10:00:00
3157,실내활동,광진구 기타 장소,2026-02-07 10:00:00,2026-02-07 11:00:00
3158,공원,광진구 기타 장소,2026-02-07 11:00:00,2026-02-07 15:00:00
3159,실내활동,광진구 기타 장소,2026-02-07 15:00:00,2026-02-07 18:00:00
3160,식사,광진구 한식당,2026-02-07 18:00:00,2026-02-07 20:00:00
3161,실내활동,광진구 기타 장소,2026-02-07 20:00:00,2026-02-07 22:00:00
3162,공원,광진구 기타 장소,2026-02-07 22:00:00,2026-02-08 00:00:00
3163,운동,뚝섬 유원지 요가 센터,2026-02-07 22:00:00,2026-02-07 23:00:00
3164,식사,건대입구 음식점,2026-02-08 08:00:00,2026-02-08 10:00:00
3165,관람,건대 메가박스,2026-02-08 10:00:00,2026-02-08 11:00:00
3166,관람,건국대학교 박물관,2026-02-08 11:00:00,2026-02-08 12:00:00
3167,식사,건대 버거 레스토랑,2026-02-08 12:00:00,2026-02-08 14:00:00
3168,관람,한강 뚝섬 예술극장,2026-02-08 14:00:00,2026-02-08 18:00:00
3169,식사,스타시티 푸드코트,2026-02-08 18:00:00,2026-02-08 20:00:00
3170,스포츠,광진구 요가 스튜디오,2026-02-08 20:00:00,2026-02-09 00:00:00
3171,운동,서울숲 조깅 트랙,2026-02-08 22:00:00,2026-02-08 23:00:00
3172,식사,세종대 부근 맛집,2026-02-09 08:00:00,2026-02-09 10:00:00
3173,공부,광진구 기타 장소,2026-02-09 10:00:00,2026-02-09 12:00:00
3174,식사,건대입구 음식점,2026-02-09 12:00:00,2026-02-09 14:00:00
3175,스포츠,서울숲 스케이트장,2026-02-09 14:00:00,2026-02-09 18:00:00
3176,식사,세종대 부근 맛집,2026-02-09 18:00:00,2026-02-09 20:00:00
3177,스포츠,서울숲 테니스장,2026-02-09 20:00:00,2026-02-09 22:00:00
3178,운동,광진구 공원 체력단련장,2026-02-09 22:00:00,2026-02-10 00:00:00
3179,식사,건대입구 전통시장,2026-02-10 08:00:00,2026-02-10 10:00:00
3180,스포츠,서울숲 스케이트장,2026-02-10 10:00:00,2026-02-10 12:00:00
3181,식사,세종대 부근 맛집,2026-02-10 12:00:00,2026-02-10 14:00:00
3182,스포츠,광진구 체육관,2026-02-10 14:00:00,2026-02-10 15:00:00
3183,관람,건대 커뮤니티 아트센터,2026-02-10 15:00:00,2026-02-10 18:00:00
3184,식사,세종대 부근 맛집,2026-02-10 18:00:00,2026-02-10 20:00:00
3185,관람,어린이대공원 공연장,2026-02-10 20:00:00,2026-02-11 00:00:00
3186,실내활동,광진구 기타 장소,2026-02-10 22:00:00,2026-02-10 23:00:00
3187,식사,건대 버거 레스토랑,2026-02-11 08:00:00,2026-02-11 10:00:00
3188,공원,광진구 기타 장소,2026-02-11 10:00:00,2026-02-11 11:00:00
3189,공부,광진구 기타 장소,2026-02-11 11:00:00,2026-02-11 12:00:00
3190,식사,뚝섬 수변 카페,2026-02-11 12:00:00,2026-02-11 14:00:00
3191,공원,광진구 기타 장소,2026-02-11 14:00:00,2026-02-11 18:00:00
3192,식사,어린이대공원 근처 레스토랑,2026-02-11 18:00:00,2026-02-11 20:00:00
3193,공부,광진구 기타 장소,2026-02-11 20:00:00,2026-02-11 21:00:00
3194,실내활동,광진구 기타 장소,2026-02-11 21:00:00,2026-02-11 22:00:00
3195,실내활동,광진구 기타 장소,2026-02-11 22:00:00,2026-02-12 00:00:00
3196,식사,건대입구 전통시장,2026-02-12 08:00:00,2026-02-12 10:00:00
3197,운동,한강 자전거 대여소,2026-02-12 10:00:00,2026-02-12 13:00:00
3198,운동,서울숲 조깅 트랙,2026-02-12 13:00:00,2026-02-12 16:00:00
3199,공원,광진구 기타 장소,2026-02-12 16:00:00,2026-02-12 17:00:00
3200,공원,광진구 기타 장소,2026-02-12 17:00:00,2026-02-12 18:00:00
3201,식사,스타시티 푸드코트,2026-02-12 18:00:00,2026-02-12 20:00:00
3202,운동,한강 자전거 대여소,2026-02-12 20:00:00,2026-02-13 00:00:00
3203,스포츠,한강공원 축구장,2026-02-12 22:00:00,2026-02-12 23:00:00
3204,식사,뚝섬 수변 카페,2026-02-13 08:00:00,2026-02-13 10:00:00
3205,실내활동,광진구 기타 장소,2026-02-13 10:00:00,2026-02-13 11:00:00
3206,실내활동,광진구 기타 장소,2026-02-13 11:00:00,2026-02-13 13:00:00
3207,실내활동,광진구 기타 장소,2026-02-13 13:00:00,2026-02-13 16:00:00
3208,공부,광진구 기타 장소,2026-02-13 16:00:00,2026-02-13 18:00:00
3209,식사,건대입구 전통시장,2026-02-13 18:00:00,2026-02-13 20:00:00
3210,관람,한강 뚝섬 예술극장,2026-02-13 20:00:00,2026-02-13 21:00:00
3211,실내활동,광진구 기타 장소,2026-02-13 21:00:00,2026-02-13 22:00:00
3212,공부,광진구 기타 장소,2026-02-13 22:00:00,2026-02-13 23:00:00
3213,실내활동,광진구 기타 장소,2026-02-13 23:00:00,2026-02-14 00:00:00
3214,식사,뚝섬 수변 카페,2026-02-14 08:00:00,2026-02-14 10:00:00
3215,운동,뚝섬 한강 수영장,2026-02-14 10:00:00,2026-02-14 13:00:00
3216,공원,광진구 기타 장소,2026-02-14 13:00:00,2026-02-14 17:00:00
3217,운동,한강 공원,2026-02-14 17:00:00,2026-02-14 18:00:00
3218,식사,뚝섬 수변 카페,2026-02-14 18:00:00,2026-02-14 20:00:00
3219,운동,광진구 등산 코스,2026-02-14 20:00:00,2026-02-14 23:00:00
3220,실내활동,광진구 기타 장소,2026-02-14 23:00:00,2026-02-15 00:00:00
3221,식사,건대입구 음식점,2026-02-15 08:00:00,2026-02-15 10:00:00
3222,관람,롯데시네마 건대입구,2026-02-15 10:00:00,2026-02-15 13:00:00
3223,스포츠,한강공원 축구장,2026-02-15 13:00:00,2026-02-15 16:00:00
3224,운동,한강 공원,2026-02-15 16:00:00,2026-02-15 17:00:00
3225,관람,어린이대공원 공연장,2026-02-15 17:00:00,2026-02-15 19:00:00
3226,스포츠,서울숲 스케이트장,2026-02-15 19:00:00,2026-02-15 23:00:00
3227,운동,광진구 공원 체력단련장,2026-02-15 23:00:00,2026-02-16 00:00:00
3228,식사,건대 버거 레스토랑,2026-02-16 08:00:00,2026-02-16 10:00:00
3229,공부,광진구 기타 장소,2026-02-16 10:00:00,2026-02-16 12:00:00
3230,식사,광장시장 맛집,2026-02-16 12:00:00,2026-02-16 14:00:00
3231,공부,광진구 기타 장소,2026-02-16 14:00:00,2026-02-16 18:00:00
3232,식사,뚝섬 수변 카페,2026-02-16 18:00:00,2026-02-16 20:00:00
3233,운동,건대 스포츠 클럽,2026-02-16 20:00:00,2026-02-17 00:00:00
3234,스포츠,세종대 실내 체육관,2026-02-16 22:00:00,2026-02-16 23:00:00
3235,식사,건대입구 전통시장,2026-02-17 08:00:00,2026-02-17 10:00:00
3236,관람,뚝섬 전망대,2026-02-17 10:00:00,2026-02-17 13:00:00
3237,실내활동,광진구 기타 장소,2026-02-17 13:00:00,2026-02-17 15:00:00
3238,실내활동,광진구 기타 장소,2026-02-17 15:00:00,2026-02-17 19:00:00
3239,실내활동,광진구 기타 장소,2026-02-17 19:00:00,2026-02-17 23:00:00
3240,실내활동,광진구 기타 장소,2026-02-17 23:00:00,2026-02-18 00:00:00
3241,스포츠,세종대 실내 체육관,2026-02-17 22:00:00,2026-02-17 23:00:00
3242,식사,세종대 부근 맛집,2026-02-18 08:00:00,2026-02-18 10:00:00
3243,공원,광진구 기타 장소,2026-02-18 10:00:00,2026-02-18 11:00:00
3244,공원,광진구 기타 장소,2026-02-18 11:00:00,2026-02-18 15:00:00
3245,실내활동,광진구 기타 장소,2026-02-18 15:00:00,2026-02-18 19:00:00
3246,공원,광진구 기타 장소,2026-02-18 19:00:00,2026-02-18 23:00:00
3247,실내활동,광진구 기타 장소,2026-02-18 23:00:00,2026-02-19 00:00:00
3248,공부,광진구 기타 장소,2026-02-18 22:00:00,2026-02-18 23:00:00
3249,식사,세종대 부근 맛집,2026-02-19 08:00:00,2026-02-19 10:00:00
3250,스포츠,한강공원 축구장,2026-02-19 10:00:00,2026-02-19 14:00:00
3251,운동,광진구 등산 코스,2026-02-19 14:00:00,2026-02-19 15:00:00
3252,공원,광진구 기타 장소,2026-02-19 15:00:00,2026-02-19 16:00:00
3253,공원,광진구 기타 장소,2026-02-19 16:00:00,2026-02-19 18:00:00
3254,식사,광진구 한식당,2026-02-19 18:00:00,2026-02-19 20:00:00
3255,운동,광진구 공원 체력단련장,2026-02-19 20:00:00,2026-02-20 00:00:00
3256,식사,뚝섬 수변 카페,2026-02-20 08:00:00,2026-02-20 10:00:00
3257,공부,광진구 기타 장소,2026-02-20 10:00:00,2026-02-20 11:00:00
3258,관람,광진문화예술회관,2026-02-20 11:00:00,2026-02-20 15:00:00
3259,공부,광진구 기타 장소,2026-02-20 15:00:00,2026-02-20 16:00:00
3260,공부,광진구 기타 장소,2026-02-20 16:00:00,2026-02-20 18:00:00
3261,식사,세종대 부근 맛집,2026-02-20 18:00:00,2026-02-20 20:00:00
3262,관람,한강 뚝섬 예술극장,2026-02-20 20:00:00,2026-02-20 22:00:00
3263,공부,광진구 기타 장소,2026-02-20 22:00:00,2026-02-20 23:00:00
3264,실내활동,광진구 기타 장소,2026-02-20 23:00:00,2026-02-21 00:00:00
3265,식사,스타시티 푸드코트,2026-02-21 08:00:00,2026-02-21 10:00:00
3266,실내활동,광진구 기타 장소,2026-02-21 10:00:00,2026-02-21 14:00:00
3267,운동,어린이대공원 실내 체육관,2026-02-21 14:00:00,2026-02-21 15:00:00
3268,공원,광진구 기타 장소,2026-02-21 15:00:00,2026-02-21 19:00:00
3269,운동,광진구 공원 체력단련장,2026-02-21 19:00:00,2026-02-21 20:00:00
3270,실내활동,광진구 기타 장소,2026-02-21 20:00:00,2026-02-21 22:00:00
3271,공원,광진구 기타 장소,2026-02-21 22:00:00,2026-02-22 00:00:00
3272,식사,세종대 부근 맛집,2026-02-22 08:00:00,2026-02-22 10:00:00
3273,관람,광진문화예술회관,2026-02-22 10:00:00,2026-02-22 12:00:00
3274,식사,건대입구 음식점,2026-02-22 12:00:00,2026-02-22 14:00:00
3275,운동,건대 헬스장,2026-02-22 14:00:00,2026-02-22 16:00:00
3276,스포츠,광진구 배드민턴장,2026-02-22 16:00:00,2026-02-22 17:00:00
3277,관람,뚝섬 전망대,2026-02-22 17:00:00,2026-02-22 20:00:00
3278,스포츠,건대 헬스장,2026-02-22 20:00:00,2026-02-23 00:00:00
3279,식사,어린이대공원 근처 레스토랑,2026-02-23 08:00:00,2026-02-23 10:00:00
3280,스포츠,뚝섬 런닝코스,2026-02-23 10:00:00,2026-02-23 12:00:00
3281,식사,건대입구 전통시장,2026-02-23 12:00:00,2026-02-23 14:00:00
3282,운동,한강 자전거 대여소,2026-02-23 14:00:00,2026-02-23 15:00:00
3283,스포츠,세종대 실내 체육관,2026-02-23 15:00:00,2026-02-23 17:00:00
3284,스포츠,한강공원 축구장,2026-02-23 17:00:00,2026-02-23 20:00:00
3285,운동,서울숲 조깅 트랙,2026-02-23 20:00:00,2026-02-23 22:00:00
3286,스포츠,광진구 요가 스튜디오,2026-02-23 22:00:00,2026-02-24 00:00:00
3287,공부,광진구 기타 장소,2026-02-23 22:00:00,2026-02-23 23:00:00
3288,식사,광장시장 맛집,2026-02-24 08:00:00,2026-02-24 10:00:00
3289,실내활동,광진구 기타 장소,2026-02-24 10:00:00,2026-02-24 11:00:00
3290,스포츠,건대 헬스장,2026-02-24 11:00:00,2026-02-24 15:00:00
3291,관람,건대 메가박스,2026-02-24 15:00:00,2026-02-24 17:00:00
3292,실내활동,광진구 기타 장소,2026-02-24 17:00:00,2026-02-24 20:00:00
3293,실내활동,광진구 기타 장소,2026-02-24 20:00:00,2026-02-24 22:00:00
3294,스포츠,광진구 요가 스튜디오,2026-02-24 22:00:00,2026-02-25 00:00:00
3295,식사,한강 뚝섬 피크닉존 카페,2026-02-25 08:00:00,2026-02-25 10:00:00
3296,공부,광진구 기타 장소,2026-02-25 10:00:00,2026-02-25 12:00:00
3297,식사,뚝섬 수변 카페,2026-02-25 12:00:00,2026-02-25 14:00:00
3298,공원,광진구 기타 장소,2026-02-25 14:00:00,2026-02-25 15:00:00
3299,공부,광진구 기타 장소,2026-02-25 15:00:00,2026-02-25 16:00:00
3300,공원,광진구 기타 장소,2026-02-25 16:00:00,2026-02-25 17:00:00
3301,실내활동,광진구 기타 장소,2026-02-25 17:00:00,2026-02-25 20:00:00
3302,공원,광진구 기타 장소,2026-02-25 20:00:00,2026-02-25 22:00:00
3303,공원,광진구 기타 장소,2026-02-25 22:00:00,2026-02-26 00:00:00
3304,식사,뚝섬 수변 카페,2026-02-26 08:00:00,2026-02-26 10:00:00
3305,운동,뚝섬 유원지 요가 센터,2026-02-26 10:00:00,2026-02-26 12:00:00
3306,식사,건대입구 음식점,2026-02-26 12:00:00,2026-02-26 14:00:00
3307,스포츠,서울숲 테니스장,2026-02-26 14:00:00,2026-02-26 18:00:00
3308,식사,한강 뚝섬 피크닉존 카페,2026-02-26 18:00:00,2026-02-26 20:00:00
3309,운동,뚝섬 한강 수영장,2026-02-26 20:00:00,2026-02-26 21:00:00
3310,스포츠,세종대 실내 체육관,2026-02-26 21:00:00,2026-02-27 00:00:00
3311,공원,광진구 기타 장소,2026-02-26 22:00:00,2026-02-26 23:00:00
3312,식사,광진구 한식당,2026-02-27 08:00:00,2026-02-27 10:00:00
3313,공부,광진구 기타 장소,2026-02-27 10:00:00,2026-02-27 14:00:00
3314,관람,뚝섬 전망대,2026-02-27 14:00:00,2026-02-27 17:00:00
3315,관람,서울숲 갤러리,2026-02-27 17:00:00,2026-02-27 19:00:00
3316,실내활동,광진구 기타 장소,2026-02-27 19:00:00,2026-02-27 21:00:00
3317,관람,서울숲 갤러리,2026-02-27 21:00:00,2026-02-27 23:00:00
3318,관람,어린이대공원 공연장,2026-02-27 23:00:00,2026-02-28 00:00:00
3319,식사,뚝섬 수변 카페,2026-02-28 08:00:00,2026-02-28 10:00:00
3320,운동,한강 자전거 대여소,2026-02-28 10:00:00,2026-02-28 11:00:00
3321,공원,광진구 기타 장소,2026-02-28 11:00:00,2026-02-28 13:00:00
3322,공원,광진구 기타 장소,2026-02-28 13:00:00,2026-02-28 16:00:00
3323,운동,건대 스포츠 클럽,2026-02-28 16:00:00,2026-02-28 20:00:00
3324,공원,광진구 기타 장소,2026-02-28 20:00:00,2026-02-28 22:00:00
3325,공원,광진구 기타 장소,2026-02-28 22:00:00,2026-03-01 00:00:00
3326,실내활동,광진구 기타 장소,2026-02-28 22:00:00,2026-02-28 23:00:00
3327,식사,뚝섬 수변 카페,2026-03-01 08:00:00,2026-03-01 10:00:00
3328,관람,건대 커뮤니티 아트센터,2026-03-01 10:00:00,2026-03-01 14:00:00
3329,운동,서울숲 조깅 트랙,2026-03-01 14:00:00,2026-03-01 16:00:00
3330,스포츠,서울숲 테니스장,2026-03-01 16:00:00,2026-03-01 17:00:00
3331,관람,한강 뚝섬 예술극장,2026-03-01 17:00:00,2026-03-01 19:00:00
3332,스포츠,광진구 요가 스튜디오,2026-03-01 19:00:00,2026-03-01 22:00:00
3333,관람,광진구 시립극장,2026-03-01 22:00:00,2026-03-01 23:00:00
3334,관람,서울숲 갤러리,2026-03-01 23:00:00,2026-03-02 00:00:00
3335,식사,스타시티 푸드코트,2026-03-02 08:00:00,2026-03-02 10:00:00
3336,운동,서울숲 조깅 트랙,2026-03-02 10:00:00,2026-03-02 14:00:00
3337,운동,건대 헬스장,2026-03-02 14:00:00,2026-03-02 18:00:00
3338,식사,스타시티 푸드코트,2026-03-02 18:00:00,2026-03-02 20:00:00
3339,공부,광진구 기타 장소,2026-03-02 20:00:00,2026-03-02 22:00:00
3340,공부,광진구 기타 장소,2026-03-02 22:00:00,2026-03-03 00:00:00
3341,스포츠,건대 헬스장,2026-03-02 22:00:00,2026-03-02 23:00:00
3342,식사,광진구 한식당,2026-03-03 08:00:00,2026-03-03 10:00:00
3343,관람,뚝섬 전망대,2026-03-03 10:00:00,2026-03-03 14:00:00
3344,실내활동,광진구 기타 장소,2026-03-03 14:00:00,2026-03-03 18:00:00
3345,식사,광진구 한식당,2026-03-03 18:00:00,2026-03-03 20:00:00
3346,실내활동,광진구 기타 장소,2026-03-03 20:00:00,2026-03-04 00:00:00
3347,스포츠,서울숲 테니스장,2026-03-03 22:00:00,2026-03-03 23:00:00
3348,식사,스타시티 푸드코트,2026-03-04 08:00:00,2026-03-04 10:00:00
3349,공원,광진구 기타 장소,2026-03-04 10:00:00,2026-03-04 11:00:00
3350,실내활동,광진구 기타 장소,2026-03-04 11:00:00,2026-03-04 12:00:00
3351,식사,광진구 한식당,2026-03-04 12:00:00,2026-03-04 14:00:00
3352,공부,광진구 기타 장소,2026-03-04 14:00:00,2026-03-04 17:00:00
3353,실내활동,광진구 기타 장소,2026-03-04 17:00:00,2026-03-04 18:00:00
3354,식사,세종대 부근 맛집,2026-03-04 18:00:00,2026-03-04 20:00:00
3355,공원,광진구 기타 장소,2026-03-04 20:00:00,2026-03-04 21:00:00
3356,공부,광진구 기타 장소,2026-03-04 21:00:00,2026-03-05 00:00:00
3357,식사,스타시티 푸드코트,2026-03-05 08:00:00,2026-03-05 10:00:00
3358,공원,광진구 기타 장소,2026-03-05 10:00:00,2026-03-05 14:00:00
3359,스포츠,광진구 체육관,2026-03-05 14:00:00,2026-03-05 16:00:00
3360,운동,광진구 등산 코스,2026-03-05 16:00:00,2026-03-05 20:00:00
3361,공원,광진구 기타 장소,2026-03-05 20:00:00,2026-03-05 23:00:00
3362,스포츠,서울숲 테니스장,2026-03-05 23:00:00,2026-03-06 00:00:00
3363,식사,광장시장 맛집,2026-03-06 08:00:00,2026-03-06 10:00:00
3364,관람,서울숲 갤러리,2026-03-06 10:00:00,2026-03-06 11:00:00
3365,실내활동,광진구 기타 장소,2026-03-06 11:00:00,2026-03-06 12:00:00
3366,식사,세종대 부근 맛집,2026-03-06 12:00:00,2026-03-06 14:00:00
3367,실내활동,광진구 기타 장소,2026-03-06 14:00:00,2026-03-06 17:00:00
3368,관람,어린이대공원 공연장,2026-03-06 17:00:00,2026-03-06 19:00:00
3369,실내활동,광진구 기타 장소,2026-03-06 19:00:00,2026-03-06 23:00:00
3370,실내활동,광진구 기타 장소,2026-03-06 23:00:00,2026-03-07 00:00:00
3371,공부,광진구 기타 장소,2026-03-06 22:00:00,2026-03-06 23:00:00
3372,식사,건대입구 전통시장,2026-03-07 08:00:00,2026-03-07 10:00:00
3373,공원,광진구 기타 장소,2026-03-07 10:00:00,2026-03-07 12:00:00
3374,식사,건대입구 음식점,2026-03-07 12:00:00,2026-03-07 14:00:00
3375,공원,광진구 기타 장소,2026-03-07 14:00:00,2026-03-07 15:00:00
3376,실내활동,광진구 기타 장소,2026-03-07 15:00:00,2026-03-07 16:00:00
3377,실내활동,광진구 기타 장소,2026-03-07 16:00:00,2026-03-07 20:00:00
3378,운동,건대 헬스장,2026-03-07 20:00:00,2026-03-07 21:00:00
3379,실내활동,광진구 기타 장소,2026-03-07 21:00:00,2026-03-07 22:00:00
3380,공원,광진구 기타 장소,2026-03-07 22:00:00,2026-03-08 00:00:00
3381,식사,세종대 부근 맛집,2026-03-08 08:00:00,2026-03-08 10:00:00
3382,운동,건대 스포츠 클럽,2026-03-08 10:00:00,2026-03-08 13:00:00
3383,운동,어린이대공원 실내 체육관,2026-03-08 13:00:00,2026-03-08 16:00:00
3384,관람,건대 메가박스,2026-03-08 16:00:00,2026-03-08 19:00:00
3385,운동,건대 헬스장,2026-03-08 19:00:00,2026-03-08 22:00:00
3386,운동,서울숲 조깅 트랙,2026-03-08 22:00:00,2026-03-09 00:00:00
3387,스포츠,서울숲 테니스장,2026-03-08 22:00:00,2026-03-08 23:00:00
3388,식사,건대입구 음식점,2026-03-09 08:00:00,2026-03-09 10:00:00
3389,운동,어린이대공원 실내 체육관,2026-03-09 10:00:00,2026-03-09 13:00:00
3390,운동,서울숲 조깅 트랙,2026-03-09 13:00:00,2026-03-09 16:00:00
3391,운동,건대 스포츠 클럽,2026-03-09 16:00:00,2026-03-09 20:00:00
3392,스포츠,광진구 요가 스튜디오,2026-03-09 20:00:00,2026-03-10 00:00:00
3393,공부,광진구 기타 장소,2026-03-09 22:00:00,2026-03-09 23:00:00
3394,식사,건대입구 전통시장,2026-03-10 08:00:00,2026-03-10 10:00:00
3395,실내활동,광진구 기타 장소,2026-03-10 10:00:00,2026-03-10 12:00:00
3396,식사,광진구 한식당,2026-03-10 12:00:00,2026-03-10 14:00:00
3397,스포츠,한강공원 축구장,2026-03-10 14:00:00,2026-03-10 17:00:00
3398,관람,건국대학교 박물관,2026-03-10 17:00:00,2026-03-10 18:00:00
3399,식사,광진구 한식당,2026-03-10 18:00:00,2026-03-10 20:00:00
3400,실내활동,광진구 기타 장소,2026-03-10 20:00:00,2026-03-10 22:00:00
3401,스포츠,광진구 체육관,2026-03-10 22:00:00,2026-03-10 23:00:00
3402,스포츠,광진구 체육관,2026-03-10 23:00:00,2026-03-11 00:00:00
3403,식사,건대입구 음식점,2026-03-11 08:00:00,2026-03-11 10:00:00
3404,공원,광진구 기타 장소,2026-03-11 10:00:00,2026-03-11 11:00:00
3405,실내활동,광진구 기타 장소,2026-03-11 11:00:00,2026-03-11 14:00:00
3406,공부,광진구 기타 장소,2026-03-11 14:00:00,2026-03-11 15:00:00
3407,공원,광진구 기타 장소,2026-03-11 15:00:00,2026-03-11 17:00:00
3408,공원,광진구 기타 장소,2026-03-11 17:00:00,2026-03-11 18:00:00
3409,식사,어린이대공원 근처 레스토랑,2026-03-11 18:00:00,2026-03-11 20:00:00
3410,실내활동,광진구 기타 장소,2026-03-11 20:00:00,2026-03-11 21:00:00
3411,실내활동,광진구 기타 장소,2026-03-11 21:00:00,2026-03-11 23:00:00
3412,공부,광진구 기타 장소,2026-03-11 23:00:00,2026-03-12 00:00:00
3413,식사,뚝섬 수변 카페,2026-03-12 08:00:00,2026-03-12 10:00:00
3414,스포츠,건대 헬스장,2026-03-12 10:00:00,2026-03-12 13:00:00
3415,공원,광진구 기타 장소,2026-03-12 13:00:00,2026-03-12 14:00:00
3416,운동,한강 자전거 대여소,2026-03-12 14:00:00,2026-03-12 17:00:00
3417,공원,광진구 기타 장소,2026-03-12 17:00:00,2026-03-12 18:00:00
3418,식사,건대입구 음식점,2026-03-12 18:00:00,2026-03-12 20:00:00
3419,스포츠,광진구 배드민턴장,2026-03-12 20:00:00,2026-03-12 21:00:00
3420,공원,광진구 기타 장소,2026-03-12 21:00:00,2026-03-12 23:00:00
3421,스포츠,한강공원 축구장,2026-03-12 23:00:00,2026-03-13 00:00:00
3422,식사,건대 버거 레스토랑,2026-03-13 08:00:00,2026-03-13 10:00:00
3423,관람,서울숲 갤러리,2026-03-13 10:00:00,2026-03-13 14:00:00
3424,관람,한강 뚝섬 예술극장,2026-03-13 14:00:00,2026-03-13 17:00:00
3425,공부,광진구 기타 장소,2026-03-13 17:00:00,2026-03-13 18:00:00
3426,식사,건대입구 전통시장,2026-03-13 18:00:00,2026-03-13 20:00:00
3427,실내활동,광진구 기타 장소,2026-03-13 20:00:00,2026-03-13 21:00:00
3428,공부,광진구 기타 장소,2026-03-13 21:00:00,2026-03-14 00:00:00
3429,식사,건대 버거 레스토랑,2026-03-14 08:00:00,2026-03-14 10:00:00
3430,공원,광진구 기타 장소,2026-03-14 10:00:00,2026-03-14 14:00:00
3431,운동,뚝섬 한강 수영장,2026-03-14 14:00:00,2026-03-14 17:00:00
3432,공원,광진구 기타 장소,2026-03-14 17:00:00,2026-03-14 18:00:00
3433,식사,광장시장 맛집,2026-03-14 18:00:00,2026-03-14 20:00:00
3434,운동,건대 스포츠 클럽,2026-03-14 20:00:00,2026-03-15 00:00:00
3435,실내활동,광진구 기타 장소,2026-03-14 22:00:00,2026-03-14 23:00:00
3436,식사,스타시티 푸드코트,2026-03-15 08:00:00,2026-03-15 10:00:00
3437,운동,광진구 공원 체력단련장,2026-03-15 10:00:00,2026-03-15 14:00:00
3438,관람,건대 메가박스,2026-03-15 14:00:00,2026-03-15 16:00:00
3439,운동,어린이대공원 실내 체육관,2026-03-15 16:00:00,2026-03-15 20:00:00
3440,운동,어린이대공원 실내 체육관,2026-03-15 20:00:00,2026-03-15 22:00:00
3441,관람,건국대학교 박물관,2026-03-15 22:00:00,2026-03-16 00:00:00
3442,스포츠,뚝섬 런닝코스,2026-03-15 22:00:00,2026-03-15 23:00:00
3443,식사,광장시장 맛집,2026-03-16 08:00:00,2026-03-16 10:00:00
3444,공부,광진구 기타 장소,2026-03-16 10:00:00,2026-03-16 12:00:00
3445,식사,광진구 한식당,2026-03-16 12:00:00,2026-03-16 14:00:00
3446,공부,광진구 기타 장소,2026-03-16 14:00:00,2026-03-16 15:00:00
3447,스포츠,한강공원 축구장,2026-03-16 15:00:00,2026-03-16 17:00:00
3448,공부,광진구 기타 장소,2026-03-16 17:00:00,2026-03-16 21:00:00
3449,공부,광진구 기타 장소,2026-03-16 21:00:00,2026-03-16 22:00:00
3450,운동,광진구 공원 체력단련장,2026-03-16 22:00:00,2026-03-17 00:00:00
3451,식사,광장시장 맛집,2026-03-17 08:00:00,2026-03-17 10:00:00
3452,관람,광진문화예술회관,2026-03-17 10:00:00,2026-03-17 13:00:00
3453,실내활동,광진구 기타 장소,2026-03-17 13:00:00,2026-03-17 17:00:00
3454,관람,건대 커뮤니티 아트센터,2026-03-17 17:00:00,2026-03-17 21:00:00
3455,스포츠,뚝섬 런닝코스,2026-03-17 21:00:00,2026-03-18 00:00:00
3456,식사,뚝섬 수변 카페,2026-03-18 08:00:00,2026-03-18 10:00:00
3457,실내활동,광진구 기타 장소,2026-03-18 10:00:00,2026-03-18 13:00:00
3458,공부,광진구 기타 장소,2026-03-18 13:00:00,2026-03-18 14:00:00
3459,공원,광진구 기타 장소,2026-03-18 14:00:00,2026-03-18 15:00:00
3460,실내활동,광진구 기타 장소,2026-03-18 15:00:00,2026-03-18 17:00:00
3461,공원,광진구 기타 장소,2026-03-18 17:00:00,2026-03-18 19:00:00
3462,실내활동,광진구 기타 장소,2026-03-18 19:00:00,2026-03-18 20:00:00
3463,공원,광진구 기타 장소,2026-03-18 20:00:00,2026-03-18 22:00:00
3464,공원,광진구 기타 장소,2026-03-18 22:00:00,2026-03-19 00:00:00
3465,식사,건대입구 음식점,2026-03-19 08:00:00,2026-03-19 10:00:00
3466,공원,광진구 기타 장소,2026-03-19 10:00:00,2026-03-19 12:00:00
3467,식사,건대입구 음식점,2026-03-19 12:00:00,2026-03-19 14:00:00
3468,공원,광진구 기타 장소,2026-03-19 14:00:00,2026-03-19 15:00:00
3469,운동,뚝섬 한강 수영장,2026-03-19 15:00:00,2026-03-19 18:00:00
3470,식사,건대입구 음식점,2026-03-19 18:00:00,2026-03-19 20:00:00
3471,스포츠,뚝섬 런닝코스,2026-03-19 20:00:00,2026-03-19 22:00:00
3472,공원,광진구 기타 장소,2026-03-19 22:00:00,2026-03-20 00:00:00
3473,식사,광진구 한식당,2026-03-20 08:00:00,2026-03-20 10:00:00
3474,실내활동,광진구 기타 장소,2026-03-20 10:00:00,2026-03-20 11:00:00
3475,공부,광진구 기타 장소,2026-03-20 11:00:00,2026-03-20 15:00:00
3476,실내활동,광진구 기타 장소,2026-03-20 15:00:00,2026-03-20 19:00:00
3477,공부,광진구 기타 장소,2026-03-20 19:00:00,2026-03-20 22:00:00
3478,관람,서울숲 갤러리,2026-03-20 22:00:00,2026-03-20 23:00:00
3479,공부,광진구 기타 장소,2026-03-20 23:00:00,2026-03-21 00:00:00
3480,식사,한강 뚝섬 피크닉존 카페,2026-03-21 08:00:00,2026-03-21 10:00:00
3481,운동,뚝섬 유원지 요가 센터,2026-03-21 10:00:00,2026-03-21 14:00:00
3482,공원,광진구 기타 장소,2026-03-21 14:00:00,2026-03-21 16:00:00
3483,공원,광진구 기타 장소,2026-03-21 16:00:00,2026-03-21 19:00:00
3484,운동,한강 공원,2026-03-21 19:00:00,2026-03-21 21:00:00
3485,운동,한강 자전거 대여소,2026-03-21 21:00:00,2026-03-22 00:00:00
3486,실내활동,광진구 기타 장소,2026-03-21 22:00:00,2026-03-21 23:00:00
3487,식사,광장시장 맛집,2026-03-22 08:00:00,2026-03-22 10:00:00
3488,운동,한강 공원,2026-03-22 10:00:00,2026-03-22 13:00:00
3489,운동,광진구 등산 코스,2026-03-22 13:00:00,2026-03-22 17:00:00
3490,운동,뚝섬 유원지 요가 센터,2026-03-22 17:00:00,2026-03-22 18:00:00
3491,식사,세종대 부근 맛집,2026-03-22 18:00:00,2026-03-22 20:00:00
3492,스포츠,건대 헬스장,2026-03-22 20:00:00,2026-03-22 21:00:00
3493,관람,롯데시네마 건대입구,2026-03-22 21:00:00,2026-03-23 00:00:00
3494,식사,건대입구 음식점,2026-03-23 08:00:00,2026-03-23 10:00:00
3495,스포츠,세종대 실내 체육관,2026-03-23 10:00:00,2026-03-23 14:00:00
3496,운동,한강 공원,2026-03-23 14:00:00,2026-03-23 18:00:00
3497,식사,한강 뚝섬 피크닉존 카페,2026-03-23 18:00:00,2026-03-23 20:00:00
3498,운동,뚝섬 한강 수영장,2026-03-23 20:00:00,2026-03-24 00:00:00
3499,공부,광진구 기타 장소,2026-03-23 22:00:00,2026-03-23 23:00:00
3500,식사,건대 버거 레스토랑,2026-03-24 08:00:00,2026-03-24 10:00:00
3501,관람,한강 뚝섬 예술극장,2026-03-24 10:00:00,2026-03-24 14:00:00
3502,스포츠,어린이대공원 운동장,2026-03-24 14:00:00,2026-03-24 18:00:00
3503,식사,한강 뚝섬 피크닉존 카페,2026-03-24 18:00:00,2026-03-24 20:00:00
3504,스포츠,서울숲 스케이트장,2026-03-24 20:00:00,2026-03-25 00:00:00
3505,실내활동,광진구 기타 장소,2026-03-24 22:00:00,2026-03-24 23:00:00
3506,식사,세종대 부근 맛집,2026-03-25 08:00:00,2026-03-25 10:00:00
3507,공원,광진구 기타 장소,2026-03-25 10:00:00,2026-03-25 13:00:00
3508,공원,광진구 기타 장소,2026-03-25 13:00:00,2026-03-25 14:00:00
3509,실내활동,광진구 기타 장소,2026-03-25 14:00:00,2026-03-25 16:00:00
3510,공원,광진구 기타 장소,2026-03-25 16:00:00,2026-03-25 17:00:00
3511,공원,광진구 기타 장소,2026-03-25 17:00:00,2026-03-25 18:00:00
3512,식사,어린이대공원 근처 레스토랑,2026-03-25 18:00:00,2026-03-25 20:00:00
3513,실내활동,광진구 기타 장소,2026-03-25 20:00:00,2026-03-25 21:00:00
3514,공부,광진구 기타 장소,2026-03-25 21:00:00,2026-03-25 23:00:00
3515,실내활동,광진구 기타 장소,2026-03-25 23:00:00,2026-03-26 00:00:00
3516,식사,건대입구 음식점,2026-03-26 08:00:00,2026-03-26 10:00:00
3517,운동,뚝섬 한강 수영장,2026-03-26 10:00:00,2026-03-26 12:00:00
3518,식사,건대 버거 레스토랑,2026-03-26 12:00:00,2026-03-26 14:00:00
3519,스포츠,광진구 요가 스튜디오,2026-03-26 14:00:00,2026-03-26 16:00:00
3520,운동,광진구 등산 코스,2026-03-26 16:00:00,2026-03-26 18:00:00
3521,식사,스타시티 푸드코트,2026-03-26 18:00:00,2026-03-26 20:00:00
3522,스포츠,뚝섬 런닝코스,2026-03-26 20:00:00,2026-03-26 23:00:00
3523,운동,건대 헬스장,2026-03-26 23:00:00,2026-03-27 00:00:00
3524,공원,광진구 기타 장소,2026-03-26 22:00:00,2026-03-26 23:00:00
3525,식사,광진구 한식당,2026-03-27 08:00:00,2026-03-27 10:00:00
3526,실내활동,광진구 기타 장소,2026-03-27 10:00:00,2026-03-27 13:00:00
3527,실내활동,광진구 기타 장소,2026-03-27 13:00:00,2026-03-27 15:00:00
3528,관람,어린이대공원 공연장,2026-03-27 15:00:00,2026-03-27 18:00:00
3529,식사,건대입구 전통시장,2026-03-27 18:00:00,2026-03-27 20:00:00
3530,공부,광진구 기타 장소,2026-03-27 20:00:00,2026-03-27 22:00:00
3531,실내활동,광진구 기타 장소,2026-03-27 22:00:00,2026-03-27 23:00:00
3532,공부,광진구 기타 장소,2026-03-27 23:00:00,2026-03-28 00:00:00
3533,식사,세종대 부근 맛집,2026-03-28 08:00:00,2026-03-28 10:00:00
3534,실내활동,광진구 기타 장소,2026-03-28 10:00:00,2026-03-28 12:00:00
3535,식사,스타시티 푸드코트,2026-03-28 12:00:00,2026-03-28 14:00:00
3536,공원,광진구 기타 장소,2026-03-28 14:00:00,2026-03-28 15:00:00
3537,공원,광진구 기타 장소,2026-03-28 15:00:00,2026-03-28 17:00:00
3538,실내활동,광진구 기타 장소,2026-03-28 17:00:00,2026-03-28 21:00:00
3539,공원,광진구 기타 장소,2026-03-28 21:00:00,2026-03-28 22:00:00
3540,실내활동,광진구 기타 장소,2026-03-28 22:00:00,2026-03-29 00:00:00
3541,운동,한강 자전거 대여소,2026-03-28 22:00:00,2026-03-28 23:00:00
3542,식사,뚝섬 수변 카페,2026-03-29 08:00:00,2026-03-29 10:00:00
3543,스포츠,세종대 실내 체육관,2026-03-29 10:00:00,2026-03-29 11:00:00
3544,스포츠,서울숲 테니스장,2026-03-29 11:00:00,2026-03-29 14:00:00
3545,운동,뚝섬 유원지 요가 센터,2026-03-29 14:00:00,2026-03-29 15:00:00
3546,스포츠,광진구 요가 스튜디오,2026-03-29 15:00:00,2026-03-29 17:00:00
3547,운동,건대 스포츠 클럽,2026-03-29 17:00:00,2026-03-29 20:00:00
3548,관람,서울숲 갤러리,2026-03-29 20:00:00,2026-03-29 21:00:00
3549,운동,뚝섬 유원지 요가 센터,2026-03-29 21:00:00,2026-03-30 00:00:00
3550,식사,스타시티 푸드코트,2026-03-30 08:00:00,2026-03-30 10:00:00
3551,스포츠,건대 헬스장,2026-03-30 10:00:00,2026-03-30 12:00:00
3552,식사,스타시티 푸드코트,2026-03-30 12:00:00,2026-03-30 14:00:00
3553,공부,광진구 기타 장소,2026-03-30 14:00:00,2026-03-30 18:00:00
3554,식사,건대입구 전통시장,2026-03-30 18:00:00,2026-03-30 20:00:00
3555,공부,광진구 기타 장소,2026-03-30 20:00:00,2026-03-30 22:00:00
3556,스포츠,어린이대공원 운동장,2026-03-30 22:00:00,2026-03-31 00:00:00
3557,운동,광진구 등산 코스,2026-03-30 22:00:00,2026-03-30 23:00:00
3558,식사,광장시장 맛집,2026-03-31 08:00:00,2026-03-31 10:00:00
3559,관람,서울숲 갤러리,2026-03-31 10:00:00,2026-03-31 11:00:00
3560,관람,건대 메가박스,2026-03-31 11:00:00,2026-03-31 15:00:00
3561,스포츠,서울숲 테니스장,2026-03-31 15:00:00,2026-03-31 18:00:00
3562,식사,스타시티 푸드코트,2026-03-31 18:00:00,2026-03-31 20:00:00
3563,스포츠,광진구 체육관,2026-03-31 20:00:00,2026-03-31 22:00:00
3564,스포츠,서울숲 테니스장,2026-03-31 22:00:00,2026-03-31 23:00:00
3565,관람,뚝섬 전망대,2026-03-31 23:00:00,2026-04-01 00:00:00
3566,실내활동,광진구 기타 장소,2026-03-31 22:00:00,2026-03-31 23:00:00
3567,식사,뚝섬 수변 카페,2026-04-01 08:00:00,2026-04-01 10:00:00
3568,공부,광진구 기타 장소,2026-04-01 10:00:00,2026-04-01 11:00:00
3569,공원,광진구 기타 장소,2026-04-01 11:00:00,2026-04-01 12:00:00
3570,식사,뚝섬 수변 카페,2026-04-01 12:00:00,2026-04-01 14:00:00
3571,실내활동,광진구 기타 장소,2026-04-01 14:00:00,2026-04-01 18:00:00
3572,식사,스타시티 푸드코트,2026-04-01 18:00:00,2026-04-01 20:00:00
3573,공원,광진구 기타 장소,2026-04-01 20:00:00,2026-04-02 00:00:00
3574,식사,어린이대공원 근처 레스토랑,2026-04-02 08:00:00,2026-04-02 10:00:00
3575,운동,서울숲 조깅 트랙,2026-04-02 10:00:00,2026-04-02 13:00:00
3576,스포츠,어린이대공원 운동장,2026-04-02 13:00:00,2026-04-02 14:00:00
3577,공원,광진구 기타 장소,2026-04-02 14:00:00,2026-04-02 16:00:00
3578,운동,서울숲 조깅 트랙,2026-04-02 16:00:00,2026-04-02 20:00:00
3579,운동,광진구 공원 체력단련장,2026-04-02 20:00:00,2026-04-02 21:00:00
3580,공원,광진구 기타 장소,2026-04-02 21:00:00,2026-04-02 23:00:00
3581,스포츠,광진구 배드민턴장,2026-04-02 23:00:00,2026-04-03 00:00:00
3582,식사,뚝섬 수변 카페,2026-04-03 08:00:00,2026-04-03 10:00:00
3583,공부,광진구 기타 장소,2026-04-03 10:00:00,2026-04-03 11:00:00
3584,공부,광진구 기타 장소,2026-04-03 11:00:00,2026-04-03 14:00:00
3585,관람,광진구 시립극장,2026-04-03 14:00:00,2026-04-03 15:00:00
3586,관람,한강 뚝섬 예술극장,2026-04-03 15:00:00,2026-04-03 17:00:00
3587,관람,어린이대공원 공연장,2026-04-03 17:00:00,2026-04-03 21:00:00
3588,관람,서울숲 갤러리,2026-04-03 21:00:00,2026-04-03 22:00:00
3589,공부,광진구 기타 장소,2026-04-03 22:00:00,2026-04-04 00:00:00
3590,실내활동,광진구 기타 장소,2026-04-03 22:00:00,2026-04-03 23:00:00
3591,식사,뚝섬 수변 카페,2026-04-04 08:00:00,2026-04-04 10:00:00
3592,실내활동,광진구 기타 장소,2026-04-04 10:00:00,2026-04-04 12:00:00
3593,식사,세종대 부근 맛집,2026-04-04 12:00:00,2026-04-04 14:00:00
3594,운동,광진구 등산 코스,2026-04-04 14:00:00,2026-04-04 17:00:00
3595,실내활동,광진구 기타 장소,2026-04-04 17:00:00,2026-04-04 21:00:00
3596,실내활동,광진구 기타 장소,2026-04-04 21:00:00,2026-04-05 00:00:00
3597,공원,광진구 기타 장소,2026-04-04 22:00:00,2026-04-04 23:00:00
3598,식사,스타시티 푸드코트,2026-04-05 08:00:00,2026-04-05 10:00:00
3599,운동,뚝섬 한강 수영장,2026-04-05 10:00:00,2026-04-05 12:00:00
3600,식사,광장시장 맛집,2026-04-05 12:00:00,2026-04-05 14:00:00
3601,운동,광진구 등산 코스,2026-04-05 14:00:00,2026-04-05 17:00:00
3602,관람,건대 메가박스,2026-04-05 17:00:00,2026-04-05 19:00:00
3603,운동,건대 스포츠 클럽,2026-04-05 19:00:00,2026-04-05 21:00:00
3604,스포츠,광진구 배드민턴장,2026-04-05 21:00:00,2026-04-05 23:00:00
3605,관람,뚝섬 전망대,2026-04-05 23:00:00,2026-04-06 00:00:00
3606,식사,광장시장 맛집,2026-04-06 08:00:00,2026-04-06 10:00:00
3607,운동,뚝섬 한강 수영장,2026-04-06 10:00:00,2026-04-06 12:00:00
3608,식사,뚝섬 수변 카페,2026-04-06 12:00:00,2026-04-06 14:00:00
3609,공부,광진구 기타 장소,2026-04-06 14:00:00,2026-04-06 18:00:00
3610,식사,한강 뚝섬 피크닉존 카페,2026-04-06 18:00:00,2026-04-06 20:00:00
3611,스포츠,뚝섬 런닝코스,2026-04-06 20:00:00,2026-04-07 00:00:00
3612,식사,광진구 한식당,2026-04-07 08:00:00,2026-04-07 10:00:00
3613,실내활동,광진구 기타 장소,2026-04-07 10:00:00,2026-04-07 12:00:00
3614,식사,광진구 한식당,2026-04-07 12:00:00,2026-04-07 14:00:00
3615,스포츠,어린이대공원 운동장,2026-04-07 14:00:00,2026-04-07 16:00:00
3616,스포츠,서울숲 스케이트장,2026-04-07 16:00:00,2026-04-07 19:00:00
3617,실내활동,광진구 기타 장소,2026-04-07 19:00:00,2026-04-07 23:00:00
3618,실내활동,광진구 기타 장소,2026-04-07 23:00:00,2026-04-08 00:00:00
3619,관람,건대 커뮤니티 아트센터,2026-04-07 22:00:00,2026-04-07 23:00:00
3620,식사,건대입구 전통시장,2026-04-08 08:00:00,2026-04-08 10:00:00
3621,공부,광진구 기타 장소,2026-04-08 10:00:00,2026-04-08 14:00:00
3622,공부,광진구 기타 장소,2026-04-08 14:00:00,2026-04-08 16:00:00
3623,공원,광진구 기타 장소,2026-04-08 16:00:00,2026-04-08 18:00:00
3624,식사,광장시장 맛집,2026-04-08 18:00:00,2026-04-08 20:00:00
3625,실내활동,광진구 기타 장소,2026-04-08 20:00:00,2026-04-08 21:00:00
3626,공원,광진구 기타 장소,2026-04-08 21:00:00,2026-04-09 00:00:00
3627,식사,건대입구 음식점,2026-04-09 08:00:00,2026-04-09 10:00:00
3628,공원,광진구 기타 장소,2026-04-09 10:00:00,2026-04-09 14:00:00
3629,운동,광진구 등산 코스,2026-04-09 14:00:00,2026-04-09 17:00:00
3630,운동,뚝섬 한강 수영장,2026-04-09 17:00:00,2026-04-09 21:00:00
3631,공원,광진구 기타 장소,2026-04-09 21:00:00,2026-04-09 22:00:00
3632,운동,건대 스포츠 클럽,2026-04-09 22:00:00,2026-04-10 00:00:00
3633,스포츠,건대 헬스장,2026-04-09 22:00:00,2026-04-09 23:00:00
3634,식사,세종대 부근 맛집,2026-04-10 08:00:00,2026-04-10 10:00:00
3635,공부,광진구 기타 장소,2026-04-10 10:00:00,2026-04-10 14:00:00
3636,실내활동,광진구 기타 장소,2026-04-10 14:00:00,2026-04-10 18:00:00
3637,식사,한강 뚝섬 피크닉존 카페,2026-04-10 18:00:00,2026-04-10 20:00:00
3638,관람,어린이대공원 공연장,2026-04-10 20:00:00,2026-04-10 22:00:00
3639,공부,광진구 기타 장소,2026-04-10 22:00:00,2026-04-11 00:00:00
3640,식사,광진구 한식당,2026-04-11 08:00:00,2026-04-11 10:00:00
3641,운동,광진구 공원 체력단련장,2026-04-11 10:00:00,2026-04-11 14:00:00
3642,공원,광진구 기타 장소,2026-04-11 14:00:00,2026-04-11 15:00:00
3643,운동,뚝섬 한강 수영장,2026-04-11 15:00:00,2026-04-11 17:00:00
3644,실내활동,광진구 기타 장소,2026-04-11 17:00:00,2026-04-11 20:00:00
3645,실내활동,광진구 기타 장소,2026-04-11 20:00:00,2026-04-11 23:00:00
3646,공원,광진구 기타 장소,2026-04-11 23:00:00,2026-04-12 00:00:00
3647,식사,광장시장 맛집,2026-04-12 08:00:00,2026-04-12 10:00:00
3648,관람,건국대학교 박물관,2026-04-12 10:00:00,2026-04-12 14:00:00
3649,운동,서울숲 조깅 트랙,2026-04-12 14:00:00,2026-04-12 15:00:00
3650,스포츠,어린이대공원 운동장,2026-04-12 15:00:00,2026-04-12 17:00:00
3651,관람,한강 뚝섬 예술극장,2026-04-12 17:00:00,2026-04-12 19:00:00
3652,관람,건대 커뮤니티 아트센터,2026-04-12 19:00:00,2026-04-12 23:00:00
3653,관람,롯데시네마 건대입구,2026-04-12 23:00:00,2026-04-13 00:00:00
3654,식사,어린이대공원 근처 레스토랑,2026-04-13 08:00:00,2026-04-13 10:00:00
3655,운동,뚝섬 유원지 요가 센터,2026-04-13 10:00:00,2026-04-13 11:00:00
3656,공부,광진구 기타 장소,2026-04-13 11:00:00,2026-04-13 13:00:00
3657,운동,서울숲 조깅 트랙,2026-04-13 13:00:00,2026-04-13 15:00:00
3658,운동,광진구 등산 코스,2026-04-13 15:00:00,2026-04-13 16:00:00
3659,스포츠,세종대 실내 체육관,2026-04-13 16:00:00,2026-04-13 19:00:00
3660,공부,광진구 기타 장소,2026-04-13 19:00:00,2026-04-13 22:00:00
3661,스포츠,서울숲 스케이트장,2026-04-13 22:00:00,2026-04-13 23:00:00
3662,스포츠,한강공원 축구장,2026-04-13 23:00:00,2026-04-14 00:00:00
3663,식사,건대입구 음식점,2026-04-14 08:00:00,2026-04-14 10:00:00
3664,스포츠,한강공원 축구장,2026-04-14 10:00:00,2026-04-14 13:00:00
3665,관람,어린이대공원 공연장,2026-04-14 13:00:00,2026-04-14 16:00:00
3666,관람,광진구 시립극장,2026-04-14 16:00:00,2026-04-14 20:00:00
3667,실내활동,광진구 기타 장소,2026-04-14 20:00:00,2026-04-14 23:00:00
3668,실내활동,광진구 기타 장소,2026-04-14 23:00:00,2026-04-15 00:00:00
3669,식사,건대입구 음식점,2026-04-15 08:00:00,2026-04-15 10:00:00
3670,실내활동,광진구 기타 장소,2026-04-15 10:00:00,2026-04-15 14:00:00
3671,공부,광진구 기타 장소,2026-04-15 14:00:00,2026-04-15 16:00:00
3672,공부,광진구 기타 장소,2026-04-15 16:00:00,2026-04-15 19:00:00
3673,공원,광진구 기타 장소,2026-04-15 19:00:00,2026-04-15 23:00:00
3674,공원,광진구 기타 장소,2026-04-15 23:00:00,2026-04-16 00:00:00
3675,식사,스타시티 푸드코트,2026-04-16 08:00:00,2026-04-16 10:00:00
3676,스포츠,광진구 배드민턴장,2026-04-16 10:00:00,2026-04-16 11:00:00
3677,운동,뚝섬 한강 수영장,2026-04-16 11:00:00,2026-04-16 15:00:00
3678,스포츠,광진구 요가 스튜디오,2026-04-16 15:00:00,2026-04-16 18:00:00
3679,식사,건대 버거 레스토랑,2026-04-16 18:00:00,2026-04-16 20:00:00
3680,공원,광진구 기타 장소,2026-04-16 20:00:00,2026-04-16 23:00:00
3681,운동,서울숲 조깅 트랙,2026-04-16 23:00:00,2026-04-17 00:00:00
3682,식사,스타시티 푸드코트,2026-04-17 08:00:00,2026-04-17 10:00:00
3683,공부,광진구 기타 장소,2026-04-17 10:00:00,2026-04-17 11:00:00
3684,공부,광진구 기타 장소,2026-04-17 11:00:00,2026-04-17 12:00:00
3685,식사,뚝섬 수변 카페,2026-04-17 12:00:00,2026-04-17 14:00:00
3686,공부,광진구 기타 장소,2026-04-17 14:00:00,2026-04-17 18:00:00
3687,식사,광장시장 맛집,2026-04-17 18:00:00,2026-04-17 20:00:00
3688,관람,서울숲 갤러리,2026-04-17 20:00:00,2026-04-17 21:00:00
3689,실내활동,광진구 기타 장소,2026-04-17 21:00:00,2026-04-18 00:00:00
3690,식사,광장시장 맛집,2026-04-18 08:00:00,2026-04-18 10:00:00
3691,운동,뚝섬 한강 수영장,2026-04-18 10:00:00,2026-04-18 12:00:00
3692,식사,건대입구 전통시장,2026-04-18 12:00:00,2026-04-18 14:00:00
3693,실내활동,광진구 기타 장소,2026-04-18 14:00:00,2026-04-18 15:00:00
3694,공원,광진구 기타 장소,2026-04-18 15:00:00,2026-04-18 19:00:00
3695,공원,광진구 기타 장소,2026-04-18 19:00:00,2026-04-18 23:00:00
3696,공원,광진구 기타 장소,2026-04-18 23:00:00,2026-04-19 00:00:00
3697,식사,광장시장 맛집,2026-04-19 08:00:00,2026-04-19 10:00:00
3698,관람,어린이대공원 공연장,2026-04-19 10:00:00,2026-04-19 11:00:00
3699,관람,건대 메가박스,2026-04-19 11:00:00,2026-04-19 13:00:00
3700,관람,건대 메가박스,2026-04-19 13:00:00,2026-04-19 14:00:00
3701,스포츠,광진구 요가 스튜디오,2026-04-19 14:00:00,2026-04-19 16:00:00
3702,스포츠,서울숲 스케이트장,2026-04-19 16:00:00,2026-04-19 18:00:00
3703,식사,광장시장 맛집,2026-04-19 18:00:00,2026-04-19 20:00:00
3704,운동,한강 자전거 대여소,2026-04-19 20:00:00,2026-04-20 00:00:00
3705,식사,스타시티 푸드코트,2026-04-20 08:00:00,2026-04-20 10:00:00
3706,공부,광진구 기타 장소,2026-04-20 10:00:00,2026-04-20 14:00:00
3707,스포츠,건대 헬스장,2026-04-20 14:00:00,2026-04-20 16:00:00
3708,스포츠,광진구 체육관,2026-04-20 16:00:00,2026-04-20 20:00:00
3709,운동,어린이대공원 실내 체육관,2026-04-20 20:00:00,2026-04-21 00:00:00
3710,식사,어린이대공원 근처 레스토랑,2026-04-21 08:00:00,2026-04-21 10:00:00
3711,실내활동,광진구 기타 장소,2026-04-21 10:00:00,2026-04-21 13:00:00
3712,실내활동,광진구 기타 장소,2026-04-21 13:00:00,2026-04-21 16:00:00
3713,관람,건대 커뮤니티 아트센터,2026-04-21 16:00:00,2026-04-21 18:00:00
3714,식사,스타시티 푸드코트,2026-04-21 18:00:00,2026-04-21 20:00:00
3715,실내활동,광진구 기타 장소,2026-04-21 20:00:00,2026-04-22 00:00:00
3716,스포츠,광진구 요가 스튜디오,2026-04-21 22:00:00,2026-04-21 23:00:00
3717,식사,광장시장 맛집,2026-04-22 08:00:00,2026-04-22 10:00:00
3718,실내활동,광진구 기타 장소,2026-04-22 10:00:00,2026-04-22 11:00:00
3719,공부,광진구 기타 장소,2026-04-22 11:00:00,2026-04-22 13:00:00
3720,공원,광진구 기타 장소,2026-04-22 13:00:00,2026-04-22 16:00:00
3721,공원,광진구 기타 장소,2026-04-22 16:00:00,2026-04-22 20:00:00
3722,공부,광진구 기타 장소,2026-04-22 20:00:00,2026-04-23 00:00:00
3723,식사,건대입구 전통시장,2026-04-23 08:00:00,2026-04-23 10:00:00
3724,운동,건대 스포츠 클럽,2026-04-23 10:00:00,2026-04-23 13:00:00
3725,스포츠,서울숲 스케이트장,2026-04-23 13:00:00,2026-04-23 15:00:00
3726,공원,광진구 기타 장소,2026-04-23 15:00:00,2026-04-23 19:00:00
3727,운동,한강 자전거 대여소,2026-04-23 19:00:00,2026-04-23 21:00:00
3728,스포츠,건대 헬스장,2026-04-23 21:00:00,2026-04-24 00:00:00
3729,식사,건대 버거 레스토랑,2026-04-24 08:00:00,2026-04-24 10:00:00
3730,관람,뚝섬 전망대,2026-04-24 10:00:00,2026-04-24 12:00:00
3731,식사,광장시장 맛집,2026-04-24 12:00:00,2026-04-24 14:00:00
3732,관람,롯데시네마 건대입구,2026-04-24 14:00:00,2026-04-24 18:00:00
3733,식사,건대 버거 레스토랑,2026-04-24 18:00:00,2026-04-24 20:00:00
3734,관람,광진구 시립극장,2026-04-24 20:00:00,2026-04-24 23:00:00
3735,실내활동,광진구 기타 장소,2026-04-24 23:00:00,2026-04-25 00:00:00
3736,공부,광진구 기타 장소,2026-04-24 22:00:00,2026-04-24 23:00:00
3737,식사,한강 뚝섬 피크닉존 카페,2026-04-25 08:00:00,2026-04-25 10:00:00
3738,실내활동,광진구 기타 장소,2026-04-25 10:00:00,2026-04-25 14:00:00
3739,실내활동,광진구 기타 장소,2026-04-25 14:00:00,2026-04-25 16:00:00
3740,실내활동,광진구 기타 장소,2026-04-25 16:00:00,2026-04-25 18:00:00
3741,식사,건대입구 전통시장,2026-04-25 18:00:00,2026-04-25 20:00:00
3742,공원,광진구 기타 장소,2026-04-25 20:00:00,2026-04-25 23:00:00
3743,공원,광진구 기타 장소,2026-04-25 23:00:00,2026-04-26 00:00:00
3744,운동,뚝섬 유원지 요가 센터,2026-04-25 22:00:00,2026-04-25 23:00:00
3745,식사,건대입구 전통시장,2026-04-26 08:00:00,2026-04-26 10:00:00
3746,운동,건대 헬스장,2026-04-26 10:00:00,2026-04-26 13:00:00
3747,운동,한강 자전거 대여소,2026-04-26 13:00:00,2026-04-26 16:00:00
3748,운동,서울숲 조깅 트랙,2026-04-26 16:00:00,2026-04-26 18:00:00
3749,식사,어린이대공원 근처 레스토랑,2026-04-26 18:00:00,2026-04-26 20:00:00
3750,관람,어린이대공원 공연장,2026-04-26 20:00:00,2026-04-26 21:00:00
3751,스포츠,한강공원 축구장,2026-04-26 21:00:00,2026-04-26 22:00:00
3752,스포츠,한강공원 축구장,2026-04-26 22:00:00,2026-04-27 00:00:00
3753,식사,광진구 한식당,2026-04-27 08:00:00,2026-04-27 10:00:00
3754,운동,건대 헬스장,2026-04-27 10:00:00,2026-04-27 11:00:00
3755,공부,광진구 기타 장소,2026-04-27 11:00:00,2026-04-27 15:00:00
3756,공부,광진구 기타 장소,2026-04-27 15:00:00,2026-04-27 16:00:00
3757,운동,뚝섬 유원지 요가 센터,2026-04-27 16:00:00,2026-04-27 17:00:00
3758,스포츠,어린이대공원 운동장,2026-04-27 17:00:00,2026-04-27 20:00:00
3759,운동,서울숲 조깅 트랙,2026-04-27 20:00:00,2026-04-27 23:00:00
3760,운동,광진구 공원 체력단련장,2026-04-27 23:00:00,2026-04-28 00:00:00
3761,식사,세종대 부근 맛집,2026-04-28 08:00:00,2026-04-28 10:00:00
3762,스포츠,뚝섬 런닝코스,2026-04-28 10:00:00,2026-04-28 11:00:00
3763,실내활동,광진구 기타 장소,2026-04-28 11:00:00,2026-04-28 15:00:00
3764,실내활동,광진구 기타 장소,2026-04-28 15:00:00,2026-04-28 17:00:00
3765,실내활동,광진구 기타 장소,2026-04-28 17:00:00,2026-04-28 21:00:00
3766,실내활동,광진구 기타 장소,2026-04-28 21:00:00,2026-04-29 00:00:00
3767,관람,광진구 시립극장,2026-04-28 22:00:00,2026-04-28 23:00:00
3768,식사,건대입구 전통시장,2026-04-29 08:00:00,2026-04-29 10:00:00
3769,실내활동,광진구 기타 장소,2026-04-29 10:00:00,2026-04-29 12:00:00
3770,식사,스타시티 푸드코트,2026-04-29 12:00:00,2026-04-29 14:00:00
3771,공원,광진구 기타 장소,2026-04-29 14:00:00,2026-04-29 16:00:00
3772,공부,광진구 기타 장소,2026-04-29 16:00:00,2026-04-29 18:00:00
3773,식사,세종대 부근 맛집,2026-04-29 18:00:00,2026-04-29 20:00:00
3774,공부,광진구 기타 장소,2026-04-29 20:00:00,2026-04-29 21:00:00
3775,공부,광진구 기타 장소,2026-04-29 21:00:00,2026-04-29 23:00:00
3776,실내활동,광진구 기타 장소,2026-04-29 23:00:00,2026-04-30 00:00:00
3777,식사,광장시장 맛집,2026-04-30 08:00:00,2026-04-30 10:00:00
3778,운동,한강 자전거 대여소,2026-04-30 10:00:00,2026-04-30 12:00:00
3779,식사,스타시티 푸드코트,2026-04-30 12:00:00,2026-04-30 14:00:00
3780,공원,광진구 기타 장소,2026-04-30 14:00:00,2026-04-30 15:00:00
3781,운동,뚝섬 한강 수영장,2026-04-30 15:00:00,2026-04-30 19:00:00
3782,공원,광진구 기타 장소,2026-04-30 19:00:00,2026-04-30 20:00:00
3783,운동,광진구 공원 체력단련장,2026-04-30 20:00:00,2026-04-30 23:00:00
3784,공원,광진구 기타 장소,2026-04-30 23:00:00,2026-05-01 00:00:00
3785,스포츠,어린이대공원 운동장,2026-04-30 22:00:00,2026-04-30 23:00:00
3786,식사,세종대 부근 맛집,2026-05-01 08:00:00,2026-05-01 10:00:00
3787,공부,광진구 기타 장소,2026-05-01 10:00:00,2026-05-01 13:00:00
3788,관람,건대 커뮤니티 아트센터,2026-05-01 13:00:00,2026-05-01 15:00:00
3789,실내활동,광진구 기타 장소,2026-05-01 15:00:00,2026-05-01 17:00:00
3790,공부,광진구 기타 장소,2026-05-01 17:00:00,2026-05-01 18:00:00
3791,식사,건대 버거 레스토랑,2026-05-01 18:00:00,2026-05-01 20:00:00
3792,공부,광진구 기타 장소,2026-05-01 20:00:00,2026-05-01 22:00:00
3793,관람,건국대학교 박물관,2026-05-01 22:00:00,2026-05-02 00:00:00
3794,식사,건대입구 음식점,2026-05-02 08:00:00,2026-05-02 10:00:00
3795,실내활동,광진구 기타 장소,2026-05-02 10:00:00,2026-05-02 12:00:00
3796,식사,세종대 부근 맛집,2026-05-02 12:00:00,2026-05-02 14:00:00
3797,공원,광진구 기타 장소,2026-05-02 14:00:00,2026-05-02 16:00:00
3798,공원,광진구 기타 장소,2026-05-02 16:00:00,2026-05-02 18:00:00
3799,식사,건대입구 음식점,2026-05-02 18:00:00,2026-05-02 20:00:00
3800,운동,광진구 등산 코스,2026-05-02 20:00:00,2026-05-02 21:00:00
3801,운동,광진구 공원 체력단련장,2026-05-02 21:00:00,2026-05-02 23:00:00
3802,공원,광진구 기타 장소,2026-05-02 23:00:00,2026-05-03 00:00:00
3803,식사,건대입구 전통시장,2026-05-03 08:00:00,2026-05-03 10:00:00
3804,스포츠,서울숲 테니스장,2026-05-03 10:00:00,2026-05-03 14:00:00
3805,관람,건대 메가박스,2026-05-03 14:00:00,2026-05-03 17:00:00
3806,운동,뚝섬 유원지 요가 센터,2026-05-03 17:00:00,2026-05-03 19:00:00
3807,운동,뚝섬 한강 수영장,2026-05-03 19:00:00,2026-05-03 23:00:00
3808,스포츠,건대 헬스장,2026-05-03 23:00:00,2026-05-04 00:00:00
3809,식사,세종대 부근 맛집,2026-05-04 08:00:00,2026-05-04 10:00:00
3810,공부,광진구 기타 장소,2026-05-04 10:00:00,2026-05-04 14:00:00
3811,공부,광진구 기타 장소,2026-05-04 14:00:00,2026-05-04 16:00:00
3812,공부,광진구 기타 장소,2026-05-04 16:00:00,2026-05-04 18:00:00
3813,식사,광진구 한식당,2026-05-04 18:00:00,2026-05-04 20:00:00
3814,운동,어린이대공원 실내 체육관,2026-05-04 20:00:00,2026-05-04 21:00:00
3815,운동,한강 자전거 대여소,2026-05-04 21:00:00,2026-05-05 00:00:00
3816,스포츠,한강공원 축구장,2026-05-04 22:00:00,2026-05-04 23:00:00
3817,식사,뚝섬 수변 카페,2026-05-05 08:00:00,2026-05-05 10:00:00
3818,실내활동,광진구 기타 장소,2026-05-05 10:00:00,2026-05-05 11:00:00
3819,실내활동,광진구 기타 장소,2026-05-05 11:00:00,2026-05-05 14:00:00
3820,스포츠,서울숲 테니스장,2026-05-05 14:00:00,2026-05-05 15:00:00
3821,실내활동,광진구 기타 장소,2026-05-05 15:00:00,2026-05-05 17:00:00
3822,관람,어린이대공원 공연장,2026-05-05 17:00:00,2026-05-05 19:00:00
3823,관람,롯데시네마 건대입구,2026-05-05 19:00:00,2026-05-05 20:00:00
3824,스포츠,광진구 체육관,2026-05-05 20:00:00,2026-05-06 00:00:00
3825,식사,스타시티 푸드코트,2026-05-06 08:00:00,2026-05-06 10:00:00
3826,실내활동,광진구 기타 장소,2026-05-06 10:00:00,2026-05-06 12:00:00
3827,식사,건대 버거 레스토랑,2026-05-06 12:00:00,2026-05-06 14:00:00
3828,공부,광진구 기타 장소,2026-05-06 14:00:00,2026-05-06 15:00:00
3829,공부,광진구 기타 장소,2026-05-06 15:00:00,2026-05-06 18:00:00
3830,식사,스타시티 푸드코트,2026-05-06 18:00:00,2026-05-06 20:00:00
3831,실내활동,광진구 기타 장소,2026-05-06 20:00:00,2026-05-06 22:00:00
3832,공부,광진구 기타 장소,2026-05-06 22:00:00,2026-05-06 23:00:00
3833,실내활동,광진구 기타 장소,2026-05-06 23:00:00,2026-05-07 00:00:00
3834,공원,광진구 기타 장소,2026-05-06 22:00:00,2026-05-06 23:00:00
3835,식사,뚝섬 수변 카페,2026-05-07 08:00:00,2026-05-07 10:00:00
3836,운동,한강 자전거 대여소,2026-05-07 10:00:00,2026-05-07 13:00:00
3837,공원,광진구 기타 장소,2026-05-07 13:00:00,2026-05-07 14:00:00
3838,공원,광진구 기타 장소,2026-05-07 14:00:00,2026-05-07 15:00:00
3839,운동,뚝섬 한강 수영장,2026-05-07 15:00:00,2026-05-07 17:00:00
3840,공원,광진구 기타 장소,2026-05-07 17:00:00,2026-05-07 19:00:00
3841,운동,서울숲 조깅 트랙,2026-05-07 19:00:00,2026-05-07 22:00:00
3842,스포츠,어린이대공원 운동장,2026-05-07 22:00:00,2026-05-07 23:00:00
3843,운동,서울숲 조깅 트랙,2026-05-07 23:00:00,2026-05-08 00:00:00
3844,식사,뚝섬 수변 카페,2026-05-08 08:00:00,2026-05-08 10:00:00
3845,실내활동,광진구 기타 장소,2026-05-08 10:00:00,2026-05-08 14:00:00
3846,실내활동,광진구 기타 장소,2026-05-08 14:00:00,2026-05-08 16:00:00
3847,실내활동,광진구 기타 장소,2026-05-08 16:00:00,2026-05-08 18:00:00
3848,식사,광진구 한식당,2026-05-08 18:00:00,2026-05-08 20:00:00
3849,실내활동,광진구 기타 장소,2026-05-08 20:00:00,2026-05-08 21:00:00
3850,관람,서울숲 갤러리,2026-05-08 21:00:00,2026-05-09 00:00:00
3851,공부,광진구 기타 장소,2026-05-08 22:00:00,2026-05-08 23:00:00
3852,식사,스타시티 푸드코트,2026-05-09 08:00:00,2026-05-09 10:00:00
3853,실내활동,광진구 기타 장소,2026-05-09 10:00:00,2026-05-09 14:00:00
3854,운동,서울숲 조깅 트랙,2026-05-09 14:00:00,2026-05-09 15:00:00
3855,공원,광진구 기타 장소,2026-05-09 15:00:00,2026-05-09 19:00:00
3856,공원,광진구 기타 장소,2026-05-09 19:00:00,2026-05-09 22:00:00
3857,공원,광진구 기타 장소,2026-05-09 22:00:00,2026-05-10 00:00:00
3858,식사,건대입구 음식점,2026-05-10 08:00:00,2026-05-10 10:00:00
3859,운동,어린이대공원 실내 체육관,2026-05-10 10:00:00,2026-05-10 12:00:00
3860,식사,광장시장 맛집,2026-05-10 12:00:00,2026-05-10 14:00:00
3861,운동,서울숲 조깅 트랙,2026-05-10 14:00:00,2026-05-10 18:00:00
3862,식사,어린이대공원 근처 레스토랑,2026-05-10 18:00:00,2026-05-10 20:00:00
3863,관람,뚝섬 전망대,2026-05-10 20:00:00,2026-05-11 00:00:00
3864,스포츠,뚝섬 런닝코스,2026-05-10 22:00:00,2026-05-10 23:00:00
3865,식사,건대입구 전통시장,2026-05-11 08:00:00,2026-05-11 10:00:00
3866,스포츠,서울숲 스케이트장,2026-05-11 10:00:00,2026-05-11 11:00:00
3867,공부,광진구 기타 장소,2026-05-11 11:00:00,2026-05-11 15:00:00
3868,공부,광진구 기타 장소,2026-05-11 15:00:00,2026-05-11 17:00:00
3869,운동,광진구 공원 체력단련장,2026-05-11 17:00:00,2026-05-11 20:00:00
3870,스포츠,서울숲 스케이트장,2026-05-11 20:00:00,2026-05-12 00:00:00
3871,식사,건대 버거 레스토랑,2026-05-12 08:00:00,2026-05-12 10:00:00
3872,실내활동,광진구 기타 장소,2026-05-12 10:00:00,2026-05-12 13:00:00
3873,스포츠,광진구 배드민턴장,2026-05-12 13:00:00,2026-05-12 16:00:00
3874,관람,광진문화예술회관,2026-05-12 16:00:00,2026-05-12 18:00:00
3875,식사,건대 버거 레스토랑,2026-05-12 18:00:00,2026-05-12 20:00:00
3876,관람,건대 메가박스,2026-05-12 20:00:00,2026-05-12 22:00:00
3877,실내활동,광진구 기타 장소,2026-05-12 22:00:00,2026-05-12 23:00:00
3878,스포츠,광진구 배드민턴장,2026-05-12 23:00:00,2026-05-13 00:00:00
3879,식사,한강 뚝섬 피크닉존 카페,2026-05-13 08:00:00,2026-05-13 10:00:00
3880,실내활동,광진구 기타 장소,2026-05-13 10:00:00,2026-05-13 11:00:00
3881,공부,광진구 기타 장소,2026-05-13 11:00:00,2026-05-13 12:00:00
3882,식사,세종대 부근 맛집,2026-05-13 12:00:00,2026-05-13 14:00:00
3883,공원,광진구 기타 장소,2026-05-13 14:00:00,2026-05-13 17:00:00
3884,실내활동,광진구 기타 장소,2026-05-13 17:00:00,2026-05-13 21:00:00
3885,공원,광진구 기타 장소,2026-05-13 21:00:00,2026-05-13 22:00:00
3886,공원,광진구 기타 장소,2026-05-13 22:00:00,2026-05-13 23:00:00
3887,공부,광진구 기타 장소,2026-05-13 23:00:00,2026-05-14 00:00:00
3888,식사,건대입구 전통시장,2026-05-14 08:00:00,2026-05-14 10:00:00
3889,운동,건대 스포츠 클럽,2026-05-14 10:00:00,2026-05-14 12:00:00
3890,식사,건대입구 전통시장,2026-05-14 12:00:00,2026-05-14 14:00:00
3891,운동,어린이대공원 실내 체육관,2026-05-14 14:00:00,2026-05-14 15:00:00
3892,스포츠,건대 헬스장,2026-05-14 15:00:00,2026-05-14 18:00:00
3893,식사,세종대 부근 맛집,2026-05-14 18:00:00,2026-05-14 20:00:00
3894,공원,광진구 기타 장소,2026-05-14 20:00:00,2026-05-14 21:00:00
3895,운동,한강 자전거 대여소,2026-05-14 21:00:00,2026-05-15 00:00:00
3896,식사,건대 버거 레스토랑,2026-05-15 08:00:00,2026-05-15 10:00:00
3897,공부,광진구 기타 장소,2026-05-15 10:00:00,2026-05-15 13:00:00
3898,공부,광진구 기타 장소,2026-05-15 13:00:00,2026-05-15 17:00:00
3899,실내활동,광진구 기타 장소,2026-05-15 17:00:00,2026-05-15 20:00:00
3900,관람,광진문화예술회관,2026-05-15 20:00:00,2026-05-15 23:00:00
3901,실내활동,광진구 기타 장소,2026-05-15 23:00:00,2026-05-16 00:00:00
3902,식사,한강 뚝섬 피크닉존 카페,2026-05-16 08:00:00,2026-05-16 10:00:00
3903,실내활동,광진구 기타 장소,2026-05-16 10:00:00,2026-05-16 14:00:00
3904,공원,광진구 기타 장소,2026-05-16 14:00:00,2026-05-16 18:00:00
3905,식사,건대입구 전통시장,2026-05-16 18:00:00,2026-05-16 20:00:00
3906,실내활동,광진구 기타 장소,2026-05-16 20:00:00,2026-05-17 00:00:00
3907,운동,한강 자전거 대여소,2026-05-16 22:00:00,2026-05-16 23:00:00
3908,식사,광장시장 맛집,2026-05-17 08:00:00,2026-05-17 10:00:00
3909,스포츠,어린이대공원 운동장,2026-05-17 10:00:00,2026-05-17 12:00:00
3910,식사,건대 버거 레스토랑,2026-05-17 12:00:00,2026-05-17 14:00:00
3911,스포츠,서울숲 스케이트장,2026-05-17 14:00:00,2026-05-17 18:00:00
3912,식사,건대입구 음식점,2026-05-17 18:00:00,2026-05-17 20:00:00
3913,스포츠,광진구 배드민턴장,2026-05-17 20:00:00,2026-05-17 23:00:00
3914,스포츠,세종대 실내 체육관,2026-05-17 23:00:00,2026-05-18 00:00:00
3915,운동,건대 헬스장,2026-05-17 22:00:00,2026-05-17 23:00:00
3916,관람,롯데시네마 건대입구,2026-05-17 22:00:00,2026-05-17 23:00:00
3917,식사,한강 뚝섬 피크닉존 카페,2026-05-18 08:00:00,2026-05-18 10:00:00
3918,스포츠,뚝섬 런닝코스,2026-05-18 10:00:00,2026-05-18 12:00:00
3919,식사,광진구 한식당,2026-05-18 12:00:00,2026-05-18 14:00:00
3920,운동,뚝섬 유원지 요가 센터,2026-05-18 14:00:00,2026-05-18 15:00:00
3921,공부,광진구 기타 장소,2026-05-18 15:00:00,2026-05-18 16:00:00
3922,스포츠,어린이대공원 운동장,2026-05-18 16:00:00,2026-05-18 18:00:00
3923,식사,건대입구 음식점,2026-05-18 18:00:00,2026-05-18 20:00:00
3924,공부,광진구 기타 장소,2026-05-18 20:00:00,2026-05-19 00:00:00
3925,식사,건대입구 음식점,2026-05-19 08:00:00,2026-05-19 10:00:00
3926,스포츠,서울숲 테니스장,2026-05-19 10:00:00,2026-05-19 11:00:00
3927,실내활동,광진구 기타 장소,2026-05-19 11:00:00,2026-05-19 15:00:00
3928,스포츠,광진구 배드민턴장,2026-05-19 15:00:00,2026-05-19 17:00:00
3929,실내활동,광진구 기타 장소,2026-05-19 17:00:00,2026-05-19 19:00:00
3930,실내활동,광진구 기타 장소,2026-05-19 19:00:00,2026-05-19 20:00:00
3931,관람,광진문화예술회관,2026-05-19 20:00:00,2026-05-19 22:00:00
3932,스포츠,광진구 요가 스튜디오,2026-05-19 22:00:00,2026-05-20 00:00:00
3933,식사,세종대 부근 맛집,2026-05-20 08:00:00,2026-05-20 10:00:00
3934,공부,광진구 기타 장소,2026-05-20 10:00:00,2026-05-20 13:00:00
3935,공원,광진구 기타 장소,2026-05-20 13:00:00,2026-05-20 16:00:00
3936,실내활동,광진구 기타 장소,2026-05-20 16:00:00,2026-05-20 17:00:00
3937,실내활동,광진구 기타 장소,2026-05-20 17:00:00,2026-05-20 19:00:00
3938,공원,광진구 기타 장소,2026-05-20 19:00:00,2026-05-20 22:00:00
3939,공원,광진구 기타 장소,2026-05-20 22:00:00,2026-05-20 23:00:00
3940,실내활동,광진구 기타 장소,2026-05-20 23:00:00,2026-05-21 00:00:00
3941,식사,어린이대공원 근처 레스토랑,2026-05-21 08:00:00,2026-05-21 10:00:00
3942,공원,광진구 기타 장소,2026-05-21 10:00:00,2026-05-21 11:00:00
3943,스포츠,서울숲 테니스장,2026-05-21 11:00:00,2026-05-21 12:00:00
3944,식사,건대입구 전통시장,2026-05-21 12:00:00,2026-05-21 14:00:00
3945,운동,어린이대공원 실내 체육관,2026-05-21 14:00:00,2026-05-21 16:00:00
3946,운동,건대 헬스장,2026-05-21 16:00:00,2026-05-21 18:00:00
3947,식사,광장시장 맛집,2026-05-21 18:00:00,2026-05-21 20:00:00
3948,운동,한강 자전거 대여소,2026-05-21 20:00:00,2026-05-21 22:00:00
3949,공원,광진구 기타 장소,2026-05-21 22:00:00,2026-05-22 00:00:00
3950,식사,건대입구 음식점,2026-05-22 08:00:00,2026-05-22 10:00:00
3951,관람,뚝섬 전망대,2026-05-22 10:00:00,2026-05-22 14:00:00
3952,실내활동,광진구 기타 장소,2026-05-22 14:00:00,2026-05-22 17:00:00
3953,관람,광진문화예술회관,2026-05-22 17:00:00,2026-05-22 18:00:00
3954,식사,어린이대공원 근처 레스토랑,2026-05-22 18:00:00,2026-05-22 20:00:00
3955,관람,서울숲 갤러리,2026-05-22 20:00:00,2026-05-23 00:00:00
3956,공부,광진구 기타 장소,2026-05-22 22:00:00,2026-05-22 23:00:00
3957,식사,광장시장 맛집,2026-05-23 08:00:00,2026-05-23 10:00:00
3958,공원,광진구 기타 장소,2026-05-23 10:00:00,2026-05-23 11:00:00
3959,공원,광진구 기타 장소,2026-05-23 11:00:00,2026-05-23 15:00:00
3960,공원,광진구 기타 장소,2026-05-23 15:00:00,2026-05-23 19:00:00
3961,실내활동,광진구 기타 장소,2026-05-23 19:00:00,2026-05-23 23:00:00
3962,운동,건대 헬스장,2026-05-23 23:00:00,2026-05-24 00:00:00
3963,식사,건대 버거 레스토랑,2026-05-24 08:00:00,2026-05-24 10:00:00
3964,스포츠,광진구 배드민턴장,2026-05-24 10:00:00,2026-05-24 14:00:00
3965,관람,롯데시네마 건대입구,2026-05-24 14:00:00,2026-05-24 15:00:00
3966,운동,건대 스포츠 클럽,2026-05-24 15:00:00,2026-05-24 19:00:00
3967,스포츠,광진구 배드민턴장,2026-05-24 19:00:00,2026-05-24 21:00:00
3968,관람,건대 커뮤니티 아트센터,2026-05-24 21:00:00,2026-05-25 00:00:00
3969,식사,건대 버거 레스토랑,2026-05-25 08:00:00,2026-05-25 10:00:00
3970,운동,뚝섬 유원지 요가 센터,2026-05-25 10:00:00,2026-05-25 13:00:00
3971,스포츠,광진구 요가 스튜디오,2026-05-25 13:00:00,2026-05-25 15:00:00
3972,공부,광진구 기타 장소,2026-05-25 15:00:00,2026-05-25 17:00:00
3973,운동,광진구 공원 체력단련장,2026-05-25 17:00:00,2026-05-25 18:00:00
3974,식사,한강 뚝섬 피크닉존 카페,2026-05-25 18:00:00,2026-05-25 20:00:00
3975,공부,광진구 기타 장소,2026-05-25 20:00:00,2026-05-25 23:00:00
3976,스포츠,세종대 실내 체육관,2026-05-25 23:00:00,2026-05-26 00:00:00
3977,식사,건대입구 음식점,2026-05-26 08:00:00,2026-05-26 10:00:00
3978,실내활동,광진구 기타 장소,2026-05-26 10:00:00,2026-05-26 14:00:00
3979,관람,롯데시네마 건대입구,2026-05-26 14:00:00,2026-05-26 18:00:00
3980,식사,광장시장 맛집,2026-05-26 18:00:00,2026-05-26 20:00:00
3981,관람,건대 커뮤니티 아트센터,2026-05-26 20:00:00,2026-05-26 21:00:00
3982,관람,건국대학교 박물관,2026-05-26 21:00:00,2026-05-26 23:00:00
3983,스포츠,광진구 배드민턴장,2026-05-26 23:00:00,2026-05-27 00:00:00
3984,식사,건대입구 전통시장,2026-05-27 08:00:00,2026-05-27 10:00:00
3985,공원,광진구 기타 장소,2026-05-27 10:00:00,2026-05-27 14:00:00
3986,공원,광진구 기타 장소,2026-05-27 14:00:00,2026-05-27 17:00:00
3987,공원,광진구 기타 장소,2026-05-27 17:00:00,2026-05-27 21:00:00
3988,공원,광진구 기타 장소,2026-05-27 21:00:00,2026-05-28 00:00:00
3989,실내활동,광진구 기타 장소,2026-05-27 22:00:00,2026-05-27 23:00:00
3990,공부,광진구 기타 장소,2026-05-27 22:00:00,2026-05-27 23:00:00
3991,식사,어린이대공원 근처 레스토랑,2026-05-28 08:00:00,2026-05-28 10:00:00
3992,운동,광진구 등산 코스,2026-05-28 10:00:00,2026-05-28 12:00:00
3993,식사,건대입구 음식점,2026-05-28 12:00:00,2026-05-28 14:00:00
3994,스포츠,광진구 요가 스튜디오,2026-05-28 14:00:00,2026-05-28 16:00:00
3995,운동,한강 공원,2026-05-28 16:00:00,2026-05-28 17:00:00
3996,공원,광진구 기타 장소,2026-05-28 17:00:00,2026-05-28 18:00:00
3997,식사,어린이대공원 근처 레스토랑,2026-05-28 18:00:00,2026-05-28 20:00:00
3998,공원,광진구 기타 장소,2026-05-28 20:00:00,2026-05-28 22:00:00
3999,운동,건대 헬스장,2026-05-28 22:00:00,2026-05-29 00:00:00
4000,식사,건대입구 전통시장,2026-05-29 08:00:00,2026-05-29 10:00:00
4001,실내활동,광진구 기타 장소,2026-05-29 10:00:00,2026-05-29 11:00:00
4002,관람,어린이대공원 공연장,2026-05-29 11:00:00,2026-05-29 14:00:00
4003,공부,광진구 기타 장소,2026-05-29 14:00:00,2026-05-29 17:00:00
4004,실내활동,광진구 기타 장소,2026-05-29 17:00:00,2026-05-29 18:00:00
4005,식사,건대입구 음식점,2026-05-29 18:00:00,2026-05-29 20:00:00
4006,관람,건국대학교 박물관,2026-05-29 20:00:00,2026-05-29 23:00:00
4007,실내활동,광진구 기타 장소,2026-05-29 23:00:00,2026-05-30 00:00:00
4008,식사,어린이대공원 근처 레스토랑,2026-05-30 08:00:00,2026-05-30 10:00:00
4009,공원,광진구 기타 장소,2026-05-30 10:00:00,2026-05-30 14:00:00
4010,운동,한강 자전거 대여소,2026-05-30 14:00:00,2026-05-30 17:00:00
4011,운동,건대 스포츠 클럽,2026-05-30 17:00:00,2026-05-30 21:00:00
4012,공원,광진구 기타 장소,2026-05-30 21:00:00,2026-05-31 00:00:00
4013,실내활동,광진구 기타 장소,2026-05-30 22:00:00,2026-05-30 23:00:00
4014,식사,광장시장 맛집,2026-05-31 08:00:00,2026-05-31 10:00:00
4015,관람,뚝섬 전망대,2026-05-31 10:00:00,2026-05-31 12:00:00
4016,식사,스타시티 푸드코트,2026-05-31 12:00:00,2026-05-31 14:00:00
4017,운동,뚝섬 한강 수영장,2026-05-31 14:00:00,2026-05-31 16:00:00
4018,스포츠,서울숲 스케이트장,2026-05-31 16:00:00,2026-05-31 18:00:00
4019,식사,건대입구 전통시장,2026-05-31 18:00:00,2026-05-31 20:00:00
4020,운동,어린이대공원 실내 체육관,2026-05-31 20:00:00,2026-06-01 00:00:00
4021,식사,세종대 부근 맛집,2026-06-01 08:00:00,2026-06-01 10:00:00
4022,스포츠,광진구 요가 스튜디오,2026-06-01 10:00:00,2026-06-01 14:00:00
4023,스포츠,광진구 체육관,2026-06-01 14:00:00,2026-06-01 18:00:00
4024,식사,스타시티 푸드코트,2026-06-01 18:00:00,2026-06-01 20:00:00
4025,스포츠,광진구 요가 스튜디오,2026-06-01 20:00:00,2026-06-02 00:00:00
4026,운동,한강 공원,2026-06-01 22:00:00,2026-06-01 23:00:00
4027,공부,광진구 기타 장소,2026-06-01 22:00:00,2026-06-01 23:00:00
4028,식사,건대입구 음식점,2026-06-02 08:00:00,2026-06-02 10:00:00
4029,관람,광진구 시립극장,2026-06-02 10:00:00,2026-06-02 13:00:00
4030,관람,건대 커뮤니티 아트센터,2026-06-02 13:00:00,2026-06-02 15:00:00
4031,스포츠,어린이대공원 운동장,2026-06-02 15:00:00,2026-06-02 19:00:00
4032,스포츠,뚝섬 런닝코스,2026-06-02 19:00:00,2026-06-02 21:00:00
4033,스포츠,어린이대공원 운동장,2026-06-02 21:00:00,2026-06-03 00:00:00
4034,실내활동,광진구 기타 장소,2026-06-02 22:00:00,2026-06-02 23:00:00
4035,식사,건대입구 음식점,2026-06-03 08:00:00,2026-06-03 10:00:00
4036,공부,광진구 기타 장소,2026-06-03 10:00:00,2026-06-03 12:00:00
4037,식사,광장시장 맛집,2026-06-03 12:00:00,2026-06-03 14:00:00
4038,공부,광진구 기타 장소,2026-06-03 14:00:00,2026-06-03 18:00:00
4039,식사,스타시티 푸드코트,2026-06-03 18:00:00,2026-06-03 20:00:00
4040,공원,광진구 기타 장소,2026-06-03 20:00:00,2026-06-03 22:00:00
4041,공부,광진구 기타 장소,2026-06-03 22:00:00,2026-06-04 00:00:00
4042,실내활동,광진구 기타 장소,2026-06-03 22:00:00,2026-06-03 23:00:00
4043,식사,뚝섬 수변 카페,2026-06-04 08:00:00,2026-06-04 10:00:00
4044,운동,한강 자전거 대여소,2026-06-04 10:00:00,2026-06-04 14:00:00
4045,운동,광진구 공원 체력단련장,2026-06-04 14:00:00,2026-06-04 15:00:00
4046,공원,광진구 기타 장소,2026-06-04 15:00:00,2026-06-04 19:00:00
4047,스포츠,뚝섬 런닝코스,2026-06-04 19:00:00,2026-06-04 23:00:00
4048,운동,한강 공원,2026-06-04 23:00:00,2026-06-05 00:00:00
4049,식사,세종대 부근 맛집,2026-06-05 08:00:00,2026-06-05 10:00:00
4050,실내활동,광진구 기타 장소,2026-06-05 10:00:00,2026-06-05 12:00:00
4051,식사,건대입구 음식점,2026-06-05 12:00:00,2026-06-05 14:00:00
4052,관람,건대 커뮤니티 아트센터,2026-06-05 14:00:00,2026-06-05 15:00:00
4053,실내활동,광진구 기타 장소,2026-06-05 15:00:00,2026-06-05 19:00:00
4054,실내활동,광진구 기타 장소,2026-06-05 19:00:00,2026-06-05 20:00:00
4055,관람,건대 메가박스,2026-06-05 20:00:00,2026-06-05 22:00:00
4056,실내활동,광진구 기타 장소,2026-06-05 22:00:00,2026-06-06 00:00:00
4057,공부,광진구 기타 장소,2026-06-05 22:00:00,2026-06-05 23:00:00
4058,식사,세종대 부근 맛집,2026-06-06 08:00:00,2026-06-06 10:00:00
4059,운동,한강 공원,2026-06-06 10:00:00,2026-06-06 12:00:00
4060,식사,건대 버거 레스토랑,2026-06-06 12:00:00,2026-06-06 14:00:00
4061,운동,건대 스포츠 클럽,2026-06-06 14:00:00,2026-06-06 15:00:00
4062,실내활동,광진구 기타 장소,2026-06-06 15:00:00,2026-06-06 18:00:00
4063,식사,스타시티 푸드코트,2026-06-06 18:00:00,2026-06-06 20:00:00
4064,운동,뚝섬 한강 수영장,2026-06-06 20:00:00,2026-06-06 21:00:00
4065,운동,광진구 공원 체력단련장,2026-06-06 21:00:00,2026-06-06 22:00:00
4066,실내활동,광진구 기타 장소,2026-06-06 22:00:00,2026-06-06 23:00:00
4067,공원,광진구 기타 장소,2026-06-06 23:00:00,2026-06-07 00:00:00
4068,식사,건대 버거 레스토랑,2026-06-07 08:00:00,2026-06-07 10:00:00
4069,스포츠,뚝섬 런닝코스,2026-06-07 10:00:00,2026-06-07 12:00:00
4070,식사,어린이대공원 근처 레스토랑,2026-06-07 12:00:00,2026-06-07 14:00:00
4071,관람,롯데시네마 건대입구,2026-06-07 14:00:00,2026-06-07 18:00:00
4072,식사,어린이대공원 근처 레스토랑,2026-06-07 18:00:00,2026-06-07 20:00:00
4073,운동,건대 스포츠 클럽,2026-06-07 20:00:00,2026-06-08 00:00:00
4074,식사,스타시티 푸드코트,2026-06-08 08:00:00,2026-06-08 10:00:00
4075,운동,한강 공원,2026-06-08 10:00:00,2026-06-08 13:00:00
4076,운동,어린이대공원 실내 체육관,2026-06-08 13:00:00,2026-06-08 17:00:00
4077,스포츠,뚝섬 런닝코스,2026-06-08 17:00:00,2026-06-08 20:00:00
4078,운동,어린이대공원 실내 체육관,2026-06-08 20:00:00,2026-06-08 21:00:00
4079,운동,광진구 등산 코스,2026-06-08 21:00:00,2026-06-09 00:00:00
4080,공부,광진구 기타 장소,2026-06-08 22:00:00,2026-06-08 23:00:00
4081,식사,건대입구 전통시장,2026-06-09 08:00:00,2026-06-09 10:00:00
4082,실내활동,광진구 기타 장소,2026-06-09 10:00:00,2026-06-09 12:00:00
4083,식사,건대 버거 레스토랑,2026-06-09 12:00:00,2026-06-09 14:00:00
4084,스포츠,세종대 실내 체육관,2026-06-09 14:00:00,2026-06-09 18:00:00
4085,식사,건대입구 음식점,2026-06-09 18:00:00,2026-06-09 20:00:00
4086,실내활동,광진구 기타 장소,2026-06-09 20:00:00,2026-06-09 23:00:00
4087,실내활동,광진구 기타 장소,2026-06-09 23:00:00,2026-06-10 00:00:00
4088,관람,어린이대공원 공연장,2026-06-09 22:00:00,2026-06-09 23:00:00
4089,식사,스타시티 푸드코트,2026-06-10 08:00:00,2026-06-10 10:00:00
4090,공부,광진구 기타 장소,2026-06-10 10:00:00,2026-06-10 11:00:00
4091,실내활동,광진구 기타 장소,2026-06-10 11:00:00,2026-06-10 13:00:00
4092,실내활동,광진구 기타 장소,2026-06-10 13:00:00,2026-06-10 17:00:00
4093,실내활동,광진구 기타 장소,2026-06-10 17:00:00,2026-06-10 19:00:00
4094,공부,광진구 기타 장소,2026-06-10 19:00:00,2026-06-10 23:00:00
4095,공원,광진구 기타 장소,2026-06-10 23:00:00,2026-06-11 00:00:00
4096,식사,건대입구 음식점,2026-06-11 08:00:00,2026-06-11 10:00:00
4097,운동,뚝섬 유원지 요가 센터,2026-06-11 10:00:00,2026-06-11 13:00:00
4098,운동,광진구 공원 체력단련장,2026-06-11 13:00:00,2026-06-11 15:00:00
4099,운동,건대 헬스장,2026-06-11 15:00:00,2026-06-11 18:00:00
4100,식사,건대 버거 레스토랑,2026-06-11 18:00:00,2026-06-11 20:00:00
4101,스포츠,서울숲 테니스장,2026-06-11 20:00:00,2026-06-11 22:00:00
4102,공원,광진구 기타 장소,2026-06-11 22:00:00,2026-06-12 00:00:00
4103,식사,광장시장 맛집,2026-06-12 08:00:00,2026-06-12 10:00:00
4104,실내활동,광진구 기타 장소,2026-06-12 10:00:00,2026-06-12 11:00:00
4105,관람,건대 메가박스,2026-06-12 11:00:00,2026-06-12 15:00:00
4106,실내활동,광진구 기타 장소,2026-06-12 15:00:00,2026-06-12 17:00:00
4107,관람,한강 뚝섬 예술극장,2026-06-12 17:00:00,2026-06-12 18:00:00
4108,식사,건대 버거 레스토랑,2026-06-12 18:00:00,2026-06-12 20:00:00
4109,실내활동,광진구 기타 장소,2026-06-12 20:00:00,2026-06-12 21:00:00
4110,관람,어린이대공원 공연장,2026-06-12 21:00:00,2026-06-13 00:00:00
4111,공부,광진구 기타 장소,2026-06-12 22:00:00,2026-06-12 23:00:00
4112,식사,스타시티 푸드코트,2026-06-13 08:00:00,2026-06-13 10:00:00
4113,실내활동,광진구 기타 장소,2026-06-13 10:00:00,2026-06-13 14:00:00
4114,실내활동,광진구 기타 장소,2026-06-13 14:00:00,2026-06-13 15:00:00
4115,실내활동,광진구 기타 장소,2026-06-13 15:00:00,2026-06-13 16:00:00
4116,실내활동,광진구 기타 장소,2026-06-13 16:00:00,2026-06-13 18:00:00
4117,식사,건대입구 음식점,2026-06-13 18:00:00,2026-06-13 20:00:00
4118,운동,한강 공원,2026-06-13 20:00:00,2026-06-13 23:00:00
4119,실내활동,광진구 기타 장소,2026-06-13 23:00:00,2026-06-14 00:00:00
4120,공원,광진구 기타 장소,2026-06-13 22:00:00,2026-06-13 23:00:00
4121,식사,건대입구 음식점,2026-06-14 08:00:00,2026-06-14 10:00:00
4122,관람,건국대학교 박물관,2026-06-14 10:00:00,2026-06-14 14:00:00
4123,관람,광진문화예술회관,2026-06-14 14:00:00,2026-06-14 17:00:00
4124,관람,광진구 시립극장,2026-06-14 17:00:00,2026-06-14 18:00:00
4125,식사,스타시티 푸드코트,2026-06-14 18:00:00,2026-06-14 20:00:00
4126,스포츠,서울숲 스케이트장,2026-06-14 20:00:00,2026-06-15 00:00:00
4127,운동,한강 공원,2026-06-14 22:00:00,2026-06-14 23:00:00
4128,식사,건대 버거 레스토랑,2026-06-15 08:00:00,2026-06-15 10:00:00
4129,공부,광진구 기타 장소,2026-06-15 10:00:00,2026-06-15 14:00:00
4130,스포츠,한강공원 축구장,2026-06-15 14:00:00,2026-06-15 15:00:00
4131,공부,광진구 기타 장소,2026-06-15 15:00:00,2026-06-15 16:00:00
4132,스포츠,광진구 요가 스튜디오,2026-06-15 16:00:00,2026-06-15 18:00:00
4133,식사,한강 뚝섬 피크닉존 카페,2026-06-15 18:00:00,2026-06-15 20:00:00
4134,운동,광진구 등산 코스,2026-06-15 20:00:00,2026-06-15 21:00:00
4135,운동,광진구 공원 체력단련장,2026-06-15 21:00:00,2026-06-15 23:00:00
4136,운동,건대 헬스장,2026-06-15 23:00:00,2026-06-16 00:00:00
4137,식사,스타시티 푸드코트,2026-06-16 08:00:00,2026-06-16 10:00:00
4138,실내활동,광진구 기타 장소,2026-06-16 10:00:00,2026-06-16 11:00:00
4139,관람,롯데시네마 건대입구,2026-06-16 11:00:00,2026-06-16 14:00:00
4140,실내활동,광진구 기타 장소,2026-06-16 14:00:00,2026-06-16 16:00:00
4141,실내활동,광진구 기타 장소,2026-06-16 16:00:00,2026-06-16 19:00:00
4142,스포츠,뚝섬 런닝코스,2026-06-16 19:00:00,2026-06-16 22:00:00
4143,실내활동,광진구 기타 장소,2026-06-16 22:00:00,2026-06-16 23:00:00
4144,관람,한강 뚝섬 예술극장,2026-06-16 23:00:00,2026-06-17 00:00:00
4145,식사,건대입구 음식점,2026-06-17 08:00:00,2026-06-17 10:00:00
4146,공부,광진구 기타 장소,2026-06-17 10:00:00,2026-06-17 14:00:00
4147,실내활동,광진구 기타 장소,2026-06-17 14:00:00,2026-06-17 15:00:00
4148,공부,광진구 기타 장소,2026-06-17 15:00:00,2026-06-17 16:00:00
4149,공원,광진구 기타 장소,2026-06-17 16:00:00,2026-06-17 20:00:00
4150,공부,광진구 기타 장소,2026-06-17 20:00:00,2026-06-17 21:00:00
4151,공원,광진구 기타 장소,2026-06-17 21:00:00,2026-06-17 22:00:00
4152,실내활동,광진구 기타 장소,2026-06-17 22:00:00,2026-06-17 23:00:00
4153,실내활동,광진구 기타 장소,2026-06-17 23:00:00,2026-06-18 00:00:00
4154,식사,세종대 부근 맛집,2026-06-18 08:00:00,2026-06-18 10:00:00
4155,스포츠,광진구 배드민턴장,2026-06-18 10:00:00,2026-06-18 14:00:00
4156,스포츠,광진구 배드민턴장,2026-06-18 14:00:00,2026-06-18 16:00:00
4157,스포츠,광진구 체육관,2026-06-18 16:00:00,2026-06-18 19:00:00
4158,운동,광진구 등산 코스,2026-06-18 19:00:00,2026-06-18 21:00:00
4159,스포츠,한강공원 축구장,2026-06-18 21:00:00,2026-06-18 22:00:00
4160,스포츠,어린이대공원 운동장,2026-06-18 22:00:00,2026-06-19 00:00:00
4161,공원,광진구 기타 장소,2026-06-18 22:00:00,2026-06-18 23:00:00
4162,식사,건대입구 음식점,2026-06-19 08:00:00,2026-06-19 10:00:00
4163,관람,광진문화예술회관,2026-06-19 10:00:00,2026-06-19 13:00:00
4164,관람,광진구 시립극장,2026-06-19 13:00:00,2026-06-19 16:00:00
4165,관람,한강 뚝섬 예술극장,2026-06-19 16:00:00,2026-06-19 17:00:00
4166,관람,뚝섬 전망대,2026-06-19 17:00:00,2026-06-19 20:00:00
4167,공부,광진구 기타 장소,2026-06-19 20:00:00,2026-06-19 22:00:00
4168,실내활동,광진구 기타 장소,2026-06-19 22:00:00,2026-06-20 00:00:00
4169,식사,광진구 한식당,2026-06-20 08:00:00,2026-06-20 10:00:00
4170,실내활동,광진구 기타 장소,2026-06-20 10:00:00,2026-06-20 12:00:00
4171,식사,건대 버거 레스토랑,2026-06-20 12:00:00,2026-06-20 14:00:00
4172,실내활동,광진구 기타 장소,2026-06-20 14:00:00,2026-06-20 18:00:00
4173,식사,뚝섬 수변 카페,2026-06-20 18:00:00,2026-06-20 20:00:00
4174,공원,광진구 기타 장소,2026-06-20 20:00:00,2026-06-21 00:00:00
4175,운동,건대 헬스장,2026-06-20 22:00:00,2026-06-20 23:00:00
4176,식사,건대입구 전통시장,2026-06-21 08:00:00,2026-06-21 10:00:00
4177,운동,건대 스포츠 클럽,2026-06-21 10:00:00,2026-06-21 14:00:00
4178,스포츠,광진구 체육관,2026-06-21 14:00:00,2026-06-21 17:00:00
4179,운동,건대 스포츠 클럽,2026-06-21 17:00:00,2026-06-21 21:00:00
4180,관람,건대 메가박스,2026-06-21 21:00:00,2026-06-21 22:00:00
4181,관람,어린이대공원 공연장,2026-06-21 22:00:00,2026-06-22 00:00:00
4182,식사,건대입구 음식점,2026-06-22 08:00:00,2026-06-22 10:00:00
4183,공부,광진구 기타 장소,2026-06-22 10:00:00,2026-06-22 11:00:00
4184,운동,건대 스포츠 클럽,2026-06-22 11:00:00,2026-06-22 14:00:00
4185,공부,광진구 기타 장소,2026-06-22 14:00:00,2026-06-22 15:00:00
4186,스포츠,한강공원 축구장,2026-06-22 15:00:00,2026-06-22 19:00:00
4187,스포츠,광진구 배드민턴장,2026-06-22 19:00:00,2026-06-22 20:00:00
4188,운동,건대 스포츠 클럽,2026-06-22 20:00:00,2026-06-22 22:00:00
4189,공부,광진구 기타 장소,2026-06-22 22:00:00,2026-06-23 00:00:00
4190,식사,건대입구 음식점,2026-06-23 08:00:00,2026-06-23 10:00:00
4191,스포츠,서울숲 테니스장,2026-06-23 10:00:00,2026-06-23 11:00:00
4192,스포츠,서울숲 스케이트장,2026-06-23 11:00:00,2026-06-23 12:00:00
4193,식사,광장시장 맛집,2026-06-23 12:00:00,2026-06-23 14:00:00
4194,실내활동,광진구 기타 장소,2026-06-23 14:00:00,2026-06-23 16:00:00
4195,스포츠,서울숲 테니스장,2026-06-23 16:00:00,2026-06-23 17:00:00
4196,관람,뚝섬 전망대,2026-06-23 17:00:00,2026-06-23 18:00:00
4197,식사,건대 버거 레스토랑,2026-06-23 18:00:00,2026-06-23 20:00:00
4198,관람,뚝섬 전망대,2026-06-23 20:00:00,2026-06-24 00:00:00
4199,식사,세종대 부근 맛집,2026-06-24 08:00:00,2026-06-24 10:00:00
4200,공부,광진구 기타 장소,2026-06-24 10:00:00,2026-06-24 12:00:00
4201,식사,스타시티 푸드코트,2026-06-24 12:00:00,2026-06-24 14:00:00
4202,공부,광진구 기타 장소,2026-06-24 14:00:00,2026-06-24 16:00:00
4203,공원,광진구 기타 장소,2026-06-24 16:00:00,2026-06-24 19:00:00
4204,공부,광진구 기타 장소,2026-06-24 19:00:00,2026-06-24 21:00:00
4205,실내활동,광진구 기타 장소,2026-06-24 21:00:00,2026-06-25 00:00:00
4206,식사,스타시티 푸드코트,2026-06-25 08:00:00,2026-06-25 10:00:00
4207,운동,뚝섬 한강 수영장,2026-06-25 10:00:00,2026-06-25 13:00:00
4208,공원,광진구 기타 장소,2026-06-25 13:00:00,2026-06-25 15:00:00
4209,운동,한강 공원,2026-06-25 15:00:00,2026-06-25 18:00:00
4210,식사,스타시티 푸드코트,2026-06-25 18:00:00,2026-06-25 20:00:00
4211,스포츠,서울숲 테니스장,2026-06-25 20:00:00,2026-06-26 00:00:00
4212,식사,뚝섬 수변 카페,2026-06-26 08:00:00,2026-06-26 10:00:00
4213,공부,광진구 기타 장소,2026-06-26 10:00:00,2026-06-26 12:00:00
4214,식사,건대입구 전통시장,2026-06-26 12:00:00,2026-06-26 14:00:00
4215,공부,광진구 기타 장소,2026-06-26 14:00:00,2026-06-26 16:00:00
4216,실내활동,광진구 기타 장소,2026-06-26 16:00:00,2026-06-26 17:00:00
4217,실내활동,광진구 기타 장소,2026-06-26 17:00:00,2026-06-26 18:00:00
4218,식사,뚝섬 수변 카페,2026-06-26 18:00:00,2026-06-26 20:00:00
4219,관람,뚝섬 전망대,2026-06-26 20:00:00,2026-06-26 21:00:00
4220,공부,광진구 기타 장소,2026-06-26 21:00:00,2026-06-27 00:00:00
4221,식사,건대입구 전통시장,2026-06-27 08:00:00,2026-06-27 10:00:00
4222,운동,서울숲 조깅 트랙,2026-06-27 10:00:00,2026-06-27 14:00:00
4223,공원,광진구 기타 장소,2026-06-27 14:00:00,2026-06-27 15:00:00
4224,실내활동,광진구 기타 장소,2026-06-27 15:00:00,2026-06-27 16:00:00
4225,운동,한강 자전거 대여소,2026-06-27 16:00:00,2026-06-27 18:00:00
4226,식사,광장시장 맛집,2026-06-27 18:00:00,2026-06-27 20:00:00
4227,공원,광진구 기타 장소,2026-06-27 20:00:00,2026-06-27 22:00:00
4228,공원,광진구 기타 장소,2026-06-27 22:00:00,2026-06-28 00:00:00
4229,식사,광진구 한식당,2026-06-28 08:00:00,2026-06-28 10:00:00
4230,운동,어린이대공원 실내 체육관,2026-06-28 10:00:00,2026-06-28 13:00:00
4231,운동,광진구 공원 체력단련장,2026-06-28 13:00:00,2026-06-28 15:00:00
4232,스포츠,서울숲 테니스장,2026-06-28 15:00:00,2026-06-28 18:00:00
4233,식사,어린이대공원 근처 레스토랑,2026-06-28 18:00:00,2026-06-28 20:00:00
4234,운동,한강 공원,2026-06-28 20:00:00,2026-06-28 21:00:00
4235,관람,서울숲 갤러리,2026-06-28 21:00:00,2026-06-29 00:00:00
4236,식사,스타시티 푸드코트,2026-06-29 08:00:00,2026-06-29 10:00:00
4237,운동,한강 공원,2026-06-29 10:00:00,2026-06-29 13:00:00
4238,스포츠,건대 헬스장,2026-06-29 13:00:00,2026-06-29 17:00:00
4239,스포츠,광진구 요가 스튜디오,2026-06-29 17:00:00,2026-06-29 20:00:00
4240,운동,뚝섬 한강 수영장,2026-06-29 20:00:00,2026-06-30 00:00:00
4241,공부,광진구 기타 장소,2026-06-29 22:00:00,2026-06-29 23:00:00
4242,식사,광장시장 맛집,2026-06-30 08:00:00,2026-06-30 10:00:00
4243,스포츠,광진구 요가 스튜디오,2026-06-30 10:00:00,2026-06-30 11:00:00
4244,관람,건대 커뮤니티 아트센터,2026-06-30 11:00:00,2026-06-30 12:00:00
4245,식사,스타시티 푸드코트,2026-06-30 12:00:00,2026-06-30 14:00:00
4246,스포츠,세종대 실내 체육관,2026-06-30 14:00:00,2026-06-30 16:00:00
4247,실내활동,광진구 기타 장소,2026-06-30 16:00:00,2026-06-30 20:00:00
4248,실내활동,광진구 기타 장소,2026-06-30 20:00:00,2026-06-30 21:00:00
4249,스포츠,세종대 실내 체육관,2026-06-30 21:00:00,2026-06-30 23:00:00
4250,관람,건국대학교 박물관,2026-06-30 23:00:00,2026-07-01 00:00:00
4251,식사,어린이대공원 근처 레스토랑,2026-07-01 08:00:00,2026-07-01 10:00:00
4252,공원,광진구 기타 장소,2026-07-01 10:00:00,2026-07-01 13:00:00
4253,실내활동,광진구 기타 장소,2026-07-01 13:00:00,2026-07-01 15:00:00
4254,공원,광진구 기타 장소,2026-07-01 15:00:00,2026-07-01 19:00:00
4255,실내활동,광진구 기타 장소,2026-07-01 19:00:00,2026-07-01 22:00:00
4256,공부,광진구 기타 장소,2026-07-01 22:00:00,2026-07-01 23:00:00
4257,실내활동,광진구 기타 장소,2026-07-01 23:00:00,2026-07-02 00:00:00
4258,식사,건대 버거 레스토랑,2026-07-02 08:00:00,2026-07-02 10:00:00
4259,공원,광진구 기타 장소,2026-07-02 10:00:00,2026-07-02 11:00:00
4260,공원,광진구 기타 장소,2026-07-02 11:00:00,2026-07-02 13:00:00
4261,운동,뚝섬 유원지 요가 센터,2026-07-02 13:00:00,2026-07-02 14:00:00
4262,공원,광진구 기타 장소,2026-07-02 14:00:00,2026-07-02 15:00:00
4263,공원,광진구 기타 장소,2026-07-02 15:00:00,2026-07-02 18:00:00
4264,식사,스타시티 푸드코트,2026-07-02 18:00:00,2026-07-02 20:00:00
4265,운동,뚝섬 한강 수영장,2026-07-02 20:00:00,2026-07-03 00:00:00
4266,스포츠,세종대 실내 체육관,2026-07-02 22:00:00,2026-07-02 23:00:00
4267,식사,광장시장 맛집,2026-07-03 08:00:00,2026-07-03 10:00:00
4268,공부,광진구 기타 장소,2026-07-03 10:00:00,2026-07-03 14:00:00
4269,공부,광진구 기타 장소,2026-07-03 14:00:00,2026-07-03 15:00:00
4270,실내활동,광진구 기타 장소,2026-07-03 15:00:00,2026-07-03 19:00:00
4271,실내활동,광진구 기타 장소,2026-07-03 19:00:00,2026-07-03 22:00:00
4272,관람,건대 커뮤니티 아트센터,2026-07-03 22:00:00,2026-07-04 00:00:00
4273,식사,광장시장 맛집,2026-07-04 08:00:00,2026-07-04 10:00:00
4274,실내활동,광진구 기타 장소,2026-07-04 10:00:00,2026-07-04 12:00:00
4275,식사,한강 뚝섬 피크닉존 카페,2026-07-04 12:00:00,2026-07-04 14:00:00
4276,운동,한강 공원,2026-07-04 14:00:00,2026-07-04 18:00:00
4277,식사,어린이대공원 근처 레스토랑,2026-07-04 18:00:00,2026-07-04 20:00:00
4278,운동,광진구 등산 코스,2026-07-04 20:00:00,2026-07-04 23:00:00
4279,공원,광진구 기타 장소,2026-07-04 23:00:00,2026-07-05 00:00:00
4280,식사,세종대 부근 맛집,2026-07-05 08:00:00,2026-07-05 10:00:00
4281,스포츠,건대 헬스장,2026-07-05 10:00:00,2026-07-05 11:00:00
4282,관람,서울숲 갤러리,2026-07-05 11:00:00,2026-07-05 15:00:00
4283,운동,건대 헬스장,2026-07-05 15:00:00,2026-07-05 19:00:00
4284,스포츠,건대 헬스장,2026-07-05 19:00:00,2026-07-05 20:00:00
4285,스포츠,광진구 배드민턴장,2026-07-05 20:00:00,2026-07-05 21:00:00
4286,관람,뚝섬 전망대,2026-07-05 21:00:00,2026-07-06 00:00:00
4287,식사,스타시티 푸드코트,2026-07-06 08:00:00,2026-07-06 10:00:00
4288,운동,광진구 공원 체력단련장,2026-07-06 10:00:00,2026-07-06 12:00:00
4289,식사,건대입구 음식점,2026-07-06 12:00:00,2026-07-06 14:00:00
4290,공부,광진구 기타 장소,2026-07-06 14:00:00,2026-07-06 16:00:00
4291,공부,광진구 기타 장소,2026-07-06 16:00:00,2026-07-06 17:00:00
4292,운동,서울숲 조깅 트랙,2026-07-06 17:00:00,2026-07-06 21:00:00
4293,스포츠,광진구 체육관,2026-07-06 21:00:00,2026-07-07 00:00:00
4294,식사,스타시티 푸드코트,2026-07-07 08:00:00,2026-07-07 10:00:00
4295,관람,건대 메가박스,2026-07-07 10:00:00,2026-07-07 13:00:00
4296,스포츠,한강공원 축구장,2026-07-07 13:00:00,2026-07-07 14:00:00
4297,관람,건대 커뮤니티 아트센터,2026-07-07 14:00:00,2026-07-07 16:00:00
4298,실내활동,광진구 기타 장소,2026-07-07 16:00:00,2026-07-07 20:00:00
4299,관람,한강 뚝섬 예술극장,2026-07-07 20:00:00,2026-07-08 00:00:00
4300,식사,건대입구 전통시장,2026-07-08 08:00:00,2026-07-08 10:00:00
4301,공원,광진구 기타 장소,2026-07-08 10:00:00,2026-07-08 14:00:00
4302,공원,광진구 기타 장소,2026-07-08 14:00:00,2026-07-08 17:00:00
4303,공원,광진구 기타 장소,2026-07-08 17:00:00,2026-07-08 21:00:00
4304,공원,광진구 기타 장소,2026-07-08 21:00:00,2026-07-09 00:00:00
4305,실내활동,광진구 기타 장소,2026-07-08 22:00:00,2026-07-08 23:00:00
4306,공부,광진구 기타 장소,2026-07-08 22:00:00,2026-07-08 23:00:00
4307,식사,건대입구 음식점,2026-07-09 08:00:00,2026-07-09 10:00:00
4308,공원,광진구 기타 장소,2026-07-09 10:00:00,2026-07-09 12:00:00
4309,식사,건대 버거 레스토랑,2026-07-09 12:00:00,2026-07-09 14:00:00
4310,스포츠,서울숲 테니스장,2026-07-09 14:00:00,2026-07-09 15:00:00
4311,공원,광진구 기타 장소,2026-07-09 15:00:00,2026-07-09 16:00:00
4312,운동,광진구 공원 체력단련장,2026-07-09 16:00:00,2026-07-09 17:00:00
4313,공원,광진구 기타 장소,2026-07-09 17:00:00,2026-07-09 18:00:00
4314,식사,건대 버거 레스토랑,2026-07-09 18:00:00,2026-07-09 20:00:00
4315,운동,건대 스포츠 클럽,2026-07-09 20:00:00,2026-07-09 23:00:00
4316,스포츠,어린이대공원 운동장,2026-07-09 23:00:00,2026-07-10 00:00:00
4317,식사,건대 버거 레스토랑,2026-07-10 08:00:00,2026-07-10 10:00:00
4318,관람,광진문화예술회관,2026-07-10 10:00:00,2026-07-10 13:00:00
4319,공부,광진구 기타 장소,2026-07-10 13:00:00,2026-07-10 14:00:00
4320,공부,광진구 기타 장소,2026-07-10 14:00:00,2026-07-10 18:00:00
4321,식사,한강 뚝섬 피크닉존 카페,2026-07-10 18:00:00,2026-07-10 20:00:00
4322,공부,광진구 기타 장소,2026-07-10 20:00:00,2026-07-10 21:00:00
4323,공부,광진구 기타 장소,2026-07-10 21:00:00,2026-07-11 00:00:00
4324,실내활동,광진구 기타 장소,2026-07-10 22:00:00,2026-07-10 23:00:00
4325,식사,세종대 부근 맛집,2026-07-11 08:00:00,2026-07-11 10:00:00
4326,실내활동,광진구 기타 장소,2026-07-11 10:00:00,2026-07-11 12:00:00
4327,식사,광장시장 맛집,2026-07-11 12:00:00,2026-07-11 14:00:00
4328,공원,광진구 기타 장소,2026-07-11 14:00:00,2026-07-11 15:00:00
4329,공원,광진구 기타 장소,2026-07-11 15:00:00,2026-07-11 18:00:00
4330,식사,건대입구 음식점,2026-07-11 18:00:00,2026-07-11 20:00:00
4331,운동,광진구 등산 코스,2026-07-11 20:00:00,2026-07-11 23:00:00
4332,운동,광진구 공원 체력단련장,2026-07-11 23:00:00,2026-07-12 00:00:00
4333,식사,세종대 부근 맛집,2026-07-12 08:00:00,2026-07-12 10:00:00
4334,운동,건대 헬스장,2026-07-12 10:00:00,2026-07-12 14:00:00
4335,스포츠,뚝섬 런닝코스,2026-07-12 14:00:00,2026-07-12 17:00:00
4336,스포츠,건대 헬스장,2026-07-12 17:00:00,2026-07-12 20:00:00
4337,스포츠,뚝섬 런닝코스,2026-07-12 20:00:00,2026-07-13 00:00:00
4338,관람,건대 커뮤니티 아트센터,2026-07-12 22:00:00,2026-07-12 23:00:00
4339,식사,세종대 부근 맛집,2026-07-13 08:00:00,2026-07-13 10:00:00
4340,스포츠,서울숲 테니스장,2026-07-13 10:00:00,2026-07-13 11:00:00
4341,공부,광진구 기타 장소,2026-07-13 11:00:00,2026-07-13 12:00:00
4342,식사,광진구 한식당,2026-07-13 12:00:00,2026-07-13 14:00:00
4343,스포츠,광진구 체육관,2026-07-13 14:00:00,2026-07-13 17:00:00
4344,스포츠,서울숲 테니스장,2026-07-13 17:00:00,2026-07-13 18:00:00
4345,식사,스타시티 푸드코트,2026-07-13 18:00:00,2026-07-13 20:00:00
4346,스포츠,건대 헬스장,2026-07-13 20:00:00,2026-07-13 23:00:00
4347,운동,한강 자전거 대여소,2026-07-13 23:00:00,2026-07-14 00:00:00
4348,식사,한강 뚝섬 피크닉존 카페,2026-07-14 08:00:00,2026-07-14 10:00:00
4349,실내활동,광진구 기타 장소,2026-07-14 10:00:00,2026-07-14 14:00:00
4350,실내활동,광진구 기타 장소,2026-07-14 14:00:00,2026-07-14 15:00:00
4351,관람,건대 메가박스,2026-07-14 15:00:00,2026-07-14 18:00:00
4352,식사,세종대 부근 맛집,2026-07-14 18:00:00,2026-07-14 20:00:00
4353,관람,뚝섬 전망대,2026-07-14 20:00:00,2026-07-14 23:00:00
4354,실내활동,광진구 기타 장소,2026-07-14 23:00:00,2026-07-15 00:00:00
4355,스포츠,광진구 체육관,2026-07-14 22:00:00,2026-07-14 23:00:00
4356,식사,어린이대공원 근처 레스토랑,2026-07-15 08:00:00,2026-07-15 10:00:00
4357,실내활동,광진구 기타 장소,2026-07-15 10:00:00,2026-07-15 11:00:00
4358,실내활동,광진구 기타 장소,2026-07-15 11:00:00,2026-07-15 12:00:00
4359,식사,한강 뚝섬 피크닉존 카페,2026-07-15 12:00:00,2026-07-15 14:00:00
4360,공부,광진구 기타 장소,2026-07-15 14:00:00,2026-07-15 15:00:00
4361,공부,광진구 기타 장소,2026-07-15 15:00:00,2026-07-15 17:00:00
4362,실내활동,광진구 기타 장소,2026-07-15 17:00:00,2026-07-15 19:00:00
4363,실내활동,광진구 기타 장소,2026-07-15 19:00:00,2026-07-15 22:00:00
4364,실내활동,광진구 기타 장소,2026-07-15 22:00:00,2026-07-16 00:00:00
4365,공원,광진구 기타 장소,2026-07-15 22:00:00,2026-07-15 23:00:00
4366,식사,광진구 한식당,2026-07-16 08:00:00,2026-07-16 10:00:00
4367,스포츠,건대 헬스장,2026-07-16 10:00:00,2026-07-16 11:00:00
4368,운동,광진구 공원 체력단련장,2026-07-16 11:00:00,2026-07-16 12:00:00
4369,식사,건대 버거 레스토랑,2026-07-16 12:00:00,2026-07-16 14:00:00
4370,운동,광진구 등산 코스,2026-07-16 14:00:00,2026-07-16 16:00:00
4371,운동,건대 헬스장,2026-07-16 16:00:00,2026-07-16 18:00:00
4372,식사,어린이대공원 근처 레스토랑,2026-07-16 18:00:00,2026-07-16 20:00:00
4373,스포츠,서울숲 테니스장,2026-07-16 20:00:00,2026-07-16 21:00:00
4374,공원,광진구 기타 장소,2026-07-16 21:00:00,2026-07-16 23:00:00
4375,공원,광진구 기타 장소,2026-07-16 23:00:00,2026-07-17 00:00:00
4376,식사,뚝섬 수변 카페,2026-07-17 08:00:00,2026-07-17 10:00:00
4377,공부,광진구 기타 장소,2026-07-17 10:00:00,2026-07-17 11:00:00
4378,공부,광진구 기타 장소,2026-07-17 11:00:00,2026-07-17 12:00:00
4379,식사,한강 뚝섬 피크닉존 카페,2026-07-17 12:00:00,2026-07-17 14:00:00
4380,공부,광진구 기타 장소,2026-07-17 14:00:00,2026-07-17 15:00:00
4381,실내활동,광진구 기타 장소,2026-07-17 15:00:00,2026-07-17 16:00:00
4382,관람,어린이대공원 공연장,2026-07-17 16:00:00,2026-07-17 18:00:00
4383,식사,건대 버거 레스토랑,2026-07-17 18:00:00,2026-07-17 20:00:00
4384,공부,광진구 기타 장소,2026-07-17 20:00:00,2026-07-17 22:00:00
4385,공부,광진구 기타 장소,2026-07-17 22:00:00,2026-07-18 00:00:00
4386,식사,광장시장 맛집,2026-07-18 08:00:00,2026-07-18 10:00:00
4387,실내활동,광진구 기타 장소,2026-07-18 10:00:00,2026-07-18 14:00:00
4388,실내활동,광진구 기타 장소,2026-07-18 14:00:00,2026-07-18 18:00:00
4389,식사,건대입구 음식점,2026-07-18 18:00:00,2026-07-18 20:00:00
4390,운동,서울숲 조깅 트랙,2026-07-18 20:00:00,2026-07-19 00:00:00
4391,공원,광진구 기타 장소,2026-07-18 22:00:00,2026-07-18 23:00:00
4392,식사,스타시티 푸드코트,2026-07-19 08:00:00,2026-07-19 10:00:00
4393,관람,뚝섬 전망대,2026-07-19 10:00:00,2026-07-19 11:00:00
4394,관람,광진문화예술회관,2026-07-19 11:00:00,2026-07-19 15:00:00
4395,스포츠,광진구 요가 스튜디오,2026-07-19 15:00:00,2026-07-19 19:00:00
4396,운동,광진구 공원 체력단련장,2026-07-19 19:00:00,2026-07-19 21:00:00
4397,스포츠,서울숲 테니스장,2026-07-19 21:00:00,2026-07-19 22:00:00
4398,스포츠,서울숲 스케이트장,2026-07-19 22:00:00,2026-07-20 00:00:00
4399,식사,광장시장 맛집,2026-07-20 08:00:00,2026-07-20 10:00:00
4400,스포츠,서울숲 테니스장,2026-07-20 10:00:00,2026-07-20 11:00:00
4401,스포츠,광진구 요가 스튜디오,2026-07-20 11:00:00,2026-07-20 14:00:00
4402,스포츠,서울숲 스케이트장,2026-07-20 14:00:00,2026-07-20 18:00:00
4403,식사,광진구 한식당,2026-07-20 18:00:00,2026-07-20 20:00:00
4404,운동,서울숲 조깅 트랙,2026-07-20 20:00:00,2026-07-20 21:00:00
4405,공부,광진구 기타 장소,2026-07-20 21:00:00,2026-07-21 00:00:00
4406,식사,광장시장 맛집,2026-07-21 08:00:00,2026-07-21 10:00:00
4407,실내활동,광진구 기타 장소,2026-07-21 10:00:00,2026-07-21 14:00:00
4408,관람,건국대학교 박물관,2026-07-21 14:00:00,2026-07-21 17:00:00
4409,실내활동,광진구 기타 장소,2026-07-21 17:00:00,2026-07-21 21:00:00
4410,실내활동,광진구 기타 장소,2026-07-21 21:00:00,2026-07-21 23:00:00
4411,스포츠,서울숲 테니스장,2026-07-21 23:00:00,2026-07-22 00:00:00
4412,식사,건대 버거 레스토랑,2026-07-22 08:00:00,2026-07-22 10:00:00
4413,공부,광진구 기타 장소,2026-07-22 10:00:00,2026-07-22 14:00:00
4414,공부,광진구 기타 장소,2026-07-22 14:00:00,2026-07-22 18:00:00
4415,식사,스타시티 푸드코트,2026-07-22 18:00:00,2026-07-22 20:00:00
4416,공원,광진구 기타 장소,2026-07-22 20:00:00,2026-07-22 23:00:00
4417,실내활동,광진구 기타 장소,2026-07-22 23:00:00,2026-07-23 00:00:00
4418,식사,광장시장 맛집,2026-07-23 08:00:00,2026-07-23 10:00:00
4419,스포츠,광진구 요가 스튜디오,2026-07-23 10:00:00,2026-07-23 12:00:00
4420,식사,스타시티 푸드코트,2026-07-23 12:00:00,2026-07-23 14:00:00
4421,공원,광진구 기타 장소,2026-07-23 14:00:00,2026-07-23 17:00:00
4422,공원,광진구 기타 장소,2026-07-23 17:00:00,2026-07-23 21:00:00
4423,운동,광진구 등산 코스,2026-07-23 21:00:00,2026-07-23 23:00:00
4424,공원,광진구 기타 장소,2026-07-23 23:00:00,2026-07-24 00:00:00
4425,식사,뚝섬 수변 카페,2026-07-24 08:00:00,2026-07-24 10:00:00
4426,공부,광진구 기타 장소,2026-07-24 10:00:00,2026-07-24 14:00:00
4427,실내활동,광진구 기타 장소,2026-07-24 14:00:00,2026-07-24 15:00:00
4428,관람,뚝섬 전망대,2026-07-24 15:00:00,2026-07-24 16:00:00
4429,실내활동,광진구 기타 장소,2026-07-24 16:00:00,2026-07-24 19:00:00
4430,실내활동,광진구 기타 장소,2026-07-24 19:00:00,2026-07-24 20:00:00
4431,실내활동,광진구 기타 장소,2026-07-24 20:00:00,2026-07-25 00:00:00
4432,식사,광장시장 맛집,2026-07-25 08:00:00,2026-07-25 10:00:00
4433,공원,광진구 기타 장소,2026-07-25 10:00:00,2026-07-25 11:00:00
4434,운동,건대 스포츠 클럽,2026-07-25 11:00:00,2026-07-25 15:00:00
4435,운동,뚝섬 유원지 요가 센터,2026-07-25 15:00:00,2026-07-25 19:00:00
4436,실내활동,광진구 기타 장소,2026-07-25 19:00:00,2026-07-25 23:00:00
4437,공원,광진구 기타 장소,2026-07-25 23:00:00,2026-07-26 00:00:00
4438,식사,광진구 한식당,2026-07-26 08:00:00,2026-07-26 10:00:00
4439,스포츠,건대 헬스장,2026-07-26 10:00:00,2026-07-26 11:00:00
4440,운동,건대 헬스장,2026-07-26 11:00:00,2026-07-26 14:00:00
4441,관람,건대 커뮤니티 아트센터,2026-07-26 14:00:00,2026-07-26 16:00:00
4442,관람,한강 뚝섬 예술극장,2026-07-26 16:00:00,2026-07-26 19:00:00
4443,운동,한강 공원,2026-07-26 19:00:00,2026-07-26 20:00:00
4444,관람,광진구 시립극장,2026-07-26 20:00:00,2026-07-26 22:00:00
4445,운동,어린이대공원 실내 체육관,2026-07-26 22:00:00,2026-07-27 00:00:00
4446,식사,건대입구 음식점,2026-07-27 08:00:00,2026-07-27 10:00:00
4447,공부,광진구 기타 장소,2026-07-27 10:00:00,2026-07-27 14:00:00
4448,스포츠,뚝섬 런닝코스,2026-07-27 14:00:00,2026-07-27 18:00:00
4449,식사,세종대 부근 맛집,2026-07-27 18:00:00,2026-07-27 20:00:00
4450,스포츠,서울숲 스케이트장,2026-07-27 20:00:00,2026-07-27 21:00:00
4451,공부,광진구 기타 장소,2026-07-27 21:00:00,2026-07-28 00:00:00
4452,운동,광진구 등산 코스,2026-07-27 22:00:00,2026-07-27 23:00:00
4453,식사,뚝섬 수변 카페,2026-07-28 08:00:00,2026-07-28 10:00:00
4454,관람,한강 뚝섬 예술극장,2026-07-28 10:00:00,2026-07-28 13:00:00
4455,실내활동,광진구 기타 장소,2026-07-28 13:00:00,2026-07-28 15:00:00
4456,관람,건국대학교 박물관,2026-07-28 15:00:00,2026-07-28 18:00:00
4457,식사,건대 버거 레스토랑,2026-07-28 18:00:00,2026-07-28 20:00:00
4458,관람,서울숲 갤러리,2026-07-28 20:00:00,2026-07-28 23:00:00
4459,스포츠,광진구 체육관,2026-07-28 23:00:00,2026-07-29 00:00:00
4460,식사,어린이대공원 근처 레스토랑,2026-07-29 08:00:00,2026-07-29 10:00:00
4461,실내활동,광진구 기타 장소,2026-07-29 10:00:00,2026-07-29 14:00:00
4462,공부,광진구 기타 장소,2026-07-29 14:00:00,2026-07-29 17:00:00
4463,공원,광진구 기타 장소,2026-07-29 17:00:00,2026-07-29 21:00:00
4464,실내활동,광진구 기타 장소,2026-07-29 21:00:00,2026-07-29 22:00:00
4465,실내활동,광진구 기타 장소,2026-07-29 22:00:00,2026-07-30 00:00:00
4466,식사,건대입구 전통시장,2026-07-30 08:00:00,2026-07-30 10:00:00
4467,스포츠,세종대 실내 체육관,2026-07-30 10:00:00,2026-07-30 13:00:00
4468,스포츠,건대 헬스장,2026-07-30 13:00:00,2026-07-30 15:00:00
4469,스포츠,한강공원 축구장,2026-07-30 15:00:00,2026-07-30 17:00:00
4470,운동,서울숲 조깅 트랙,2026-07-30 17:00:00,2026-07-30 20:00:00
4471,스포츠,세종대 실내 체육관,2026-07-30 20:00:00,2026-07-30 22:00:00
4472,운동,서울숲 조깅 트랙,2026-07-30 22:00:00,2026-07-30 23:00:00
4473,공원,광진구 기타 장소,2026-07-30 23:00:00,2026-07-31 00:00:00
4474,식사,한강 뚝섬 피크닉존 카페,2026-07-31 08:00:00,2026-07-31 10:00:00
4475,공부,광진구 기타 장소,2026-07-31 10:00:00,2026-07-31 14:00:00
4476,실내활동,광진구 기타 장소,2026-07-31 14:00:00,2026-07-31 15:00:00
4477,실내활동,광진구 기타 장소,2026-07-31 15:00:00,2026-07-31 18:00:00
4478,식사,광장시장 맛집,2026-07-31 18:00:00,2026-07-31 20:00:00
4479,관람,건대 메가박스,2026-07-31 20:00:00,2026-07-31 22:00:00
4480,관람,건국대학교 박물관,2026-07-31 22:00:00,2026-08-01 00:00:00
4481,식사,건대 버거 레스토랑,2026-08-01 08:00:00,2026-08-01 10:00:00
4482,운동,서울숲 조깅 트랙,2026-08-01 10:00:00,2026-08-01 13:00:00
4483,공원,광진구 기타 장소,2026-08-01 13:00:00,2026-08-01 15:00:00
4484,공원,광진구 기타 장소,2026-08-01 15:00:00,2026-08-01 18:00:00
4485,식사,세종대 부근 맛집,2026-08-01 18:00:00,2026-08-01 20:00:00
4486,운동,뚝섬 한강 수영장,2026-08-01 20:00:00,2026-08-02 00:00:00
4487,실내활동,광진구 기타 장소,2026-08-01 22:00:00,2026-08-01 23:00:00
4488,식사,광장시장 맛집,2026-08-02 08:00:00,2026-08-02 10:00:00
4489,관람,건대 커뮤니티 아트센터,2026-08-02 10:00:00,2026-08-02 14:00:00
4490,관람,건대 커뮤니티 아트센터,2026-08-02 14:00:00,2026-08-02 18:00:00
4491,식사,어린이대공원 근처 레스토랑,2026-08-02 18:00:00,2026-08-02 20:00:00
4492,스포츠,서울숲 스케이트장,2026-08-02 20:00:00,2026-08-02 22:00:00
4493,관람,건대 메가박스,2026-08-02 22:00:00,2026-08-03 00:00:00
4494,운동,한강 공원,2026-08-02 22:00:00,2026-08-02 23:00:00
4495,식사,한강 뚝섬 피크닉존 카페,2026-08-03 08:00:00,2026-08-03 10:00:00
4496,공부,광진구 기타 장소,2026-08-03 10:00:00,2026-08-03 11:00:00
4497,스포츠,건대 헬스장,2026-08-03 11:00:00,2026-08-03 15:00:00
4498,운동,뚝섬 한강 수영장,2026-08-03 15:00:00,2026-08-03 16:00:00
4499,공부,광진구 기타 장소,2026-08-03 16:00:00,2026-08-03 17:00:00
4500,운동,뚝섬 한강 수영장,2026-08-03 17:00:00,2026-08-03 19:00:00
4501,스포츠,광진구 체육관,2026-08-03 19:00:00,2026-08-03 22:00:00
4502,운동,건대 스포츠 클럽,2026-08-03 22:00:00,2026-08-04 00:00:00
4503,식사,건대입구 전통시장,2026-08-04 08:00:00,2026-08-04 10:00:00
4504,실내활동,광진구 기타 장소,2026-08-04 10:00:00,2026-08-04 13:00:00
4505,관람,롯데시네마 건대입구,2026-08-04 13:00:00,2026-08-04 14:00:00
4506,실내활동,광진구 기타 장소,2026-08-04 14:00:00,2026-08-04 16:00:00
4507,스포츠,건대 헬스장,2026-08-04 16:00:00,2026-08-04 20:00:00
4508,실내활동,광진구 기타 장소,2026-08-04 20:00:00,2026-08-04 22:00:00
4509,실내활동,광진구 기타 장소,2026-08-04 22:00:00,2026-08-04 23:00:00
4510,스포츠,광진구 배드민턴장,2026-08-04 23:00:00,2026-08-05 00:00:00
4511,식사,광진구 한식당,2026-08-05 08:00:00,2026-08-05 10:00:00
4512,실내활동,광진구 기타 장소,2026-08-05 10:00:00,2026-08-05 11:00:00
4513,실내활동,광진구 기타 장소,2026-08-05 11:00:00,2026-08-05 15:00:00
4514,실내활동,광진구 기타 장소,2026-08-05 15:00:00,2026-08-05 17:00:00
4515,공원,광진구 기타 장소,2026-08-05 17:00:00,2026-08-05 21:00:00
4516,공부,광진구 기타 장소,2026-08-05 21:00:00,2026-08-05 22:00:00
4517,공부,광진구 기타 장소,2026-08-05 22:00:00,2026-08-06 00:00:00
4518,식사,어린이대공원 근처 레스토랑,2026-08-06 08:00:00,2026-08-06 10:00:00
4519,스포츠,서울숲 테니스장,2026-08-06 10:00:00,2026-08-06 13:00:00
4520,운동,어린이대공원 실내 체육관,2026-08-06 13:00:00,2026-08-06 14:00:00
4521,스포츠,세종대 실내 체육관,2026-08-06 14:00:00,2026-08-06 15:00:00
4522,운동,한강 자전거 대여소,2026-08-06 15:00:00,2026-08-06 16:00:00
4523,공원,광진구 기타 장소,2026-08-06 16:00:00,2026-08-06 20:00:00
4524,운동,건대 스포츠 클럽,2026-08-06 20:00:00,2026-08-06 22:00:00
4525,운동,건대 스포츠 클럽,2026-08-06 22:00:00,2026-08-07 00:00:00
4526,식사,건대입구 음식점,2026-08-07 08:00:00,2026-08-07 10:00:00
4527,관람,광진문화예술회관,2026-08-07 10:00:00,2026-08-07 12:00:00
4528,식사,어린이대공원 근처 레스토랑,2026-08-07 12:00:00,2026-08-07 14:00:00
4529,공부,광진구 기타 장소,2026-08-07 14:00:00,2026-08-07 16:00:00
4530,공부,광진구 기타 장소,2026-08-07 16:00:00,2026-08-07 18:00:00
4531,식사,뚝섬 수변 카페,2026-08-07 18:00:00,2026-08-07 20:00:00
4532,공부,광진구 기타 장소,2026-08-07 20:00:00,2026-08-08 00:00:00
4533,실내활동,광진구 기타 장소,2026-08-07 22:00:00,2026-08-07 23:00:00
4534,식사,광장시장 맛집,2026-08-08 08:00:00,2026-08-08 10:00:00
4535,공원,광진구 기타 장소,2026-08-08 10:00:00,2026-08-08 11:00:00
4536,운동,서울숲 조깅 트랙,2026-08-08 11:00:00,2026-08-08 13:00:00
4537,공원,광진구 기타 장소,2026-08-08 13:00:00,2026-08-08 17:00:00
4538,실내활동,광진구 기타 장소,2026-08-08 17:00:00,2026-08-08 20:00:00
4539,운동,한강 공원,2026-08-08 20:00:00,2026-08-09 00:00:00
4540,식사,건대입구 음식점,2026-08-09 08:00:00,2026-08-09 10:00:00
4541,운동,한강 자전거 대여소,2026-08-09 10:00:00,2026-08-09 13:00:00
4542,스포츠,광진구 배드민턴장,2026-08-09 13:00:00,2026-08-09 15:00:00
4543,관람,뚝섬 전망대,2026-08-09 15:00:00,2026-08-09 19:00:00
4544,관람,건대 커뮤니티 아트센터,2026-08-09 19:00:00,2026-08-09 20:00:00
4545,운동,뚝섬 한강 수영장,2026-08-09 20:00:00,2026-08-09 23:00:00
4546,관람,광진문화예술회관,2026-08-09 23:00:00,2026-08-10 00:00:00
4547,식사,광장시장 맛집,2026-08-10 08:00:00,2026-08-10 10:00:00
4548,스포츠,광진구 체육관,2026-08-10 10:00:00,2026-08-10 14:00:00
4549,운동,광진구 등산 코스,2026-08-10 14:00:00,2026-08-10 15:00:00
4550,공부,광진구 기타 장소,2026-08-10 15:00:00,2026-08-10 19:00:00
4551,공부,광진구 기타 장소,2026-08-10 19:00:00,2026-08-10 23:00:00
4552,공부,광진구 기타 장소,2026-08-10 23:00:00,2026-08-11 00:00:00
4553,식사,어린이대공원 근처 레스토랑,2026-08-11 08:00:00,2026-08-11 10:00:00
4554,실내활동,광진구 기타 장소,2026-08-11 10:00:00,2026-08-11 11:00:00
4555,관람,광진구 시립극장,2026-08-11 11:00:00,2026-08-11 12:00:00
4556,식사,세종대 부근 맛집,2026-08-11 12:00:00,2026-08-11 14:00:00
4557,실내활동,광진구 기타 장소,2026-08-11 14:00:00,2026-08-11 17:00:00
4558,관람,한강 뚝섬 예술극장,2026-08-11 17:00:00,2026-08-11 20:00:00
4559,실내활동,광진구 기타 장소,2026-08-11 20:00:00,2026-08-11 23:00:00
4560,스포츠,세종대 실내 체육관,2026-08-11 23:00:00,2026-08-12 00:00:00
4561,식사,뚝섬 수변 카페,2026-08-12 08:00:00,2026-08-12 10:00:00
4562,공부,광진구 기타 장소,2026-08-12 10:00:00,2026-08-12 13:00:00
4563,실내활동,광진구 기타 장소,2026-08-12 13:00:00,2026-08-12 15:00:00
4564,공부,광진구 기타 장소,2026-08-12 15:00:00,2026-08-12 17:00:00
4565,공부,광진구 기타 장소,2026-08-12 17:00:00,2026-08-12 21:00:00
4566,공부,광진구 기타 장소,2026-08-12 21:00:00,2026-08-12 22:00:00
4567,공부,광진구 기타 장소,2026-08-12 22:00:00,2026-08-12 23:00:00
4568,실내활동,광진구 기타 장소,2026-08-12 23:00:00,2026-08-13 00:00:00
4569,공원,광진구 기타 장소,2026-08-12 22:00:00,2026-08-12 23:00:00
4570,식사,광진구 한식당,2026-08-13 08:00:00,2026-08-13 10:00:00
4571,공원,광진구 기타 장소,2026-08-13 10:00:00,2026-08-13 13:00:00
4572,운동,어린이대공원 실내 체육관,2026-08-13 13:00:00,2026-08-13 16:00:00
4573,운동,뚝섬 유원지 요가 센터,2026-08-13 16:00:00,2026-08-13 19:00:00
4574,운동,한강 자전거 대여소,2026-08-13 19:00:00,2026-08-13 20:00:00
4575,공원,광진구 기타 장소,2026-08-13 20:00:00,2026-08-13 22:00:00
4576,스포츠,광진구 체육관,2026-08-13 22:00:00,2026-08-14 00:00:00
4577,식사,한강 뚝섬 피크닉존 카페,2026-08-14 08:00:00,2026-08-14 10:00:00
4578,실내활동,광진구 기타 장소,2026-08-14 10:00:00,2026-08-14 14:00:00
4579,공부,광진구 기타 장소,2026-08-14 14:00:00,2026-08-14 17:00:00
4580,실내활동,광진구 기타 장소,2026-08-14 17:00:00,2026-08-14 20:00:00
4581,실내활동,광진구 기타 장소,2026-08-14 20:00:00,2026-08-15 00:00:00
4582,관람,건대 메가박스,2026-08-14 22:00:00,2026-08-14 23:00:00
4583,식사,스타시티 푸드코트,2026-08-15 08:00:00,2026-08-15 10:00:00
4584,실내활동,광진구 기타 장소,2026-08-15 10:00:00,2026-08-15 13:00:00
4585,공원,광진구 기타 장소,2026-08-15 13:00:00,2026-08-15 15:00:00
4586,실내활동,광진구 기타 장소,2026-08-15 15:00:00,2026-08-15 18:00:00
4587,식사,세종대 부근 맛집,2026-08-15 18:00:00,2026-08-15 20:00:00
4588,실내활동,광진구 기타 장소,2026-08-15 20:00:00,2026-08-15 22:00:00
4589,운동,어린이대공원 실내 체육관,2026-08-15 22:00:00,2026-08-15 23:00:00
4590,실내활동,광진구 기타 장소,2026-08-15 23:00:00,2026-08-16 00:00:00
4591,식사,광장시장 맛집,2026-08-16 08:00:00,2026-08-16 10:00:00
4592,관람,롯데시네마 건대입구,2026-08-16 10:00:00,2026-08-16 14:00:00
4593,스포츠,어린이대공원 운동장,2026-08-16 14:00:00,2026-08-16 16:00:00
4594,스포츠,광진구 체육관,2026-08-16 16:00:00,2026-08-16 19:00:00
4595,스포츠,광진구 체육관,2026-08-16 19:00:00,2026-08-16 21:00:00
4596,관람,건대 메가박스,2026-08-16 21:00:00,2026-08-16 22:00:00
4597,관람,광진구 시립극장,2026-08-16 22:00:00,2026-08-16 23:00:00
4598,스포츠,뚝섬 런닝코스,2026-08-16 23:00:00,2026-08-17 00:00:00
4599,운동,광진구 공원 체력단련장,2026-08-16 22:00:00,2026-08-16 23:00:00
4600,식사,건대 버거 레스토랑,2026-08-17 08:00:00,2026-08-17 10:00:00
4601,운동,광진구 공원 체력단련장,2026-08-17 10:00:00,2026-08-17 14:00:00
4602,스포츠,서울숲 스케이트장,2026-08-17 14:00:00,2026-08-17 15:00:00
4603,공부,광진구 기타 장소,2026-08-17 15:00:00,2026-08-17 18:00:00
4604,식사,어린이대공원 근처 레스토랑,2026-08-17 18:00:00,2026-08-17 20:00:00
4605,스포츠,광진구 요가 스튜디오,2026-08-17 20:00:00,2026-08-17 21:00:00
4606,운동,한강 자전거 대여소,2026-08-17 21:00:00,2026-08-18 00:00:00
4607,식사,한강 뚝섬 피크닉존 카페,2026-08-18 08:00:00,2026-08-18 10:00:00
4608,스포츠,어린이대공원 운동장,2026-08-18 10:00:00,2026-08-18 12:00:00
4609,식사,광진구 한식당,2026-08-18 12:00:00,2026-08-18 14:00:00
4610,실내활동,광진구 기타 장소,2026-08-18 14:00:00,2026-08-18 15:00:00
4611,실내활동,광진구 기타 장소,2026-08-18 15:00:00,2026-08-18 17:00:00
4612,스포츠,광진구 체육관,2026-08-18 17:00:00,2026-08-18 19:00:00
4613,스포츠,광진구 배드민턴장,2026-08-18 19:00:00,2026-08-18 20:00:00
4614,스포츠,서울숲 스케이트장,2026-08-18 20:00:00,2026-08-18 23:00:00
4615,관람,건대 메가박스,2026-08-18 23:00:00,2026-08-19 00:00:00
4616,식사,광진구 한식당,2026-08-19 08:00:00,2026-08-19 10:00:00
4617,공원,광진구 기타 장소,2026-08-19 10:00:00,2026-08-19 11:00:00
4618,공부,광진구 기타 장소,2026-08-19 11:00:00,2026-08-19 14:00:00
4619,공부,광진구 기타 장소,2026-08-19 14:00:00,2026-08-19 15:00:00
4620,실내활동,광진구 기타 장소,2026-08-19 15:00:00,2026-08-19 18:00:00
4621,식사,건대 버거 레스토랑,2026-08-19 18:00:00,2026-08-19 20:00:00
4622,공부,광진구 기타 장소,2026-08-19 20:00:00,2026-08-19 21:00:00
4623,공부,광진구 기타 장소,2026-08-19 21:00:00,2026-08-20 00:00:00
4624,식사,건대입구 음식점,2026-08-20 08:00:00,2026-08-20 10:00:00
4625,운동,뚝섬 유원지 요가 센터,2026-08-20 10:00:00,2026-08-20 11:00:00
4626,운동,어린이대공원 실내 체육관,2026-08-20 11:00:00,2026-08-20 15:00:00
4627,공원,광진구 기타 장소,2026-08-20 15:00:00,2026-08-20 18:00:00
4628,식사,광장시장 맛집,2026-08-20 18:00:00,2026-08-20 20:00:00
4629,운동,건대 스포츠 클럽,2026-08-20 20:00:00,2026-08-21 00:00:00
4630,스포츠,한강공원 축구장,2026-08-20 22:00:00,2026-08-20 23:00:00
4631,식사,건대입구 전통시장,2026-08-21 08:00:00,2026-08-21 10:00:00
4632,공부,광진구 기타 장소,2026-08-21 10:00:00,2026-08-21 12:00:00
4633,식사,광진구 한식당,2026-08-21 12:00:00,2026-08-21 14:00:00
4634,관람,광진문화예술회관,2026-08-21 14:00:00,2026-08-21 16:00:00
4635,실내활동,광진구 기타 장소,2026-08-21 16:00:00,2026-08-21 17:00:00
4636,공부,광진구 기타 장소,2026-08-21 17:00:00,2026-08-21 20:00:00
4637,실내활동,광진구 기타 장소,2026-08-21 20:00:00,2026-08-21 23:00:00
4638,공부,광진구 기타 장소,2026-08-21 23:00:00,2026-08-22 00:00:00
4639,식사,광장시장 맛집,2026-08-22 08:00:00,2026-08-22 10:00:00
4640,운동,한강 자전거 대여소,2026-08-22 10:00:00,2026-08-22 11:00:00
4641,공원,광진구 기타 장소,2026-08-22 11:00:00,2026-08-22 15:00:00
4642,운동,광진구 공원 체력단련장,2026-08-22 15:00:00,2026-08-22 18:00:00
4643,식사,광장시장 맛집,2026-08-22 18:00:00,2026-08-22 20:00:00
4644,운동,광진구 공원 체력단련장,2026-08-22 20:00:00,2026-08-22 23:00:00
4645,공원,광진구 기타 장소,2026-08-22 23:00:00,2026-08-23 00:00:00
4646,실내활동,광진구 기타 장소,2026-08-22 22:00:00,2026-08-22 23:00:00
4647,식사,세종대 부근 맛집,2026-08-23 08:00:00,2026-08-23 10:00:00
4648,운동,서울숲 조깅 트랙,2026-08-23 10:00:00,2026-08-23 14:00:00
4649,관람,광진구 시립극장,2026-08-23 14:00:00,2026-08-23 15:00:00
4650,관람,광진구 시립극장,2026-08-23 15:00:00,2026-08-23 17:00:00
4651,스포츠,뚝섬 런닝코스,2026-08-23 17:00:00,2026-08-23 18:00:00
4652,식사,뚝섬 수변 카페,2026-08-23 18:00:00,2026-08-23 20:00:00
4653,스포츠,세종대 실내 체육관,2026-08-23 20:00:00,2026-08-23 22:00:00
4654,스포츠,서울숲 스케이트장,2026-08-23 22:00:00,2026-08-24 00:00:00
4655,식사,스타시티 푸드코트,2026-08-24 08:00:00,2026-08-24 10:00:00
4656,스포츠,서울숲 스케이트장,2026-08-24 10:00:00,2026-08-24 14:00:00
4657,공부,광진구 기타 장소,2026-08-24 14:00:00,2026-08-24 17:00:00
4658,운동,건대 스포츠 클럽,2026-08-24 17:00:00,2026-08-24 18:00:00
4659,식사,스타시티 푸드코트,2026-08-24 18:00:00,2026-08-24 20:00:00
4660,스포츠,광진구 배드민턴장,2026-08-24 20:00:00,2026-08-25 00:00:00
4661,식사,광장시장 맛집,2026-08-25 08:00:00,2026-08-25 10:00:00
4662,스포츠,광진구 배드민턴장,2026-08-25 10:00:00,2026-08-25 13:00:00
4663,관람,건대 커뮤니티 아트센터,2026-08-25 13:00:00,2026-08-25 16:00:00
4664,관람,어린이대공원 공연장,2026-08-25 16:00:00,2026-08-25 20:00:00
4665,실내활동,광진구 기타 장소,2026-08-25 20:00:00,2026-08-26 00:00:00
4666,식사,광장시장 맛집,2026-08-26 08:00:00,2026-08-26 10:00:00
4667,공원,광진구 기타 장소,2026-08-26 10:00:00,2026-08-26 13:00:00
4668,공부,광진구 기타 장소,2026-08-26 13:00:00,2026-08-26 14:00:00
4669,실내활동,광진구 기타 장소,2026-08-26 14:00:00,2026-08-26 15:00:00
4670,공부,광진구 기타 장소,2026-08-26 15:00:00,2026-08-26 19:00:00
4671,공원,광진구 기타 장소,2026-08-26 19:00:00,2026-08-26 20:00:00
4672,실내활동,광진구 기타 장소,2026-08-26 20:00:00,2026-08-26 21:00:00
4673,공원,광진구 기타 장소,2026-08-26 21:00:00,2026-08-26 23:00:00
4674,공원,광진구 기타 장소,2026-08-26 23:00:00,2026-08-27 00:00:00
4675,식사,광진구 한식당,2026-08-27 08:00:00,2026-08-27 10:00:00
4676,운동,한강 공원,2026-08-27 10:00:00,2026-08-27 13:00:00
4677,운동,광진구 등산 코스,2026-08-27 13:00:00,2026-08-27 15:00:00
4678,스포츠,세종대 실내 체육관,2026-08-27 15:00:00,2026-08-27 16:00:00
4679,스포츠,서울숲 스케이트장,2026-08-27 16:00:00,2026-08-27 19:00:00
4680,스포츠,광진구 배드민턴장,2026-08-27 19:00:00,2026-08-27 21:00:00
4681,공원,광진구 기타 장소,2026-08-27 21:00:00,2026-08-28 00:00:00
4682,식사,스타시티 푸드코트,2026-08-28 08:00:00,2026-08-28 10:00:00
4683,공부,광진구 기타 장소,2026-08-28 10:00:00,2026-08-28 14:00:00
4684,공부,광진구 기타 장소,2026-08-28 14:00:00,2026-08-28 15:00:00
4685,관람,광진구 시립극장,2026-08-28 15:00:00,2026-08-28 18:00:00
4686,식사,스타시티 푸드코트,2026-08-28 18:00:00,2026-08-28 20:00:00
4687,공부,광진구 기타 장소,2026-08-28 20:00:00,2026-08-28 22:00:00
4688,관람,건대 커뮤니티 아트센터,2026-08-28 22:00:00,2026-08-29 00:00:00
4689,실내활동,광진구 기타 장소,2026-08-28 22:00:00,2026-08-28 23:00:00
4690,식사,건대 버거 레스토랑,2026-08-29 08:00:00,2026-08-29 10:00:00
4691,공원,광진구 기타 장소,2026-08-29 10:00:00,2026-08-29 14:00:00
4692,운동,건대 스포츠 클럽,2026-08-29 14:00:00,2026-08-29 16:00:00
4693,실내활동,광진구 기타 장소,2026-08-29 16:00:00,2026-08-29 18:00:00
4694,식사,건대입구 음식점,2026-08-29 18:00:00,2026-08-29 20:00:00
4695,운동,한강 자전거 대여소,2026-08-29 20:00:00,2026-08-29 22:00:00
4696,실내활동,광진구 기타 장소,2026-08-29 22:00:00,2026-08-30 00:00:00
4697,식사,한강 뚝섬 피크닉존 카페,2026-08-30 08:00:00,2026-08-30 10:00:00
4698,관람,광진구 시립극장,2026-08-30 10:00:00,2026-08-30 11:00:00
4699,스포츠,한강공원 축구장,2026-08-30 11:00:00,2026-08-30 13:00:00
4700,운동,건대 스포츠 클럽,2026-08-30 13:00:00,2026-08-30 16:00:00
4701,운동,광진구 등산 코스,2026-08-30 16:00:00,2026-08-30 17:00:00
4702,운동,뚝섬 한강 수영장,2026-08-30 17:00:00,2026-08-30 19:00:00
4703,관람,광진문화예술회관,2026-08-30 19:00:00,2026-08-30 21:00:00
4704,관람,건국대학교 박물관,2026-08-30 21:00:00,2026-08-30 22:00:00
4705,스포츠,광진구 배드민턴장,2026-08-30 22:00:00,2026-08-31 00:00:00
4706,식사,뚝섬 수변 카페,2026-08-31 08:00:00,2026-08-31 10:00:00
4707,스포츠,어린이대공원 운동장,2026-08-31 10:00:00,2026-08-31 13:00:00
4708,공부,광진구 기타 장소,2026-08-31 13:00:00,2026-08-31 15:00:00
4709,스포츠,광진구 체육관,2026-08-31 15:00:00,2026-08-31 19:00:00
4710,공부,광진구 기타 장소,2026-08-31 19:00:00,2026-08-31 23:00:00
4711,공부,광진구 기타 장소,2026-08-31 23:00:00,2026-09-01 00:00:00
4712,운동,광진구 공원 체력단련장,2026-08-31 22:00:00,2026-08-31 23:00:00
4713,식사,건대입구 음식점,2026-09-01 08:00:00,2026-09-01 10:00:00
4714,실내활동,광진구 기타 장소,2026-09-01 10:00:00,2026-09-01 12:00:00
4715,식사,세종대 부근 맛집,2026-09-01 12:00:00,2026-09-01 14:00:00
4716,관람,광진구 시립극장,2026-09-01 14:00:00,2026-09-01 16:00:00
4717,관람,건대 메가박스,2026-09-01 16:00:00,2026-09-01 20:00:00
4718,관람,광진문화예술회관,2026-09-01 20:00:00,2026-09-01 21:00:00
4719,관람,서울숲 갤러리,2026-09-01 21:00:00,2026-09-02 00:00:00
4720,스포츠,어린이대공원 운동장,2026-09-01 22:00:00,2026-09-01 23:00:00
4721,식사,어린이대공원 근처 레스토랑,2026-09-02 08:00:00,2026-09-02 10:00:00
4722,공부,광진구 기타 장소,2026-09-02 10:00:00,2026-09-02 13:00:00
4723,공원,광진구 기타 장소,2026-09-02 13:00:00,2026-09-02 17:00:00
4724,실내활동,광진구 기타 장소,2026-09-02 17:00:00,2026-09-02 21:00:00
4725,공부,광진구 기타 장소,2026-09-02 21:00:00,2026-09-02 22:00:00
4726,공원,광진구 기타 장소,2026-09-02 22:00:00,2026-09-03 00:00:00
4727,식사,스타시티 푸드코트,2026-09-03 08:00:00,2026-09-03 10:00:00
4728,공원,광진구 기타 장소,2026-09-03 10:00:00,2026-09-03 13:00:00
4729,운동,건대 스포츠 클럽,2026-09-03 13:00:00,2026-09-03 15:00:00
4730,운동,한강 공원,2026-09-03 15:00:00,2026-09-03 18:00:00
4731,식사,뚝섬 수변 카페,2026-09-03 18:00:00,2026-09-03 20:00:00
4732,운동,광진구 공원 체력단련장,2026-09-03 20:00:00,2026-09-03 21:00:00
4733,공원,광진구 기타 장소,2026-09-03 21:00:00,2026-09-04 00:00:00
4734,스포츠,뚝섬 런닝코스,2026-09-03 22:00:00,2026-09-03 23:00:00
4735,식사,뚝섬 수변 카페,2026-09-04 08:00:00,2026-09-04 10:00:00
4736,관람,어린이대공원 공연장,2026-09-04 10:00:00,2026-09-04 11:00:00
4737,관람,광진구 시립극장,2026-09-04 11:00:00,2026-09-04 13:00:00
4738,공부,광진구 기타 장소,2026-09-04 13:00:00,2026-09-04 17:00:00
4739,공부,광진구 기타 장소,2026-09-04 17:00:00,2026-09-04 18:00:00
4740,식사,어린이대공원 근처 레스토랑,2026-09-04 18:00:00,2026-09-04 20:00:00
4741,관람,어린이대공원 공연장,2026-09-04 20:00:00,2026-09-04 22:00:00
4742,공부,광진구 기타 장소,2026-09-04 22:00:00,2026-09-05 00:00:00
4743,실내활동,광진구 기타 장소,2026-09-04 22:00:00,2026-09-04 23:00:00
4744,식사,광장시장 맛집,2026-09-05 08:00:00,2026-09-05 10:00:00
4745,공원,광진구 기타 장소,2026-09-05 10:00:00,2026-09-05 12:00:00
4746,식사,광진구 한식당,2026-09-05 12:00:00,2026-09-05 14:00:00
4747,운동,광진구 공원 체력단련장,2026-09-05 14:00:00,2026-09-05 17:00:00
4748,공원,광진구 기타 장소,2026-09-05 17:00:00,2026-09-05 19:00:00
4749,운동,건대 헬스장,2026-09-05 19:00:00,2026-09-05 20:00:00
4750,실내활동,광진구 기타 장소,2026-09-05 20:00:00,2026-09-05 22:00:00
4751,실내활동,광진구 기타 장소,2026-09-05 22:00:00,2026-09-06 00:00:00
4752,식사,스타시티 푸드코트,2026-09-06 08:00:00,2026-09-06 10:00:00
4753,운동,뚝섬 한강 수영장,2026-09-06 10:00:00,2026-09-06 14:00:00
4754,운동,한강 공원,2026-09-06 14:00:00,2026-09-06 16:00:00
4755,스포츠,한강공원 축구장,2026-09-06 16:00:00,2026-09-06 19:00:00
4756,관람,롯데시네마 건대입구,2026-09-06 19:00:00,2026-09-06 22:00:00
4757,스포츠,광진구 체육관,2026-09-06 22:00:00,2026-09-07 00:00:00
4758,식사,한강 뚝섬 피크닉존 카페,2026-09-07 08:00:00,2026-09-07 10:00:00
4759,운동,광진구 등산 코스,2026-09-07 10:00:00,2026-09-07 14:00:00
4760,운동,한강 자전거 대여소,2026-09-07 14:00:00,2026-09-07 16:00:00
4761,운동,서울숲 조깅 트랙,2026-09-07 16:00:00,2026-09-07 17:00:00
4762,공부,광진구 기타 장소,2026-09-07 17:00:00,2026-09-07 19:00:00
4763,운동,광진구 등산 코스,2026-09-07 19:00:00,2026-09-07 21:00:00
4764,공부,광진구 기타 장소,2026-09-07 21:00:00,2026-09-07 23:00:00
4765,운동,한강 공원,2026-09-07 23:00:00,2026-09-08 00:00:00
4766,스포츠,한강공원 축구장,2026-09-07 22:00:00,2026-09-07 23:00:00
4767,식사,광장시장 맛집,2026-09-08 08:00:00,2026-09-08 10:00:00
4768,관람,건대 커뮤니티 아트센터,2026-09-08 10:00:00,2026-09-08 11:00:00
4769,관람,어린이대공원 공연장,2026-09-08 11:00:00,2026-09-08 13:00:00
4770,스포츠,어린이대공원 운동장,2026-09-08 13:00:00,2026-09-08 15:00:00
4771,스포츠,광진구 요가 스튜디오,2026-09-08 15:00:00,2026-09-08 18:00:00
4772,식사,한강 뚝섬 피크닉존 카페,2026-09-08 18:00:00,2026-09-08 20:00:00
4773,실내활동,광진구 기타 장소,2026-09-08 20:00:00,2026-09-08 22:00:00
4774,스포츠,어린이대공원 운동장,2026-09-08 22:00:00,2026-09-09 00:00:00
4775,식사,광진구 한식당,2026-09-09 08:00:00,2026-09-09 10:00:00
4776,공원,광진구 기타 장소,2026-09-09 10:00:00,2026-09-09 14:00:00
4777,실내활동,광진구 기타 장소,2026-09-09 14:00:00,2026-09-09 16:00:00
4778,공부,광진구 기타 장소,2026-09-09 16:00:00,2026-09-09 19:00:00
4779,공부,광진구 기타 장소,2026-09-09 19:00:00,2026-09-09 22:00:00
4780,공부,광진구 기타 장소,2026-09-09 22:00:00,2026-09-10 00:00:00
4781,식사,세종대 부근 맛집,2026-09-10 08:00:00,2026-09-10 10:00:00
4782,운동,건대 헬스장,2026-09-10 10:00:00,2026-09-10 13:00:00
4783,운동,한강 공원,2026-09-10 13:00:00,2026-09-10 14:00:00
4784,운동,건대 헬스장,2026-09-10 14:00:00,2026-09-10 18:00:00
4785,식사,세종대 부근 맛집,2026-09-10 18:00:00,2026-09-10 20:00:00
4786,운동,한강 자전거 대여소,2026-09-10 20:00:00,2026-09-11 00:00:00
4787,스포츠,세종대 실내 체육관,2026-09-10 22:00:00,2026-09-10 23:00:00
4788,공원,광진구 기타 장소,2026-09-10 22:00:00,2026-09-10 23:00:00
4789,식사,뚝섬 수변 카페,2026-09-11 08:00:00,2026-09-11 10:00:00
4790,관람,광진문화예술회관,2026-09-11 10:00:00,2026-09-11 14:00:00
4791,실내활동,광진구 기타 장소,2026-09-11 14:00:00,2026-09-11 17:00:00
4792,공부,광진구 기타 장소,2026-09-11 17:00:00,2026-09-11 19:00:00
4793,공부,광진구 기타 장소,2026-09-11 19:00:00,2026-09-11 22:00:00
4794,관람,광진구 시립극장,2026-09-11 22:00:00,2026-09-11 23:00:00
4795,공부,광진구 기타 장소,2026-09-11 23:00:00,2026-09-12 00:00:00
4796,식사,건대입구 전통시장,2026-09-12 08:00:00,2026-09-12 10:00:00
4797,공원,광진구 기타 장소,2026-09-12 10:00:00,2026-09-12 14:00:00
4798,실내활동,광진구 기타 장소,2026-09-12 14:00:00,2026-09-12 16:00:00
4799,공원,광진구 기타 장소,2026-09-12 16:00:00,2026-09-12 20:00:00
4800,운동,건대 스포츠 클럽,2026-09-12 20:00:00,2026-09-12 21:00:00
4801,실내활동,광진구 기타 장소,2026-09-12 21:00:00,2026-09-13 00:00:00
4802,식사,건대입구 전통시장,2026-09-13 08:00:00,2026-09-13 10:00:00
4803,스포츠,광진구 요가 스튜디오,2026-09-13 10:00:00,2026-09-13 11:00:00
4804,운동,서울숲 조깅 트랙,2026-09-13 11:00:00,2026-09-13 12:00:00
4805,식사,건대입구 전통시장,2026-09-13 12:00:00,2026-09-13 14:00:00
4806,관람,건국대학교 박물관,2026-09-13 14:00:00,2026-09-13 15:00:00
4807,운동,건대 헬스장,2026-09-13 15:00:00,2026-09-13 18:00:00
4808,식사,건대 버거 레스토랑,2026-09-13 18:00:00,2026-09-13 20:00:00
4809,관람,광진문화예술회관,2026-09-13 20:00:00,2026-09-14 00:00:00
4810,식사,건대입구 음식점,2026-09-14 08:00:00,2026-09-14 10:00:00
4811,스포츠,서울숲 스케이트장,2026-09-14 10:00:00,2026-09-14 13:00:00
4812,스포츠,광진구 요가 스튜디오,2026-09-14 13:00:00,2026-09-14 15:00:00
4813,스포츠,광진구 요가 스튜디오,2026-09-14 15:00:00,2026-09-14 16:00:00
4814,운동,광진구 공원 체력단련장,2026-09-14 16:00:00,2026-09-14 17:00:00
4815,공부,광진구 기타 장소,2026-09-14 17:00:00,2026-09-14 19:00:00
4816,스포츠,광진구 배드민턴장,2026-09-14 19:00:00,2026-09-14 22:00:00
4817,운동,건대 스포츠 클럽,2026-09-14 22:00:00,2026-09-14 23:00:00
4818,운동,광진구 등산 코스,2026-09-14 23:00:00,2026-09-15 00:00:00
4819,식사,세종대 부근 맛집,2026-09-15 08:00:00,2026-09-15 10:00:00
4820,실내활동,광진구 기타 장소,2026-09-15 10:00:00,2026-09-15 12:00:00
4821,식사,광진구 한식당,2026-09-15 12:00:00,2026-09-15 14:00:00
4822,스포츠,세종대 실내 체육관,2026-09-15 14:00:00,2026-09-15 18:00:00
4823,식사,건대 버거 레스토랑,2026-09-15 18:00:00,2026-09-15 20:00:00
4824,실내활동,광진구 기타 장소,2026-09-15 20:00:00,2026-09-15 23:00:00
4825,관람,롯데시네마 건대입구,2026-09-15 23:00:00,2026-09-16 00:00:00
4826,식사,건대입구 전통시장,2026-09-16 08:00:00,2026-09-16 10:00:00
4827,공원,광진구 기타 장소,2026-09-16 10:00:00,2026-09-16 11:00:00
4828,공부,광진구 기타 장소,2026-09-16 11:00:00,2026-09-16 12:00:00
4829,식사,세종대 부근 맛집,2026-09-16 12:00:00,2026-09-16 14:00:00
4830,실내활동,광진구 기타 장소,2026-09-16 14:00:00,2026-09-16 18:00:00
4831,식사,건대입구 음식점,2026-09-16 18:00:00,2026-09-16 20:00:00
4832,공원,광진구 기타 장소,2026-09-16 20:00:00,2026-09-16 21:00:00
4833,실내활동,광진구 기타 장소,2026-09-16 21:00:00,2026-09-16 22:00:00
4834,공부,광진구 기타 장소,2026-09-16 22:00:00,2026-09-16 23:00:00
4835,공부,광진구 기타 장소,2026-09-16 23:00:00,2026-09-17 00:00:00
4836,식사,어린이대공원 근처 레스토랑,2026-09-17 08:00:00,2026-09-17 10:00:00
4837,공원,광진구 기타 장소,2026-09-17 10:00:00,2026-09-17 11:00:00
4838,공원,광진구 기타 장소,2026-09-17 11:00:00,2026-09-17 15:00:00
4839,스포츠,광진구 배드민턴장,2026-09-17 15:00:00,2026-09-17 18:00:00
4840,식사,스타시티 푸드코트,2026-09-17 18:00:00,2026-09-17 20:00:00
4841,공원,광진구 기타 장소,2026-09-17 20:00:00,2026-09-17 21:00:00
4842,운동,뚝섬 유원지 요가 센터,2026-09-17 21:00:00,2026-09-17 22:00:00
4843,스포츠,광진구 요가 스튜디오,2026-09-17 22:00:00,2026-09-18 00:00:00
4844,식사,건대 버거 레스토랑,2026-09-18 08:00:00,2026-09-18 10:00:00
4845,관람,광진구 시립극장,2026-09-18 10:00:00,2026-09-18 14:00:00
4846,관람,한강 뚝섬 예술극장,2026-09-18 14:00:00,2026-09-18 15:00:00
4847,관람,광진문화예술회관,2026-09-18 15:00:00,2026-09-18 16:00:00
4848,실내활동,광진구 기타 장소,2026-09-18 16:00:00,2026-09-18 18:00:00
4849,식사,광진구 한식당,2026-09-18 18:00:00,2026-09-18 20:00:00
4850,실내활동,광진구 기타 장소,2026-09-18 20:00:00,2026-09-18 23:00:00
4851,실내활동,광진구 기타 장소,2026-09-18 23:00:00,2026-09-19 00:00:00
4852,공부,광진구 기타 장소,2026-09-18 22:00:00,2026-09-18 23:00:00
4853,식사,세종대 부근 맛집,2026-09-19 08:00:00,2026-09-19 10:00:00
4854,운동,광진구 공원 체력단련장,2026-09-19 10:00:00,2026-09-19 12:00:00
4855,식사,세종대 부근 맛집,2026-09-19 12:00:00,2026-09-19 14:00:00
4856,운동,광진구 등산 코스,2026-09-19 14:00:00,2026-09-19 16:00:00
4857,실내활동,광진구 기타 장소,2026-09-19 16:00:00,2026-09-19 20:00:00
4858,운동,뚝섬 한강 수영장,2026-09-19 20:00:00,2026-09-20 00:00:00
4859,공원,광진구 기타 장소,2026-09-19 22:00:00,2026-09-19 23:00:00
4860,식사,광진구 한식당,2026-09-20 08:00:00,2026-09-20 10:00:00
4861,운동,한강 공원,2026-09-20 10:00:00,2026-09-20 11:00:00
4862,스포츠,건대 헬스장,2026-09-20 11:00:00,2026-09-20 12:00:00
4863,식사,스타시티 푸드코트,2026-09-20 12:00:00,2026-09-20 14:00:00
4864,스포츠,어린이대공원 운동장,2026-09-20 14:00:00,2026-09-20 18:00:00
4865,식사,뚝섬 수변 카페,2026-09-20 18:00:00,2026-09-20 20:00:00
4866,운동,광진구 등산 코스,2026-09-20 20:00:00,2026-09-21 00:00:00
4867,관람,건대 메가박스,2026-09-20 22:00:00,2026-09-20 23:00:00
4868,식사,세종대 부근 맛집,2026-09-21 08:00:00,2026-09-21 10:00:00
4869,공부,광진구 기타 장소,2026-09-21 10:00:00,2026-09-21 11:00:00
4870,운동,건대 헬스장,2026-09-21 11:00:00,2026-09-21 13:00:00
4871,운동,서울숲 조깅 트랙,2026-09-21 13:00:00,2026-09-21 17:00:00
4872,스포츠,한강공원 축구장,2026-09-21 17:00:00,2026-09-21 18:00:00
4873,식사,한강 뚝섬 피크닉존 카페,2026-09-21 18:00:00,2026-09-21 20:00:00
4874,스포츠,서울숲 테니스장,2026-09-21 20:00:00,2026-09-22 00:00:00
4875,식사,세종대 부근 맛집,2026-09-22 08:00:00,2026-09-22 10:00:00
4876,실내활동,광진구 기타 장소,2026-09-22 10:00:00,2026-09-22 13:00:00
4877,관람,서울숲 갤러리,2026-09-22 13:00:00,2026-09-22 15:00:00
4878,관람,건대 메가박스,2026-09-22 15:00:00,2026-09-22 19:00:00
4879,스포츠,어린이대공원 운동장,2026-09-22 19:00:00,2026-09-22 21:00:00
4880,실내활동,광진구 기타 장소,2026-09-22 21:00:00,2026-09-23 00:00:00
4881,식사,세종대 부근 맛집,2026-09-23 08:00:00,2026-09-23 10:00:00
4882,공원,광진구 기타 장소,2026-09-23 10:00:00,2026-09-23 14:00:00
4883,공원,광진구 기타 장소,2026-09-23 14:00:00,2026-09-23 16:00:00
4884,공원,광진구 기타 장소,2026-09-23 16:00:00,2026-09-23 17:00:00
4885,실내활동,광진구 기타 장소,2026-09-23 17:00:00,2026-09-23 18:00:00
4886,식사,어린이대공원 근처 레스토랑,2026-09-23 18:00:00,2026-09-23 20:00:00
4887,실내활동,광진구 기타 장소,2026-09-23 20:00:00,2026-09-24 00:00:00
4888,공부,광진구 기타 장소,2026-09-23 22:00:00,2026-09-23 23:00:00
4889,식사,건대입구 음식점,2026-09-24 08:00:00,2026-09-24 10:00:00
4890,공원,광진구 기타 장소,2026-09-24 10:00:00,2026-09-24 11:00:00
4891,운동,어린이대공원 실내 체육관,2026-09-24 11:00:00,2026-09-24 14:00:00
4892,공원,광진구 기타 장소,2026-09-24 14:00:00,2026-09-24 15:00:00
4893,운동,건대 스포츠 클럽,2026-09-24 15:00:00,2026-09-24 18:00:00
4894,식사,광장시장 맛집,2026-09-24 18:00:00,2026-09-24 20:00:00
4895,스포츠,어린이대공원 운동장,2026-09-24 20:00:00,2026-09-24 23:00:00
4896,스포츠,광진구 체육관,2026-09-24 23:00:00,2026-09-25 00:00:00
4897,식사,광장시장 맛집,2026-09-25 08:00:00,2026-09-25 10:00:00
4898,실내활동,광진구 기타 장소,2026-09-25 10:00:00,2026-09-25 11:00:00
4899,공부,광진구 기타 장소,2026-09-25 11:00:00,2026-09-25 13:00:00
4900,관람,한강 뚝섬 예술극장,2026-09-25 13:00:00,2026-09-25 14:00:00
4901,실내활동,광진구 기타 장소,2026-09-25 14:00:00,2026-09-25 16:00:00
4902,관람,한강 뚝섬 예술극장,2026-09-25 16:00:00,2026-09-25 18:00:00
4903,식사,스타시티 푸드코트,2026-09-25 18:00:00,2026-09-25 20:00:00
4904,실내활동,광진구 기타 장소,2026-09-25 20:00:00,2026-09-25 23:00:00
4905,실내활동,광진구 기타 장소,2026-09-25 23:00:00,2026-09-26 00:00:00
4906,식사,건대입구 음식점,2026-09-26 08:00:00,2026-09-26 10:00:00
4907,공원,광진구 기타 장소,2026-09-26 10:00:00,2026-09-26 14:00:00
4908,실내활동,광진구 기타 장소,2026-09-26 14:00:00,2026-09-26 16:00:00
4909,실내활동,광진구 기타 장소,2026-09-26 16:00:00,2026-09-26 19:00:00
4910,공원,광진구 기타 장소,2026-09-26 19:00:00,2026-09-26 22:00:00
4911,실내활동,광진구 기타 장소,2026-09-26 22:00:00,2026-09-26 23:00:00
4912,공원,광진구 기타 장소,2026-09-26 23:00:00,2026-09-27 00:00:00
4913,운동,어린이대공원 실내 체육관,2026-09-26 22:00:00,2026-09-26 23:00:00
4914,식사,광장시장 맛집,2026-09-27 08:00:00,2026-09-27 10:00:00
4915,스포츠,서울숲 스케이트장,2026-09-27 10:00:00,2026-09-27 14:00:00
4916,관람,어린이대공원 공연장,2026-09-27 14:00:00,2026-09-27 16:00:00
4917,스포츠,광진구 배드민턴장,2026-09-27 16:00:00,2026-09-27 19:00:00
4918,스포츠,뚝섬 런닝코스,2026-09-27 19:00:00,2026-09-27 22:00:00
4919,스포츠,어린이대공원 운동장,2026-09-27 22:00:00,2026-09-28 00:00:00
4920,운동,광진구 공원 체력단련장,2026-09-27 22:00:00,2026-09-27 23:00:00
4921,식사,광장시장 맛집,2026-09-28 08:00:00,2026-09-28 10:00:00
4922,운동,뚝섬 유원지 요가 센터,2026-09-28 10:00:00,2026-09-28 13:00:00
4923,공부,광진구 기타 장소,2026-09-28 13:00:00,2026-09-28 14:00:00
4924,스포츠,세종대 실내 체육관,2026-09-28 14:00:00,2026-09-28 18:00:00
4925,식사,스타시티 푸드코트,2026-09-28 18:00:00,2026-09-28 20:00:00
4926,스포츠,광진구 체육관,2026-09-28 20:00:00,2026-09-28 23:00:00
4927,운동,뚝섬 한강 수영장,2026-09-28 23:00:00,2026-09-29 00:00:00
4928,식사,세종대 부근 맛집,2026-09-29 08:00:00,2026-09-29 10:00:00
4929,스포츠,광진구 체육관,2026-09-29 10:00:00,2026-09-29 12:00:00
4930,식사,건대 버거 레스토랑,2026-09-29 12:00:00,2026-09-29 14:00:00
4931,스포츠,광진구 배드민턴장,2026-09-29 14:00:00,2026-09-29 18:00:00
4932,식사,스타시티 푸드코트,2026-09-29 18:00:00,2026-09-29 20:00:00
4933,실내활동,광진구 기타 장소,2026-09-29 20:00:00,2026-09-30 00:00:00
4934,관람,건국대학교 박물관,2026-09-29 22:00:00,2026-09-29 23:00:00
4935,식사,건대입구 음식점,2026-09-30 08:00:00,2026-09-30 10:00:00
4936,공부,광진구 기타 장소,2026-09-30 10:00:00,2026-09-30 13:00:00
4937,실내활동,광진구 기타 장소,2026-09-30 13:00:00,2026-09-30 14:00:00
4938,실내활동,광진구 기타 장소,2026-09-30 14:00:00,2026-09-30 16:00:00
4939,실내활동,광진구 기타 장소,2026-09-30 16:00:00,2026-09-30 20:00:00
4940,공원,광진구 기타 장소,2026-09-30 20:00:00,2026-09-30 21:00:00
4941,공부,광진구 기타 장소,2026-09-30 21:00:00,2026-09-30 23:00:00
4942,실내활동,광진구 기타 장소,2026-09-30 23:00:00,2026-10-01 00:00:00
4943,식사,스타시티 푸드코트,2026-10-01 08:00:00,2026-10-01 10:00:00
4944,공원,광진구 기타 장소,2026-10-01 10:00:00,2026-10-01 11:00:00
4945,공원,광진구 기타 장소,2026-10-01 11:00:00,2026-10-01 15:00:00
4946,운동,건대 헬스장,2026-10-01 15:00:00,2026-10-01 18:00:00
4947,식사,건대입구 전통시장,2026-10-01 18:00:00,2026-10-01 20:00:00
4948,스포츠,건대 헬스장,2026-10-01 20:00:00,2026-10-01 21:00:00
4949,운동,뚝섬 한강 수영장,2026-10-01 21:00:00,2026-10-02 00:00:00
4950,식사,어린이대공원 근처 레스토랑,2026-10-02 08:00:00,2026-10-02 10:00:00
4951,관람,건대 커뮤니티 아트센터,2026-10-02 10:00:00,2026-10-02 14:00:00
4952,실내활동,광진구 기타 장소,2026-10-02 14:00:00,2026-10-02 17:00:00
4953,관람,건대 커뮤니티 아트센터,2026-10-02 17:00:00,2026-10-02 19:00:00
4954,실내활동,광진구 기타 장소,2026-10-02 19:00:00,2026-10-02 20:00:00
4955,실내활동,광진구 기타 장소,2026-10-02 20:00:00,2026-10-02 23:00:00
4956,관람,롯데시네마 건대입구,2026-10-02 23:00:00,2026-10-03 00:00:00
4957,공부,광진구 기타 장소,2026-10-02 22:00:00,2026-10-02 23:00:00
4958,식사,스타시티 푸드코트,2026-10-03 08:00:00,2026-10-03 10:00:00
4959,운동,광진구 등산 코스,2026-10-03 10:00:00,2026-10-03 14:00:00
4960,실내활동,광진구 기타 장소,2026-10-03 14:00:00,2026-10-03 16:00:00
4961,운동,어린이대공원 실내 체육관,2026-10-03 16:00:00,2026-10-03 20:00:00
4962,공원,광진구 기타 장소,2026-10-03 20:00:00,2026-10-04 00:00:00
4963,식사,어린이대공원 근처 레스토랑,2026-10-04 08:00:00,2026-10-04 10:00:00
4964,스포츠,세종대 실내 체육관,2026-10-04 10:00:00,2026-10-04 14:00:00
4965,관람,광진문화예술회관,2026-10-04 14:00:00,2026-10-04 17:00:00
4966,관람,한강 뚝섬 예술극장,2026-10-04 17:00:00,2026-10-04 19:00:00
4967,운동,건대 스포츠 클럽,2026-10-04 19:00:00,2026-10-04 22:00:00
4968,운동,서울숲 조깅 트랙,2026-10-04 22:00:00,2026-10-05 00:00:00
4969,식사,건대 버거 레스토랑,2026-10-05 08:00:00,2026-10-05 10:00:00
4970,스포츠,어린이대공원 운동장,2026-10-05 10:00:00,2026-10-05 14:00:00
4971,공부,광진구 기타 장소,2026-10-05 14:00:00,2026-10-05 16:00:00
4972,운동,한강 자전거 대여소,2026-10-05 16:00:00,2026-10-05 18:00:00
4973,식사,어린이대공원 근처 레스토랑,2026-10-05 18:00:00,2026-10-05 20:00:00
4974,운동,뚝섬 한강 수영장,2026-10-05 20:00:00,2026-10-06 00:00:00
4975,식사,광장시장 맛집,2026-10-06 08:00:00,2026-10-06 10:00:00
4976,실내활동,광진구 기타 장소,2026-10-06 10:00:00,2026-10-06 13:00:00
4977,실내활동,광진구 기타 장소,2026-10-06 13:00:00,2026-10-06 16:00:00
4978,관람,건대 메가박스,2026-10-06 16:00:00,2026-10-06 19:00:00
4979,스포츠,광진구 체육관,2026-10-06 19:00:00,2026-10-06 21:00:00
4980,관람,건국대학교 박물관,2026-10-06 21:00:00,2026-10-07 00:00:00
4981,식사,한강 뚝섬 피크닉존 카페,2026-10-07 08:00:00,2026-10-07 10:00:00
4982,공부,광진구 기타 장소,2026-10-07 10:00:00,2026-10-07 11:00:00
4983,공원,광진구 기타 장소,2026-10-07 11:00:00,2026-10-07 14:00:00
4984,실내활동,광진구 기타 장소,2026-10-07 14:00:00,2026-10-07 17:00:00
4985,공원,광진구 기타 장소,2026-10-07 17:00:00,2026-10-07 21:00:00
4986,실내활동,광진구 기타 장소,2026-10-07 21:00:00,2026-10-07 22:00:00
4987,실내활동,광진구 기타 장소,2026-10-07 22:00:00,2026-10-08 00:00:00
4988,식사,건대입구 음식점,2026-10-08 08:00:00,2026-10-08 10:00:00
4989,공원,광진구 기타 장소,2026-10-08 10:00:00,2026-10-08 11:00:00
4990,공원,광진구 기타 장소,2026-10-08 11:00:00,2026-10-08 15:00:00
4991,운동,뚝섬 유원지 요가 센터,2026-10-08 15:00:00,2026-10-08 17:00:00
4992,운동,광진구 공원 체력단련장,2026-10-08 17:00:00,2026-10-08 18:00:00
4993,식사,광진구 한식당,2026-10-08 18:00:00,2026-10-08 20:00:00
4994,공원,광진구 기타 장소,2026-10-08 20:00:00,2026-10-09 00:00:00
4995,스포츠,뚝섬 런닝코스,2026-10-08 22:00:00,2026-10-08 23:00:00
4996,식사,한강 뚝섬 피크닉존 카페,2026-10-09 08:00:00,2026-10-09 10:00:00
4997,공부,광진구 기타 장소,2026-10-09 10:00:00,2026-10-09 14:00:00
4998,관람,건대 메가박스,2026-10-09 14:00:00,2026-10-09 15:00:00
4999,공부,광진구 기타 장소,2026-10-09 15:00:00,2026-10-09 16:00:00
5000,공부,광진구 기타 장소,2026-10-09 16:00:00,2026-10-09 19:00:00
5001,공부,광진구 기타 장소,2026-10-09 19:00:00,2026-10-09 20:00:00
5002,관람,서울숲 갤러리,2026-10-09 20:00:00,2026-10-09 22:00:00
5003,공부,광진구 기타 장소,2026-10-09 22:00:00,2026-10-10 00:00:00
5004,실내활동,광진구 기타 장소,2026-10-09 22:00:00,2026-10-09 23:00:00
5005,식사,뚝섬 수변 카페,2026-10-10 08:00:00,2026-10-10 10:00:00
5006,운동,건대 헬스장,2026-10-10 10:00:00,2026-10-10 11:00:00
5007,운동,한강 자전거 대여소,2026-10-10 11:00:00,2026-10-10 12:00:00
5008,식사,한강 뚝섬 피크닉존 카페,2026-10-10 12:00:00,2026-10-10 14:00:00
5009,공원,광진구 기타 장소,2026-10-10 14:00:00,2026-10-10 15:00:00
5010,운동,한강 자전거 대여소,2026-10-10 15:00:00,2026-10-10 16:00:00
5011,운동,건대 헬스장,2026-10-10 16:00:00,2026-10-10 19:00:00
5012,공원,광진구 기타 장소,2026-10-10 19:00:00,2026-10-10 21:00:00
5013,운동,건대 헬스장,2026-10-10 21:00:00,2026-10-10 23:00:00
5014,공원,광진구 기타 장소,2026-10-10 23:00:00,2026-10-11 00:00:00
5015,실내활동,광진구 기타 장소,2026-10-10 22:00:00,2026-10-10 23:00:00
5016,식사,한강 뚝섬 피크닉존 카페,2026-10-11 08:00:00,2026-10-11 10:00:00
5017,운동,건대 헬스장,2026-10-11 10:00:00,2026-10-11 13:00:00
5018,운동,어린이대공원 실내 체육관,2026-10-11 13:00:00,2026-10-11 15:00:00
5019,스포츠,한강공원 축구장,2026-10-11 15:00:00,2026-10-11 19:00:00
5020,관람,건대 커뮤니티 아트센터,2026-10-11 19:00:00,2026-10-11 23:00:00
5021,운동,어린이대공원 실내 체육관,2026-10-11 23:00:00,2026-10-12 00:00:00
5022,식사,건대 버거 레스토랑,2026-10-12 08:00:00,2026-10-12 10:00:00
5023,스포츠,뚝섬 런닝코스,2026-10-12 10:00:00,2026-10-12 14:00:00
5024,공부,광진구 기타 장소,2026-10-12 14:00:00,2026-10-12 18:00:00
5025,식사,한강 뚝섬 피크닉존 카페,2026-10-12 18:00:00,2026-10-12 20:00:00
5026,스포츠,한강공원 축구장,2026-10-12 20:00:00,2026-10-13 00:00:00
5027,운동,서울숲 조깅 트랙,2026-10-12 22:00:00,2026-10-12 23:00:00
5028,식사,건대입구 전통시장,2026-10-13 08:00:00,2026-10-13 10:00:00
5029,스포츠,서울숲 스케이트장,2026-10-13 10:00:00,2026-10-13 12:00:00
5030,식사,광진구 한식당,2026-10-13 12:00:00,2026-10-13 14:00:00
5031,실내활동,광진구 기타 장소,2026-10-13 14:00:00,2026-10-13 18:00:00
5032,식사,한강 뚝섬 피크닉존 카페,2026-10-13 18:00:00,2026-10-13 20:00:00
5033,관람,서울숲 갤러리,2026-10-13 20:00:00,2026-10-13 21:00:00
5034,실내활동,광진구 기타 장소,2026-10-13 21:00:00,2026-10-14 00:00:00
5035,식사,광장시장 맛집,2026-10-14 08:00:00,2026-10-14 10:00:00
5036,실내활동,광진구 기타 장소,2026-10-14 10:00:00,2026-10-14 13:00:00
5037,실내활동,광진구 기타 장소,2026-10-14 13:00:00,2026-10-14 15:00:00
5038,공원,광진구 기타 장소,2026-10-14 15:00:00,2026-10-14 17:00:00
5039,공부,광진구 기타 장소,2026-10-14 17:00:00,2026-10-14 19:00:00
5040,공원,광진구 기타 장소,2026-10-14 19:00:00,2026-10-14 23:00:00
5041,공원,광진구 기타 장소,2026-10-14 23:00:00,2026-10-15 00:00:00
5042,식사,광장시장 맛집,2026-10-15 08:00:00,2026-10-15 10:00:00
5043,스포츠,건대 헬스장,2026-10-15 10:00:00,2026-10-15 13:00:00
5044,스포츠,광진구 요가 스튜디오,2026-10-15 13:00:00,2026-10-15 15:00:00
5045,공원,광진구 기타 장소,2026-10-15 15:00:00,2026-10-15 19:00:00
5046,스포츠,서울숲 스케이트장,2026-10-15 19:00:00,2026-10-15 21:00:00
5047,공원,광진구 기타 장소,2026-10-15 21:00:00,2026-10-16 00:00:00
5048,운동,뚝섬 유원지 요가 센터,2026-10-15 22:00:00,2026-10-15 23:00:00
5049,식사,건대 버거 레스토랑,2026-10-16 08:00:00,2026-10-16 10:00:00
5050,공부,광진구 기타 장소,2026-10-16 10:00:00,2026-10-16 11:00:00
5051,공부,광진구 기타 장소,2026-10-16 11:00:00,2026-10-16 14:00:00
5052,관람,어린이대공원 공연장,2026-10-16 14:00:00,2026-10-16 16:00:00
5053,실내활동,광진구 기타 장소,2026-10-16 16:00:00,2026-10-16 20:00:00
5054,관람,광진구 시립극장,2026-10-16 20:00:00,2026-10-17 00:00:00
5055,식사,스타시티 푸드코트,2026-10-17 08:00:00,2026-10-17 10:00:00
5056,공원,광진구 기타 장소,2026-10-17 10:00:00,2026-10-17 14:00:00
5057,공원,광진구 기타 장소,2026-10-17 14:00:00,2026-10-17 18:00:00
5058,식사,건대 버거 레스토랑,2026-10-17 18:00:00,2026-10-17 20:00:00
5059,실내활동,광진구 기타 장소,2026-10-17 20:00:00,2026-10-18 00:00:00
5060,운동,한강 자전거 대여소,2026-10-17 22:00:00,2026-10-17 23:00:00
5061,식사,건대입구 전통시장,2026-10-18 08:00:00,2026-10-18 10:00:00
5062,관람,건대 커뮤니티 아트센터,2026-10-18 10:00:00,2026-10-18 11:00:00
5063,관람,한강 뚝섬 예술극장,2026-10-18 11:00:00,2026-10-18 12:00:00
5064,식사,어린이대공원 근처 레스토랑,2026-10-18 12:00:00,2026-10-18 14:00:00
5065,운동,건대 헬스장,2026-10-18 14:00:00,2026-10-18 18:00:00
5066,식사,광진구 한식당,2026-10-18 18:00:00,2026-10-18 20:00:00
5067,스포츠,한강공원 축구장,2026-10-18 20:00:00,2026-10-18 21:00:00
5068,관람,광진문화예술회관,2026-10-18 21:00:00,2026-10-19 00:00:00
5069,식사,세종대 부근 맛집,2026-10-19 08:00:00,2026-10-19 10:00:00
5070,스포츠,광진구 요가 스튜디오,2026-10-19 10:00:00,2026-10-19 13:00:00
5071,스포츠,뚝섬 런닝코스,2026-10-19 13:00:00,2026-10-19 17:00:00
5072,운동,서울숲 조깅 트랙,2026-10-19 17:00:00,2026-10-19 18:00:00
5073,식사,건대입구 음식점,2026-10-19 18:00:00,2026-10-19 20:00:00
5074,공부,광진구 기타 장소,2026-10-19 20:00:00,2026-10-20 00:00:00
5075,식사,스타시티 푸드코트,2026-10-20 08:00:00,2026-10-20 10:00:00
5076,실내활동,광진구 기타 장소,2026-10-20 10:00:00,2026-10-20 11:00:00
5077,실내활동,광진구 기타 장소,2026-10-20 11:00:00,2026-10-20 15:00:00
5078,스포츠,건대 헬스장,2026-10-20 15:00:00,2026-10-20 17:00:00
5079,실내활동,광진구 기타 장소,2026-10-20 17:00:00,2026-10-20 20:00:00
5080,관람,서울숲 갤러리,2026-10-20 20:00:00,2026-10-20 21:00:00
5081,실내활동,광진구 기타 장소,2026-10-20 21:00:00,2026-10-21 00:00:00
5082,식사,한강 뚝섬 피크닉존 카페,2026-10-21 08:00:00,2026-10-21 10:00:00
5083,공원,광진구 기타 장소,2026-10-21 10:00:00,2026-10-21 12:00:00
5084,식사,건대 버거 레스토랑,2026-10-21 12:00:00,2026-10-21 14:00:00
5085,실내활동,광진구 기타 장소,2026-10-21 14:00:00,2026-10-21 17:00:00
5086,공원,광진구 기타 장소,2026-10-21 17:00:00,2026-10-21 20:00:00
5087,공부,광진구 기타 장소,2026-10-21 20:00:00,2026-10-22 00:00:00
5088,식사,한강 뚝섬 피크닉존 카페,2026-10-22 08:00:00,2026-10-22 10:00:00
5089,공원,광진구 기타 장소,2026-10-22 10:00:00,2026-10-22 14:00:00
5090,공원,광진구 기타 장소,2026-10-22 14:00:00,2026-10-22 17:00:00
5091,운동,한강 자전거 대여소,2026-10-22 17:00:00,2026-10-22 18:00:00
5092,식사,세종대 부근 맛집,2026-10-22 18:00:00,2026-10-22 20:00:00
5093,공원,광진구 기타 장소,2026-10-22 20:00:00,2026-10-22 23:00:00
5094,공원,광진구 기타 장소,2026-10-22 23:00:00,2026-10-23 00:00:00
5095,스포츠,어린이대공원 운동장,2026-10-22 22:00:00,2026-10-22 23:00:00
5096,식사,건대입구 전통시장,2026-10-23 08:00:00,2026-10-23 10:00:00
5097,공부,광진구 기타 장소,2026-10-23 10:00:00,2026-10-23 12:00:00
5098,식사,건대입구 음식점,2026-10-23 12:00:00,2026-10-23 14:00:00
5099,실내활동,광진구 기타 장소,2026-10-23 14:00:00,2026-10-23 15:00:00
5100,공부,광진구 기타 장소,2026-10-23 15:00:00,2026-10-23 16:00:00
5101,공부,광진구 기타 장소,2026-10-23 16:00:00,2026-10-23 19:00:00
5102,공부,광진구 기타 장소,2026-10-23 19:00:00,2026-10-23 21:00:00
5103,관람,건국대학교 박물관,2026-10-23 21:00:00,2026-10-24 00:00:00
5104,식사,뚝섬 수변 카페,2026-10-24 08:00:00,2026-10-24 10:00:00
5105,운동,서울숲 조깅 트랙,2026-10-24 10:00:00,2026-10-24 14:00:00
5106,운동,광진구 공원 체력단련장,2026-10-24 14:00:00,2026-10-24 18:00:00
5107,식사,건대입구 전통시장,2026-10-24 18:00:00,2026-10-24 20:00:00
5108,공원,광진구 기타 장소,2026-10-24 20:00:00,2026-10-24 21:00:00
5109,공원,광진구 기타 장소,2026-10-24 21:00:00,2026-10-25 00:00:00
5110,실내활동,광진구 기타 장소,2026-10-24 22:00:00,2026-10-24 23:00:00
5111,식사,어린이대공원 근처 레스토랑,2026-10-25 08:00:00,2026-10-25 10:00:00
5112,운동,뚝섬 유원지 요가 센터,2026-10-25 10:00:00,2026-10-25 13:00:00
5113,스포츠,광진구 체육관,2026-10-25 13:00:00,2026-10-25 16:00:00
5114,스포츠,광진구 체육관,2026-10-25 16:00:00,2026-10-25 17:00:00
5115,운동,뚝섬 유원지 요가 센터,2026-10-25 17:00:00,2026-10-25 18:00:00
5116,식사,광장시장 맛집,2026-10-25 18:00:00,2026-10-25 20:00:00
5117,스포츠,광진구 체육관,2026-10-25 20:00:00,2026-10-25 21:00:00
5118,운동,뚝섬 한강 수영장,2026-10-25 21:00:00,2026-10-26 00:00:00
5119,관람,건국대학교 박물관,2026-10-25 22:00:00,2026-10-25 23:00:00
5120,식사,광장시장 맛집,2026-10-26 08:00:00,2026-10-26 10:00:00
5121,운동,광진구 등산 코스,2026-10-26 10:00:00,2026-10-26 12:00:00
5122,식사,광장시장 맛집,2026-10-26 12:00:00,2026-10-26 14:00:00
5123,공부,광진구 기타 장소,2026-10-26 14:00:00,2026-10-26 17:00:00
5124,스포츠,어린이대공원 운동장,2026-10-26 17:00:00,2026-10-26 19:00:00
5125,운동,뚝섬 유원지 요가 센터,2026-10-26 19:00:00,2026-10-26 22:00:00
5126,운동,한강 공원,2026-10-26 22:00:00,2026-10-27 00:00:00
5127,식사,건대입구 전통시장,2026-10-27 08:00:00,2026-10-27 10:00:00
5128,관람,롯데시네마 건대입구,2026-10-27 10:00:00,2026-10-27 14:00:00
5129,관람,건대 커뮤니티 아트센터,2026-10-27 14:00:00,2026-10-27 16:00:00
5130,스포츠,뚝섬 런닝코스,2026-10-27 16:00:00,2026-10-27 19:00:00
5131,관람,건대 메가박스,2026-10-27 19:00:00,2026-10-27 20:00:00
5132,실내활동,광진구 기타 장소,2026-10-27 20:00:00,2026-10-27 21:00:00
5133,관람,한강 뚝섬 예술극장,2026-10-27 21:00:00,2026-10-28 00:00:00
5134,식사,광진구 한식당,2026-10-28 08:00:00,2026-10-28 10:00:00
5135,공원,광진구 기타 장소,2026-10-28 10:00:00,2026-10-28 13:00:00
5136,실내활동,광진구 기타 장소,2026-10-28 13:00:00,2026-10-28 14:00:00
5137,공원,광진구 기타 장소,2026-10-28 14:00:00,2026-10-28 18:00:00
5138,식사,어린이대공원 근처 레스토랑,2026-10-28 18:00:00,2026-10-28 20:00:00
5139,공원,광진구 기타 장소,2026-10-28 20:00:00,2026-10-28 21:00:00
5140,실내활동,광진구 기타 장소,2026-10-28 21:00:00,2026-10-28 22:00:00
5141,공원,광진구 기타 장소,2026-10-28 22:00:00,2026-10-29 00:00:00
5142,공부,광진구 기타 장소,2026-10-28 22:00:00,2026-10-28 23:00:00
5143,식사,어린이대공원 근처 레스토랑,2026-10-29 08:00:00,2026-10-29 10:00:00
5144,공원,광진구 기타 장소,2026-10-29 10:00:00,2026-10-29 12:00:00
5145,식사,뚝섬 수변 카페,2026-10-29 12:00:00,2026-10-29 14:00:00
5146,공원,광진구 기타 장소,2026-10-29 14:00:00,2026-10-29 17:00:00
5147,운동,어린이대공원 실내 체육관,2026-10-29 17:00:00,2026-10-29 18:00:00
5148,식사,건대입구 전통시장,2026-10-29 18:00:00,2026-10-29 20:00:00
5149,스포츠,세종대 실내 체육관,2026-10-29 20:00:00,2026-10-30 00:00:00
5150,식사,건대 버거 레스토랑,2026-10-30 08:00:00,2026-10-30 10:00:00
5151,공부,광진구 기타 장소,2026-10-30 10:00:00,2026-10-30 12:00:00
5152,식사,세종대 부근 맛집,2026-10-30 12:00:00,2026-10-30 14:00:00
5153,공부,광진구 기타 장소,2026-10-30 14:00:00,2026-10-30 17:00:00
5154,공부,광진구 기타 장소,2026-10-30 17:00:00,2026-10-30 20:00:00
5155,관람,서울숲 갤러리,2026-10-30 20:00:00,2026-10-30 23:00:00
5156,관람,광진문화예술회관,2026-10-30 23:00:00,2026-10-31 00:00:00
5157,실내활동,광진구 기타 장소,2026-10-30 22:00:00,2026-10-30 23:00:00
5158,식사,한강 뚝섬 피크닉존 카페,2026-10-31 08:00:00,2026-10-31 10:00:00
5159,운동,광진구 공원 체력단련장,2026-10-31 10:00:00,2026-10-31 14:00:00
5160,실내활동,광진구 기타 장소,2026-10-31 14:00:00,2026-10-31 15:00:00
5161,실내활동,광진구 기타 장소,2026-10-31 15:00:00,2026-10-31 18:00:00
5162,식사,광진구 한식당,2026-10-31 18:00:00,2026-10-31 20:00:00
5163,운동,한강 자전거 대여소,2026-10-31 20:00:00,2026-10-31 21:00:00
5164,공원,광진구 기타 장소,2026-10-31 21:00:00,2026-11-01 00:00:00
5165,식사,한강 뚝섬 피크닉존 카페,2026-11-01 08:00:00,2026-11-01 10:00:00
5166,관람,서울숲 갤러리,2026-11-01 10:00:00,2026-11-01 14:00:00
5167,운동,뚝섬 유원지 요가 센터,2026-11-01 14:00:00,2026-11-01 15:00:00
5168,스포츠,서울숲 테니스장,2026-11-01 15:00:00,2026-11-01 18:00:00
5169,식사,건대입구 전통시장,2026-11-01 18:00:00,2026-11-01 20:00:00
5170,스포츠,광진구 배드민턴장,2026-11-01 20:00:00,2026-11-01 23:00:00
5171,스포츠,건대 헬스장,2026-11-01 23:00:00,2026-11-02 00:00:00
5172,식사,한강 뚝섬 피크닉존 카페,2026-11-02 08:00:00,2026-11-02 10:00:00
5173,운동,건대 헬스장,2026-11-02 10:00:00,2026-11-02 14:00:00
5174,운동,건대 헬스장,2026-11-02 14:00:00,2026-11-02 16:00:00
5175,운동,광진구 등산 코스,2026-11-02 16:00:00,2026-11-02 19:00:00
5176,운동,어린이대공원 실내 체육관,2026-11-02 19:00:00,2026-11-02 20:00:00
5177,스포츠,광진구 배드민턴장,2026-11-02 20:00:00,2026-11-02 23:00:00
5178,운동,광진구 등산 코스,2026-11-02 23:00:00,2026-11-03 00:00:00
5179,공부,광진구 기타 장소,2026-11-02 22:00:00,2026-11-02 23:00:00
5180,식사,건대입구 전통시장,2026-11-03 08:00:00,2026-11-03 10:00:00
5181,스포츠,광진구 배드민턴장,2026-11-03 10:00:00,2026-11-03 14:00:00
5182,스포츠,서울숲 스케이트장,2026-11-03 14:00:00,2026-11-03 15:00:00
5183,실내활동,광진구 기타 장소,2026-11-03 15:00:00,2026-11-03 19:00:00
5184,실내활동,광진구 기타 장소,2026-11-03 19:00:00,2026-11-03 21:00:00
5185,실내활동,광진구 기타 장소,2026-11-03 21:00:00,2026-11-03 23:00:00
5186,스포츠,어린이대공원 운동장,2026-11-03 23:00:00,2026-11-04 00:00:00
5187,관람,건국대학교 박물관,2026-11-03 22:00:00,2026-11-03 23:00:00
5188,식사,한강 뚝섬 피크닉존 카페,2026-11-04 08:00:00,2026-11-04 10:00:00
5189,실내활동,광진구 기타 장소,2026-11-04 10:00:00,2026-11-04 13:00:00
5190,실내활동,광진구 기타 장소,2026-11-04 13:00:00,2026-11-04 15:00:00
5191,공원,광진구 기타 장소,2026-11-04 15:00:00,2026-11-04 16:00:00
5192,공부,광진구 기타 장소,2026-11-04 16:00:00,2026-11-04 17:00:00
5193,공부,광진구 기타 장소,2026-11-04 17:00:00,2026-11-04 21:00:00
5194,실내활동,광진구 기타 장소,2026-11-04 21:00:00,2026-11-04 22:00:00
5195,공원,광진구 기타 장소,2026-11-04 22:00:00,2026-11-05 00:00:00
5196,식사,뚝섬 수변 카페,2026-11-05 08:00:00,2026-11-05 10:00:00
5197,공원,광진구 기타 장소,2026-11-05 10:00:00,2026-11-05 14:00:00
5198,운동,어린이대공원 실내 체육관,2026-11-05 14:00:00,2026-11-05 18:00:00
5199,식사,건대 버거 레스토랑,2026-11-05 18:00:00,2026-11-05 20:00:00
5200,공원,광진구 기타 장소,2026-11-05 20:00:00,2026-11-05 22:00:00
5201,공원,광진구 기타 장소,2026-11-05 22:00:00,2026-11-06 00:00:00
5202,스포츠,세종대 실내 체육관,2026-11-05 22:00:00,2026-11-05 23:00:00
5203,식사,세종대 부근 맛집,2026-11-06 08:00:00,2026-11-06 10:00:00
5204,관람,롯데시네마 건대입구,2026-11-06 10:00:00,2026-11-06 12:00:00
5205,식사,건대 버거 레스토랑,2026-11-06 12:00:00,2026-11-06 14:00:00
5206,실내활동,광진구 기타 장소,2026-11-06 14:00:00,2026-11-06 16:00:00
5207,관람,뚝섬 전망대,2026-11-06 16:00:00,2026-11-06 17:00:00
5208,관람,롯데시네마 건대입구,2026-11-06 17:00:00,2026-11-06 21:00:00
5209,공부,광진구 기타 장소,2026-11-06 21:00:00,2026-11-06 23:00:00
5210,공부,광진구 기타 장소,2026-11-06 23:00:00,2026-11-07 00:00:00
5211,식사,뚝섬 수변 카페,2026-11-07 08:00:00,2026-11-07 10:00:00
5212,공원,광진구 기타 장소,2026-11-07 10:00:00,2026-11-07 14:00:00
5213,실내활동,광진구 기타 장소,2026-11-07 14:00:00,2026-11-07 17:00:00
5214,실내활동,광진구 기타 장소,2026-11-07 17:00:00,2026-11-07 20:00:00
5215,실내활동,광진구 기타 장소,2026-11-07 20:00:00,2026-11-07 21:00:00
5216,실내활동,광진구 기타 장소,2026-11-07 21:00:00,2026-11-08 00:00:00
5217,운동,뚝섬 유원지 요가 센터,2026-11-07 22:00:00,2026-11-07 23:00:00
5218,식사,건대입구 음식점,2026-11-08 08:00:00,2026-11-08 10:00:00
5219,스포츠,광진구 체육관,2026-11-08 10:00:00,2026-11-08 12:00:00
5220,식사,어린이대공원 근처 레스토랑,2026-11-08 12:00:00,2026-11-08 14:00:00
5221,운동,광진구 등산 코스,2026-11-08 14:00:00,2026-11-08 17:00:00
5222,스포츠,광진구 요가 스튜디오,2026-11-08 17:00:00,2026-11-08 20:00:00
5223,운동,뚝섬 한강 수영장,2026-11-08 20:00:00,2026-11-08 21:00:00
5224,스포츠,서울숲 테니스장,2026-11-08 21:00:00,2026-11-09 00:00:00
5225,관람,서울숲 갤러리,2026-11-08 22:00:00,2026-11-08 23:00:00
5226,식사,광진구 한식당,2026-11-09 08:00:00,2026-11-09 10:00:00
5227,운동,건대 스포츠 클럽,2026-11-09 10:00:00,2026-11-09 12:00:00
5228,식사,광장시장 맛집,2026-11-09 12:00:00,2026-11-09 14:00:00
5229,운동,광진구 등산 코스,2026-11-09 14:00:00,2026-11-09 18:00:00
5230,식사,광장시장 맛집,2026-11-09 18:00:00,2026-11-09 20:00:00
5231,운동,한강 자전거 대여소,2026-11-09 20:00:00,2026-11-09 22:00:00
5232,공부,광진구 기타 장소,2026-11-09 22:00:00,2026-11-10 00:00:00
5233,스포츠,광진구 체육관,2026-11-09 22:00:00,2026-11-09 23:00:00
5234,식사,세종대 부근 맛집,2026-11-10 08:00:00,2026-11-10 10:00:00
5235,관람,건대 메가박스,2026-11-10 10:00:00,2026-11-10 14:00:00
5236,관람,건국대학교 박물관,2026-11-10 14:00:00,2026-11-10 15:00:00
5237,스포츠,뚝섬 런닝코스,2026-11-10 15:00:00,2026-11-10 17:00:00
5238,스포츠,뚝섬 런닝코스,2026-11-10 17:00:00,2026-11-10 19:00:00
5239,스포츠,광진구 배드민턴장,2026-11-10 19:00:00,2026-11-10 23:00:00
5240,실내활동,광진구 기타 장소,2026-11-10 23:00:00,2026-11-11 00:00:00
5241,식사,한강 뚝섬 피크닉존 카페,2026-11-11 08:00:00,2026-11-11 10:00:00
5242,실내활동,광진구 기타 장소,2026-11-11 10:00:00,2026-11-11 11:00:00
5243,공부,광진구 기타 장소,2026-11-11 11:00:00,2026-11-11 12:00:00
5244,식사,세종대 부근 맛집,2026-11-11 12:00:00,2026-11-11 14:00:00
5245,공원,광진구 기타 장소,2026-11-11 14:00:00,2026-11-11 16:00:00
5246,공원,광진구 기타 장소,2026-11-11 16:00:00,2026-11-11 19:00:00
5247,공부,광진구 기타 장소,2026-11-11 19:00:00,2026-11-11 20:00:00
5248,실내활동,광진구 기타 장소,2026-11-11 20:00:00,2026-11-12 00:00:00
5249,식사,건대입구 전통시장,2026-11-12 08:00:00,2026-11-12 10:00:00
5250,공원,광진구 기타 장소,2026-11-12 10:00:00,2026-11-12 12:00:00
5251,식사,광장시장 맛집,2026-11-12 12:00:00,2026-11-12 14:00:00
5252,운동,광진구 등산 코스,2026-11-12 14:00:00,2026-11-12 17:00:00
5253,공원,광진구 기타 장소,2026-11-12 17:00:00,2026-11-12 19:00:00
5254,운동,광진구 공원 체력단련장,2026-11-12 19:00:00,2026-11-12 22:00:00
5255,공원,광진구 기타 장소,2026-11-12 22:00:00,2026-11-13 00:00:00
5256,스포츠,어린이대공원 운동장,2026-11-12 22:00:00,2026-11-12 23:00:00
5257,식사,건대 버거 레스토랑,2026-11-13 08:00:00,2026-11-13 10:00:00
5258,관람,뚝섬 전망대,2026-11-13 10:00:00,2026-11-13 12:00:00
5259,식사,세종대 부근 맛집,2026-11-13 12:00:00,2026-11-13 14:00:00
5260,실내활동,광진구 기타 장소,2026-11-13 14:00:00,2026-11-13 18:00:00
5261,식사,스타시티 푸드코트,2026-11-13 18:00:00,2026-11-13 20:00:00
5262,실내활동,광진구 기타 장소,2026-11-13 20:00:00,2026-11-13 22:00:00
5263,공부,광진구 기타 장소,2026-11-13 22:00:00,2026-11-14 00:00:00
5264,식사,광장시장 맛집,2026-11-14 08:00:00,2026-11-14 10:00:00
5265,운동,어린이대공원 실내 체육관,2026-11-14 10:00:00,2026-11-14 12:00:00
5266,식사,어린이대공원 근처 레스토랑,2026-11-14 12:00:00,2026-11-14 14:00:00
5267,공원,광진구 기타 장소,2026-11-14 14:00:00,2026-11-14 18:00:00
5268,식사,광장시장 맛집,2026-11-14 18:00:00,2026-11-14 20:00:00
5269,실내활동,광진구 기타 장소,2026-11-14 20:00:00,2026-11-15 00:00:00
5270,식사,스타시티 푸드코트,2026-11-15 08:00:00,2026-11-15 10:00:00
5271,운동,뚝섬 유원지 요가 센터,2026-11-15 10:00:00,2026-11-15 12:00:00
5272,식사,건대입구 전통시장,2026-11-15 12:00:00,2026-11-15 14:00:00
5273,운동,광진구 공원 체력단련장,2026-11-15 14:00:00,2026-11-15 15:00:00
5274,운동,어린이대공원 실내 체육관,2026-11-15 15:00:00,2026-11-15 16:00:00
5275,운동,한강 공원,2026-11-15 16:00:00,2026-11-15 19:00:00
5276,관람,광진문화예술회관,2026-11-15 19:00:00,2026-11-15 21:00:00
5277,운동,서울숲 조깅 트랙,2026-11-15 21:00:00,2026-11-15 23:00:00
5278,운동,뚝섬 한강 수영장,2026-11-15 23:00:00,2026-11-16 00:00:00
5279,스포츠,건대 헬스장,2026-11-15 22:00:00,2026-11-15 23:00:00
5280,식사,스타시티 푸드코트,2026-11-16 08:00:00,2026-11-16 10:00:00
5281,운동,서울숲 조깅 트랙,2026-11-16 10:00:00,2026-11-16 13:00:00
5282,공부,광진구 기타 장소,2026-11-16 13:00:00,2026-11-16 15:00:00
5283,공부,광진구 기타 장소,2026-11-16 15:00:00,2026-11-16 19:00:00
5284,스포츠,어린이대공원 운동장,2026-11-16 19:00:00,2026-11-16 23:00:00
5285,공부,광진구 기타 장소,2026-11-16 23:00:00,2026-11-17 00:00:00
5286,식사,광장시장 맛집,2026-11-17 08:00:00,2026-11-17 10:00:00
5287,관람,광진문화예술회관,2026-11-17 10:00:00,2026-11-17 14:00:00
5288,스포츠,서울숲 테니스장,2026-11-17 14:00:00,2026-11-17 15:00:00
5289,관람,광진문화예술회관,2026-11-17 15:00:00,2026-11-17 18:00:00
5290,식사,건대 버거 레스토랑,2026-11-17 18:00:00,2026-11-17 20:00:00
5291,관람,광진구 시립극장,2026-11-17 20:00:00,2026-11-17 22:00:00
5292,관람,건국대학교 박물관,2026-11-17 22:00:00,2026-11-17 23:00:00
5293,실내활동,광진구 기타 장소,2026-11-17 23:00:00,2026-11-18 00:00:00
5294,식사,광장시장 맛집,2026-11-18 08:00:00,2026-11-18 10:00:00
5295,공부,광진구 기타 장소,2026-11-18 10:00:00,2026-11-18 13:00:00
5296,공부,광진구 기타 장소,2026-11-18 13:00:00,2026-11-18 16:00:00
5297,공부,광진구 기타 장소,2026-11-18 16:00:00,2026-11-18 17:00:00
5298,공부,광진구 기타 장소,2026-11-18 17:00:00,2026-11-18 18:00:00
5299,식사,세종대 부근 맛집,2026-11-18 18:00:00,2026-11-18 20:00:00
5300,공원,광진구 기타 장소,2026-11-18 20:00:00,2026-11-19 00:00:00
5301,실내활동,광진구 기타 장소,2026-11-18 22:00:00,2026-11-18 23:00:00
5302,식사,뚝섬 수변 카페,2026-11-19 08:00:00,2026-11-19 10:00:00
5303,스포츠,광진구 체육관,2026-11-19 10:00:00,2026-11-19 13:00:00
5304,스포츠,한강공원 축구장,2026-11-19 13:00:00,2026-11-19 17:00:00
5305,공원,광진구 기타 장소,2026-11-19 17:00:00,2026-11-19 20:00:00
5306,스포츠,세종대 실내 체육관,2026-11-19 20:00:00,2026-11-19 21:00:00
5307,공원,광진구 기타 장소,2026-11-19 21:00:00,2026-11-20 00:00:00
5308,운동,서울숲 조깅 트랙,2026-11-19 22:00:00,2026-11-19 23:00:00
5309,식사,건대 버거 레스토랑,2026-11-20 08:00:00,2026-11-20 10:00:00
5310,실내활동,광진구 기타 장소,2026-11-20 10:00:00,2026-11-20 13:00:00
5311,관람,광진문화예술회관,2026-11-20 13:00:00,2026-11-20 17:00:00
5312,관람,뚝섬 전망대,2026-11-20 17:00:00,2026-11-20 20:00:00
5313,실내활동,광진구 기타 장소,2026-11-20 20:00:00,2026-11-20 23:00:00
5314,실내활동,광진구 기타 장소,2026-11-20 23:00:00,2026-11-21 00:00:00
5315,공부,광진구 기타 장소,2026-11-20 22:00:00,2026-11-20 23:00:00
5316,식사,광진구 한식당,2026-11-21 08:00:00,2026-11-21 10:00:00
5317,실내활동,광진구 기타 장소,2026-11-21 10:00:00,2026-11-21 13:00:00
5318,실내활동,광진구 기타 장소,2026-11-21 13:00:00,2026-11-21 17:00:00
5319,실내활동,광진구 기타 장소,2026-11-21 17:00:00,2026-11-21 19:00:00
5320,운동,건대 헬스장,2026-11-21 19:00:00,2026-11-21 21:00:00
5321,실내활동,광진구 기타 장소,2026-11-21 21:00:00,2026-11-22 00:00:00
5322,공원,광진구 기타 장소,2026-11-21 22:00:00,2026-11-21 23:00:00
5323,식사,건대입구 음식점,2026-11-22 08:00:00,2026-11-22 10:00:00
5324,운동,뚝섬 유원지 요가 센터,2026-11-22 10:00:00,2026-11-22 14:00:00
5325,운동,건대 스포츠 클럽,2026-11-22 14:00:00,2026-11-22 18:00:00
5326,식사,스타시티 푸드코트,2026-11-22 18:00:00,2026-11-22 20:00:00
5327,운동,서울숲 조깅 트랙,2026-11-22 20:00:00,2026-11-22 21:00:00
5328,관람,한강 뚝섬 예술극장,2026-11-22 21:00:00,2026-11-23 00:00:00
5329,스포츠,서울숲 테니스장,2026-11-22 22:00:00,2026-11-22 23:00:00
5330,식사,스타시티 푸드코트,2026-11-23 08:00:00,2026-11-23 10:00:00
5331,운동,뚝섬 유원지 요가 센터,2026-11-23 10:00:00,2026-11-23 14:00:00
5332,공부,광진구 기타 장소,2026-11-23 14:00:00,2026-11-23 17:00:00
5333,운동,서울숲 조깅 트랙,2026-11-23 17:00:00,2026-11-23 21:00:00
5334,스포츠,뚝섬 런닝코스,2026-11-23 21:00:00,2026-11-24 00:00:00
5335,식사,건대입구 음식점,2026-11-24 08:00:00,2026-11-24 10:00:00
5336,관람,광진문화예술회관,2026-11-24 10:00:00,2026-11-24 13:00:00
5337,스포츠,건대 헬스장,2026-11-24 13:00:00,2026-11-24 16:00:00
5338,관람,건대 커뮤니티 아트센터,2026-11-24 16:00:00,2026-11-24 19:00:00
5339,관람,광진문화예술회관,2026-11-24 19:00:00,2026-11-24 23:00:00
5340,실내활동,광진구 기타 장소,2026-11-24 23:00:00,2026-11-25 00:00:00
5341,식사,세종대 부근 맛집,2026-11-25 08:00:00,2026-11-25 10:00:00
5342,공부,광진구 기타 장소,2026-11-25 10:00:00,2026-11-25 13:00:00
5343,공부,광진구 기타 장소,2026-11-25 13:00:00,2026-11-25 15:00:00
5344,공부,광진구 기타 장소,2026-11-25 15:00:00,2026-11-25 19:00:00
5345,공부,광진구 기타 장소,2026-11-25 19:00:00,2026-11-25 20:00:00
5346,공원,광진구 기타 장소,2026-11-25 20:00:00,2026-11-25 21:00:00
5347,실내활동,광진구 기타 장소,2026-11-25 21:00:00,2026-11-25 22:00:00
5348,공원,광진구 기타 장소,2026-11-25 22:00:00,2026-11-26 00:00:00
5349,식사,뚝섬 수변 카페,2026-11-26 08:00:00,2026-11-26 10:00:00
5350,운동,한강 자전거 대여소,2026-11-26 10:00:00,2026-11-26 12:00:00
5351,식사,광진구 한식당,2026-11-26 12:00:00,2026-11-26 14:00:00
5352,스포츠,서울숲 스케이트장,2026-11-26 14:00:00,2026-11-26 16:00:00
5353,스포츠,광진구 배드민턴장,2026-11-26 16:00:00,2026-11-26 20:00:00
5354,스포츠,광진구 요가 스튜디오,2026-11-26 20:00:00,2026-11-26 21:00:00
5355,운동,뚝섬 한강 수영장,2026-11-26 21:00:00,2026-11-26 23:00:00
5356,운동,한강 공원,2026-11-26 23:00:00,2026-11-27 00:00:00
5357,공원,광진구 기타 장소,2026-11-26 22:00:00,2026-11-26 23:00:00
5358,식사,건대입구 음식점,2026-11-27 08:00:00,2026-11-27 10:00:00
5359,실내활동,광진구 기타 장소,2026-11-27 10:00:00,2026-11-27 11:00:00
5360,실내활동,광진구 기타 장소,2026-11-27 11:00:00,2026-11-27 12:00:00
5361,식사,건대입구 전통시장,2026-11-27 12:00:00,2026-11-27 14:00:00
5362,실내활동,광진구 기타 장소,2026-11-27 14:00:00,2026-11-27 15:00:00
5363,관람,건대 메가박스,2026-11-27 15:00:00,2026-11-27 16:00:00
5364,공부,광진구 기타 장소,2026-11-27 16:00:00,2026-11-27 20:00:00
5365,실내활동,광진구 기타 장소,2026-11-27 20:00:00,2026-11-27 22:00:00
5366,공부,광진구 기타 장소,2026-11-27 22:00:00,2026-11-28 00:00:00
5367,식사,뚝섬 수변 카페,2026-11-28 08:00:00,2026-11-28 10:00:00
5368,운동,뚝섬 유원지 요가 센터,2026-11-28 10:00:00,2026-11-28 13:00:00
5369,공원,광진구 기타 장소,2026-11-28 13:00:00,2026-11-28 14:00:00
5370,공원,광진구 기타 장소,2026-11-28 14:00:00,2026-11-28 17:00:00
5371,운동,한강 공원,2026-11-28 17:00:00,2026-11-28 21:00:00
5372,운동,건대 스포츠 클럽,2026-11-28 21:00:00,2026-11-29 00:00:00
5373,실내활동,광진구 기타 장소,2026-11-28 22:00:00,2026-11-28 23:00:00
5374,식사,광장시장 맛집,2026-11-29 08:00:00,2026-11-29 10:00:00
5375,운동,어린이대공원 실내 체육관,2026-11-29 10:00:00,2026-11-29 13:00:00
5376,스포츠,광진구 요가 스튜디오,2026-11-29 13:00:00,2026-11-29 17:00:00
5377,관람,서울숲 갤러리,2026-11-29 17:00:00,2026-11-29 21:00:00
5378,관람,어린이대공원 공연장,2026-11-29 21:00:00,2026-11-30 00:00:00
5379,식사,광장시장 맛집,2026-11-30 08:00:00,2026-11-30 10:00:00
5380,스포츠,어린이대공원 운동장,2026-11-30 10:00:00,2026-11-30 12:00:00
5381,식사,세종대 부근 맛집,2026-11-30 12:00:00,2026-11-30 14:00:00
5382,스포츠,광진구 요가 스튜디오,2026-11-30 14:00:00,2026-11-30 17:00:00
5383,스포츠,한강공원 축구장,2026-11-30 17:00:00,2026-11-30 20:00:00
5384,공부,광진구 기타 장소,2026-11-30 20:00:00,2026-11-30 22:00:00
5385,스포츠,어린이대공원 운동장,2026-11-30 22:00:00,2026-11-30 23:00:00
5386,스포츠,광진구 체육관,2026-11-30 23:00:00,2026-12-01 00:00:00
5387,운동,건대 스포츠 클럽,2026-11-30 22:00:00,2026-11-30 23:00:00
5388,식사,세종대 부근 맛집,2026-12-01 08:00:00,2026-12-01 10:00:00
5389,스포츠,서울숲 테니스장,2026-12-01 10:00:00,2026-12-01 13:00:00
5390,관람,뚝섬 전망대,2026-12-01 13:00:00,2026-12-01 14:00:00
5391,실내활동,광진구 기타 장소,2026-12-01 14:00:00,2026-12-01 18:00:00
5392,식사,건대 버거 레스토랑,2026-12-01 18:00:00,2026-12-01 20:00:00
5393,관람,건대 메가박스,2026-12-01 20:00:00,2026-12-02 00:00:00
5394,식사,한강 뚝섬 피크닉존 카페,2026-12-02 08:00:00,2026-12-02 10:00:00
5395,공부,광진구 기타 장소,2026-12-02 10:00:00,2026-12-02 12:00:00
5396,식사,광진구 한식당,2026-12-02 12:00:00,2026-12-02 14:00:00
5397,실내활동,광진구 기타 장소,2026-12-02 14:00:00,2026-12-02 18:00:00
5398,식사,뚝섬 수변 카페,2026-12-02 18:00:00,2026-12-02 20:00:00
5399,공원,광진구 기타 장소,2026-12-02 20:00:00,2026-12-02 22:00:00
5400,실내활동,광진구 기타 장소,2026-12-02 22:00:00,2026-12-03 00:00:00
5401,식사,세종대 부근 맛집,2026-12-03 08:00:00,2026-12-03 10:00:00
5402,운동,한강 자전거 대여소,2026-12-03 10:00:00,2026-12-03 12:00:00
5403,식사,광진구 한식당,2026-12-03 12:00:00,2026-12-03 14:00:00
5404,공원,광진구 기타 장소,2026-12-03 14:00:00,2026-12-03 17:00:00
5405,운동,어린이대공원 실내 체육관,2026-12-03 17:00:00,2026-12-03 19:00:00
5406,공원,광진구 기타 장소,2026-12-03 19:00:00,2026-12-03 23:00:00
5407,공원,광진구 기타 장소,2026-12-03 23:00:00,2026-12-04 00:00:00
5408,스포츠,한강공원 축구장,2026-12-03 22:00:00,2026-12-03 23:00:00
5409,식사,건대 버거 레스토랑,2026-12-04 08:00:00,2026-12-04 10:00:00
5410,공부,광진구 기타 장소,2026-12-04 10:00:00,2026-12-04 11:00:00
5411,관람,건대 커뮤니티 아트센터,2026-12-04 11:00:00,2026-12-04 14:00:00
5412,공부,광진구 기타 장소,2026-12-04 14:00:00,2026-12-04 16:00:00
5413,관람,서울숲 갤러리,2026-12-04 16:00:00,2026-12-04 20:00:00
5414,실내활동,광진구 기타 장소,2026-12-04 20:00:00,2026-12-05 00:00:00
5415,식사,건대입구 음식점,2026-12-05 08:00:00,2026-12-05 10:00:00
5416,운동,서울숲 조깅 트랙,2026-12-05 10:00:00,2026-12-05 13:00:00
5417,실내활동,광진구 기타 장소,2026-12-05 13:00:00,2026-12-05 17:00:00
5418,실내활동,광진구 기타 장소,2026-12-05 17:00:00,2026-12-05 18:00:00
5419,식사,광장시장 맛집,2026-12-05 18:00:00,2026-12-05 20:00:00
5420,공원,광진구 기타 장소,2026-12-05 20:00:00,2026-12-05 21:00:00
5421,실내활동,광진구 기타 장소,2026-12-05 21:00:00,2026-12-05 23:00:00
5422,공원,광진구 기타 장소,2026-12-05 23:00:00,2026-12-06 00:00:00
5423,식사,한강 뚝섬 피크닉존 카페,2026-12-06 08:00:00,2026-12-06 10:00:00
5424,스포츠,세종대 실내 체육관,2026-12-06 10:00:00,2026-12-06 13:00:00
5425,스포츠,서울숲 테니스장,2026-12-06 13:00:00,2026-12-06 15:00:00
5426,스포츠,어린이대공원 운동장,2026-12-06 15:00:00,2026-12-06 18:00:00
5427,식사,광진구 한식당,2026-12-06 18:00:00,2026-12-06 20:00:00
5428,관람,뚝섬 전망대,2026-12-06 20:00:00,2026-12-06 23:00:00
5429,스포츠,세종대 실내 체육관,2026-12-06 23:00:00,2026-12-07 00:00:00
5430,운동,건대 헬스장,2026-12-06 22:00:00,2026-12-06 23:00:00
5431,식사,한강 뚝섬 피크닉존 카페,2026-12-07 08:00:00,2026-12-07 10:00:00
5432,공부,광진구 기타 장소,2026-12-07 10:00:00,2026-12-07 12:00:00
5433,식사,광진구 한식당,2026-12-07 12:00:00,2026-12-07 14:00:00
5434,스포츠,광진구 요가 스튜디오,2026-12-07 14:00:00,2026-12-07 15:00:00
5435,운동,한강 자전거 대여소,2026-12-07 15:00:00,2026-12-07 19:00:00
5436,스포츠,뚝섬 런닝코스,2026-12-07 19:00:00,2026-12-07 23:00:00
5437,공부,광진구 기타 장소,2026-12-07 23:00:00,2026-12-08 00:00:00
5438,식사,광장시장 맛집,2026-12-08 08:00:00,2026-12-08 10:00:00
5439,실내활동,광진구 기타 장소,2026-12-08 10:00:00,2026-12-08 14:00:00
5440,관람,광진구 시립극장,2026-12-08 14:00:00,2026-12-08 18:00:00
5441,식사,광장시장 맛집,2026-12-08 18:00:00,2026-12-08 20:00:00
5442,실내활동,광진구 기타 장소,2026-12-08 20:00:00,2026-12-08 23:00:00
5443,실내활동,광진구 기타 장소,2026-12-08 23:00:00,2026-12-09 00:00:00
5444,스포츠,서울숲 스케이트장,2026-12-08 22:00:00,2026-12-08 23:00:00
5445,식사,광진구 한식당,2026-12-09 08:00:00,2026-12-09 10:00:00
5446,공원,광진구 기타 장소,2026-12-09 10:00:00,2026-12-09 12:00:00
5447,식사,스타시티 푸드코트,2026-12-09 12:00:00,2026-12-09 14:00:00
5448,공부,광진구 기타 장소,2026-12-09 14:00:00,2026-12-09 17:00:00
5449,공부,광진구 기타 장소,2026-12-09 17:00:00,2026-12-09 18:00:00
5450,식사,한강 뚝섬 피크닉존 카페,2026-12-09 18:00:00,2026-12-09 20:00:00
5451,공부,광진구 기타 장소,2026-12-09 20:00:00,2026-12-09 23:00:00
5452,공부,광진구 기타 장소,2026-12-09 23:00:00,2026-12-10 00:00:00
5453,실내활동,광진구 기타 장소,2026-12-09 22:00:00,2026-12-09 23:00:00
5454,식사,뚝섬 수변 카페,2026-12-10 08:00:00,2026-12-10 10:00:00
5455,공원,광진구 기타 장소,2026-12-10 10:00:00,2026-12-10 14:00:00
5456,공원,광진구 기타 장소,2026-12-10 14:00:00,2026-12-10 18:00:00
5457,식사,건대입구 전통시장,2026-12-10 18:00:00,2026-12-10 20:00:00
5458,운동,건대 스포츠 클럽,2026-12-10 20:00:00,2026-12-10 23:00:00
5459,스포츠,광진구 배드민턴장,2026-12-10 23:00:00,2026-12-11 00:00:00
5460,식사,한강 뚝섬 피크닉존 카페,2026-12-11 08:00:00,2026-12-11 10:00:00
5461,실내활동,광진구 기타 장소,2026-12-11 10:00:00,2026-12-11 14:00:00
5462,공부,광진구 기타 장소,2026-12-11 14:00:00,2026-12-11 16:00:00
5463,공부,광진구 기타 장소,2026-12-11 16:00:00,2026-12-11 20:00:00
5464,관람,건대 커뮤니티 아트센터,2026-12-11 20:00:00,2026-12-11 21:00:00
5465,실내활동,광진구 기타 장소,2026-12-11 21:00:00,2026-12-12 00:00:00
5466,식사,어린이대공원 근처 레스토랑,2026-12-12 08:00:00,2026-12-12 10:00:00
5467,공원,광진구 기타 장소,2026-12-12 10:00:00,2026-12-12 13:00:00
5468,운동,광진구 공원 체력단련장,2026-12-12 13:00:00,2026-12-12 17:00:00
5469,운동,한강 자전거 대여소,2026-12-12 17:00:00,2026-12-12 18:00:00
5470,식사,한강 뚝섬 피크닉존 카페,2026-12-12 18:00:00,2026-12-12 20:00:00
5471,실내활동,광진구 기타 장소,2026-12-12 20:00:00,2026-12-12 22:00:00
5472,공원,광진구 기타 장소,2026-12-12 22:00:00,2026-12-12 23:00:00
5473,공원,광진구 기타 장소,2026-12-12 23:00:00,2026-12-13 00:00:00
5474,식사,건대 버거 레스토랑,2026-12-13 08:00:00,2026-12-13 10:00:00
5475,관람,롯데시네마 건대입구,2026-12-13 10:00:00,2026-12-13 12:00:00
5476,식사,광진구 한식당,2026-12-13 12:00:00,2026-12-13 14:00:00
5477,스포츠,어린이대공원 운동장,2026-12-13 14:00:00,2026-12-13 16:00:00
5478,스포츠,건대 헬스장,2026-12-13 16:00:00,2026-12-13 19:00:00
5479,운동,광진구 공원 체력단련장,2026-12-13 19:00:00,2026-12-13 22:00:00
5480,운동,광진구 등산 코스,2026-12-13 22:00:00,2026-12-14 00:00:00
5481,식사,어린이대공원 근처 레스토랑,2026-12-14 08:00:00,2026-12-14 10:00:00
5482,공부,광진구 기타 장소,2026-12-14 10:00:00,2026-12-14 11:00:00
5483,스포츠,건대 헬스장,2026-12-14 11:00:00,2026-12-14 15:00:00
5484,공부,광진구 기타 장소,2026-12-14 15:00:00,2026-12-14 18:00:00
5485,식사,광진구 한식당,2026-12-14 18:00:00,2026-12-14 20:00:00
5486,공부,광진구 기타 장소,2026-12-14 20:00:00,2026-12-14 22:00:00
5487,스포츠,한강공원 축구장,2026-12-14 22:00:00,2026-12-15 00:00:00
5488,운동,한강 자전거 대여소,2026-12-14 22:00:00,2026-12-14 23:00:00
5489,식사,건대입구 음식점,2026-12-15 08:00:00,2026-12-15 10:00:00
5490,관람,건국대학교 박물관,2026-12-15 10:00:00,2026-12-15 14:00:00
5491,관람,건국대학교 박물관,2026-12-15 14:00:00,2026-12-15 18:00:00
5492,식사,광장시장 맛집,2026-12-15 18:00:00,2026-12-15 20:00:00
5493,스포츠,서울숲 테니스장,2026-12-15 20:00:00,2026-12-16 00:00:00
5494,실내활동,광진구 기타 장소,2026-12-15 22:00:00,2026-12-15 23:00:00
5495,식사,광진구 한식당,2026-12-16 08:00:00,2026-12-16 10:00:00
5496,공부,광진구 기타 장소,2026-12-16 10:00:00,2026-12-16 13:00:00
5497,공부,광진구 기타 장소,2026-12-16 13:00:00,2026-12-16 15:00:00
5498,공부,광진구 기타 장소,2026-12-16 15:00:00,2026-12-16 16:00:00
5499,공부,광진구 기타 장소,2026-12-16 16:00:00,2026-12-16 19:00:00
5500,공원,광진구 기타 장소,2026-12-16 19:00:00,2026-12-16 21:00:00
5501,공원,광진구 기타 장소,2026-12-16 21:00:00,2026-12-16 23:00:00
5502,공원,광진구 기타 장소,2026-12-16 23:00:00,2026-12-17 00:00:00
5503,실내활동,광진구 기타 장소,2026-12-16 22:00:00,2026-12-16 23:00:00
5504,식사,세종대 부근 맛집,2026-12-17 08:00:00,2026-12-17 10:00:00
5505,운동,한강 자전거 대여소,2026-12-17 10:00:00,2026-12-17 14:00:00
5506,공원,광진구 기타 장소,2026-12-17 14:00:00,2026-12-17 16:00:00
5507,스포츠,한강공원 축구장,2026-12-17 16:00:00,2026-12-17 18:00:00
5508,식사,광장시장 맛집,2026-12-17 18:00:00,2026-12-17 20:00:00
5509,운동,건대 스포츠 클럽,2026-12-17 20:00:00,2026-12-17 22:00:00
5510,스포츠,세종대 실내 체육관,2026-12-17 22:00:00,2026-12-17 23:00:00
5511,스포츠,서울숲 테니스장,2026-12-17 23:00:00,2026-12-18 00:00:00
5512,식사,광진구 한식당,2026-12-18 08:00:00,2026-12-18 10:00:00
5513,공부,광진구 기타 장소,2026-12-18 10:00:00,2026-12-18 14:00:00
5514,관람,뚝섬 전망대,2026-12-18 14:00:00,2026-12-18 15:00:00
5515,공부,광진구 기타 장소,2026-12-18 15:00:00,2026-12-18 16:00:00
5516,관람,건대 메가박스,2026-12-18 16:00:00,2026-12-18 20:00:00
5517,관람,건국대학교 박물관,2026-12-18 20:00:00,2026-12-18 23:00:00
5518,실내활동,광진구 기타 장소,2026-12-18 23:00:00,2026-12-19 00:00:00
5519,식사,건대입구 음식점,2026-12-19 08:00:00,2026-12-19 10:00:00
5520,공원,광진구 기타 장소,2026-12-19 10:00:00,2026-12-19 12:00:00
5521,식사,광진구 한식당,2026-12-19 12:00:00,2026-12-19 14:00:00
5522,실내활동,광진구 기타 장소,2026-12-19 14:00:00,2026-12-19 17:00:00
5523,실내활동,광진구 기타 장소,2026-12-19 17:00:00,2026-12-19 20:00:00
5524,운동,한강 자전거 대여소,2026-12-19 20:00:00,2026-12-20 00:00:00
5525,식사,건대 버거 레스토랑,2026-12-20 08:00:00,2026-12-20 10:00:00
5526,관람,광진구 시립극장,2026-12-20 10:00:00,2026-12-20 12:00:00
5527,식사,건대 버거 레스토랑,2026-12-20 12:00:00,2026-12-20 14:00:00
5528,관람,어린이대공원 공연장,2026-12-20 14:00:00,2026-12-20 15:00:00
5529,관람,건대 커뮤니티 아트센터,2026-12-20 15:00:00,2026-12-20 16:00:00
5530,운동,서울숲 조깅 트랙,2026-12-20 16:00:00,2026-12-20 20:00:00
5531,스포츠,세종대 실내 체육관,2026-12-20 20:00:00,2026-12-20 22:00:00
5532,운동,건대 스포츠 클럽,2026-12-20 22:00:00,2026-12-21 00:00:00
5533,식사,어린이대공원 근처 레스토랑,2026-12-21 08:00:00,2026-12-21 10:00:00
5534,스포츠,광진구 배드민턴장,2026-12-21 10:00:00,2026-12-21 12:00:00
5535,식사,건대입구 전통시장,2026-12-21 12:00:00,2026-12-21 14:00:00
5536,스포츠,뚝섬 런닝코스,2026-12-21 14:00:00,2026-12-21 16:00:00
5537,공부,광진구 기타 장소,2026-12-21 16:00:00,2026-12-21 17:00:00
5538,공부,광진구 기타 장소,2026-12-21 17:00:00,2026-12-21 19:00:00
5539,스포츠,뚝섬 런닝코스,2026-12-21 19:00:00,2026-12-21 21:00:00
5540,운동,광진구 공원 체력단련장,2026-12-21 21:00:00,2026-12-21 23:00:00
5541,운동,광진구 공원 체력단련장,2026-12-21 23:00:00,2026-12-22 00:00:00
5542,식사,건대입구 음식점,2026-12-22 08:00:00,2026-12-22 10:00:00
5543,관람,광진문화예술회관,2026-12-22 10:00:00,2026-12-22 13:00:00
5544,스포츠,세종대 실내 체육관,2026-12-22 13:00:00,2026-12-22 16:00:00
5545,스포츠,광진구 체육관,2026-12-22 16:00:00,2026-12-22 20:00:00
5546,실내활동,광진구 기타 장소,2026-12-22 20:00:00,2026-12-22 22:00:00
5547,관람,뚝섬 전망대,2026-12-22 22:00:00,2026-12-22 23:00:00
5548,스포츠,광진구 배드민턴장,2026-12-22 23:00:00,2026-12-23 00:00:00
5549,식사,한강 뚝섬 피크닉존 카페,2026-12-23 08:00:00,2026-12-23 10:00:00
5550,실내활동,광진구 기타 장소,2026-12-23 10:00:00,2026-12-23 14:00:00
5551,공부,광진구 기타 장소,2026-12-23 14:00:00,2026-12-23 18:00:00
5552,식사,어린이대공원 근처 레스토랑,2026-12-23 18:00:00,2026-12-23 20:00:00
5553,공원,광진구 기타 장소,2026-12-23 20:00:00,2026-12-24 00:00:00
5554,식사,건대입구 전통시장,2026-12-24 08:00:00,2026-12-24 10:00:00
5555,공원,광진구 기타 장소,2026-12-24 10:00:00,2026-12-24 12:00:00
5556,식사,세종대 부근 맛집,2026-12-24 12:00:00,2026-12-24 14:00:00
5557,운동,서울숲 조깅 트랙,2026-12-24 14:00:00,2026-12-24 17:00:00
5558,운동,어린이대공원 실내 체육관,2026-12-24 17:00:00,2026-12-24 21:00:00
5559,스포츠,어린이대공원 운동장,2026-12-24 21:00:00,2026-12-25 00:00:00
5560,식사,광장시장 맛집,2026-12-25 08:00:00,2026-12-25 10:00:00
5561,관람,건대 커뮤니티 아트센터,2026-12-25 10:00:00,2026-12-25 13:00:00
5562,공부,광진구 기타 장소,2026-12-25 13:00:00,2026-12-25 15:00:00
5563,실내활동,광진구 기타 장소,2026-12-25 15:00:00,2026-12-25 19:00:00
5564,관람,건대 커뮤니티 아트센터,2026-12-25 19:00:00,2026-12-25 22:00:00
5565,관람,서울숲 갤러리,2026-12-25 22:00:00,2026-12-26 00:00:00
5566,식사,광진구 한식당,2026-12-26 08:00:00,2026-12-26 10:00:00
5567,공원,광진구 기타 장소,2026-12-26 10:00:00,2026-12-26 14:00:00
5568,운동,건대 헬스장,2026-12-26 14:00:00,2026-12-26 18:00:00
5569,식사,스타시티 푸드코트,2026-12-26 18:00:00,2026-12-26 20:00:00
5570,실내활동,광진구 기타 장소,2026-12-26 20:00:00,2026-12-27 00:00:00
5571,식사,광진구 한식당,2026-12-27 08:00:00,2026-12-27 10:00:00
5572,운동,뚝섬 유원지 요가 센터,2026-12-27 10:00:00,2026-12-27 12:00:00
5573,식사,건대입구 전통시장,2026-12-27 12:00:00,2026-12-27 14:00:00
5574,운동,어린이대공원 실내 체육관,2026-12-27 14:00:00,2026-12-27 15:00:00
5575,스포츠,광진구 체육관,2026-12-27 15:00:00,2026-12-27 18:00:00
5576,식사,건대 버거 레스토랑,2026-12-27 18:00:00,2026-12-27 20:00:00
5577,운동,한강 공원,2026-12-27 20:00:00,2026-12-28 00:00:00
5578,관람,광진구 시립극장,2026-12-27 22:00:00,2026-12-27 23:00:00
5579,식사,광진구 한식당,2026-12-28 08:00:00,2026-12-28 10:00:00
5580,스포츠,광진구 체육관,2026-12-28 10:00:00,2026-12-28 14:00:00
5581,운동,어린이대공원 실내 체육관,2026-12-28 14:00:00,2026-12-28 15:00:00
5582,공부,광진구 기타 장소,2026-12-28 15:00:00,2026-12-28 18:00:00
5583,식사,광진구 한식당,2026-12-28 18:00:00,2026-12-28 20:00:00
5584,공부,광진구 기타 장소,2026-12-28 20:00:00,2026-12-28 21:00:00
5585,운동,한강 자전거 대여소,2026-12-28 21:00:00,2026-12-29 00:00:00
5586,식사,한강 뚝섬 피크닉존 카페,2026-12-29 08:00:00,2026-12-29 10:00:00
5587,스포츠,광진구 체육관,2026-12-29 10:00:00,2026-12-29 14:00:00
5588,스포츠,서울숲 테니스장,2026-12-29 14:00:00,2026-12-29 17:00:00
5589,실내활동,광진구 기타 장소,2026-12-29 17:00:00,2026-12-29 20:00:00
5590,스포츠,광진구 체육관,2026-12-29 20:00:00,2026-12-29 21:00:00
5591,스포츠,어린이대공원 운동장,2026-12-29 21:00:00,2026-12-30 00:00:00
5592,관람,어린이대공원 공연장,2026-12-29 22:00:00,2026-12-29 23:00:00
5593,식사,한강 뚝섬 피크닉존 카페,2026-12-30 08:00:00,2026-12-30 10:00:00
5594,실내활동,광진구 기타 장소,2026-12-30 10:00:00,2026-12-30 14:00:00
5595,실내활동,광진구 기타 장소,2026-12-30 14:00:00,2026-12-30 18:00:00
5596,식사,뚝섬 수변 카페,2026-12-30 18:00:00,2026-12-30 20:00:00
5597,실내활동,광진구 기타 장소,2026-12-30 20:00:00,2026-12-31 00:00:00
5598,공원,광진구 기타 장소,2026-12-30 22:00:00,2026-12-30 23:00:00
5599,공부,광진구 기타 장소,2026-12-30 22:00:00,2026-12-30 23:00:00
5600,식사,광진구 한식당,2026-12-31 08:00:00,2026-12-31 10:00:00
5601,운동,광진구 등산 코스,2026-12-31 10:00:00,2026-12-31 12:00:00
5602,식사,어린이대공원 근처 레스토랑,2026-12-31 12:00:00,2026-12-31 14:00:00
5603,스포츠,세종대 실내 체육관,2026-12-31 14:00:00,2026-12-31 16:00:00
5604,운동,뚝섬 한강 수영장,2026-12-31 16:00:00,2026-12-31 19:00:00
5605,운동,뚝섬 한강 수영장,2026-12-31 19:00:00,2026-12-31 22:00:00
5606,스포츠,건대 헬스장,2026-12-31 22:00:00,2027-01-01 00:00:00
5607,공원,광진구 기타 장소,2026-12-31 22:00:00,2026-12-31 23:00:00
5608,식사,어린이대공원 근처 레스토랑,2027-01-01 08:00:00,2027-01-01 10:00:00
5609,공부,광진구 기타 장소,2027-01-01 10:00:00,2027-01-01 14:00:00
5610,실내활동,광진구 기타 장소,2027-01-01 14:00:00,2027-01-01 16:00:00
5611,관람,광진구 시립극장,2027-01-01 16:00:00,2027-01-01 18:00:00
5612,식사,건대입구 음식점,2027-01-01 18:00:00,2027-01-01 20:00:00
5613,실내활동,광진구 기타 장소,2027-01-01 20:00:00,2027-01-01 23:00:00
5614,실내활동,광진구 기타 장소,2027-01-01 23:00:00,2027-01-02 00:00:00
5615,식사,광진구 한식당,2027-01-02 08:00:00,2027-01-02 10:00:00
5616,공원,광진구 기타 장소,2027-01-02 10:00:00,2027-01-02 13:00:00
5617,운동,어린이대공원 실내 체육관,2027-01-02 13:00:00,2027-01-02 17:00:00
5618,실내활동,광진구 기타 장소,2027-01-02 17:00:00,2027-01-02 20:00:00
5619,공원,광진구 기타 장소,2027-01-02 20:00:00,2027-01-02 23:00:00
5620,운동,건대 스포츠 클럽,2027-01-02 23:00:00,2027-01-03 00:00:00
5621,식사,한강 뚝섬 피크닉존 카페,2027-01-03 08:00:00,2027-01-03 10:00:00
5622,관람,광진구 시립극장,2027-01-03 10:00:00,2027-01-03 12:00:00
5623,식사,스타시티 푸드코트,2027-01-03 12:00:00,2027-01-03 14:00:00
5624,관람,건대 커뮤니티 아트센터,2027-01-03 14:00:00,2027-01-03 17:00:00
5625,스포츠,광진구 체육관,2027-01-03 17:00:00,2027-01-03 19:00:00
5626,스포츠,세종대 실내 체육관,2027-01-03 19:00:00,2027-01-03 22:00:00
5627,운동,뚝섬 한강 수영장,2027-01-03 22:00:00,2027-01-03 23:00:00
5628,관람,어린이대공원 공연장,2027-01-03 23:00:00,2027-01-04 00:00:00
5629,식사,건대 버거 레스토랑,2027-01-04 08:00:00,2027-01-04 10:00:00
5630,운동,광진구 등산 코스,2027-01-04 10:00:00,2027-01-04 12:00:00
5631,식사,건대입구 전통시장,2027-01-04 12:00:00,2027-01-04 14:00:00
5632,스포츠,어린이대공원 운동장,2027-01-04 14:00:00,2027-01-04 16:00:00
5633,운동,어린이대공원 실내 체육관,2027-01-04 16:00:00,2027-01-04 20:00:00
5634,운동,뚝섬 한강 수영장,2027-01-04 20:00:00,2027-01-04 21:00:00
5635,공부,광진구 기타 장소,2027-01-04 21:00:00,2027-01-04 22:00:00
5636,스포츠,뚝섬 런닝코스,2027-01-04 22:00:00,2027-01-05 00:00:00
5637,식사,어린이대공원 근처 레스토랑,2027-01-05 08:00:00,2027-01-05 10:00:00
5638,실내활동,광진구 기타 장소,2027-01-05 10:00:00,2027-01-05 14:00:00
5639,스포츠,한강공원 축구장,2027-01-05 14:00:00,2027-01-05 18:00:00
5640,식사,스타시티 푸드코트,2027-01-05 18:00:00,2027-01-05 20:00:00
5641,스포츠,광진구 배드민턴장,2027-01-05 20:00:00,2027-01-06 00:00:00
5642,관람,어린이대공원 공연장,2027-01-05 22:00:00,2027-01-05 23:00:00
5643,식사,건대 버거 레스토랑,2027-01-06 08:00:00,2027-01-06 10:00:00
5644,실내활동,광진구 기타 장소,2027-01-06 10:00:00,2027-01-06 14:00:00
5645,실내활동,광진구 기타 장소,2027-01-06 14:00:00,2027-01-06 16:00:00
5646,공원,광진구 기타 장소,2027-01-06 16:00:00,2027-01-06 18:00:00
5647,식사,스타시티 푸드코트,2027-01-06 18:00:00,2027-01-06 20:00:00
5648,공부,광진구 기타 장소,2027-01-06 20:00:00,2027-01-06 21:00:00
5649,실내활동,광진구 기타 장소,2027-01-06 21:00:00,2027-01-07 00:00:00
5650,식사,광장시장 맛집,2027-01-07 08:00:00,2027-01-07 10:00:00
5651,스포츠,세종대 실내 체육관,2027-01-07 10:00:00,2027-01-07 13:00:00
5652,공원,광진구 기타 장소,2027-01-07 13:00:00,2027-01-07 16:00:00
5653,공원,광진구 기타 장소,2027-01-07 16:00:00,2027-01-07 18:00:00
5654,식사,뚝섬 수변 카페,2027-01-07 18:00:00,2027-01-07 20:00:00
5655,운동,뚝섬 한강 수영장,2027-01-07 20:00:00,2027-01-07 23:00:00
5656,공원,광진구 기타 장소,2027-01-07 23:00:00,2027-01-08 00:00:00
5657,식사,세종대 부근 맛집,2027-01-08 08:00:00,2027-01-08 10:00:00
5658,공부,광진구 기타 장소,2027-01-08 10:00:00,2027-01-08 12:00:00
5659,식사,뚝섬 수변 카페,2027-01-08 12:00:00,2027-01-08 14:00:00
5660,관람,서울숲 갤러리,2027-01-08 14:00:00,2027-01-08 16:00:00
5661,공부,광진구 기타 장소,2027-01-08 16:00:00,2027-01-08 18:00:00
5662,식사,어린이대공원 근처 레스토랑,2027-01-08 18:00:00,2027-01-08 20:00:00
5663,공부,광진구 기타 장소,2027-01-08 20:00:00,2027-01-08 22:00:00
5664,관람,광진문화예술회관,2027-01-08 22:00:00,2027-01-09 00:00:00
5665,실내활동,광진구 기타 장소,2027-01-08 22:00:00,2027-01-08 23:00:00
5666,식사,건대 버거 레스토랑,2027-01-09 08:00:00,2027-01-09 10:00:00
5667,실내활동,광진구 기타 장소,2027-01-09 10:00:00,2027-01-09 14:00:00
5668,공원,광진구 기타 장소,2027-01-09 14:00:00,2027-01-09 16:00:00
5669,공원,광진구 기타 장소,2027-01-09 16:00:00,2027-01-09 17:00:00
5670,운동,건대 헬스장,2027-01-09 17:00:00,2027-01-09 19:00:00
5671,공원,광진구 기타 장소,2027-01-09 19:00:00,2027-01-09 20:00:00
5672,공원,광진구 기타 장소,2027-01-09 20:00:00,2027-01-09 23:00:00
5673,실내활동,광진구 기타 장소,2027-01-09 23:00:00,2027-01-10 00:00:00
5674,식사,뚝섬 수변 카페,2027-01-10 08:00:00,2027-01-10 10:00:00
5675,관람,서울숲 갤러리,2027-01-10 10:00:00,2027-01-10 11:00:00
5676,관람,서울숲 갤러리,2027-01-10 11:00:00,2027-01-10 13:00:00
5677,운동,어린이대공원 실내 체육관,2027-01-10 13:00:00,2027-01-10 15:00:00
5678,스포츠,서울숲 스케이트장,2027-01-10 15:00:00,2027-01-10 17:00:00
5679,운동,뚝섬 유원지 요가 센터,2027-01-10 17:00:00,2027-01-10 19:00:00
5680,스포츠,광진구 체육관,2027-01-10 19:00:00,2027-01-10 23:00:00
5681,관람,한강 뚝섬 예술극장,2027-01-10 23:00:00,2027-01-11 00:00:00
5682,식사,어린이대공원 근처 레스토랑,2027-01-11 08:00:00,2027-01-11 10:00:00
5683,운동,건대 스포츠 클럽,2027-01-11 10:00:00,2027-01-11 14:00:00
5684,공부,광진구 기타 장소,2027-01-11 14:00:00,2027-01-11 17:00:00
5685,공부,광진구 기타 장소,2027-01-11 17:00:00,2027-01-11 18:00:00
5686,식사,어린이대공원 근처 레스토랑,2027-01-11 18:00:00,2027-01-11 20:00:00
5687,스포츠,세종대 실내 체육관,2027-01-11 20:00:00,2027-01-11 22:00:00
5688,공부,광진구 기타 장소,2027-01-11 22:00:00,2027-01-11 23:00:00
5689,스포츠,서울숲 테니스장,2027-01-11 23:00:00,2027-01-12 00:00:00
5690,식사,세종대 부근 맛집,2027-01-12 08:00:00,2027-01-12 10:00:00
5691,스포츠,서울숲 스케이트장,2027-01-12 10:00:00,2027-01-12 12:00:00
5692,식사,건대입구 전통시장,2027-01-12 12:00:00,2027-01-12 14:00:00
5693,관람,뚝섬 전망대,2027-01-12 14:00:00,2027-01-12 17:00:00
5694,관람,광진문화예술회관,2027-01-12 17:00:00,2027-01-12 19:00:00
5695,실내활동,광진구 기타 장소,2027-01-12 19:00:00,2027-01-12 22:00:00
5696,스포츠,건대 헬스장,2027-01-12 22:00:00,2027-01-13 00:00:00
5697,식사,스타시티 푸드코트,2027-01-13 08:00:00,2027-01-13 10:00:00
5698,실내활동,광진구 기타 장소,2027-01-13 10:00:00,2027-01-13 12:00:00
5699,식사,건대입구 전통시장,2027-01-13 12:00:00,2027-01-13 14:00:00
5700,실내활동,광진구 기타 장소,2027-01-13 14:00:00,2027-01-13 15:00:00
5701,실내활동,광진구 기타 장소,2027-01-13 15:00:00,2027-01-13 16:00:00
5702,실내활동,광진구 기타 장소,2027-01-13 16:00:00,2027-01-13 19:00:00
5703,공부,광진구 기타 장소,2027-01-13 19:00:00,2027-01-13 23:00:00
5704,공부,광진구 기타 장소,2027-01-13 23:00:00,2027-01-14 00:00:00
5705,공원,광진구 기타 장소,2027-01-13 22:00:00,2027-01-13 23:00:00
5706,식사,스타시티 푸드코트,2027-01-14 08:00:00,2027-01-14 10:00:00
5707,스포츠,뚝섬 런닝코스,2027-01-14 10:00:00,2027-01-14 13:00:00
5708,공원,광진구 기타 장소,2027-01-14 13:00:00,2027-01-14 17:00:00
5709,운동,뚝섬 한강 수영장,2027-01-14 17:00:00,2027-01-14 20:00:00
5710,스포츠,광진구 요가 스튜디오,2027-01-14 20:00:00,2027-01-14 22:00:00
5711,공원,광진구 기타 장소,2027-01-14 22:00:00,2027-01-15 00:00:00
5712,식사,광진구 한식당,2027-01-15 08:00:00,2027-01-15 10:00:00
5713,관람,어린이대공원 공연장,2027-01-15 10:00:00,2027-01-15 14:00:00
5714,관람,건대 커뮤니티 아트센터,2027-01-15 14:00:00,2027-01-15 17:00:00
5715,실내활동,광진구 기타 장소,2027-01-15 17:00:00,2027-01-15 19:00:00
5716,관람,광진구 시립극장,2027-01-15 19:00:00,2027-01-15 20:00:00
5717,공부,광진구 기타 장소,2027-01-15 20:00:00,2027-01-15 21:00:00
5718,관람,건국대학교 박물관,2027-01-15 21:00:00,2027-01-16 00:00:00
5719,식사,건대 버거 레스토랑,2027-01-16 08:00:00,2027-01-16 10:00:00
5720,공원,광진구 기타 장소,2027-01-16 10:00:00,2027-01-16 12:00:00
5721,식사,한강 뚝섬 피크닉존 카페,2027-01-16 12:00:00,2027-01-16 14:00:00
5722,공원,광진구 기타 장소,2027-01-16 14:00:00,2027-01-16 18:00:00
5723,식사,한강 뚝섬 피크닉존 카페,2027-01-16 18:00:00,2027-01-16 20:00:00
5724,실내활동,광진구 기타 장소,2027-01-16 20:00:00,2027-01-16 23:00:00
5725,운동,광진구 공원 체력단련장,2027-01-16 23:00:00,2027-01-17 00:00:00
5726,식사,건대입구 음식점,2027-01-17 08:00:00,2027-01-17 10:00:00
5727,운동,뚝섬 유원지 요가 센터,2027-01-17 10:00:00,2027-01-17 13:00:00
5728,운동,뚝섬 한강 수영장,2027-01-17 13:00:00,2027-01-17 14:00:00
5729,관람,어린이대공원 공연장,2027-01-17 14:00:00,2027-01-17 17:00:00
5730,스포츠,광진구 요가 스튜디오,2027-01-17 17:00:00,2027-01-17 18:00:00
5731,식사,광진구 한식당,2027-01-17 18:00:00,2027-01-17 20:00:00
5732,스포츠,어린이대공원 운동장,2027-01-17 20:00:00,2027-01-18 00:00:00
5733,식사,세종대 부근 맛집,2027-01-18 08:00:00,2027-01-18 10:00:00
5734,스포츠,건대 헬스장,2027-01-18 10:00:00,2027-01-18 12:00:00
5735,식사,세종대 부근 맛집,2027-01-18 12:00:00,2027-01-18 14:00:00
5736,스포츠,어린이대공원 운동장,2027-01-18 14:00:00,2027-01-18 15:00:00
5737,운동,뚝섬 한강 수영장,2027-01-18 15:00:00,2027-01-18 19:00:00
5738,스포츠,어린이대공원 운동장,2027-01-18 19:00:00,2027-01-18 20:00:00
5739,공부,광진구 기타 장소,2027-01-18 20:00:00,2027-01-18 21:00:00
5740,공부,광진구 기타 장소,2027-01-18 21:00:00,2027-01-18 23:00:00
5741,공부,광진구 기타 장소,2027-01-18 23:00:00,2027-01-19 00:00:00
5742,식사,광장시장 맛집,2027-01-19 08:00:00,2027-01-19 10:00:00
5743,관람,광진문화예술회관,2027-01-19 10:00:00,2027-01-19 14:00:00
5744,실내활동,광진구 기타 장소,2027-01-19 14:00:00,2027-01-19 17:00:00
5745,실내활동,광진구 기타 장소,2027-01-19 17:00:00,2027-01-19 21:00:00
5746,관람,건국대학교 박물관,2027-01-19 21:00:00,2027-01-19 22:00:00
5747,스포츠,한강공원 축구장,2027-01-19 22:00:00,2027-01-19 23:00:00
5748,스포츠,광진구 요가 스튜디오,2027-01-19 23:00:00,2027-01-20 00:00:00
5749,식사,스타시티 푸드코트,2027-01-20 08:00:00,2027-01-20 10:00:00
5750,공원,광진구 기타 장소,2027-01-20 10:00:00,2027-01-20 12:00:00
5751,식사,스타시티 푸드코트,2027-01-20 12:00:00,2027-01-20 14:00:00
5752,공원,광진구 기타 장소,2027-01-20 14:00:00,2027-01-20 17:00:00
5753,공부,광진구 기타 장소,2027-01-20 17:00:00,2027-01-20 20:00:00
5754,공부,광진구 기타 장소,2027-01-20 20:00:00,2027-01-20 23:00:00
5755,실내활동,광진구 기타 장소,2027-01-20 23:00:00,2027-01-21 00:00:00
5756,식사,세종대 부근 맛집,2027-01-21 08:00:00,2027-01-21 10:00:00
5757,공원,광진구 기타 장소,2027-01-21 10:00:00,2027-01-21 14:00:00
5758,공원,광진구 기타 장소,2027-01-21 14:00:00,2027-01-21 17:00:00
5759,스포츠,세종대 실내 체육관,2027-01-21 17:00:00,2027-01-21 18:00:00
5760,식사,한강 뚝섬 피크닉존 카페,2027-01-21 18:00:00,2027-01-21 20:00:00
5761,공원,광진구 기타 장소,2027-01-21 20:00:00,2027-01-22 00:00:00
5762,운동,광진구 등산 코스,2027-01-21 22:00:00,2027-01-21 23:00:00
5763,식사,광장시장 맛집,2027-01-22 08:00:00,2027-01-22 10:00:00
5764,공부,광진구 기타 장소,2027-01-22 10:00:00,2027-01-22 11:00:00
5765,공부,광진구 기타 장소,2027-01-22 11:00:00,2027-01-22 14:00:00
5766,관람,건대 메가박스,2027-01-22 14:00:00,2027-01-22 15:00:00
5767,공부,광진구 기타 장소,2027-01-22 15:00:00,2027-01-22 19:00:00
5768,실내활동,광진구 기타 장소,2027-01-22 19:00:00,2027-01-22 23:00:00
5769,공부,광진구 기타 장소,2027-01-22 23:00:00,2027-01-23 00:00:00
5770,식사,광장시장 맛집,2027-01-23 08:00:00,2027-01-23 10:00:00
5771,운동,서울숲 조깅 트랙,2027-01-23 10:00:00,2027-01-23 13:00:00
5772,공원,광진구 기타 장소,2027-01-23 13:00:00,2027-01-23 14:00:00
5773,실내활동,광진구 기타 장소,2027-01-23 14:00:00,2027-01-23 16:00:00
5774,공원,광진구 기타 장소,2027-01-23 16:00:00,2027-01-23 19:00:00
5775,공원,광진구 기타 장소,2027-01-23 19:00:00,2027-01-23 22:00:00
5776,실내활동,광진구 기타 장소,2027-01-23 22:00:00,2027-01-24 00:00:00
5777,식사,광진구 한식당,2027-01-24 08:00:00,2027-01-24 10:00:00
5778,스포츠,광진구 배드민턴장,2027-01-24 10:00:00,2027-01-24 11:00:00
5779,관람,한강 뚝섬 예술극장,2027-01-24 11:00:00,2027-01-24 12:00:00
5780,식사,광진구 한식당,2027-01-24 12:00:00,2027-01-24 14:00:00
5781,관람,롯데시네마 건대입구,2027-01-24 14:00:00,2027-01-24 18:00:00
5782,식사,건대입구 전통시장,2027-01-24 18:00:00,2027-01-24 20:00:00
5783,스포츠,어린이대공원 운동장,2027-01-24 20:00:00,2027-01-25 00:00:00
5784,운동,건대 스포츠 클럽,2027-01-24 22:00:00,2027-01-24 23:00:00
5785,식사,건대입구 전통시장,2027-01-25 08:00:00,2027-01-25 10:00:00
5786,운동,건대 헬스장,2027-01-25 10:00:00,2027-01-25 11:00:00
5787,공부,광진구 기타 장소,2027-01-25 11:00:00,2027-01-25 14:00:00
5788,운동,한강 공원,2027-01-25 14:00:00,2027-01-25 18:00:00
5789,식사,건대 버거 레스토랑,2027-01-25 18:00:00,2027-01-25 20:00:00
5790,스포츠,서울숲 스케이트장,2027-01-25 20:00:00,2027-01-25 23:00:00
5791,스포츠,한강공원 축구장,2027-01-25 23:00:00,2027-01-26 00:00:00
5792,식사,어린이대공원 근처 레스토랑,2027-01-26 08:00:00,2027-01-26 10:00:00
5793,스포츠,건대 헬스장,2027-01-26 10:00:00,2027-01-26 11:00:00
5794,스포츠,세종대 실내 체육관,2027-01-26 11:00:00,2027-01-26 14:00:00
5795,실내활동,광진구 기타 장소,2027-01-26 14:00:00,2027-01-26 18:00:00
5796,식사,광장시장 맛집,2027-01-26 18:00:00,2027-01-26 20:00:00
5797,스포츠,광진구 체육관,2027-01-26 20:00:00,2027-01-26 21:00:00
5798,실내활동,광진구 기타 장소,2027-01-26 21:00:00,2027-01-27 00:00:00
5799,관람,뚝섬 전망대,2027-01-26 22:00:00,2027-01-26 23:00:00
5800,식사,어린이대공원 근처 레스토랑,2027-01-27 08:00:00,2027-01-27 10:00:00
5801,공부,광진구 기타 장소,2027-01-27 10:00:00,2027-01-27 14:00:00
5802,공원,광진구 기타 장소,2027-01-27 14:00:00,2027-01-27 17:00:00
5803,공원,광진구 기타 장소,2027-01-27 17:00:00,2027-01-27 19:00:00
5804,실내활동,광진구 기타 장소,2027-01-27 19:00:00,2027-01-27 22:00:00
5805,공원,광진구 기타 장소,2027-01-27 22:00:00,2027-01-27 23:00:00
5806,공원,광진구 기타 장소,2027-01-27 23:00:00,2027-01-28 00:00:00
5807,식사,스타시티 푸드코트,2027-01-28 08:00:00,2027-01-28 10:00:00
5808,공원,광진구 기타 장소,2027-01-28 10:00:00,2027-01-28 11:00:00
5809,운동,건대 스포츠 클럽,2027-01-28 11:00:00,2027-01-28 13:00:00
5810,운동,광진구 등산 코스,2027-01-28 13:00:00,2027-01-28 14:00:00
5811,공원,광진구 기타 장소,2027-01-28 14:00:00,2027-01-28 18:00:00
5812,식사,어린이대공원 근처 레스토랑,2027-01-28 18:00:00,2027-01-28 20:00:00
5813,공원,광진구 기타 장소,2027-01-28 20:00:00,2027-01-28 22:00:00
5814,운동,뚝섬 한강 수영장,2027-01-28 22:00:00,2027-01-29 00:00:00
5815,스포츠,광진구 배드민턴장,2027-01-28 22:00:00,2027-01-28 23:00:00
5816,식사,건대입구 음식점,2027-01-29 08:00:00,2027-01-29 10:00:00
5817,실내활동,광진구 기타 장소,2027-01-29 10:00:00,2027-01-29 13:00:00
5818,공부,광진구 기타 장소,2027-01-29 13:00:00,2027-01-29 17:00:00
5819,관람,건국대학교 박물관,2027-01-29 17:00:00,2027-01-29 20:00:00
5820,공부,광진구 기타 장소,2027-01-29 20:00:00,2027-01-29 23:00:00
5821,실내활동,광진구 기타 장소,2027-01-29 23:00:00,2027-01-30 00:00:00
5822,식사,건대입구 전통시장,2027-01-30 08:00:00,2027-01-30 10:00:00
5823,실내활동,광진구 기타 장소,2027-01-30 10:00:00,2027-01-30 13:00:00
5824,실내활동,광진구 기타 장소,2027-01-30 13:00:00,2027-01-30 15:00:00
5825,실내활동,광진구 기타 장소,2027-01-30 15:00:00,2027-01-30 16:00:00
5826,운동,뚝섬 한강 수영장,2027-01-30 16:00:00,2027-01-30 18:00:00
5827,식사,광장시장 맛집,2027-01-30 18:00:00,2027-01-30 20:00:00
5828,공원,광진구 기타 장소,2027-01-30 20:00:00,2027-01-30 22:00:00
5829,실내활동,광진구 기타 장소,2027-01-30 22:00:00,2027-01-31 00:00:00
5830,식사,광장시장 맛집,2027-01-31 08:00:00,2027-01-31 10:00:00
5831,운동,한강 자전거 대여소,2027-01-31 10:00:00,2027-01-31 13:00:00
5832,스포츠,어린이대공원 운동장,2027-01-31 13:00:00,2027-01-31 14:00:00
5833,관람,서울숲 갤러리,2027-01-31 14:00:00,2027-01-31 17:00:00
5834,스포츠,광진구 요가 스튜디오,2027-01-31 17:00:00,2027-01-31 20:00:00
5835,운동,뚝섬 유원지 요가 센터,2027-01-31 20:00:00,2027-01-31 23:00:00
5836,운동,광진구 등산 코스,2027-01-31 23:00:00,2027-02-01 00:00:00
5837,식사,건대입구 전통시장,2027-02-01 08:00:00,2027-02-01 10:00:00
5838,공부,광진구 기타 장소,2027-02-01 10:00:00,2027-02-01 12:00:00
5839,식사,한강 뚝섬 피크닉존 카페,2027-02-01 12:00:00,2027-02-01 14:00:00
5840,공부,광진구 기타 장소,2027-02-01 14:00:00,2027-02-01 16:00:00
5841,공부,광진구 기타 장소,2027-02-01 16:00:00,2027-02-01 18:00:00
5842,식사,뚝섬 수변 카페,2027-02-01 18:00:00,2027-02-01 20:00:00
5843,공부,광진구 기타 장소,2027-02-01 20:00:00,2027-02-01 23:00:00
5844,공부,광진구 기타 장소,2027-02-01 23:00:00,2027-02-02 00:00:00
5845,운동,건대 헬스장,2027-02-01 22:00:00,2027-02-01 23:00:00
5846,스포츠,어린이대공원 운동장,2027-02-01 22:00:00,2027-02-01 23:00:00
5847,식사,광진구 한식당,2027-02-02 08:00:00,2027-02-02 10:00:00
5848,실내활동,광진구 기타 장소,2027-02-02 10:00:00,2027-02-02 14:00:00
5849,스포츠,서울숲 스케이트장,2027-02-02 14:00:00,2027-02-02 18:00:00
5850,식사,건대입구 전통시장,2027-02-02 18:00:00,2027-02-02 20:00:00
5851,실내활동,광진구 기타 장소,2027-02-02 20:00:00,2027-02-02 23:00:00
5852,스포츠,건대 헬스장,2027-02-02 23:00:00,2027-02-03 00:00:00
5853,관람,광진문화예술회관,2027-02-02 22:00:00,2027-02-02 23:00:00
5854,식사,건대입구 음식점,2027-02-03 08:00:00,2027-02-03 10:00:00
5855,공부,광진구 기타 장소,2027-02-03 10:00:00,2027-02-03 11:00:00
5856,공부,광진구 기타 장소,2027-02-03 11:00:00,2027-02-03 15:00:00
5857,공부,광진구 기타 장소,2027-02-03 15:00:00,2027-02-03 18:00:00
5858,식사,건대입구 전통시장,2027-02-03 18:00:00,2027-02-03 20:00:00
5859,공원,광진구 기타 장소,2027-02-03 20:00:00,2027-02-03 23:00:00
5860,실내활동,광진구 기타 장소,2027-02-03 23:00:00,2027-02-04 00:00:00
5861,식사,광진구 한식당,2027-02-04 08:00:00,2027-02-04 10:00:00
5862,공원,광진구 기타 장소,2027-02-04 10:00:00,2027-02-04 11:00:00
5863,공원,광진구 기타 장소,2027-02-04 11:00:00,2027-02-04 15:00:00
5864,운동,뚝섬 유원지 요가 센터,2027-02-04 15:00:00,2027-02-04 18:00:00
5865,식사,어린이대공원 근처 레스토랑,2027-02-04 18:00:00,2027-02-04 20:00:00
5866,공원,광진구 기타 장소,2027-02-04 20:00:00,2027-02-04 21:00:00
5867,운동,건대 스포츠 클럽,2027-02-04 21:00:00,2027-02-04 22:00:00
5868,스포츠,광진구 요가 스튜디오,2027-02-04 22:00:00,2027-02-05 00:00:00
5869,식사,스타시티 푸드코트,2027-02-05 08:00:00,2027-02-05 10:00:00
5870,실내활동,광진구 기타 장소,2027-02-05 10:00:00,2027-02-05 11:00:00
5871,실내활동,광진구 기타 장소,2027-02-05 11:00:00,2027-02-05 12:00:00
5872,식사,건대입구 전통시장,2027-02-05 12:00:00,2027-02-05 14:00:00
5873,공부,광진구 기타 장소,2027-02-05 14:00:00,2027-02-05 18:00:00
5874,식사,광진구 한식당,2027-02-05 18:00:00,2027-02-05 20:00:00
5875,공부,광진구 기타 장소,2027-02-05 20:00:00,2027-02-05 22:00:00
5876,공부,광진구 기타 장소,2027-02-05 22:00:00,2027-02-06 00:00:00
5877,관람,뚝섬 전망대,2027-02-05 22:00:00,2027-02-05 23:00:00
5878,식사,뚝섬 수변 카페,2027-02-06 08:00:00,2027-02-06 10:00:00
5879,공원,광진구 기타 장소,2027-02-06 10:00:00,2027-02-06 12:00:00
5880,식사,광진구 한식당,2027-02-06 12:00:00,2027-02-06 14:00:00
5881,운동,건대 스포츠 클럽,2027-02-06 14:00:00,2027-02-06 18:00:00
5882,식사,한강 뚝섬 피크닉존 카페,2027-02-06 18:00:00,2027-02-06 20:00:00
5883,운동,뚝섬 한강 수영장,2027-02-06 20:00:00,2027-02-07 00:00:00
5884,실내활동,광진구 기타 장소,2027-02-06 22:00:00,2027-02-06 23:00:00
5885,식사,건대입구 음식점,2027-02-07 08:00:00,2027-02-07 10:00:00
5886,운동,건대 헬스장,2027-02-07 10:00:00,2027-02-07 12:00:00
5887,식사,광장시장 맛집,2027-02-07 12:00:00,2027-02-07 14:00:00
5888,운동,한강 자전거 대여소,2027-02-07 14:00:00,2027-02-07 18:00:00
5889,식사,뚝섬 수변 카페,2027-02-07 18:00:00,2027-02-07 20:00:00
5890,운동,뚝섬 한강 수영장,2027-02-07 20:00:00,2027-02-08 00:00:00
5891,관람,한강 뚝섬 예술극장,2027-02-07 22:00:00,2027-02-07 23:00:00
5892,스포츠,광진구 체육관,2027-02-07 22:00:00,2027-02-07 23:00:00
5893,식사,건대 버거 레스토랑,2027-02-08 08:00:00,2027-02-08 10:00:00
5894,공부,광진구 기타 장소,2027-02-08 10:00:00,2027-02-08 13:00:00
5895,운동,어린이대공원 실내 체육관,2027-02-08 13:00:00,2027-02-08 15:00:00
5896,스포츠,뚝섬 런닝코스,2027-02-08 15:00:00,2027-02-08 16:00:00
5897,공부,광진구 기타 장소,2027-02-08 16:00:00,2027-02-08 20:00:00
5898,스포츠,광진구 요가 스튜디오,2027-02-08 20:00:00,2027-02-08 23:00:00
5899,스포츠,광진구 체육관,2027-02-08 23:00:00,2027-02-09 00:00:00
5900,식사,광진구 한식당,2027-02-09 08:00:00,2027-02-09 10:00:00
5901,실내활동,광진구 기타 장소,2027-02-09 10:00:00,2027-02-09 12:00:00
5902,식사,건대입구 전통시장,2027-02-09 12:00:00,2027-02-09 14:00:00
5903,실내활동,광진구 기타 장소,2027-02-09 14:00:00,2027-02-09 15:00:00
5904,실내활동,광진구 기타 장소,2027-02-09 15:00:00,2027-02-09 19:00:00
5905,스포츠,광진구 체육관,2027-02-09 19:00:00,2027-02-09 23:00:00
5906,관람,롯데시네마 건대입구,2027-02-09 23:00:00,2027-02-10 00:00:00
5907,식사,뚝섬 수변 카페,2027-02-10 08:00:00,2027-02-10 10:00:00
5908,공부,광진구 기타 장소,2027-02-10 10:00:00,2027-02-10 13:00:00
5909,공부,광진구 기타 장소,2027-02-10 13:00:00,2027-02-10 17:00:00
5910,실내활동,광진구 기타 장소,2027-02-10 17:00:00,2027-02-10 18:00:00
5911,식사,건대 버거 레스토랑,2027-02-10 18:00:00,2027-02-10 20:00:00
5912,공부,광진구 기타 장소,2027-02-10 20:00:00,2027-02-10 21:00:00
5913,공원,광진구 기타 장소,2027-02-10 21:00:00,2027-02-10 23:00:00
5914,실내활동,광진구 기타 장소,2027-02-10 23:00:00,2027-02-11 00:00:00
5915,식사,건대입구 전통시장,2027-02-11 08:00:00,2027-02-11 10:00:00
5916,공원,광진구 기타 장소,2027-02-11 10:00:00,2027-02-11 14:00:00
5917,운동,뚝섬 한강 수영장,2027-02-11 14:00:00,2027-02-11 16:00:00
5918,공원,광진구 기타 장소,2027-02-11 16:00:00,2027-02-11 18:00:00
5919,식사,한강 뚝섬 피크닉존 카페,2027-02-11 18:00:00,2027-02-11 20:00:00
5920,운동,어린이대공원 실내 체육관,2027-02-11 20:00:00,2027-02-11 23:00:00
5921,공원,광진구 기타 장소,2027-02-11 23:00:00,2027-02-12 00:00:00
5922,스포츠,세종대 실내 체육관,2027-02-11 22:00:00,2027-02-11 23:00:00
5923,식사,광진구 한식당,2027-02-12 08:00:00,2027-02-12 10:00:00
5924,관람,롯데시네마 건대입구,2027-02-12 10:00:00,2027-02-12 11:00:00
5925,관람,롯데시네마 건대입구,2027-02-12 11:00:00,2027-02-12 13:00:00
5926,실내활동,광진구 기타 장소,2027-02-12 13:00:00,2027-02-12 14:00:00
5927,공부,광진구 기타 장소,2027-02-12 14:00:00,2027-02-12 15:00:00
5928,실내활동,광진구 기타 장소,2027-02-12 15:00:00,2027-02-12 19:00:00
5929,실내활동,광진구 기타 장소,2027-02-12 19:00:00,2027-02-12 22:00:00
5930,관람,건대 커뮤니티 아트센터,2027-02-12 22:00:00,2027-02-13 00:00:00
5931,식사,광장시장 맛집,2027-02-13 08:00:00,2027-02-13 10:00:00
5932,실내활동,광진구 기타 장소,2027-02-13 10:00:00,2027-02-13 11:00:00
5933,실내활동,광진구 기타 장소,2027-02-13 11:00:00,2027-02-13 15:00:00
5934,운동,한강 자전거 대여소,2027-02-13 15:00:00,2027-02-13 16:00:00
5935,운동,뚝섬 유원지 요가 센터,2027-02-13 16:00:00,2027-02-13 17:00:00
5936,운동,광진구 등산 코스,2027-02-13 17:00:00,2027-02-13 18:00:00
5937,식사,스타시티 푸드코트,2027-02-13 18:00:00,2027-02-13 20:00:00
5938,운동,광진구 공원 체력단련장,2027-02-13 20:00:00,2027-02-13 22:00:00
5939,운동,건대 스포츠 클럽,2027-02-13 22:00:00,2027-02-14 00:00:00
5940,공원,광진구 기타 장소,2027-02-13 22:00:00,2027-02-13 23:00:00
5941,식사,광장시장 맛집,2027-02-14 08:00:00,2027-02-14 10:00:00
5942,스포츠,어린이대공원 운동장,2027-02-14 10:00:00,2027-02-14 14:00:00
5943,관람,건대 메가박스,2027-02-14 14:00:00,2027-02-14 18:00:00
5944,식사,세종대 부근 맛집,2027-02-14 18:00:00,2027-02-14 20:00:00
5945,관람,건국대학교 박물관,2027-02-14 20:00:00,2027-02-14 21:00:00
5946,운동,광진구 등산 코스,2027-02-14 21:00:00,2027-02-14 23:00:00
5947,관람,건대 메가박스,2027-02-14 23:00:00,2027-02-15 00:00:00
5948,식사,세종대 부근 맛집,2027-02-15 08:00:00,2027-02-15 10:00:00
5949,스포츠,한강공원 축구장,2027-02-15 10:00:00,2027-02-15 13:00:00
5950,스포츠,서울숲 테니스장,2027-02-15 13:00:00,2027-02-15 17:00:00
5951,스포츠,광진구 배드민턴장,2027-02-15 17:00:00,2027-02-15 21:00:00
5952,스포츠,서울숲 스케이트장,2027-02-15 21:00:00,2027-02-16 00:00:00
5953,운동,광진구 공원 체력단련장,2027-02-15 22:00:00,2027-02-15 23:00:00
5954,공부,광진구 기타 장소,2027-02-15 22:00:00,2027-02-15 23:00:00
5955,식사,건대 버거 레스토랑,2027-02-16 08:00:00,2027-02-16 10:00:00
5956,스포츠,어린이대공원 운동장,2027-02-16 10:00:00,2027-02-16 14:00:00
5957,실내활동,광진구 기타 장소,2027-02-16 14:00:00,2027-02-16 17:00:00
5958,관람,광진문화예술회관,2027-02-16 17:00:00,2027-02-16 21:00:00
5959,스포츠,건대 헬스장,2027-02-16 21:00:00,2027-02-17 00:00:00
5960,식사,건대입구 전통시장,2027-02-17 08:00:00,2027-02-17 10:00:00
5961,공부,광진구 기타 장소,2027-02-17 10:00:00,2027-02-17 12:00:00
5962,식사,건대입구 전통시장,2027-02-17 12:00:00,2027-02-17 14:00:00
5963,실내활동,광진구 기타 장소,2027-02-17 14:00:00,2027-02-17 17:00:00
5964,실내활동,광진구 기타 장소,2027-02-17 17:00:00,2027-02-17 21:00:00
5965,실내활동,광진구 기타 장소,2027-02-17 21:00:00,2027-02-17 23:00:00
5966,실내활동,광진구 기타 장소,2027-02-17 23:00:00,2027-02-18 00:00:00
5967,공원,광진구 기타 장소,2027-02-17 22:00:00,2027-02-17 23:00:00
5968,식사,건대입구 음식점,2027-02-18 08:00:00,2027-02-18 10:00:00
5969,스포츠,어린이대공원 운동장,2027-02-18 10:00:00,2027-02-18 12:00:00
5970,식사,광진구 한식당,2027-02-18 12:00:00,2027-02-18 14:00:00
5971,스포츠,세종대 실내 체육관,2027-02-18 14:00:00,2027-02-18 16:00:00
5972,공원,광진구 기타 장소,2027-02-18 16:00:00,2027-02-18 17:00:00
5973,공원,광진구 기타 장소,2027-02-18 17:00:00,2027-02-18 20:00:00
5974,스포츠,어린이대공원 운동장,2027-02-18 20:00:00,2027-02-18 23:00:00
5975,운동,서울숲 조깅 트랙,2027-02-18 23:00:00,2027-02-19 00:00:00
5976,식사,건대입구 음식점,2027-02-19 08:00:00,2027-02-19 10:00:00
5977,실내활동,광진구 기타 장소,2027-02-19 10:00:00,2027-02-19 13:00:00
5978,관람,광진구 시립극장,2027-02-19 13:00:00,2027-02-19 17:00:00
5979,공부,광진구 기타 장소,2027-02-19 17:00:00,2027-02-19 21:00:00
5980,관람,광진구 시립극장,2027-02-19 21:00:00,2027-02-20 00:00:00
5981,식사,한강 뚝섬 피크닉존 카페,2027-02-20 08:00:00,2027-02-20 10:00:00
5982,실내활동,광진구 기타 장소,2027-02-20 10:00:00,2027-02-20 13:00:00
5983,공원,광진구 기타 장소,2027-02-20 13:00:00,2027-02-20 15:00:00
5984,공원,광진구 기타 장소,2027-02-20 15:00:00,2027-02-20 16:00:00
5985,실내활동,광진구 기타 장소,2027-02-20 16:00:00,2027-02-20 20:00:00
5986,운동,건대 스포츠 클럽,2027-02-20 20:00:00,2027-02-21 00:00:00
5987,식사,뚝섬 수변 카페,2027-02-21 08:00:00,2027-02-21 10:00:00
5988,스포츠,서울숲 테니스장,2027-02-21 10:00:00,2027-02-21 14:00:00
5989,관람,뚝섬 전망대,2027-02-21 14:00:00,2027-02-21 16:00:00
5990,운동,한강 공원,2027-02-21 16:00:00,2027-02-21 20:00:00
5991,운동,광진구 등산 코스,2027-02-21 20:00:00,2027-02-21 21:00:00
5992,관람,서울숲 갤러리,2027-02-21 21:00:00,2027-02-22 00:00:00
5993,식사,한강 뚝섬 피크닉존 카페,2027-02-22 08:00:00,2027-02-22 10:00:00
5994,운동,건대 스포츠 클럽,2027-02-22 10:00:00,2027-02-22 11:00:00
5995,운동,광진구 공원 체력단련장,2027-02-22 11:00:00,2027-02-22 12:00:00
5996,식사,건대입구 음식점,2027-02-22 12:00:00,2027-02-22 14:00:00
5997,운동,한강 공원,2027-02-22 14:00:00,2027-02-22 15:00:00
5998,공부,광진구 기타 장소,2027-02-22 15:00:00,2027-02-22 18:00:00
5999,식사,건대입구 음식점,2027-02-22 18:00:00,2027-02-22 20:00:00
6000,운동,한강 공원,2027-02-22 20:00:00,2027-02-22 23:00:00
6001,공부,광진구 기타 장소,2027-02-22 23:00:00,2027-02-23 00:00:00
6002,스포츠,서울숲 스케이트장,2027-02-22 22:00:00,2027-02-22 23:00:00
6003,식사,스타시티 푸드코트,2027-02-23 08:00:00,2027-02-23 10:00:00
6004,관람,어린이대공원 공연장,2027-02-23 10:00:00,2027-02-23 13:00:00
6005,관람,건대 메가박스,2027-02-23 13:00:00,2027-02-23 14:00:00
6006,스포츠,광진구 배드민턴장,2027-02-23 14:00:00,2027-02-23 16:00:00
6007,실내활동,광진구 기타 장소,2027-02-23 16:00:00,2027-02-23 20:00:00
6008,스포츠,광진구 요가 스튜디오,2027-02-23 20:00:00,2027-02-23 23:00:00
6009,실내활동,광진구 기타 장소,2027-02-23 23:00:00,2027-02-24 00:00:00
6010,식사,뚝섬 수변 카페,2027-02-24 08:00:00,2027-02-24 10:00:00
6011,공부,광진구 기타 장소,2027-02-24 10:00:00,2027-02-24 14:00:00
6012,공부,광진구 기타 장소,2027-02-24 14:00:00,2027-02-24 15:00:00
6013,실내활동,광진구 기타 장소,2027-02-24 15:00:00,2027-02-24 17:00:00
6014,공원,광진구 기타 장소,2027-02-24 17:00:00,2027-02-24 20:00:00
6015,공원,광진구 기타 장소,2027-02-24 20:00:00,2027-02-25 00:00:00
6016,식사,어린이대공원 근처 레스토랑,2027-02-25 08:00:00,2027-02-25 10:00:00
6017,스포츠,광진구 배드민턴장,2027-02-25 10:00:00,2027-02-25 13:00:00
6018,스포츠,한강공원 축구장,2027-02-25 13:00:00,2027-02-25 17:00:00
6019,운동,광진구 등산 코스,2027-02-25 17:00:00,2027-02-25 18:00:00
6020,식사,건대입구 음식점,2027-02-25 18:00:00,2027-02-25 20:00:00
6021,스포츠,광진구 체육관,2027-02-25 20:00:00,2027-02-26 00:00:00
6022,공원,광진구 기타 장소,2027-02-25 22:00:00,2027-02-25 23:00:00
6023,식사,세종대 부근 맛집,2027-02-26 08:00:00,2027-02-26 10:00:00
6024,실내활동,광진구 기타 장소,2027-02-26 10:00:00,2027-02-26 12:00:00
6025,식사,광장시장 맛집,2027-02-26 12:00:00,2027-02-26 14:00:00
6026,관람,서울숲 갤러리,2027-02-26 14:00:00,2027-02-26 16:00:00
6027,공부,광진구 기타 장소,2027-02-26 16:00:00,2027-02-26 19:00:00
6028,실내활동,광진구 기타 장소,2027-02-26 19:00:00,2027-02-26 21:00:00
6029,실내활동,광진구 기타 장소,2027-02-26 21:00:00,2027-02-26 23:00:00
6030,실내활동,광진구 기타 장소,2027-02-26 23:00:00,2027-02-27 00:00:00
6031,식사,스타시티 푸드코트,2027-02-27 08:00:00,2027-02-27 10:00:00
6032,실내활동,광진구 기타 장소,2027-02-27 10:00:00,2027-02-27 11:00:00
6033,운동,건대 스포츠 클럽,2027-02-27 11:00:00,2027-02-27 14:00:00
6034,실내활동,광진구 기타 장소,2027-02-27 14:00:00,2027-02-27 16:00:00
6035,공원,광진구 기타 장소,2027-02-27 16:00:00,2027-02-27 20:00:00
6036,공원,광진구 기타 장소,2027-02-27 20:00:00,2027-02-28 00:00:00
6037,식사,세종대 부근 맛집,2027-02-28 08:00:00,2027-02-28 10:00:00
6038,운동,한강 공원,2027-02-28 10:00:00,2027-02-28 11:00:00
6039,운동,서울숲 조깅 트랙,2027-02-28 11:00:00,2027-02-28 15:00:00
6040,스포츠,광진구 체육관,2027-02-28 15:00:00,2027-02-28 18:00:00
6041,식사,건대입구 음식점,2027-02-28 18:00:00,2027-02-28 20:00:00
6042,스포츠,세종대 실내 체육관,2027-02-28 20:00:00,2027-02-28 22:00:00
6043,스포츠,건대 헬스장,2027-02-28 22:00:00,2027-03-01 00:00:00
6044,관람,건국대학교 박물관,2027-02-28 22:00:00,2027-02-28 23:00:00
6045,식사,스타시티 푸드코트,2027-03-01 08:00:00,2027-03-01 10:00:00
6046,운동,뚝섬 한강 수영장,2027-03-01 10:00:00,2027-03-01 13:00:00
6047,공부,광진구 기타 장소,2027-03-01 13:00:00,2027-03-01 14:00:00
6048,공부,광진구 기타 장소,2027-03-01 14:00:00,2027-03-01 18:00:00
6049,식사,건대입구 음식점,2027-03-01 18:00:00,2027-03-01 20:00:00
6050,공부,광진구 기타 장소,2027-03-01 20:00:00,2027-03-01 22:00:00
6051,운동,서울숲 조깅 트랙,2027-03-01 22:00:00,2027-03-01 23:00:00
6052,공부,광진구 기타 장소,2027-03-01 23:00:00,2027-03-02 00:00:00
6053,스포츠,어린이대공원 운동장,2027-03-01 22:00:00,2027-03-01 23:00:00
6054,식사,건대입구 음식점,2027-03-02 08:00:00,2027-03-02 10:00:00
6055,관람,한강 뚝섬 예술극장,2027-03-02 10:00:00,2027-03-02 11:00:00
6056,스포츠,서울숲 스케이트장,2027-03-02 11:00:00,2027-03-02 15:00:00
6057,실내활동,광진구 기타 장소,2027-03-02 15:00:00,2027-03-02 17:00:00
6058,관람,광진구 시립극장,2027-03-02 17:00:00,2027-03-02 18:00:00
6059,식사,스타시티 푸드코트,2027-03-02 18:00:00,2027-03-02 20:00:00
6060,관람,광진구 시립극장,2027-03-02 20:00:00,2027-03-02 21:00:00
6061,관람,광진문화예술회관,2027-03-02 21:00:00,2027-03-03 00:00:00
6062,식사,어린이대공원 근처 레스토랑,2027-03-03 08:00:00,2027-03-03 10:00:00
6063,공원,광진구 기타 장소,2027-03-03 10:00:00,2027-03-03 12:00:00
6064,식사,광장시장 맛집,2027-03-03 12:00:00,2027-03-03 14:00:00
6065,공부,광진구 기타 장소,2027-03-03 14:00:00,2027-03-03 18:00:00
6066,식사,스타시티 푸드코트,2027-03-03 18:00:00,2027-03-03 20:00:00
6067,실내활동,광진구 기타 장소,2027-03-03 20:00:00,2027-03-03 22:00:00
6068,공원,광진구 기타 장소,2027-03-03 22:00:00,2027-03-04 00:00:00
6069,식사,광진구 한식당,2027-03-04 08:00:00,2027-03-04 10:00:00
6070,스포츠,서울숲 스케이트장,2027-03-04 10:00:00,2027-03-04 11:00:00
6071,스포츠,서울숲 테니스장,2027-03-04 11:00:00,2027-03-04 14:00:00
6072,운동,뚝섬 한강 수영장,2027-03-04 14:00:00,2027-03-04 16:00:00
6073,스포츠,서울숲 테니스장,2027-03-04 16:00:00,2027-03-04 18:00:00
6074,식사,건대입구 전통시장,2027-03-04 18:00:00,2027-03-04 20:00:00
6075,공원,광진구 기타 장소,2027-03-04 20:00:00,2027-03-05 00:00:00
6076,식사,건대입구 전통시장,2027-03-05 08:00:00,2027-03-05 10:00:00
6077,관람,어린이대공원 공연장,2027-03-05 10:00:00,2027-03-05 14:00:00
6078,공부,광진구 기타 장소,2027-03-05 14:00:00,2027-03-05 16:00:00
6079,실내활동,광진구 기타 장소,2027-03-05 16:00:00,2027-03-05 17:00:00
6080,공부,광진구 기타 장소,2027-03-05 17:00:00,2027-03-05 18:00:00
6081,식사,어린이대공원 근처 레스토랑,2027-03-05 18:00:00,2027-03-05 20:00:00
6082,실내활동,광진구 기타 장소,2027-03-05 20:00:00,2027-03-05 23:00:00
6083,공부,광진구 기타 장소,2027-03-05 23:00:00,2027-03-06 00:00:00
6084,식사,뚝섬 수변 카페,2027-03-06 08:00:00,2027-03-06 10:00:00
6085,운동,광진구 공원 체력단련장,2027-03-06 10:00:00,2027-03-06 13:00:00
6086,실내활동,광진구 기타 장소,2027-03-06 13:00:00,2027-03-06 14:00:00
6087,공원,광진구 기타 장소,2027-03-06 14:00:00,2027-03-06 15:00:00
6088,운동,어린이대공원 실내 체육관,2027-03-06 15:00:00,2027-03-06 19:00:00
6089,공원,광진구 기타 장소,2027-03-06 19:00:00,2027-03-06 23:00:00
6090,실내활동,광진구 기타 장소,2027-03-06 23:00:00,2027-03-07 00:00:00
6091,식사,한강 뚝섬 피크닉존 카페,2027-03-07 08:00:00,2027-03-07 10:00:00
6092,운동,어린이대공원 실내 체육관,2027-03-07 10:00:00,2027-03-07 12:00:00
6093,식사,건대입구 음식점,2027-03-07 12:00:00,2027-03-07 14:00:00
6094,스포츠,광진구 요가 스튜디오,2027-03-07 14:00:00,2027-03-07 15:00:00
6095,운동,뚝섬 한강 수영장,2027-03-07 15:00:00,2027-03-07 19:00:00
6096,운동,광진구 등산 코스,2027-03-07 19:00:00,2027-03-07 21:00:00
6097,운동,뚝섬 한강 수영장,2027-03-07 21:00:00,2027-03-07 22:00:00
6098,관람,어린이대공원 공연장,2027-03-07 22:00:00,2027-03-08 00:00:00
6099,식사,건대입구 전통시장,2027-03-08 08:00:00,2027-03-08 10:00:00
6100,운동,뚝섬 한강 수영장,2027-03-08 10:00:00,2027-03-08 11:00:00
6101,운동,한강 자전거 대여소,2027-03-08 11:00:00,2027-03-08 15:00:00
6102,공부,광진구 기타 장소,2027-03-08 15:00:00,2027-03-08 19:00:00
6103,공부,광진구 기타 장소,2027-03-08 19:00:00,2027-03-08 21:00:00
6104,스포츠,어린이대공원 운동장,2027-03-08 21:00:00,2027-03-08 22:00:00
6105,스포츠,세종대 실내 체육관,2027-03-08 22:00:00,2027-03-09 00:00:00
6106,식사,세종대 부근 맛집,2027-03-09 08:00:00,2027-03-09 10:00:00
6107,관람,건국대학교 박물관,2027-03-09 10:00:00,2027-03-09 12:00:00
6108,식사,어린이대공원 근처 레스토랑,2027-03-09 12:00:00,2027-03-09 14:00:00
6109,관람,한강 뚝섬 예술극장,2027-03-09 14:00:00,2027-03-09 17:00:00
6110,관람,건대 커뮤니티 아트센터,2027-03-09 17:00:00,2027-03-09 18:00:00
6111,식사,광장시장 맛집,2027-03-09 18:00:00,2027-03-09 20:00:00
6112,관람,광진문화예술회관,2027-03-09 20:00:00,2027-03-09 21:00:00
6113,실내활동,광진구 기타 장소,2027-03-09 21:00:00,2027-03-09 22:00:00
6114,실내활동,광진구 기타 장소,2027-03-09 22:00:00,2027-03-09 23:00:00
6115,실내활동,광진구 기타 장소,2027-03-09 23:00:00,2027-03-10 00:00:00
6116,스포츠,서울숲 테니스장,2027-03-09 22:00:00,2027-03-09 23:00:00
6117,식사,광진구 한식당,2027-03-10 08:00:00,2027-03-10 10:00:00
6118,공원,광진구 기타 장소,2027-03-10 10:00:00,2027-03-10 14:00:00
6119,공부,광진구 기타 장소,2027-03-10 14:00:00,2027-03-10 18:00:00
6120,식사,세종대 부근 맛집,2027-03-10 18:00:00,2027-03-10 20:00:00
6121,공부,광진구 기타 장소,2027-03-10 20:00:00,2027-03-10 21:00:00
6122,공원,광진구 기타 장소,2027-03-10 21:00:00,2027-03-10 22:00:00
6123,실내활동,광진구 기타 장소,2027-03-10 22:00:00,2027-03-11 00:00:00
6124,식사,어린이대공원 근처 레스토랑,2027-03-11 08:00:00,2027-03-11 10:00:00
6125,운동,광진구 공원 체력단련장,2027-03-11 10:00:00,2027-03-11 14:00:00
6126,공원,광진구 기타 장소,2027-03-11 14:00:00,2027-03-11 16:00:00
6127,스포츠,광진구 배드민턴장,2027-03-11 16:00:00,2027-03-11 19:00:00
6128,운동,한강 자전거 대여소,2027-03-11 19:00:00,2027-03-11 20:00:00
6129,공원,광진구 기타 장소,2027-03-11 20:00:00,2027-03-11 21:00:00
6130,공원,광진구 기타 장소,2027-03-11 21:00:00,2027-03-12 00:00:00
6131,식사,건대입구 전통시장,2027-03-12 08:00:00,2027-03-12 10:00:00
6132,공부,광진구 기타 장소,2027-03-12 10:00:00,2027-03-12 14:00:00
6133,실내활동,광진구 기타 장소,2027-03-12 14:00:00,2027-03-12 18:00:00
6134,식사,세종대 부근 맛집,2027-03-12 18:00:00,2027-03-12 20:00:00
6135,공부,광진구 기타 장소,2027-03-12 20:00:00,2027-03-12 22:00:00
6136,관람,어린이대공원 공연장,2027-03-12 22:00:00,2027-03-13 00:00:00
6137,식사,건대입구 전통시장,2027-03-13 08:00:00,2027-03-13 10:00:00
6138,운동,뚝섬 한강 수영장,2027-03-13 10:00:00,2027-03-13 12:00:00
6139,식사,한강 뚝섬 피크닉존 카페,2027-03-13 12:00:00,2027-03-13 14:00:00
6140,공원,광진구 기타 장소,2027-03-13 14:00:00,2027-03-13 17:00:00
6141,실내활동,광진구 기타 장소,2027-03-13 17:00:00,2027-03-13 21:00:00
6142,실내활동,광진구 기타 장소,2027-03-13 21:00:00,2027-03-13 23:00:00
6143,운동,뚝섬 유원지 요가 센터,2027-03-13 23:00:00,2027-03-14 00:00:00
6144,식사,세종대 부근 맛집,2027-03-14 08:00:00,2027-03-14 10:00:00
6145,관람,서울숲 갤러리,2027-03-14 10:00:00,2027-03-14 13:00:00
6146,관람,광진구 시립극장,2027-03-14 13:00:00,2027-03-14 17:00:00
6147,관람,롯데시네마 건대입구,2027-03-14 17:00:00,2027-03-14 20:00:00
6148,스포츠,서울숲 테니스장,2027-03-14 20:00:00,2027-03-15 00:00:00
6149,운동,광진구 등산 코스,2027-03-14 22:00:00,2027-03-14 23:00:00
6150,식사,뚝섬 수변 카페,2027-03-15 08:00:00,2027-03-15 10:00:00
6151,스포츠,광진구 배드민턴장,2027-03-15 10:00:00,2027-03-15 11:00:00
6152,스포츠,서울숲 테니스장,2027-03-15 11:00:00,2027-03-15 14:00:00
6153,운동,뚝섬 유원지 요가 센터,2027-03-15 14:00:00,2027-03-15 15:00:00
6154,공부,광진구 기타 장소,2027-03-15 15:00:00,2027-03-15 17:00:00
6155,공부,광진구 기타 장소,2027-03-15 17:00:00,2027-03-15 20:00:00
6156,운동,건대 헬스장,2027-03-15 20:00:00,2027-03-16 00:00:00
6157,식사,한강 뚝섬 피크닉존 카페,2027-03-16 08:00:00,2027-03-16 10:00:00
6158,스포츠,광진구 배드민턴장,2027-03-16 10:00:00,2027-03-16 11:00:00
6159,스포츠,건대 헬스장,2027-03-16 11:00:00,2027-03-16 12:00:00
6160,식사,광장시장 맛집,2027-03-16 12:00:00,2027-03-16 14:00:00
6161,관람,서울숲 갤러리,2027-03-16 14:00:00,2027-03-16 16:00:00
6162,스포츠,한강공원 축구장,2027-03-16 16:00:00,2027-03-16 18:00:00
6163,식사,광장시장 맛집,2027-03-16 18:00:00,2027-03-16 20:00:00
6164,실내활동,광진구 기타 장소,2027-03-16 20:00:00,2027-03-17 00:00:00
6165,식사,건대 버거 레스토랑,2027-03-17 08:00:00,2027-03-17 10:00:00
6166,공원,광진구 기타 장소,2027-03-17 10:00:00,2027-03-17 11:00:00
6167,실내활동,광진구 기타 장소,2027-03-17 11:00:00,2027-03-17 14:00:00
6168,공원,광진구 기타 장소,2027-03-17 14:00:00,2027-03-17 18:00:00
6169,식사,광장시장 맛집,2027-03-17 18:00:00,2027-03-17 20:00:00
6170,공부,광진구 기타 장소,2027-03-17 20:00:00,2027-03-17 22:00:00
6171,실내활동,광진구 기타 장소,2027-03-17 22:00:00,2027-03-18 00:00:00
6172,식사,광진구 한식당,2027-03-18 08:00:00,2027-03-18 10:00:00
6173,스포츠,광진구 배드민턴장,2027-03-18 10:00:00,2027-03-18 13:00:00
6174,스포츠,건대 헬스장,2027-03-18 13:00:00,2027-03-18 14:00:00
6175,스포츠,세종대 실내 체육관,2027-03-18 14:00:00,2027-03-18 18:00:00
6176,식사,광진구 한식당,2027-03-18 18:00:00,2027-03-18 20:00:00
6177,운동,건대 스포츠 클럽,2027-03-18 20:00:00,2027-03-18 21:00:00
6178,공원,광진구 기타 장소,2027-03-18 21:00:00,2027-03-19 00:00:00
6179,식사,어린이대공원 근처 레스토랑,2027-03-19 08:00:00,2027-03-19 10:00:00
6180,실내활동,광진구 기타 장소,2027-03-19 10:00:00,2027-03-19 13:00:00
6181,실내활동,광진구 기타 장소,2027-03-19 13:00:00,2027-03-19 16:00:00
6182,관람,광진문화예술회관,2027-03-19 16:00:00,2027-03-19 19:00:00
6183,공부,광진구 기타 장소,2027-03-19 19:00:00,2027-03-19 20:00:00
6184,관람,어린이대공원 공연장,2027-03-19 20:00:00,2027-03-19 21:00:00
6185,관람,건국대학교 박물관,2027-03-19 21:00:00,2027-03-20 00:00:00
6186,식사,한강 뚝섬 피크닉존 카페,2027-03-20 08:00:00,2027-03-20 10:00:00
6187,실내활동,광진구 기타 장소,2027-03-20 10:00:00,2027-03-20 13:00:00
6188,실내활동,광진구 기타 장소,2027-03-20 13:00:00,2027-03-20 15:00:00
6189,공원,광진구 기타 장소,2027-03-20 15:00:00,2027-03-20 16:00:00
6190,실내활동,광진구 기타 장소,2027-03-20 16:00:00,2027-03-20 18:00:00
6191,식사,건대입구 음식점,2027-03-20 18:00:00,2027-03-20 20:00:00
6192,공원,광진구 기타 장소,2027-03-20 20:00:00,2027-03-20 23:00:00
6193,운동,뚝섬 한강 수영장,2027-03-20 23:00:00,2027-03-21 00:00:00
6194,식사,건대입구 전통시장,2027-03-21 08:00:00,2027-03-21 10:00:00
6195,스포츠,광진구 체육관,2027-03-21 10:00:00,2027-03-21 13:00:00
6196,스포츠,서울숲 테니스장,2027-03-21 13:00:00,2027-03-21 15:00:00
6197,관람,한강 뚝섬 예술극장,2027-03-21 15:00:00,2027-03-21 17:00:00
6198,관람,롯데시네마 건대입구,2027-03-21 17:00:00,2027-03-21 20:00:00
6199,스포츠,한강공원 축구장,2027-03-21 20:00:00,2027-03-21 23:00:00
6200,스포츠,광진구 체육관,2027-03-21 23:00:00,2027-03-22 00:00:00
6201,운동,뚝섬 한강 수영장,2027-03-21 22:00:00,2027-03-21 23:00:00
6202,식사,광장시장 맛집,2027-03-22 08:00:00,2027-03-22 10:00:00
6203,스포츠,건대 헬스장,2027-03-22 10:00:00,2027-03-22 14:00:00
6204,스포츠,서울숲 스케이트장,2027-03-22 14:00:00,2027-03-22 18:00:00
6205,식사,건대입구 전통시장,2027-03-22 18:00:00,2027-03-22 20:00:00
6206,공부,광진구 기타 장소,2027-03-22 20:00:00,2027-03-23 00:00:00
6207,운동,한강 공원,2027-03-22 22:00:00,2027-03-22 23:00:00
6208,식사,뚝섬 수변 카페,2027-03-23 08:00:00,2027-03-23 10:00:00
6209,실내활동,광진구 기타 장소,2027-03-23 10:00:00,2027-03-23 13:00:00
6210,스포츠,서울숲 테니스장,2027-03-23 13:00:00,2027-03-23 15:00:00
6211,스포츠,뚝섬 런닝코스,2027-03-23 15:00:00,2027-03-23 16:00:00
6212,관람,롯데시네마 건대입구,2027-03-23 16:00:00,2027-03-23 18:00:00
6213,식사,광진구 한식당,2027-03-23 18:00:00,2027-03-23 20:00:00
6214,스포츠,서울숲 테니스장,2027-03-23 20:00:00,2027-03-23 22:00:00
6215,관람,롯데시네마 건대입구,2027-03-23 22:00:00,2027-03-23 23:00:00
6216,관람,한강 뚝섬 예술극장,2027-03-23 23:00:00,2027-03-24 00:00:00
6217,식사,건대 버거 레스토랑,2027-03-24 08:00:00,2027-03-24 10:00:00
6218,실내활동,광진구 기타 장소,2027-03-24 10:00:00,2027-03-24 13:00:00
6219,공원,광진구 기타 장소,2027-03-24 13:00:00,2027-03-24 17:00:00
6220,공원,광진구 기타 장소,2027-03-24 17:00:00,2027-03-24 19:00:00
6221,실내활동,광진구 기타 장소,2027-03-24 19:00:00,2027-03-24 20:00:00
6222,실내활동,광진구 기타 장소,2027-03-24 20:00:00,2027-03-25 00:00:00
6223,공부,광진구 기타 장소,2027-03-24 22:00:00,2027-03-24 23:00:00
6224,식사,건대입구 음식점,2027-03-25 08:00:00,2027-03-25 10:00:00
6225,운동,어린이대공원 실내 체육관,2027-03-25 10:00:00,2027-03-25 12:00:00
6226,식사,어린이대공원 근처 레스토랑,2027-03-25 12:00:00,2027-03-25 14:00:00
6227,운동,광진구 등산 코스,2027-03-25 14:00:00,2027-03-25 16:00:00
6228,스포츠,서울숲 테니스장,2027-03-25 16:00:00,2027-03-25 20:00:00
6229,운동,건대 헬스장,2027-03-25 20:00:00,2027-03-25 22:00:00
6230,스포츠,광진구 요가 스튜디오,2027-03-25 22:00:00,2027-03-26 00:00:00
6231,공원,광진구 기타 장소,2027-03-25 22:00:00,2027-03-25 23:00:00
6232,식사,뚝섬 수변 카페,2027-03-26 08:00:00,2027-03-26 10:00:00
6233,실내활동,광진구 기타 장소,2027-03-26 10:00:00,2027-03-26 13:00:00
6234,공부,광진구 기타 장소,2027-03-26 13:00:00,2027-03-26 17:00:00
6235,관람,한강 뚝섬 예술극장,2027-03-26 17:00:00,2027-03-26 21:00:00
6236,공부,광진구 기타 장소,2027-03-26 21:00:00,2027-03-26 23:00:00
6237,공부,광진구 기타 장소,2027-03-26 23:00:00,2027-03-27 00:00:00
6238,식사,뚝섬 수변 카페,2027-03-27 08:00:00,2027-03-27 10:00:00
6239,운동,뚝섬 한강 수영장,2027-03-27 10:00:00,2027-03-27 12:00:00
6240,식사,스타시티 푸드코트,2027-03-27 12:00:00,2027-03-27 14:00:00
6241,공원,광진구 기타 장소,2027-03-27 14:00:00,2027-03-27 18:00:00
6242,식사,광장시장 맛집,2027-03-27 18:00:00,2027-03-27 20:00:00
6243,운동,건대 헬스장,2027-03-27 20:00:00,2027-03-27 21:00:00
6244,운동,광진구 등산 코스,2027-03-27 21:00:00,2027-03-27 22:00:00
6245,실내활동,광진구 기타 장소,2027-03-27 22:00:00,2027-03-28 00:00:00
6246,식사,어린이대공원 근처 레스토랑,2027-03-28 08:00:00,2027-03-28 10:00:00
6247,스포츠,서울숲 스케이트장,2027-03-28 10:00:00,2027-03-28 12:00:00
6248,식사,스타시티 푸드코트,2027-03-28 12:00:00,2027-03-28 14:00:00
6249,운동,뚝섬 한강 수영장,2027-03-28 14:00:00,2027-03-28 17:00:00
6250,관람,롯데시네마 건대입구,2027-03-28 17:00:00,2027-03-28 19:00:00
6251,운동,건대 헬스장,2027-03-28 19:00:00,2027-03-28 23:00:00
6252,관람,롯데시네마 건대입구,2027-03-28 23:00:00,2027-03-29 00:00:00
6253,식사,뚝섬 수변 카페,2027-03-29 08:00:00,2027-03-29 10:00:00
6254,운동,어린이대공원 실내 체육관,2027-03-29 10:00:00,2027-03-29 14:00:00
6255,스포츠,서울숲 스케이트장,2027-03-29 14:00:00,2027-03-29 16:00:00
6256,공부,광진구 기타 장소,2027-03-29 16:00:00,2027-03-29 19:00:00
6257,스포츠,뚝섬 런닝코스,2027-03-29 19:00:00,2027-03-29 23:00:00
6258,공부,광진구 기타 장소,2027-03-29 23:00:00,2027-03-30 00:00:00
6259,식사,광진구 한식당,2027-03-30 08:00:00,2027-03-30 10:00:00
6260,관람,광진문화예술회관,2027-03-30 10:00:00,2027-03-30 13:00:00
6261,관람,광진구 시립극장,2027-03-30 13:00:00,2027-03-30 14:00:00
6262,관람,건대 메가박스,2027-03-30 14:00:00,2027-03-30 18:00:00
6263,식사,건대입구 전통시장,2027-03-30 18:00:00,2027-03-30 20:00:00
6264,관람,광진문화예술회관,2027-03-30 20:00:00,2027-03-30 22:00:00
6265,실내활동,광진구 기타 장소,2027-03-30 22:00:00,2027-03-31 00:00:00
6266,스포츠,서울숲 테니스장,2027-03-30 22:00:00,2027-03-30 23:00:00
6267,식사,스타시티 푸드코트,2027-03-31 08:00:00,2027-03-31 10:00:00
6268,실내활동,광진구 기타 장소,2027-03-31 10:00:00,2027-03-31 11:00:00
6269,공부,광진구 기타 장소,2027-03-31 11:00:00,2027-03-31 13:00:00
6270,공부,광진구 기타 장소,2027-03-31 13:00:00,2027-03-31 14:00:00
6271,공부,광진구 기타 장소,2027-03-31 14:00:00,2027-03-31 16:00:00
6272,공원,광진구 기타 장소,2027-03-31 16:00:00,2027-03-31 20:00:00
6273,공부,광진구 기타 장소,2027-03-31 20:00:00,2027-03-31 23:00:00
6274,공원,광진구 기타 장소,2027-03-31 23:00:00,2027-04-01 00:00:00
6275,식사,광진구 한식당,2027-04-01 08:00:00,2027-04-01 10:00:00
6276,스포츠,뚝섬 런닝코스,2027-04-01 10:00:00,2027-04-01 12:00:00
6277,식사,뚝섬 수변 카페,2027-04-01 12:00:00,2027-04-01 14:00:00
6278,스포츠,광진구 체육관,2027-04-01 14:00:00,2027-04-01 15:00:00
6279,운동,어린이대공원 실내 체육관,2027-04-01 15:00:00,2027-04-01 18:00:00
6280,식사,건대입구 전통시장,2027-04-01 18:00:00,2027-04-01 20:00:00
6281,스포츠,한강공원 축구장,2027-04-01 20:00:00,2027-04-01 22:00:00
6282,공원,광진구 기타 장소,2027-04-01 22:00:00,2027-04-02 00:00:00
6283,식사,광장시장 맛집,2027-04-02 08:00:00,2027-04-02 10:00:00
6284,공부,광진구 기타 장소,2027-04-02 10:00:00,2027-04-02 13:00:00
6285,실내활동,광진구 기타 장소,2027-04-02 13:00:00,2027-04-02 15:00:00
6286,실내활동,광진구 기타 장소,2027-04-02 15:00:00,2027-04-02 19:00:00
6287,관람,롯데시네마 건대입구,2027-04-02 19:00:00,2027-04-02 22:00:00
6288,실내활동,광진구 기타 장소,2027-04-02 22:00:00,2027-04-02 23:00:00
6289,공부,광진구 기타 장소,2027-04-02 23:00:00,2027-04-03 00:00:00
6290,식사,건대입구 음식점,2027-04-03 08:00:00,2027-04-03 10:00:00
6291,운동,뚝섬 한강 수영장,2027-04-03 10:00:00,2027-04-03 14:00:00
6292,공원,광진구 기타 장소,2027-04-03 14:00:00,2027-04-03 17:00:00
6293,실내활동,광진구 기타 장소,2027-04-03 17:00:00,2027-04-03 19:00:00
6294,운동,광진구 등산 코스,2027-04-03 19:00:00,2027-04-03 23:00:00
6295,공원,광진구 기타 장소,2027-04-03 23:00:00,2027-04-04 00:00:00
6296,식사,건대 버거 레스토랑,2027-04-04 08:00:00,2027-04-04 10:00:00
6297,운동,광진구 등산 코스,2027-04-04 10:00:00,2027-04-04 12:00:00
6298,식사,세종대 부근 맛집,2027-04-04 12:00:00,2027-04-04 14:00:00
6299,관람,뚝섬 전망대,2027-04-04 14:00:00,2027-04-04 17:00:00
6300,운동,건대 헬스장,2027-04-04 17:00:00,2027-04-04 20:00:00
6301,운동,한강 공원,2027-04-04 20:00:00,2027-04-04 21:00:00
6302,스포츠,세종대 실내 체육관,2027-04-04 21:00:00,2027-04-05 00:00:00
6303,식사,건대 버거 레스토랑,2027-04-05 08:00:00,2027-04-05 10:00:00
6304,운동,한강 자전거 대여소,2027-04-05 10:00:00,2027-04-05 14:00:00
6305,공부,광진구 기타 장소,2027-04-05 14:00:00,2027-04-05 15:00:00
6306,스포츠,광진구 배드민턴장,2027-04-05 15:00:00,2027-04-05 17:00:00
6307,공부,광진구 기타 장소,2027-04-05 17:00:00,2027-04-05 19:00:00
6308,공부,광진구 기타 장소,2027-04-05 19:00:00,2027-04-05 20:00:00
6309,운동,서울숲 조깅 트랙,2027-04-05 20:00:00,2027-04-05 23:00:00
6310,스포츠,세종대 실내 체육관,2027-04-05 23:00:00,2027-04-06 00:00:00
6311,식사,광장시장 맛집,2027-04-06 08:00:00,2027-04-06 10:00:00
6312,관람,건대 커뮤니티 아트센터,2027-04-06 10:00:00,2027-04-06 11:00:00
6313,스포츠,서울숲 스케이트장,2027-04-06 11:00:00,2027-04-06 15:00:00
6314,관람,뚝섬 전망대,2027-04-06 15:00:00,2027-04-06 16:00:00
6315,관람,건대 메가박스,2027-04-06 16:00:00,2027-04-06 17:00:00
6316,관람,건국대학교 박물관,2027-04-06 17:00:00,2027-04-06 20:00:00
6317,스포츠,뚝섬 런닝코스,2027-04-06 20:00:00,2027-04-06 22:00:00
6318,관람,롯데시네마 건대입구,2027-04-06 22:00:00,2027-04-07 00:00:00
6319,실내활동,광진구 기타 장소,2027-04-06 22:00:00,2027-04-06 23:00:00
6320,식사,세종대 부근 맛집,2027-04-07 08:00:00,2027-04-07 10:00:00
6321,공원,광진구 기타 장소,2027-04-07 10:00:00,2027-04-07 12:00:00
6322,식사,스타시티 푸드코트,2027-04-07 12:00:00,2027-04-07 14:00:00
6323,공부,광진구 기타 장소,2027-04-07 14:00:00,2027-04-07 17:00:00
6324,실내활동,광진구 기타 장소,2027-04-07 17:00:00,2027-04-07 18:00:00
6325,식사,광진구 한식당,2027-04-07 18:00:00,2027-04-07 20:00:00
6326,공원,광진구 기타 장소,2027-04-07 20:00:00,2027-04-07 21:00:00
6327,실내활동,광진구 기타 장소,2027-04-07 21:00:00,2027-04-08 00:00:00
6328,식사,세종대 부근 맛집,2027-04-08 08:00:00,2027-04-08 10:00:00
6329,공원,광진구 기타 장소,2027-04-08 10:00:00,2027-04-08 12:00:00
6330,식사,광장시장 맛집,2027-04-08 12:00:00,2027-04-08 14:00:00
6331,스포츠,뚝섬 런닝코스,2027-04-08 14:00:00,2027-04-08 15:00:00
6332,스포츠,광진구 체육관,2027-04-08 15:00:00,2027-04-08 19:00:00
6333,운동,광진구 공원 체력단련장,2027-04-08 19:00:00,2027-04-08 22:00:00
6334,운동,건대 헬스장,2027-04-08 22:00:00,2027-04-09 00:00:00
6335,식사,세종대 부근 맛집,2027-04-09 08:00:00,2027-04-09 10:00:00
6336,실내활동,광진구 기타 장소,2027-04-09 10:00:00,2027-04-09 13:00:00
6337,관람,뚝섬 전망대,2027-04-09 13:00:00,2027-04-09 16:00:00
6338,공부,광진구 기타 장소,2027-04-09 16:00:00,2027-04-09 19:00:00
6339,공부,광진구 기타 장소,2027-04-09 19:00:00,2027-04-09 20:00:00
6340,공부,광진구 기타 장소,2027-04-09 20:00:00,2027-04-09 21:00:00
6341,실내활동,광진구 기타 장소,2027-04-09 21:00:00,2027-04-10 00:00:00
6342,식사,건대 버거 레스토랑,2027-04-10 08:00:00,2027-04-10 10:00:00
6343,실내활동,광진구 기타 장소,2027-04-10 10:00:00,2027-04-10 12:00:00
6344,식사,한강 뚝섬 피크닉존 카페,2027-04-10 12:00:00,2027-04-10 14:00:00
6345,실내활동,광진구 기타 장소,2027-04-10 14:00:00,2027-04-10 15:00:00
6346,실내활동,광진구 기타 장소,2027-04-10 15:00:00,2027-04-10 17:00:00
6347,실내활동,광진구 기타 장소,2027-04-10 17:00:00,2027-04-10 18:00:00
6348,식사,건대입구 음식점,2027-04-10 18:00:00,2027-04-10 20:00:00
6349,실내활동,광진구 기타 장소,2027-04-10 20:00:00,2027-04-10 23:00:00
6350,운동,한강 공원,2027-04-10 23:00:00,2027-04-11 00:00:00
6351,공원,광진구 기타 장소,2027-04-10 22:00:00,2027-04-10 23:00:00
6352,식사,뚝섬 수변 카페,2027-04-11 08:00:00,2027-04-11 10:00:00
6353,관람,건국대학교 박물관,2027-04-11 10:00:00,2027-04-11 13:00:00
6354,관람,한강 뚝섬 예술극장,2027-04-11 13:00:00,2027-04-11 17:00:00
6355,운동,건대 스포츠 클럽,2027-04-11 17:00:00,2027-04-11 18:00:00
6356,식사,건대 버거 레스토랑,2027-04-11 18:00:00,2027-04-11 20:00:00
6357,운동,건대 헬스장,2027-04-11 20:00:00,2027-04-12 00:00:00
6358,스포츠,어린이대공원 운동장,2027-04-11 22:00:00,2027-04-11 23:00:00
6359,식사,건대입구 전통시장,2027-04-12 08:00:00,2027-04-12 10:00:00
6360,운동,건대 헬스장,2027-04-12 10:00:00,2027-04-12 12:00:00
6361,식사,어린이대공원 근처 레스토랑,2027-04-12 12:00:00,2027-04-12 14:00:00
6362,스포츠,광진구 체육관,2027-04-12 14:00:00,2027-04-12 18:00:00
6363,식사,어린이대공원 근처 레스토랑,2027-04-12 18:00:00,2027-04-12 20:00:00
6364,스포츠,건대 헬스장,2027-04-12 20:00:00,2027-04-12 22:00:00
6365,운동,한강 공원,2027-04-12 22:00:00,2027-04-13 00:00:00
6366,공부,광진구 기타 장소,2027-04-12 22:00:00,2027-04-12 23:00:00
6367,식사,세종대 부근 맛집,2027-04-13 08:00:00,2027-04-13 10:00:00
6368,관람,광진문화예술회관,2027-04-13 10:00:00,2027-04-13 11:00:00
6369,스포츠,서울숲 스케이트장,2027-04-13 11:00:00,2027-04-13 13:00:00
6370,스포츠,광진구 요가 스튜디오,2027-04-13 13:00:00,2027-04-13 16:00:00
6371,스포츠,어린이대공원 운동장,2027-04-13 16:00:00,2027-04-13 17:00:00
6372,관람,광진문화예술회관,2027-04-13 17:00:00,2027-04-13 20:00:00
6373,관람,건대 메가박스,2027-04-13 20:00:00,2027-04-13 23:00:00
6374,실내활동,광진구 기타 장소,2027-04-13 23:00:00,2027-04-14 00:00:00
6375,식사,세종대 부근 맛집,2027-04-14 08:00:00,2027-04-14 10:00:00
6376,공원,광진구 기타 장소,2027-04-14 10:00:00,2027-04-14 13:00:00
6377,공부,광진구 기타 장소,2027-04-14 13:00:00,2027-04-14 14:00:00
6378,공원,광진구 기타 장소,2027-04-14 14:00:00,2027-04-14 17:00:00
6379,공부,광진구 기타 장소,2027-04-14 17:00:00,2027-04-14 19:00:00
6380,실내활동,광진구 기타 장소,2027-04-14 19:00:00,2027-04-14 22:00:00
6381,공원,광진구 기타 장소,2027-04-14 22:00:00,2027-04-14 23:00:00
6382,공부,광진구 기타 장소,2027-04-14 23:00:00,2027-04-15 00:00:00
6383,식사,뚝섬 수변 카페,2027-04-15 08:00:00,2027-04-15 10:00:00
6384,스포츠,서울숲 스케이트장,2027-04-15 10:00:00,2027-04-15 14:00:00
6385,스포츠,광진구 요가 스튜디오,2027-04-15 14:00:00,2027-04-15 17:00:00
6386,공원,광진구 기타 장소,2027-04-15 17:00:00,2027-04-15 20:00:00
6387,스포츠,어린이대공원 운동장,2027-04-15 20:00:00,2027-04-15 23:00:00
6388,공원,광진구 기타 장소,2027-04-15 23:00:00,2027-04-16 00:00:00
6389,운동,광진구 등산 코스,2027-04-15 22:00:00,2027-04-15 23:00:00
6390,식사,한강 뚝섬 피크닉존 카페,2027-04-16 08:00:00,2027-04-16 10:00:00
6391,공부,광진구 기타 장소,2027-04-16 10:00:00,2027-04-16 14:00:00
6392,실내활동,광진구 기타 장소,2027-04-16 14:00:00,2027-04-16 17:00:00
6393,공부,광진구 기타 장소,2027-04-16 17:00:00,2027-04-16 21:00:00
6394,관람,건국대학교 박물관,2027-04-16 21:00:00,2027-04-16 23:00:00
6395,관람,한강 뚝섬 예술극장,2027-04-16 23:00:00,2027-04-17 00:00:00
6396,식사,광장시장 맛집,2027-04-17 08:00:00,2027-04-17 10:00:00
6397,실내활동,광진구 기타 장소,2027-04-17 10:00:00,2027-04-17 12:00:00
6398,식사,건대입구 음식점,2027-04-17 12:00:00,2027-04-17 14:00:00
6399,운동,뚝섬 한강 수영장,2027-04-17 14:00:00,2027-04-17 18:00:00
6400,식사,건대입구 음식점,2027-04-17 18:00:00,2027-04-17 20:00:00
6401,실내활동,광진구 기타 장소,2027-04-17 20:00:00,2027-04-18 00:00:00
6402,공원,광진구 기타 장소,2027-04-17 22:00:00,2027-04-17 23:00:00
6403,식사,어린이대공원 근처 레스토랑,2027-04-18 08:00:00,2027-04-18 10:00:00
6404,관람,롯데시네마 건대입구,2027-04-18 10:00:00,2027-04-18 12:00:00
6405,식사,뚝섬 수변 카페,2027-04-18 12:00:00,2027-04-18 14:00:00
6406,운동,한강 공원,2027-04-18 14:00:00,2027-04-18 16:00:00
6407,스포츠,한강공원 축구장,2027-04-18 16:00:00,2027-04-18 19:00:00
6408,관람,한강 뚝섬 예술극장,2027-04-18 19:00:00,2027-04-18 22:00:00
6409,운동,건대 스포츠 클럽,2027-04-18 22:00:00,2027-04-19 00:00:00
6410,식사,한강 뚝섬 피크닉존 카페,2027-04-19 08:00:00,2027-04-19 10:00:00
6411,스포츠,건대 헬스장,2027-04-19 10:00:00,2027-04-19 13:00:00
6412,운동,어린이대공원 실내 체육관,2027-04-19 13:00:00,2027-04-19 15:00:00
6413,공부,광진구 기타 장소,2027-04-19 15:00:00,2027-04-19 17:00:00
6414,운동,건대 스포츠 클럽,2027-04-19 17:00:00,2027-04-19 20:00:00
6415,운동,광진구 공원 체력단련장,2027-04-19 20:00:00,2027-04-20 00:00:00
6416,식사,스타시티 푸드코트,2027-04-20 08:00:00,2027-04-20 10:00:00
6417,실내활동,광진구 기타 장소,2027-04-20 10:00:00,2027-04-20 13:00:00
6418,실내활동,광진구 기타 장소,2027-04-20 13:00:00,2027-04-20 16:00:00
6419,관람,건국대학교 박물관,2027-04-20 16:00:00,2027-04-20 18:00:00
6420,식사,세종대 부근 맛집,2027-04-20 18:00:00,2027-04-20 20:00:00
6421,스포츠,서울숲 스케이트장,2027-04-20 20:00:00,2027-04-21 00:00:00
6422,식사,광진구 한식당,2027-04-21 08:00:00,2027-04-21 10:00:00
6423,공원,광진구 기타 장소,2027-04-21 10:00:00,2027-04-21 12:00:00
6424,식사,건대입구 전통시장,2027-04-21 12:00:00,2027-04-21 14:00:00
6425,공부,광진구 기타 장소,2027-04-21 14:00:00,2027-04-21 16:00:00
6426,공부,광진구 기타 장소,2027-04-21 16:00:00,2027-04-21 20:00:00
6427,공원,광진구 기타 장소,2027-04-21 20:00:00,2027-04-21 23:00:00
6428,공부,광진구 기타 장소,2027-04-21 23:00:00,2027-04-22 00:00:00
6429,실내활동,광진구 기타 장소,2027-04-21 22:00:00,2027-04-21 23:00:00
6430,식사,뚝섬 수변 카페,2027-04-22 08:00:00,2027-04-22 10:00:00
6431,운동,한강 자전거 대여소,2027-04-22 10:00:00,2027-04-22 11:00:00
6432,공원,광진구 기타 장소,2027-04-22 11:00:00,2027-04-22 15:00:00
6433,스포츠,한강공원 축구장,2027-04-22 15:00:00,2027-04-22 19:00:00
6434,스포츠,광진구 배드민턴장,2027-04-22 19:00:00,2027-04-22 22:00:00
6435,운동,뚝섬 한강 수영장,2027-04-22 22:00:00,2027-04-23 00:00:00
6436,식사,건대입구 전통시장,2027-04-23 08:00:00,2027-04-23 10:00:00
6437,공부,광진구 기타 장소,2027-04-23 10:00:00,2027-04-23 12:00:00
6438,식사,건대입구 전통시장,2027-04-23 12:00:00,2027-04-23 14:00:00
6439,관람,어린이대공원 공연장,2027-04-23 14:00:00,2027-04-23 15:00:00
6440,관람,건국대학교 박물관,2027-04-23 15:00:00,2027-04-23 18:00:00
6441,식사,어린이대공원 근처 레스토랑,2027-04-23 18:00:00,2027-04-23 20:00:00
6442,공부,광진구 기타 장소,2027-04-23 20:00:00,2027-04-23 21:00:00
6443,실내활동,광진구 기타 장소,2027-04-23 21:00:00,2027-04-24 00:00:00
6444,식사,세종대 부근 맛집,2027-04-24 08:00:00,2027-04-24 10:00:00
6445,실내활동,광진구 기타 장소,2027-04-24 10:00:00,2027-04-24 13:00:00
6446,실내활동,광진구 기타 장소,2027-04-24 13:00:00,2027-04-24 17:00:00
6447,공원,광진구 기타 장소,2027-04-24 17:00:00,2027-04-24 20:00:00
6448,공원,광진구 기타 장소,2027-04-24 20:00:00,2027-04-25 00:00:00
6449,운동,광진구 공원 체력단련장,2027-04-24 22:00:00,2027-04-24 23:00:00
6450,식사,광진구 한식당,2027-04-25 08:00:00,2027-04-25 10:00:00
6451,운동,한강 공원,2027-04-25 10:00:00,2027-04-25 12:00:00
6452,식사,광진구 한식당,2027-04-25 12:00:00,2027-04-25 14:00:00
6453,스포츠,광진구 배드민턴장,2027-04-25 14:00:00,2027-04-25 15:00:00
6454,관람,뚝섬 전망대,2027-04-25 15:00:00,2027-04-25 19:00:00
6455,운동,서울숲 조깅 트랙,2027-04-25 19:00:00,2027-04-25 20:00:00
6456,관람,어린이대공원 공연장,2027-04-25 20:00:00,2027-04-25 22:00:00
6457,관람,건대 메가박스,2027-04-25 22:00:00,2027-04-26 00:00:00
6458,식사,스타시티 푸드코트,2027-04-26 08:00:00,2027-04-26 10:00:00
6459,운동,뚝섬 한강 수영장,2027-04-26 10:00:00,2027-04-26 13:00:00
6460,스포츠,광진구 체육관,2027-04-26 13:00:00,2027-04-26 17:00:00
6461,공부,광진구 기타 장소,2027-04-26 17:00:00,2027-04-26 21:00:00
6462,스포츠,세종대 실내 체육관,2027-04-26 21:00:00,2027-04-26 22:00:00
6463,스포츠,서울숲 스케이트장,2027-04-26 22:00:00,2027-04-27 00:00:00
6464,식사,건대입구 전통시장,2027-04-27 08:00:00,2027-04-27 10:00:00
6465,스포츠,어린이대공원 운동장,2027-04-27 10:00:00,2027-04-27 12:00:00
6466,식사,한강 뚝섬 피크닉존 카페,2027-04-27 12:00:00,2027-04-27 14:00:00
6467,실내활동,광진구 기타 장소,2027-04-27 14:00:00,2027-04-27 16:00:00
6468,실내활동,광진구 기타 장소,2027-04-27 16:00:00,2027-04-27 18:00:00
6469,식사,한강 뚝섬 피크닉존 카페,2027-04-27 18:00:00,2027-04-27 20:00:00
6470,실내활동,광진구 기타 장소,2027-04-27 20:00:00,2027-04-27 21:00:00
6471,관람,건국대학교 박물관,2027-04-27 21:00:00,2027-04-28 00:00:00
6472,식사,건대입구 음식점,2027-04-28 08:00:00,2027-04-28 10:00:00
6473,실내활동,광진구 기타 장소,2027-04-28 10:00:00,2027-04-28 11:00:00
6474,실내활동,광진구 기타 장소,2027-04-28 11:00:00,2027-04-28 13:00:00
6475,공원,광진구 기타 장소,2027-04-28 13:00:00,2027-04-28 17:00:00
6476,공부,광진구 기타 장소,2027-04-28 17:00:00,2027-04-28 18:00:00
6477,식사,어린이대공원 근처 레스토랑,2027-04-28 18:00:00,2027-04-28 20:00:00
6478,공원,광진구 기타 장소,2027-04-28 20:00:00,2027-04-28 23:00:00
6479,공원,광진구 기타 장소,2027-04-28 23:00:00,2027-04-29 00:00:00
6480,식사,건대입구 전통시장,2027-04-29 08:00:00,2027-04-29 10:00:00
6481,스포츠,서울숲 스케이트장,2027-04-29 10:00:00,2027-04-29 11:00:00
6482,스포츠,광진구 체육관,2027-04-29 11:00:00,2027-04-29 14:00:00
6483,스포츠,광진구 요가 스튜디오,2027-04-29 14:00:00,2027-04-29 17:00:00
6484,공원,광진구 기타 장소,2027-04-29 17:00:00,2027-04-29 21:00:00
6485,스포츠,어린이대공원 운동장,2027-04-29 21:00:00,2027-04-29 23:00:00
6486,공원,광진구 기타 장소,2027-04-29 23:00:00,2027-04-30 00:00:00
6487,운동,건대 스포츠 클럽,2027-04-29 22:00:00,2027-04-29 23:00:00
6488,식사,스타시티 푸드코트,2027-04-30 08:00:00,2027-04-30 10:00:00
6489,공부,광진구 기타 장소,2027-04-30 10:00:00,2027-04-30 14:00:00
6490,실내활동,광진구 기타 장소,2027-04-30 14:00:00,2027-04-30 17:00:00
6491,관람,건국대학교 박물관,2027-04-30 17:00:00,2027-04-30 21:00:00
6492,실내활동,광진구 기타 장소,2027-04-30 21:00:00,2027-04-30 22:00:00
6493,관람,건국대학교 박물관,2027-04-30 22:00:00,2027-05-01 00:00:00
6494,식사,건대입구 전통시장,2027-05-01 08:00:00,2027-05-01 10:00:00
6495,공원,광진구 기타 장소,2027-05-01 10:00:00,2027-05-01 11:00:00
6496,공원,광진구 기타 장소,2027-05-01 11:00:00,2027-05-01 14:00:00
6497,운동,어린이대공원 실내 체육관,2027-05-01 14:00:00,2027-05-01 15:00:00
6498,운동,뚝섬 유원지 요가 센터,2027-05-01 15:00:00,2027-05-01 19:00:00
6499,실내활동,광진구 기타 장소,2027-05-01 19:00:00,2027-05-01 22:00:00
6500,공원,광진구 기타 장소,2027-05-01 22:00:00,2027-05-02 00:00:00
6501,식사,뚝섬 수변 카페,2027-05-02 08:00:00,2027-05-02 10:00:00
6502,관람,건대 메가박스,2027-05-02 10:00:00,2027-05-02 14:00:00
6503,스포츠,한강공원 축구장,2027-05-02 14:00:00,2027-05-02 16:00:00
6504,스포츠,한강공원 축구장,2027-05-02 16:00:00,2027-05-02 20:00:00
6505,운동,어린이대공원 실내 체육관,2027-05-02 20:00:00,2027-05-03 00:00:00
6506,식사,어린이대공원 근처 레스토랑,2027-05-03 08:00:00,2027-05-03 10:00:00
6507,공부,광진구 기타 장소,2027-05-03 10:00:00,2027-05-03 11:00:00
6508,운동,한강 공원,2027-05-03 11:00:00,2027-05-03 14:00:00
6509,스포츠,광진구 체육관,2027-05-03 14:00:00,2027-05-03 17:00:00
6510,운동,광진구 공원 체력단련장,2027-05-03 17:00:00,2027-05-03 20:00:00
6511,운동,건대 스포츠 클럽,2027-05-03 20:00:00,2027-05-03 23:00:00
6512,스포츠,광진구 배드민턴장,2027-05-03 23:00:00,2027-05-04 00:00:00
6513,식사,한강 뚝섬 피크닉존 카페,2027-05-04 08:00:00,2027-05-04 10:00:00
6514,관람,어린이대공원 공연장,2027-05-04 10:00:00,2027-05-04 12:00:00
6515,식사,뚝섬 수변 카페,2027-05-04 12:00:00,2027-05-04 14:00:00
6516,스포츠,어린이대공원 운동장,2027-05-04 14:00:00,2027-05-04 16:00:00
6517,실내활동,광진구 기타 장소,2027-05-04 16:00:00,2027-05-04 19:00:00
6518,실내활동,광진구 기타 장소,2027-05-04 19:00:00,2027-05-04 22:00:00
6519,관람,건국대학교 박물관,2027-05-04 22:00:00,2027-05-05 00:00:00
6520,식사,한강 뚝섬 피크닉존 카페,2027-05-05 08:00:00,2027-05-05 10:00:00
6521,공원,광진구 기타 장소,2027-05-05 10:00:00,2027-05-05 14:00:00
6522,공부,광진구 기타 장소,2027-05-05 14:00:00,2027-05-05 17:00:00
6523,공원,광진구 기타 장소,2027-05-05 17:00:00,2027-05-05 21:00:00
6524,실내활동,광진구 기타 장소,2027-05-05 21:00:00,2027-05-06 00:00:00
6525,식사,어린이대공원 근처 레스토랑,2027-05-06 08:00:00,2027-05-06 10:00:00
6526,운동,광진구 공원 체력단련장,2027-05-06 10:00:00,2027-05-06 12:00:00
6527,식사,뚝섬 수변 카페,2027-05-06 12:00:00,2027-05-06 14:00:00
6528,운동,한강 자전거 대여소,2027-05-06 14:00:00,2027-05-06 18:00:00
6529,식사,스타시티 푸드코트,2027-05-06 18:00:00,2027-05-06 20:00:00
6530,스포츠,광진구 배드민턴장,2027-05-06 20:00:00,2027-05-07 00:00:00
6531,공원,광진구 기타 장소,2027-05-06 22:00:00,2027-05-06 23:00:00
6532,식사,뚝섬 수변 카페,2027-05-07 08:00:00,2027-05-07 10:00:00
6533,관람,광진구 시립극장,2027-05-07 10:00:00,2027-05-07 13:00:00
6534,공부,광진구 기타 장소,2027-05-07 13:00:00,2027-05-07 15:00:00
6535,공부,광진구 기타 장소,2027-05-07 15:00:00,2027-05-07 16:00:00
6536,공부,광진구 기타 장소,2027-05-07 16:00:00,2027-05-07 18:00:00
6537,식사,건대입구 전통시장,2027-05-07 18:00:00,2027-05-07 20:00:00
6538,공부,광진구 기타 장소,2027-05-07 20:00:00,2027-05-08 00:00:00
6539,실내활동,광진구 기타 장소,2027-05-07 22:00:00,2027-05-07 23:00:00
6540,식사,건대입구 전통시장,2027-05-08 08:00:00,2027-05-08 10:00:00
6541,운동,건대 스포츠 클럽,2027-05-08 10:00:00,2027-05-08 13:00:00
6542,운동,광진구 등산 코스,2027-05-08 13:00:00,2027-05-08 16:00:00
6543,실내활동,광진구 기타 장소,2027-05-08 16:00:00,2027-05-08 17:00:00
6544,운동,한강 자전거 대여소,2027-05-08 17:00:00,2027-05-08 21:00:00
6545,공원,광진구 기타 장소,2027-05-08 21:00:00,2027-05-09 00:00:00
6546,식사,스타시티 푸드코트,2027-05-09 08:00:00,2027-05-09 10:00:00
6547,스포츠,뚝섬 런닝코스,2027-05-09 10:00:00,2027-05-09 13:00:00
6548,운동,건대 스포츠 클럽,2027-05-09 13:00:00,2027-05-09 17:00:00
6549,스포츠,서울숲 테니스장,2027-05-09 17:00:00,2027-05-09 21:00:00
6550,관람,건국대학교 박물관,2027-05-09 21:00:00,2027-05-09 23:00:00
6551,관람,서울숲 갤러리,2027-05-09 23:00:00,2027-05-10 00:00:00
6552,식사,건대입구 음식점,2027-05-10 08:00:00,2027-05-10 10:00:00
6553,공부,광진구 기타 장소,2027-05-10 10:00:00,2027-05-10 12:00:00
6554,식사,어린이대공원 근처 레스토랑,2027-05-10 12:00:00,2027-05-10 14:00:00
6555,공부,광진구 기타 장소,2027-05-10 14:00:00,2027-05-10 16:00:00
6556,스포츠,광진구 요가 스튜디오,2027-05-10 16:00:00,2027-05-10 17:00:00
6557,운동,뚝섬 유원지 요가 센터,2027-05-10 17:00:00,2027-05-10 19:00:00
6558,스포츠,한강공원 축구장,2027-05-10 19:00:00,2027-05-10 23:00:00
6559,스포츠,한강공원 축구장,2027-05-10 23:00:00,2027-05-11 00:00:00
6560,식사,건대입구 음식점,2027-05-11 08:00:00,2027-05-11 10:00:00
6561,실내활동,광진구 기타 장소,2027-05-11 10:00:00,2027-05-11 14:00:00
6562,관람,건국대학교 박물관,2027-05-11 14:00:00,2027-05-11 15:00:00
6563,실내활동,광진구 기타 장소,2027-05-11 15:00:00,2027-05-11 16:00:00
6564,관람,광진문화예술회관,2027-05-11 16:00:00,2027-05-11 18:00:00
6565,식사,건대 버거 레스토랑,2027-05-11 18:00:00,2027-05-11 20:00:00
6566,실내활동,광진구 기타 장소,2027-05-11 20:00:00,2027-05-12 00:00:00
6567,스포츠,광진구 요가 스튜디오,2027-05-11 22:00:00,2027-05-11 23:00:00
6568,식사,광장시장 맛집,2027-05-12 08:00:00,2027-05-12 10:00:00
6569,공부,광진구 기타 장소,2027-05-12 10:00:00,2027-05-12 12:00:00
6570,식사,광장시장 맛집,2027-05-12 12:00:00,2027-05-12 14:00:00
6571,공부,광진구 기타 장소,2027-05-12 14:00:00,2027-05-12 17:00:00
6572,공원,광진구 기타 장소,2027-05-12 17:00:00,2027-05-12 18:00:00
6573,식사,스타시티 푸드코트,2027-05-12 18:00:00,2027-05-12 20:00:00
6574,실내활동,광진구 기타 장소,2027-05-12 20:00:00,2027-05-13 00:00:00
6575,식사,어린이대공원 근처 레스토랑,2027-05-13 08:00:00,2027-05-13 10:00:00
6576,스포츠,뚝섬 런닝코스,2027-05-13 10:00:00,2027-05-13 12:00:00
6577,식사,광진구 한식당,2027-05-13 12:00:00,2027-05-13 14:00:00
6578,공원,광진구 기타 장소,2027-05-13 14:00:00,2027-05-13 17:00:00
6579,공원,광진구 기타 장소,2027-05-13 17:00:00,2027-05-13 18:00:00
6580,식사,한강 뚝섬 피크닉존 카페,2027-05-13 18:00:00,2027-05-13 20:00:00
6581,운동,뚝섬 한강 수영장,2027-05-13 20:00:00,2027-05-13 21:00:00
6582,공원,광진구 기타 장소,2027-05-13 21:00:00,2027-05-14 00:00:00
6583,식사,스타시티 푸드코트,2027-05-14 08:00:00,2027-05-14 10:00:00
6584,실내활동,광진구 기타 장소,2027-05-14 10:00:00,2027-05-14 11:00:00
6585,관람,광진구 시립극장,2027-05-14 11:00:00,2027-05-14 12:00:00
6586,식사,한강 뚝섬 피크닉존 카페,2027-05-14 12:00:00,2027-05-14 14:00:00
6587,공부,광진구 기타 장소,2027-05-14 14:00:00,2027-05-14 18:00:00
6588,식사,어린이대공원 근처 레스토랑,2027-05-14 18:00:00,2027-05-14 20:00:00
6589,공부,광진구 기타 장소,2027-05-14 20:00:00,2027-05-14 23:00:00
6590,관람,뚝섬 전망대,2027-05-14 23:00:00,2027-05-15 00:00:00
6591,식사,건대입구 음식점,2027-05-15 08:00:00,2027-05-15 10:00:00
6592,공원,광진구 기타 장소,2027-05-15 10:00:00,2027-05-15 14:00:00
6593,공원,광진구 기타 장소,2027-05-15 14:00:00,2027-05-15 16:00:00
6594,공원,광진구 기타 장소,2027-05-15 16:00:00,2027-05-15 19:00:00
6595,공원,광진구 기타 장소,2027-05-15 19:00:00,2027-05-15 23:00:00
6596,공원,광진구 기타 장소,2027-05-15 23:00:00,2027-05-16 00:00:00
6597,실내활동,광진구 기타 장소,2027-05-15 22:00:00,2027-05-15 23:00:00
6598,운동,뚝섬 유원지 요가 센터,2027-05-15 22:00:00,2027-05-15 23:00:00
6599,식사,뚝섬 수변 카페,2027-05-16 08:00:00,2027-05-16 10:00:00
6600,운동,서울숲 조깅 트랙,2027-05-16 10:00:00,2027-05-16 13:00:00
6601,관람,서울숲 갤러리,2027-05-16 13:00:00,2027-05-16 14:00:00
6602,스포츠,뚝섬 런닝코스,2027-05-16 14:00:00,2027-05-16 15:00:00
6603,운동,뚝섬 한강 수영장,2027-05-16 15:00:00,2027-05-16 17:00:00
6604,스포츠,한강공원 축구장,2027-05-16 17:00:00,2027-05-16 20:00:00
6605,관람,한강 뚝섬 예술극장,2027-05-16 20:00:00,2027-05-16 21:00:00
6606,스포츠,어린이대공원 운동장,2027-05-16 21:00:00,2027-05-17 00:00:00
6607,식사,스타시티 푸드코트,2027-05-17 08:00:00,2027-05-17 10:00:00
6608,운동,뚝섬 한강 수영장,2027-05-17 10:00:00,2027-05-17 14:00:00
6609,스포츠,건대 헬스장,2027-05-17 14:00:00,2027-05-17 17:00:00
6610,공부,광진구 기타 장소,2027-05-17 17:00:00,2027-05-17 19:00:00
6611,공부,광진구 기타 장소,2027-05-17 19:00:00,2027-05-17 23:00:00
6612,운동,광진구 등산 코스,2027-05-17 23:00:00,2027-05-18 00:00:00
6613,식사,스타시티 푸드코트,2027-05-18 08:00:00,2027-05-18 10:00:00
6614,스포츠,뚝섬 런닝코스,2027-05-18 10:00:00,2027-05-18 13:00:00
6615,실내활동,광진구 기타 장소,2027-05-18 13:00:00,2027-05-18 15:00:00
6616,관람,한강 뚝섬 예술극장,2027-05-18 15:00:00,2027-05-18 19:00:00
6617,스포츠,광진구 요가 스튜디오,2027-05-18 19:00:00,2027-05-18 21:00:00
6618,스포츠,광진구 배드민턴장,2027-05-18 21:00:00,2027-05-18 22:00:00
6619,스포츠,광진구 배드민턴장,2027-05-18 22:00:00,2027-05-18 23:00:00
6620,관람,건국대학교 박물관,2027-05-18 23:00:00,2027-05-19 00:00:00
6621,식사,건대입구 전통시장,2027-05-19 08:00:00,2027-05-19 10:00:00
6622,실내활동,광진구 기타 장소,2027-05-19 10:00:00,2027-05-19 14:00:00
6623,실내활동,광진구 기타 장소,2027-05-19 14:00:00,2027-05-19 18:00:00
6624,식사,광장시장 맛집,2027-05-19 18:00:00,2027-05-19 20:00:00
6625,실내활동,광진구 기타 장소,2027-05-19 20:00:00,2027-05-20 00:00:00
6626,공원,광진구 기타 장소,2027-05-19 22:00:00,2027-05-19 23:00:00
6627,공부,광진구 기타 장소,2027-05-19 22:00:00,2027-05-19 23:00:00
6628,식사,세종대 부근 맛집,2027-05-20 08:00:00,2027-05-20 10:00:00
6629,운동,뚝섬 유원지 요가 센터,2027-05-20 10:00:00,2027-05-20 13:00:00
6630,공원,광진구 기타 장소,2027-05-20 13:00:00,2027-05-20 15:00:00
6631,운동,뚝섬 한강 수영장,2027-05-20 15:00:00,2027-05-20 17:00:00
6632,운동,광진구 공원 체력단련장,2027-05-20 17:00:00,2027-05-20 19:00:00
6633,공원,광진구 기타 장소,2027-05-20 19:00:00,2027-05-20 23:00:00
6634,스포츠,광진구 요가 스튜디오,2027-05-20 23:00:00,2027-05-21 00:00:00
6635,식사,한강 뚝섬 피크닉존 카페,2027-05-21 08:00:00,2027-05-21 10:00:00
6636,실내활동,광진구 기타 장소,2027-05-21 10:00:00,2027-05-21 14:00:00
6637,공부,광진구 기타 장소,2027-05-21 14:00:00,2027-05-21 15:00:00
6638,실내활동,광진구 기타 장소,2027-05-21 15:00:00,2027-05-21 18:00:00
6639,식사,세종대 부근 맛집,2027-05-21 18:00:00,2027-05-21 20:00:00
6640,관람,광진문화예술회관,2027-05-21 20:00:00,2027-05-21 21:00:00
6641,실내활동,광진구 기타 장소,2027-05-21 21:00:00,2027-05-22 00:00:00
6642,식사,스타시티 푸드코트,2027-05-22 08:00:00,2027-05-22 10:00:00
6643,실내활동,광진구 기타 장소,2027-05-22 10:00:00,2027-05-22 14:00:00
6644,실내활동,광진구 기타 장소,2027-05-22 14:00:00,2027-05-22 17:00:00
6645,공원,광진구 기타 장소,2027-05-22 17:00:00,2027-05-22 21:00:00
6646,공원,광진구 기타 장소,2027-05-22 21:00:00,2027-05-23 00:00:00
6647,운동,어린이대공원 실내 체육관,2027-05-22 22:00:00,2027-05-22 23:00:00
6648,식사,세종대 부근 맛집,2027-05-23 08:00:00,2027-05-23 10:00:00
6649,관람,서울숲 갤러리,2027-05-23 10:00:00,2027-05-23 14:00:00
6650,운동,어린이대공원 실내 체육관,2027-05-23 14:00:00,2027-05-23 15:00:00
6651,관람,한강 뚝섬 예술극장,2027-05-23 15:00:00,2027-05-23 16:00:00
6652,관람,롯데시네마 건대입구,2027-05-23 16:00:00,2027-05-23 17:00:00
6653,운동,뚝섬 한강 수영장,2027-05-23 17:00:00,2027-05-23 19:00:00
6654,관람,광진구 시립극장,2027-05-23 19:00:00,2027-05-23 21:00:00
6655,스포츠,건대 헬스장,2027-05-23 21:00:00,2027-05-23 23:00:00
6656,운동,뚝섬 한강 수영장,2027-05-23 23:00:00,2027-05-24 00:00:00
6657,식사,건대 버거 레스토랑,2027-05-24 08:00:00,2027-05-24 10:00:00
6658,운동,뚝섬 한강 수영장,2027-05-24 10:00:00,2027-05-24 14:00:00
6659,공부,광진구 기타 장소,2027-05-24 14:00:00,2027-05-24 16:00:00
6660,운동,서울숲 조깅 트랙,2027-05-24 16:00:00,2027-05-24 17:00:00
6661,운동,한강 공원,2027-05-24 17:00:00,2027-05-24 18:00:00
6662,식사,스타시티 푸드코트,2027-05-24 18:00:00,2027-05-24 20:00:00
6663,운동,서울숲 조깅 트랙,2027-05-24 20:00:00,2027-05-24 23:00:00
6664,운동,한강 공원,2027-05-24 23:00:00,2027-05-25 00:00:00
6665,스포츠,어린이대공원 운동장,2027-05-24 22:00:00,2027-05-24 23:00:00
6666,식사,건대입구 전통시장,2027-05-25 08:00:00,2027-05-25 10:00:00
6667,관람,한강 뚝섬 예술극장,2027-05-25 10:00:00,2027-05-25 11:00:00
6668,스포츠,건대 헬스장,2027-05-25 11:00:00,2027-05-25 13:00:00
6669,실내활동,광진구 기타 장소,2027-05-25 13:00:00,2027-05-25 17:00:00
6670,스포츠,서울숲 스케이트장,2027-05-25 17:00:00,2027-05-25 20:00:00
6671,관람,뚝섬 전망대,2027-05-25 20:00:00,2027-05-26 00:00:00
6672,식사,건대입구 전통시장,2027-05-26 08:00:00,2027-05-26 10:00:00
6673,실내활동,광진구 기타 장소,2027-05-26 10:00:00,2027-05-26 14:00:00
6674,실내활동,광진구 기타 장소,2027-05-26 14:00:00,2027-05-26 17:00:00
6675,공원,광진구 기타 장소,2027-05-26 17:00:00,2027-05-26 21:00:00
6676,공부,광진구 기타 장소,2027-05-26 21:00:00,2027-05-27 00:00:00
6677,식사,건대 버거 레스토랑,2027-05-27 08:00:00,2027-05-27 10:00:00
6678,공원,광진구 기타 장소,2027-05-27 10:00:00,2027-05-27 14:00:00
6679,스포츠,어린이대공원 운동장,2027-05-27 14:00:00,2027-05-27 16:00:00
6680,운동,광진구 등산 코스,2027-05-27 16:00:00,2027-05-27 20:00:00
6681,운동,광진구 등산 코스,2027-05-27 20:00:00,2027-05-27 22:00:00
6682,공원,광진구 기타 장소,2027-05-27 22:00:00,2027-05-28 00:00:00
6683,식사,스타시티 푸드코트,2027-05-28 08:00:00,2027-05-28 10:00:00
6684,관람,뚝섬 전망대,2027-05-28 10:00:00,2027-05-28 14:00:00
6685,실내활동,광진구 기타 장소,2027-05-28 14:00:00,2027-05-28 15:00:00
6686,관람,광진문화예술회관,2027-05-28 15:00:00,2027-05-28 16:00:00
6687,실내활동,광진구 기타 장소,2027-05-28 16:00:00,2027-05-28 19:00:00
6688,관람,롯데시네마 건대입구,2027-05-28 19:00:00,2027-05-28 20:00:00
6689,실내활동,광진구 기타 장소,2027-05-28 20:00:00,2027-05-28 23:00:00
6690,실내활동,광진구 기타 장소,2027-05-28 23:00:00,2027-05-29 00:00:00
6691,공부,광진구 기타 장소,2027-05-28 22:00:00,2027-05-28 23:00:00
6692,식사,뚝섬 수변 카페,2027-05-29 08:00:00,2027-05-29 10:00:00
6693,공원,광진구 기타 장소,2027-05-29 10:00:00,2027-05-29 11:00:00
6694,실내활동,광진구 기타 장소,2027-05-29 11:00:00,2027-05-29 14:00:00
6695,운동,건대 헬스장,2027-05-29 14:00:00,2027-05-29 16:00:00
6696,실내활동,광진구 기타 장소,2027-05-29 16:00:00,2027-05-29 18:00:00
6697,식사,건대입구 음식점,2027-05-29 18:00:00,2027-05-29 20:00:00
6698,운동,뚝섬 유원지 요가 센터,2027-05-29 20:00:00,2027-05-29 23:00:00
6699,운동,광진구 공원 체력단련장,2027-05-29 23:00:00,2027-05-30 00:00:00
6700,식사,건대입구 음식점,2027-05-30 08:00:00,2027-05-30 10:00:00
6701,관람,건대 커뮤니티 아트센터,2027-05-30 10:00:00,2027-05-30 14:00:00
6702,운동,뚝섬 한강 수영장,2027-05-30 14:00:00,2027-05-30 17:00:00
6703,관람,광진구 시립극장,2027-05-30 17:00:00,2027-05-30 19:00:00
6704,스포츠,광진구 요가 스튜디오,2027-05-30 19:00:00,2027-05-30 21:00:00
6705,운동,뚝섬 유원지 요가 센터,2027-05-30 21:00:00,2027-05-30 23:00:00
6706,운동,한강 자전거 대여소,2027-05-30 23:00:00,2027-05-31 00:00:00
6707,식사,건대입구 음식점,2027-05-31 08:00:00,2027-05-31 10:00:00
6708,스포츠,광진구 체육관,2027-05-31 10:00:00,2027-05-31 13:00:00
6709,공부,광진구 기타 장소,2027-05-31 13:00:00,2027-05-31 16:00:00
6710,스포츠,광진구 체육관,2027-05-31 16:00:00,2027-05-31 18:00:00
6711,식사,광진구 한식당,2027-05-31 18:00:00,2027-05-31 20:00:00
6712,공부,광진구 기타 장소,2027-05-31 20:00:00,2027-05-31 22:00:00
6713,운동,뚝섬 유원지 요가 센터,2027-05-31 22:00:00,2027-05-31 23:00:00
6714,운동,서울숲 조깅 트랙,2027-05-31 23:00:00,2027-06-01 00:00:00
6715,식사,스타시티 푸드코트,2027-06-01 08:00:00,2027-06-01 10:00:00
6716,관람,광진문화예술회관,2027-06-01 10:00:00,2027-06-01 13:00:00
6717,실내활동,광진구 기타 장소,2027-06-01 13:00:00,2027-06-01 14:00:00
6718,관람,건대 커뮤니티 아트센터,2027-06-01 14:00:00,2027-06-01 17:00:00
6719,실내활동,광진구 기타 장소,2027-06-01 17:00:00,2027-06-01 19:00:00
6720,실내활동,광진구 기타 장소,2027-06-01 19:00:00,2027-06-01 20:00:00
6721,관람,광진문화예술회관,2027-06-01 20:00:00,2027-06-02 00:00:00
6722,스포츠,한강공원 축구장,2027-06-01 22:00:00,2027-06-01 23:00:00
6723,식사,뚝섬 수변 카페,2027-06-02 08:00:00,2027-06-02 10:00:00
6724,공부,광진구 기타 장소,2027-06-02 10:00:00,2027-06-02 12:00:00
6725,식사,어린이대공원 근처 레스토랑,2027-06-02 12:00:00,2027-06-02 14:00:00
6726,공부,광진구 기타 장소,2027-06-02 14:00:00,2027-06-02 16:00:00
6727,실내활동,광진구 기타 장소,2027-06-02 16:00:00,2027-06-02 20:00:00
6728,공부,광진구 기타 장소,2027-06-02 20:00:00,2027-06-02 23:00:00
6729,공원,광진구 기타 장소,2027-06-02 23:00:00,2027-06-03 00:00:00
6730,식사,건대입구 전통시장,2027-06-03 08:00:00,2027-06-03 10:00:00
6731,공원,광진구 기타 장소,2027-06-03 10:00:00,2027-06-03 11:00:00
6732,운동,광진구 등산 코스,2027-06-03 11:00:00,2027-06-03 13:00:00
6733,공원,광진구 기타 장소,2027-06-03 13:00:00,2027-06-03 15:00:00
6734,운동,어린이대공원 실내 체육관,2027-06-03 15:00:00,2027-06-03 19:00:00
6735,공원,광진구 기타 장소,2027-06-03 19:00:00,2027-06-03 21:00:00
6736,스포츠,어린이대공원 운동장,2027-06-03 21:00:00,2027-06-03 23:00:00
6737,운동,뚝섬 유원지 요가 센터,2027-06-03 23:00:00,2027-06-04 00:00:00
6738,식사,광진구 한식당,2027-06-04 08:00:00,2027-06-04 10:00:00
6739,관람,건국대학교 박물관,2027-06-04 10:00:00,2027-06-04 12:00:00
6740,식사,어린이대공원 근처 레스토랑,2027-06-04 12:00:00,2027-06-04 14:00:00
6741,관람,어린이대공원 공연장,2027-06-04 14:00:00,2027-06-04 18:00:00
6742,식사,건대입구 전통시장,2027-06-04 18:00:00,2027-06-04 20:00:00
6743,공부,광진구 기타 장소,2027-06-04 20:00:00,2027-06-04 23:00:00
6744,실내활동,광진구 기타 장소,2027-06-04 23:00:00,2027-06-05 00:00:00
6745,식사,광장시장 맛집,2027-06-05 08:00:00,2027-06-05 10:00:00
6746,실내활동,광진구 기타 장소,2027-06-05 10:00:00,2027-06-05 11:00:00
6747,공원,광진구 기타 장소,2027-06-05 11:00:00,2027-06-05 13:00:00
6748,실내활동,광진구 기타 장소,2027-06-05 13:00:00,2027-06-05 15:00:00
6749,공원,광진구 기타 장소,2027-06-05 15:00:00,2027-06-05 17:00:00
6750,운동,서울숲 조깅 트랙,2027-06-05 17:00:00,2027-06-05 18:00:00
6751,식사,한강 뚝섬 피크닉존 카페,2027-06-05 18:00:00,2027-06-05 20:00:00
6752,공원,광진구 기타 장소,2027-06-05 20:00:00,2027-06-06 00:00:00
6753,식사,건대입구 음식점,2027-06-06 08:00:00,2027-06-06 10:00:00
6754,스포츠,광진구 요가 스튜디오,2027-06-06 10:00:00,2027-06-06 12:00:00
6755,식사,건대 버거 레스토랑,2027-06-06 12:00:00,2027-06-06 14:00:00
6756,관람,뚝섬 전망대,2027-06-06 14:00:00,2027-06-06 17:00:00
6757,관람,광진문화예술회관,2027-06-06 17:00:00,2027-06-06 19:00:00
6758,운동,광진구 공원 체력단련장,2027-06-06 19:00:00,2027-06-06 22:00:00
6759,운동,한강 공원,2027-06-06 22:00:00,2027-06-07 00:00:00
6760,식사,건대입구 전통시장,2027-06-07 08:00:00,2027-06-07 10:00:00
6761,스포츠,서울숲 테니스장,2027-06-07 10:00:00,2027-06-07 14:00:00
6762,공부,광진구 기타 장소,2027-06-07 14:00:00,2027-06-07 18:00:00
6763,식사,건대입구 음식점,2027-06-07 18:00:00,2027-06-07 20:00:00
6764,공부,광진구 기타 장소,2027-06-07 20:00:00,2027-06-07 22:00:00
6765,공부,광진구 기타 장소,2027-06-07 22:00:00,2027-06-08 00:00:00
6766,운동,서울숲 조깅 트랙,2027-06-07 22:00:00,2027-06-07 23:00:00
6767,식사,스타시티 푸드코트,2027-06-08 08:00:00,2027-06-08 10:00:00
6768,스포츠,광진구 체육관,2027-06-08 10:00:00,2027-06-08 12:00:00
6769,식사,뚝섬 수변 카페,2027-06-08 12:00:00,2027-06-08 14:00:00
6770,관람,서울숲 갤러리,2027-06-08 14:00:00,2027-06-08 17:00:00
6771,스포츠,서울숲 테니스장,2027-06-08 17:00:00,2027-06-08 19:00:00
6772,실내활동,광진구 기타 장소,2027-06-08 19:00:00,2027-06-08 23:00:00
6773,스포츠,건대 헬스장,2027-06-08 23:00:00,2027-06-09 00:00:00
6774,식사,건대입구 음식점,2027-06-09 08:00:00,2027-06-09 10:00:00
6775,공부,광진구 기타 장소,2027-06-09 10:00:00,2027-06-09 11:00:00
6776,공부,광진구 기타 장소,2027-06-09 11:00:00,2027-06-09 13:00:00
6777,공원,광진구 기타 장소,2027-06-09 13:00:00,2027-06-09 16:00:00
6778,공부,광진구 기타 장소,2027-06-09 16:00:00,2027-06-09 18:00:00
6779,식사,건대입구 음식점,2027-06-09 18:00:00,2027-06-09 20:00:00
6780,실내활동,광진구 기타 장소,2027-06-09 20:00:00,2027-06-09 23:00:00
6781,공원,광진구 기타 장소,2027-06-09 23:00:00,2027-06-10 00:00:00
6782,식사,세종대 부근 맛집,2027-06-10 08:00:00,2027-06-10 10:00:00
6783,스포츠,세종대 실내 체육관,2027-06-10 10:00:00,2027-06-10 12:00:00
6784,식사,어린이대공원 근처 레스토랑,2027-06-10 12:00:00,2027-06-10 14:00:00
6785,운동,한강 공원,2027-06-10 14:00:00,2027-06-10 15:00:00
6786,공원,광진구 기타 장소,2027-06-10 15:00:00,2027-06-10 16:00:00
6787,운동,서울숲 조깅 트랙,2027-06-10 16:00:00,2027-06-10 19:00:00
6788,운동,한강 공원,2027-06-10 19:00:00,2027-06-10 20:00:00
6789,운동,광진구 공원 체력단련장,2027-06-10 20:00:00,2027-06-10 21:00:00
6790,운동,뚝섬 한강 수영장,2027-06-10 21:00:00,2027-06-11 00:00:00
6791,식사,건대 버거 레스토랑,2027-06-11 08:00:00,2027-06-11 10:00:00
6792,실내활동,광진구 기타 장소,2027-06-11 10:00:00,2027-06-11 14:00:00
6793,공부,광진구 기타 장소,2027-06-11 14:00:00,2027-06-11 18:00:00
6794,식사,건대입구 음식점,2027-06-11 18:00:00,2027-06-11 20:00:00
6795,공부,광진구 기타 장소,2027-06-11 20:00:00,2027-06-11 22:00:00
6796,실내활동,광진구 기타 장소,2027-06-11 22:00:00,2027-06-11 23:00:00
6797,공부,광진구 기타 장소,2027-06-11 23:00:00,2027-06-12 00:00:00
6798,관람,광진문화예술회관,2027-06-11 22:00:00,2027-06-11 23:00:00
6799,식사,뚝섬 수변 카페,2027-06-12 08:00:00,2027-06-12 10:00:00
6800,실내활동,광진구 기타 장소,2027-06-12 10:00:00,2027-06-12 13:00:00
6801,공원,광진구 기타 장소,2027-06-12 13:00:00,2027-06-12 17:00:00
6802,실내활동,광진구 기타 장소,2027-06-12 17:00:00,2027-06-12 18:00:00
6803,식사,세종대 부근 맛집,2027-06-12 18:00:00,2027-06-12 20:00:00
6804,운동,광진구 공원 체력단련장,2027-06-12 20:00:00,2027-06-12 23:00:00
6805,운동,어린이대공원 실내 체육관,2027-06-12 23:00:00,2027-06-13 00:00:00
6806,식사,스타시티 푸드코트,2027-06-13 08:00:00,2027-06-13 10:00:00
6807,운동,건대 스포츠 클럽,2027-06-13 10:00:00,2027-06-13 13:00:00
6808,운동,건대 헬스장,2027-06-13 13:00:00,2027-06-13 15:00:00
6809,스포츠,서울숲 테니스장,2027-06-13 15:00:00,2027-06-13 17:00:00
6810,관람,광진구 시립극장,2027-06-13 17:00:00,2027-06-13 20:00:00
6811,관람,광진문화예술회관,2027-06-13 20:00:00,2027-06-13 22:00:00
6812,운동,한강 공원,2027-06-13 22:00:00,2027-06-13 23:00:00
6813,운동,뚝섬 한강 수영장,2027-06-13 23:00:00,2027-06-14 00:00:00
6814,식사,건대 버거 레스토랑,2027-06-14 08:00:00,2027-06-14 10:00:00
6815,공부,광진구 기타 장소,2027-06-14 10:00:00,2027-06-14 13:00:00
6816,공부,광진구 기타 장소,2027-06-14 13:00:00,2027-06-14 15:00:00
6817,운동,한강 자전거 대여소,2027-06-14 15:00:00,2027-06-14 19:00:00
6818,공부,광진구 기타 장소,2027-06-14 19:00:00,2027-06-14 22:00:00
6819,스포츠,광진구 체육관,2027-06-14 22:00:00,2027-06-14 23:00:00
6820,운동,광진구 공원 체력단련장,2027-06-14 23:00:00,2027-06-15 00:00:00
6821,식사,건대입구 전통시장,2027-06-15 08:00:00,2027-06-15 10:00:00
6822,관람,건국대학교 박물관,2027-06-15 10:00:00,2027-06-15 12:00:00
6823,식사,한강 뚝섬 피크닉존 카페,2027-06-15 12:00:00,2027-06-15 14:00:00
6824,스포츠,어린이대공원 운동장,2027-06-15 14:00:00,2027-06-15 17:00:00
6825,관람,건대 메가박스,2027-06-15 17:00:00,2027-06-15 20:00:00
6826,스포츠,한강공원 축구장,2027-06-15 20:00:00,2027-06-15 22:00:00
6827,관람,건국대학교 박물관,2027-06-15 22:00:00,2027-06-15 23:00:00
6828,실내활동,광진구 기타 장소,2027-06-15 23:00:00,2027-06-16 00:00:00
6829,식사,건대입구 음식점,2027-06-16 08:00:00,2027-06-16 10:00:00
6830,실내활동,광진구 기타 장소,2027-06-16 10:00:00,2027-06-16 14:00:00
6831,실내활동,광진구 기타 장소,2027-06-16 14:00:00,2027-06-16 16:00:00
6832,공원,광진구 기타 장소,2027-06-16 16:00:00,2027-06-16 19:00:00
6833,공원,광진구 기타 장소,2027-06-16 19:00:00,2027-06-16 21:00:00
6834,공원,광진구 기타 장소,2027-06-16 21:00:00,2027-06-17 00:00:00
6835,공부,광진구 기타 장소,2027-06-16 22:00:00,2027-06-16 23:00:00
6836,식사,광장시장 맛집,2027-06-17 08:00:00,2027-06-17 10:00:00
6837,공원,광진구 기타 장소,2027-06-17 10:00:00,2027-06-17 11:00:00
6838,공원,광진구 기타 장소,2027-06-17 11:00:00,2027-06-17 15:00:00
6839,공원,광진구 기타 장소,2027-06-17 15:00:00,2027-06-17 17:00:00
6840,스포츠,뚝섬 런닝코스,2027-06-17 17:00:00,2027-06-17 19:00:00
6841,운동,뚝섬 유원지 요가 센터,2027-06-17 19:00:00,2027-06-17 21:00:00
6842,운동,건대 헬스장,2027-06-17 21:00:00,2027-06-18 00:00:00
6843,식사,스타시티 푸드코트,2027-06-18 08:00:00,2027-06-18 10:00:00
6844,실내활동,광진구 기타 장소,2027-06-18 10:00:00,2027-06-18 12:00:00
6845,식사,뚝섬 수변 카페,2027-06-18 12:00:00,2027-06-18 14:00:00
6846,공부,광진구 기타 장소,2027-06-18 14:00:00,2027-06-18 18:00:00
6847,식사,광진구 한식당,2027-06-18 18:00:00,2027-06-18 20:00:00
6848,공부,광진구 기타 장소,2027-06-18 20:00:00,2027-06-18 21:00:00
6849,실내활동,광진구 기타 장소,2027-06-18 21:00:00,2027-06-18 22:00:00
6850,공부,광진구 기타 장소,2027-06-18 22:00:00,2027-06-18 23:00:00
6851,실내활동,광진구 기타 장소,2027-06-18 23:00:00,2027-06-19 00:00:00
6852,관람,서울숲 갤러리,2027-06-18 22:00:00,2027-06-18 23:00:00
6853,식사,뚝섬 수변 카페,2027-06-19 08:00:00,2027-06-19 10:00:00
6854,실내활동,광진구 기타 장소,2027-06-19 10:00:00,2027-06-19 11:00:00
6855,실내활동,광진구 기타 장소,2027-06-19 11:00:00,2027-06-19 14:00:00
6856,공원,광진구 기타 장소,2027-06-19 14:00:00,2027-06-19 18:00:00
6857,식사,건대입구 음식점,2027-06-19 18:00:00,2027-06-19 20:00:00
6858,운동,광진구 등산 코스,2027-06-19 20:00:00,2027-06-19 23:00:00
6859,공원,광진구 기타 장소,2027-06-19 23:00:00,2027-06-20 00:00:00
6860,식사,건대입구 전통시장,2027-06-20 08:00:00,2027-06-20 10:00:00
6861,스포츠,세종대 실내 체육관,2027-06-20 10:00:00,2027-06-20 11:00:00
6862,운동,건대 스포츠 클럽,2027-06-20 11:00:00,2027-06-20 13:00:00
6863,관람,건대 커뮤니티 아트센터,2027-06-20 13:00:00,2027-06-20 14:00:00
6864,운동,서울숲 조깅 트랙,2027-06-20 14:00:00,2027-06-20 17:00:00
6865,스포츠,서울숲 테니스장,2027-06-20 17:00:00,2027-06-20 20:00:00
6866,스포츠,광진구 체육관,2027-06-20 20:00:00,2027-06-20 22:00:00
6867,스포츠,건대 헬스장,2027-06-20 22:00:00,2027-06-21 00:00:00
6868,식사,어린이대공원 근처 레스토랑,2027-06-21 08:00:00,2027-06-21 10:00:00
6869,공부,광진구 기타 장소,2027-06-21 10:00:00,2027-06-21 13:00:00
6870,운동,서울숲 조깅 트랙,2027-06-21 13:00:00,2027-06-21 16:00:00
6871,운동,어린이대공원 실내 체육관,2027-06-21 16:00:00,2027-06-21 19:00:00
6872,스포츠,건대 헬스장,2027-06-21 19:00:00,2027-06-21 21:00:00
6873,스포츠,뚝섬 런닝코스,2027-06-21 21:00:00,2027-06-21 23:00:00
6874,공부,광진구 기타 장소,2027-06-21 23:00:00,2027-06-22 00:00:00
6875,식사,건대 버거 레스토랑,2027-06-22 08:00:00,2027-06-22 10:00:00
6876,스포츠,서울숲 스케이트장,2027-06-22 10:00:00,2027-06-22 11:00:00
6877,실내활동,광진구 기타 장소,2027-06-22 11:00:00,2027-06-22 14:00:00
6878,관람,건대 메가박스,2027-06-22 14:00:00,2027-06-22 15:00:00
6879,스포츠,어린이대공원 운동장,2027-06-22 15:00:00,2027-06-22 18:00:00
6880,식사,광장시장 맛집,2027-06-22 18:00:00,2027-06-22 20:00:00
6881,관람,건대 메가박스,2027-06-22 20:00:00,2027-06-22 22:00:00
6882,실내활동,광진구 기타 장소,2027-06-22 22:00:00,2027-06-23 00:00:00
6883,식사,건대 버거 레스토랑,2027-06-23 08:00:00,2027-06-23 10:00:00
6884,공부,광진구 기타 장소,2027-06-23 10:00:00,2027-06-23 11:00:00
6885,공원,광진구 기타 장소,2027-06-23 11:00:00,2027-06-23 14:00:00
6886,공원,광진구 기타 장소,2027-06-23 14:00:00,2027-06-23 15:00:00
6887,공원,광진구 기타 장소,2027-06-23 15:00:00,2027-06-23 19:00:00
6888,공부,광진구 기타 장소,2027-06-23 19:00:00,2027-06-23 23:00:00
6889,실내활동,광진구 기타 장소,2027-06-23 23:00:00,2027-06-24 00:00:00
6890,식사,광진구 한식당,2027-06-24 08:00:00,2027-06-24 10:00:00
6891,운동,광진구 등산 코스,2027-06-24 10:00:00,2027-06-24 14:00:00
6892,스포츠,광진구 체육관,2027-06-24 14:00:00,2027-06-24 16:00:00
6893,운동,광진구 공원 체력단련장,2027-06-24 16:00:00,2027-06-24 18:00:00
6894,식사,광진구 한식당,2027-06-24 18:00:00,2027-06-24 20:00:00
6895,공원,광진구 기타 장소,2027-06-24 20:00:00,2027-06-24 21:00:00
6896,운동,뚝섬 한강 수영장,2027-06-24 21:00:00,2027-06-24 22:00:00
6897,공원,광진구 기타 장소,2027-06-24 22:00:00,2027-06-24 23:00:00
6898,스포츠,어린이대공원 운동장,2027-06-24 23:00:00,2027-06-25 00:00:00
6899,식사,어린이대공원 근처 레스토랑,2027-06-25 08:00:00,2027-06-25 10:00:00
6900,관람,서울숲 갤러리,2027-06-25 10:00:00,2027-06-25 12:00:00
6901,식사,뚝섬 수변 카페,2027-06-25 12:00:00,2027-06-25 14:00:00
6902,실내활동,광진구 기타 장소,2027-06-25 14:00:00,2027-06-25 15:00:00
6903,실내활동,광진구 기타 장소,2027-06-25 15:00:00,2027-06-25 17:00:00
6904,관람,서울숲 갤러리,2027-06-25 17:00:00,2027-06-25 18:00:00
6905,식사,어린이대공원 근처 레스토랑,2027-06-25 18:00:00,2027-06-25 20:00:00
6906,실내활동,광진구 기타 장소,2027-06-25 20:00:00,2027-06-26 00:00:00
6907,공부,광진구 기타 장소,2027-06-25 22:00:00,2027-06-25 23:00:00
6908,식사,건대입구 음식점,2027-06-26 08:00:00,2027-06-26 10:00:00
6909,공원,광진구 기타 장소,2027-06-26 10:00:00,2027-06-26 14:00:00
6910,공원,광진구 기타 장소,2027-06-26 14:00:00,2027-06-26 15:00:00
6911,공원,광진구 기타 장소,2027-06-26 15:00:00,2027-06-26 19:00:00
6912,실내활동,광진구 기타 장소,2027-06-26 19:00:00,2027-06-26 20:00:00
6913,공원,광진구 기타 장소,2027-06-26 20:00:00,2027-06-27 00:00:00
6914,운동,건대 스포츠 클럽,2027-06-26 22:00:00,2027-06-26 23:00:00
6915,식사,광장시장 맛집,2027-06-27 08:00:00,2027-06-27 10:00:00
6916,관람,롯데시네마 건대입구,2027-06-27 10:00:00,2027-06-27 13:00:00
6917,스포츠,서울숲 스케이트장,2027-06-27 13:00:00,2027-06-27 14:00:00
6918,관람,어린이대공원 공연장,2027-06-27 14:00:00,2027-06-27 16:00:00
6919,관람,건대 메가박스,2027-06-27 16:00:00,2027-06-27 18:00:00
6920,식사,뚝섬 수변 카페,2027-06-27 18:00:00,2027-06-27 20:00:00
6921,스포츠,광진구 체육관,2027-06-27 20:00:00,2027-06-27 22:00:00
6922,관람,건대 메가박스,2027-06-27 22:00:00,2027-06-28 00:00:00
6923,운동,어린이대공원 실내 체육관,2027-06-27 22:00:00,2027-06-27 23:00:00
6924,식사,광진구 한식당,2027-06-28 08:00:00,2027-06-28 10:00:00
6925,스포츠,광진구 배드민턴장,2027-06-28 10:00:00,2027-06-28 13:00:00
6926,스포츠,세종대 실내 체육관,2027-06-28 13:00:00,2027-06-28 14:00:00
6927,공부,광진구 기타 장소,2027-06-28 14:00:00,2027-06-28 16:00:00
6928,공부,광진구 기타 장소,2027-06-28 16:00:00,2027-06-28 19:00:00
6929,운동,한강 공원,2027-06-28 19:00:00,2027-06-28 22:00:00
6930,스포츠,세종대 실내 체육관,2027-06-28 22:00:00,2027-06-28 23:00:00
6931,운동,서울숲 조깅 트랙,2027-06-28 23:00:00,2027-06-29 00:00:00
6932,식사,한강 뚝섬 피크닉존 카페,2027-06-29 08:00:00,2027-06-29 10:00:00
6933,스포츠,어린이대공원 운동장,2027-06-29 10:00:00,2027-06-29 11:00:00
6934,실내활동,광진구 기타 장소,2027-06-29 11:00:00,2027-06-29 12:00:00
6935,식사,건대입구 음식점,2027-06-29 12:00:00,2027-06-29 14:00:00
6936,실내활동,광진구 기타 장소,2027-06-29 14:00:00,2027-06-29 18:00:00
6937,식사,광장시장 맛집,2027-06-29 18:00:00,2027-06-29 20:00:00
6938,실내활동,광진구 기타 장소,2027-06-29 20:00:00,2027-06-30 00:00:00
6939,관람,건대 커뮤니티 아트센터,2027-06-29 22:00:00,2027-06-29 23:00:00
6940,식사,건대입구 전통시장,2027-06-30 08:00:00,2027-06-30 10:00:00
6941,공부,광진구 기타 장소,2027-06-30 10:00:00,2027-06-30 13:00:00
6942,공부,광진구 기타 장소,2027-06-30 13:00:00,2027-06-30 16:00:00
6943,공부,광진구 기타 장소,2027-06-30 16:00:00,2027-06-30 19:00:00
6944,공원,광진구 기타 장소,2027-06-30 19:00:00,2027-06-30 20:00:00
6945,공부,광진구 기타 장소,2027-06-30 20:00:00,2027-06-30 23:00:00
6946,실내활동,광진구 기타 장소,2027-06-30 23:00:00,2027-07-01 00:00:00
6947,식사,건대입구 전통시장,2027-07-01 08:00:00,2027-07-01 10:00:00
6948,운동,광진구 공원 체력단련장,2027-07-01 10:00:00,2027-07-01 12:00:00
6949,식사,광장시장 맛집,2027-07-01 12:00:00,2027-07-01 14:00:00
6950,운동,뚝섬 한강 수영장,2027-07-01 14:00:00,2027-07-01 16:00:00
6951,공원,광진구 기타 장소,2027-07-01 16:00:00,2027-07-01 17:00:00
6952,운동,광진구 등산 코스,2027-07-01 17:00:00,2027-07-01 20:00:00
6953,운동,한강 자전거 대여소,2027-07-01 20:00:00,2027-07-01 21:00:00
6954,공원,광진구 기타 장소,2027-07-01 21:00:00,2027-07-01 23:00:00
6955,공원,광진구 기타 장소,2027-07-01 23:00:00,2027-07-02 00:00:00
6956,스포츠,어린이대공원 운동장,2027-07-01 22:00:00,2027-07-01 23:00:00
6957,식사,한강 뚝섬 피크닉존 카페,2027-07-02 08:00:00,2027-07-02 10:00:00
6958,공부,광진구 기타 장소,2027-07-02 10:00:00,2027-07-02 11:00:00
6959,공부,광진구 기타 장소,2027-07-02 11:00:00,2027-07-02 12:00:00
6960,식사,한강 뚝섬 피크닉존 카페,2027-07-02 12:00:00,2027-07-02 14:00:00
6961,관람,광진구 시립극장,2027-07-02 14:00:00,2027-07-02 16:00:00
6962,공부,광진구 기타 장소,2027-07-02 16:00:00,2027-07-02 19:00:00
6963,공부,광진구 기타 장소,2027-07-02 19:00:00,2027-07-02 22:00:00
6964,공부,광진구 기타 장소,2027-07-02 22:00:00,2027-07-03 00:00:00
6965,실내활동,광진구 기타 장소,2027-07-02 22:00:00,2027-07-02 23:00:00
6966,식사,광진구 한식당,2027-07-03 08:00:00,2027-07-03 10:00:00
6967,운동,뚝섬 유원지 요가 센터,2027-07-03 10:00:00,2027-07-03 14:00:00
6968,실내활동,광진구 기타 장소,2027-07-03 14:00:00,2027-07-03 18:00:00
6969,식사,건대입구 음식점,2027-07-03 18:00:00,2027-07-03 20:00:00
6970,실내활동,광진구 기타 장소,2027-07-03 20:00:00,2027-07-03 21:00:00
6971,공원,광진구 기타 장소,2027-07-03 21:00:00,2027-07-03 22:00:00
6972,공원,광진구 기타 장소,2027-07-03 22:00:00,2027-07-03 23:00:00
6973,운동,서울숲 조깅 트랙,2027-07-03 23:00:00,2027-07-04 00:00:00
6974,식사,광장시장 맛집,2027-07-04 08:00:00,2027-07-04 10:00:00
6975,관람,건국대학교 박물관,2027-07-04 10:00:00,2027-07-04 13:00:00
6976,운동,한강 자전거 대여소,2027-07-04 13:00:00,2027-07-04 17:00:00
6977,관람,어린이대공원 공연장,2027-07-04 17:00:00,2027-07-04 21:00:00
6978,스포츠,세종대 실내 체육관,2027-07-04 21:00:00,2027-07-04 22:00:00
6979,스포츠,광진구 체육관,2027-07-04 22:00:00,2027-07-04 23:00:00
6980,운동,광진구 공원 체력단련장,2027-07-04 23:00:00,2027-07-05 00:00:00
6981,식사,세종대 부근 맛집,2027-07-05 08:00:00,2027-07-05 10:00:00
6982,스포츠,세종대 실내 체육관,2027-07-05 10:00:00,2027-07-05 11:00:00
6983,공부,광진구 기타 장소,2027-07-05 11:00:00,2027-07-05 13:00:00
6984,운동,서울숲 조깅 트랙,2027-07-05 13:00:00,2027-07-05 14:00:00
6985,운동,뚝섬 한강 수영장,2027-07-05 14:00:00,2027-07-05 17:00:00
6986,공부,광진구 기타 장소,2027-07-05 17:00:00,2027-07-05 20:00:00
6987,스포츠,건대 헬스장,2027-07-05 20:00:00,2027-07-05 21:00:00
6988,공부,광진구 기타 장소,2027-07-05 21:00:00,2027-07-06 00:00:00
6989,식사,어린이대공원 근처 레스토랑,2027-07-06 08:00:00,2027-07-06 10:00:00
6990,실내활동,광진구 기타 장소,2027-07-06 10:00:00,2027-07-06 13:00:00
6991,스포츠,어린이대공원 운동장,2027-07-06 13:00:00,2027-07-06 16:00:00
6992,스포츠,어린이대공원 운동장,2027-07-06 16:00:00,2027-07-06 18:00:00
6993,식사,한강 뚝섬 피크닉존 카페,2027-07-06 18:00:00,2027-07-06 20:00:00
6994,관람,광진구 시립극장,2027-07-06 20:00:00,2027-07-06 23:00:00
6995,스포츠,서울숲 스케이트장,2027-07-06 23:00:00,2027-07-07 00:00:00
6996,식사,건대 버거 레스토랑,2027-07-07 08:00:00,2027-07-07 10:00:00
6997,공부,광진구 기타 장소,2027-07-07 10:00:00,2027-07-07 12:00:00
6998,식사,한강 뚝섬 피크닉존 카페,2027-07-07 12:00:00,2027-07-07 14:00:00
6999,공부,광진구 기타 장소,2027-07-07 14:00:00,2027-07-07 17:00:00
7000,공부,광진구 기타 장소,2027-07-07 17:00:00,2027-07-07 18:00:00
7001,식사,건대입구 전통시장,2027-07-07 18:00:00,2027-07-07 20:00:00
7002,공원,광진구 기타 장소,2027-07-07 20:00:00,2027-07-07 23:00:00
7003,공원,광진구 기타 장소,2027-07-07 23:00:00,2027-07-08 00:00:00
7004,실내활동,광진구 기타 장소,2027-07-07 22:00:00,2027-07-07 23:00:00
7005,식사,스타시티 푸드코트,2027-07-08 08:00:00,2027-07-08 10:00:00
7006,스포츠,광진구 요가 스튜디오,2027-07-08 10:00:00,2027-07-08 13:00:00
7007,운동,뚝섬 한강 수영장,2027-07-08 13:00:00,2027-07-08 15:00:00
7008,스포츠,광진구 배드민턴장,2027-07-08 15:00:00,2027-07-08 17:00:00
7009,공원,광진구 기타 장소,2027-07-08 17:00:00,2027-07-08 18:00:00
7010,식사,한강 뚝섬 피크닉존 카페,2027-07-08 18:00:00,2027-07-08 20:00:00
7011,운동,어린이대공원 실내 체육관,2027-07-08 20:00:00,2027-07-08 23:00:00
7012,공원,광진구 기타 장소,2027-07-08 23:00:00,2027-07-09 00:00:00
7013,식사,스타시티 푸드코트,2027-07-09 08:00:00,2027-07-09 10:00:00
7014,관람,한강 뚝섬 예술극장,2027-07-09 10:00:00,2027-07-09 12:00:00
7015,식사,광장시장 맛집,2027-07-09 12:00:00,2027-07-09 14:00:00
7016,실내활동,광진구 기타 장소,2027-07-09 14:00:00,2027-07-09 16:00:00
7017,공부,광진구 기타 장소,2027-07-09 16:00:00,2027-07-09 18:00:00
7018,식사,건대입구 음식점,2027-07-09 18:00:00,2027-07-09 20:00:00
7019,실내활동,광진구 기타 장소,2027-07-09 20:00:00,2027-07-09 21:00:00
7020,관람,뚝섬 전망대,2027-07-09 21:00:00,2027-07-09 23:00:00
7021,관람,건대 메가박스,2027-07-09 23:00:00,2027-07-10 00:00:00
7022,식사,건대입구 음식점,2027-07-10 08:00:00,2027-07-10 10:00:00
7023,실내활동,광진구 기타 장소,2027-07-10 10:00:00,2027-07-10 11:00:00
7024,운동,뚝섬 한강 수영장,2027-07-10 11:00:00,2027-07-10 15:00:00
7025,실내활동,광진구 기타 장소,2027-07-10 15:00:00,2027-07-10 17:00:00
7026,운동,뚝섬 유원지 요가 센터,2027-07-10 17:00:00,2027-07-10 20:00:00
7027,운동,한강 공원,2027-07-10 20:00:00,2027-07-10 21:00:00
7028,공원,광진구 기타 장소,2027-07-10 21:00:00,2027-07-10 23:00:00
7029,공원,광진구 기타 장소,2027-07-10 23:00:00,2027-07-11 00:00:00
7030,식사,스타시티 푸드코트,2027-07-11 08:00:00,2027-07-11 10:00:00
7031,관람,건대 커뮤니티 아트센터,2027-07-11 10:00:00,2027-07-11 13:00:00
7032,스포츠,서울숲 스케이트장,2027-07-11 13:00:00,2027-07-11 17:00:00
7033,관람,건국대학교 박물관,2027-07-11 17:00:00,2027-07-11 20:00:00
7034,운동,뚝섬 유원지 요가 센터,2027-07-11 20:00:00,2027-07-11 21:00:00
7035,운동,건대 헬스장,2027-07-11 21:00:00,2027-07-11 22:00:00
7036,스포츠,광진구 요가 스튜디오,2027-07-11 22:00:00,2027-07-12 00:00:00
7037,식사,건대입구 음식점,2027-07-12 08:00:00,2027-07-12 10:00:00
7038,스포츠,세종대 실내 체육관,2027-07-12 10:00:00,2027-07-12 14:00:00
7039,운동,한강 공원,2027-07-12 14:00:00,2027-07-12 16:00:00
7040,스포츠,광진구 요가 스튜디오,2027-07-12 16:00:00,2027-07-12 18:00:00
7041,식사,광진구 한식당,2027-07-12 18:00:00,2027-07-12 20:00:00
7042,운동,광진구 공원 체력단련장,2027-07-12 20:00:00,2027-07-12 21:00:00
7043,운동,한강 공원,2027-07-12 21:00:00,2027-07-12 22:00:00
7044,스포츠,한강공원 축구장,2027-07-12 22:00:00,2027-07-13 00:00:00
7045,공부,광진구 기타 장소,2027-07-12 22:00:00,2027-07-12 23:00:00
7046,식사,어린이대공원 근처 레스토랑,2027-07-13 08:00:00,2027-07-13 10:00:00
7047,스포츠,광진구 요가 스튜디오,2027-07-13 10:00:00,2027-07-13 12:00:00
7048,식사,광진구 한식당,2027-07-13 12:00:00,2027-07-13 14:00:00
7049,실내활동,광진구 기타 장소,2027-07-13 14:00:00,2027-07-13 17:00:00
7050,스포츠,세종대 실내 체육관,2027-07-13 17:00:00,2027-07-13 21:00:00
7051,스포츠,광진구 배드민턴장,2027-07-13 21:00:00,2027-07-14 00:00:00
7052,관람,롯데시네마 건대입구,2027-07-13 22:00:00,2027-07-13 23:00:00
7053,식사,건대 버거 레스토랑,2027-07-14 08:00:00,2027-07-14 10:00:00
7054,공원,광진구 기타 장소,2027-07-14 10:00:00,2027-07-14 11:00:00
7055,실내활동,광진구 기타 장소,2027-07-14 11:00:00,2027-07-14 13:00:00
7056,실내활동,광진구 기타 장소,2027-07-14 13:00:00,2027-07-14 14:00:00
7057,공부,광진구 기타 장소,2027-07-14 14:00:00,2027-07-14 15:00:00
7058,공원,광진구 기타 장소,2027-07-14 15:00:00,2027-07-14 19:00:00
7059,실내활동,광진구 기타 장소,2027-07-14 19:00:00,2027-07-14 21:00:00
7060,공원,광진구 기타 장소,2027-07-14 21:00:00,2027-07-14 23:00:00
7061,공원,광진구 기타 장소,2027-07-14 23:00:00,2027-07-15 00:00:00
7062,식사,건대입구 전통시장,2027-07-15 08:00:00,2027-07-15 10:00:00
7063,스포츠,어린이대공원 운동장,2027-07-15 10:00:00,2027-07-15 12:00:00
7064,식사,한강 뚝섬 피크닉존 카페,2027-07-15 12:00:00,2027-07-15 14:00:00
7065,공원,광진구 기타 장소,2027-07-15 14:00:00,2027-07-15 17:00:00
7066,운동,어린이대공원 실내 체육관,2027-07-15 17:00:00,2027-07-15 18:00:00
7067,식사,건대 버거 레스토랑,2027-07-15 18:00:00,2027-07-15 20:00:00
7068,스포츠,건대 헬스장,2027-07-15 20:00:00,2027-07-15 23:00:00
7069,스포츠,광진구 체육관,2027-07-15 23:00:00,2027-07-16 00:00:00
7070,식사,세종대 부근 맛집,2027-07-16 08:00:00,2027-07-16 10:00:00
7071,공부,광진구 기타 장소,2027-07-16 10:00:00,2027-07-16 14:00:00
7072,실내활동,광진구 기타 장소,2027-07-16 14:00:00,2027-07-16 17:00:00
7073,관람,한강 뚝섬 예술극장,2027-07-16 17:00:00,2027-07-16 18:00:00
7074,식사,건대 버거 레스토랑,2027-07-16 18:00:00,2027-07-16 20:00:00
7075,실내활동,광진구 기타 장소,2027-07-16 20:00:00,2027-07-17 00:00:00
7076,식사,한강 뚝섬 피크닉존 카페,2027-07-17 08:00:00,2027-07-17 10:00:00
7077,운동,뚝섬 한강 수영장,2027-07-17 10:00:00,2027-07-17 12:00:00
7078,식사,건대입구 음식점,2027-07-17 12:00:00,2027-07-17 14:00:00
7079,운동,광진구 공원 체력단련장,2027-07-17 14:00:00,2027-07-17 17:00:00
7080,공원,광진구 기타 장소,2027-07-17 17:00:00,2027-07-17 19:00:00
7081,실내활동,광진구 기타 장소,2027-07-17 19:00:00,2027-07-17 21:00:00
7082,실내활동,광진구 기타 장소,2027-07-17 21:00:00,2027-07-18 00:00:00
7083,식사,세종대 부근 맛집,2027-07-18 08:00:00,2027-07-18 10:00:00
7084,운동,뚝섬 한강 수영장,2027-07-18 10:00:00,2027-07-18 12:00:00
7085,식사,한강 뚝섬 피크닉존 카페,2027-07-18 12:00:00,2027-07-18 14:00:00
7086,관람,건대 메가박스,2027-07-18 14:00:00,2027-07-18 16:00:00
7087,스포츠,한강공원 축구장,2027-07-18 16:00:00,2027-07-18 18:00:00
7088,식사,뚝섬 수변 카페,2027-07-18 18:00:00,2027-07-18 20:00:00
7089,운동,한강 자전거 대여소,2027-07-18 20:00:00,2027-07-18 21:00:00
7090,관람,건대 커뮤니티 아트센터,2027-07-18 21:00:00,2027-07-19 00:00:00
7091,식사,세종대 부근 맛집,2027-07-19 08:00:00,2027-07-19 10:00:00
7092,스포츠,건대 헬스장,2027-07-19 10:00:00,2027-07-19 11:00:00
7093,공부,광진구 기타 장소,2027-07-19 11:00:00,2027-07-19 13:00:00
7094,운동,뚝섬 유원지 요가 센터,2027-07-19 13:00:00,2027-07-19 14:00:00
7095,스포츠,건대 헬스장,2027-07-19 14:00:00,2027-07-19 17:00:00
7096,공부,광진구 기타 장소,2027-07-19 17:00:00,2027-07-19 20:00:00
7097,공부,광진구 기타 장소,2027-07-19 20:00:00,2027-07-19 21:00:00
7098,스포츠,한강공원 축구장,2027-07-19 21:00:00,2027-07-20 00:00:00
7099,식사,세종대 부근 맛집,2027-07-20 08:00:00,2027-07-20 10:00:00
7100,스포츠,서울숲 스케이트장,2027-07-20 10:00:00,2027-07-20 12:00:00
7101,식사,건대 버거 레스토랑,2027-07-20 12:00:00,2027-07-20 14:00:00
7102,스포츠,어린이대공원 운동장,2027-07-20 14:00:00,2027-07-20 18:00:00
7103,식사,광장시장 맛집,2027-07-20 18:00:00,2027-07-20 20:00:00
7104,스포츠,광진구 체육관,2027-07-20 20:00:00,2027-07-20 22:00:00
7105,스포츠,광진구 체육관,2027-07-20 22:00:00,2027-07-21 00:00:00
7106,관람,광진문화예술회관,2027-07-20 22:00:00,2027-07-20 23:00:00
7107,실내활동,광진구 기타 장소,2027-07-20 22:00:00,2027-07-20 23:00:00
7108,식사,건대 버거 레스토랑,2027-07-21 08:00:00,2027-07-21 10:00:00
7109,공원,광진구 기타 장소,2027-07-21 10:00:00,2027-07-21 13:00:00
7110,공원,광진구 기타 장소,2027-07-21 13:00:00,2027-07-21 17:00:00
7111,실내활동,광진구 기타 장소,2027-07-21 17:00:00,2027-07-21 20:00:00
7112,실내활동,광진구 기타 장소,2027-07-21 20:00:00,2027-07-21 23:00:00
7113,공원,광진구 기타 장소,2027-07-21 23:00:00,2027-07-22 00:00:00
7114,공부,광진구 기타 장소,2027-07-21 22:00:00,2027-07-21 23:00:00
7115,식사,건대입구 전통시장,2027-07-22 08:00:00,2027-07-22 10:00:00
7116,운동,서울숲 조깅 트랙,2027-07-22 10:00:00,2027-07-22 12:00:00
7117,식사,건대입구 전통시장,2027-07-22 12:00:00,2027-07-22 14:00:00
7118,스포츠,광진구 체육관,2027-07-22 14:00:00,2027-07-22 15:00:00
7119,공원,광진구 기타 장소,2027-07-22 15:00:00,2027-07-22 18:00:00
7120,식사,어린이대공원 근처 레스토랑,2027-07-22 18:00:00,2027-07-22 20:00:00
7121,스포츠,서울숲 스케이트장,2027-07-22 20:00:00,2027-07-22 23:00:00
7122,공원,광진구 기타 장소,2027-07-22 23:00:00,2027-07-23 00:00:00
7123,식사,한강 뚝섬 피크닉존 카페,2027-07-23 08:00:00,2027-07-23 10:00:00
7124,관람,서울숲 갤러리,2027-07-23 10:00:00,2027-07-23 13:00:00
7125,실내활동,광진구 기타 장소,2027-07-23 13:00:00,2027-07-23 15:00:00
7126,실내활동,광진구 기타 장소,2027-07-23 15:00:00,2027-07-23 17:00:00
7127,관람,뚝섬 전망대,2027-07-23 17:00:00,2027-07-23 19:00:00
7128,실내활동,광진구 기타 장소,2027-07-23 19:00:00,2027-07-23 23:00:00
7129,실내활동,광진구 기타 장소,2027-07-23 23:00:00,2027-07-24 00:00:00
7130,공부,광진구 기타 장소,2027-07-23 22:00:00,2027-07-23 23:00:00
7131,식사,뚝섬 수변 카페,2027-07-24 08:00:00,2027-07-24 10:00:00
7132,공원,광진구 기타 장소,2027-07-24 10:00:00,2027-07-24 12:00:00
7133,식사,한강 뚝섬 피크닉존 카페,2027-07-24 12:00:00,2027-07-24 14:00:00
7134,공원,광진구 기타 장소,2027-07-24 14:00:00,2027-07-24 18:00:00
7135,식사,뚝섬 수변 카페,2027-07-24 18:00:00,2027-07-24 20:00:00
7136,공원,광진구 기타 장소,2027-07-24 20:00:00,2027-07-24 21:00:00
7137,운동,뚝섬 한강 수영장,2027-07-24 21:00:00,2027-07-24 23:00:00
7138,운동,광진구 등산 코스,2027-07-24 23:00:00,2027-07-25 00:00:00
7139,실내활동,광진구 기타 장소,2027-07-24 22:00:00,2027-07-24 23:00:00
7140,식사,어린이대공원 근처 레스토랑,2027-07-25 08:00:00,2027-07-25 10:00:00
7141,스포츠,서울숲 테니스장,2027-07-25 10:00:00,2027-07-25 13:00:00
7142,관람,건국대학교 박물관,2027-07-25 13:00:00,2027-07-25 15:00:00
7143,스포츠,광진구 배드민턴장,2027-07-25 15:00:00,2027-07-25 17:00:00
7144,관람,건국대학교 박물관,2027-07-25 17:00:00,2027-07-25 21:00:00
7145,관람,한강 뚝섬 예술극장,2027-07-25 21:00:00,2027-07-25 23:00:00
7146,스포츠,광진구 요가 스튜디오,2027-07-25 23:00:00,2027-07-26 00:00:00
7147,운동,광진구 등산 코스,2027-07-25 22:00:00,2027-07-25 23:00:00
7148,식사,광장시장 맛집,2027-07-26 08:00:00,2027-07-26 10:00:00
7149,공부,광진구 기타 장소,2027-07-26 10:00:00,2027-07-26 14:00:00
7150,운동,서울숲 조깅 트랙,2027-07-26 14:00:00,2027-07-26 15:00:00
7151,공부,광진구 기타 장소,2027-07-26 15:00:00,2027-07-26 18:00:00
7152,식사,광장시장 맛집,2027-07-26 18:00:00,2027-07-26 20:00:00
7153,공부,광진구 기타 장소,2027-07-26 20:00:00,2027-07-27 00:00:00
7154,스포츠,뚝섬 런닝코스,2027-07-26 22:00:00,2027-07-26 23:00:00
7155,식사,뚝섬 수변 카페,2027-07-27 08:00:00,2027-07-27 10:00:00
7156,스포츠,뚝섬 런닝코스,2027-07-27 10:00:00,2027-07-27 12:00:00
7157,식사,세종대 부근 맛집,2027-07-27 12:00:00,2027-07-27 14:00:00
7158,관람,한강 뚝섬 예술극장,2027-07-27 14:00:00,2027-07-27 18:00:00
7159,식사,건대입구 음식점,2027-07-27 18:00:00,2027-07-27 20:00:00
7160,실내활동,광진구 기타 장소,2027-07-27 20:00:00,2027-07-28 00:00:00
7161,식사,한강 뚝섬 피크닉존 카페,2027-07-28 08:00:00,2027-07-28 10:00:00
7162,공원,광진구 기타 장소,2027-07-28 10:00:00,2027-07-28 11:00:00
7163,실내활동,광진구 기타 장소,2027-07-28 11:00:00,2027-07-28 13:00:00
7164,실내활동,광진구 기타 장소,2027-07-28 13:00:00,2027-07-28 16:00:00
7165,공원,광진구 기타 장소,2027-07-28 16:00:00,2027-07-28 20:00:00
7166,공부,광진구 기타 장소,2027-07-28 20:00:00,2027-07-29 00:00:00
7167,식사,한강 뚝섬 피크닉존 카페,2027-07-29 08:00:00,2027-07-29 10:00:00
7168,공원,광진구 기타 장소,2027-07-29 10:00:00,2027-07-29 13:00:00
7169,공원,광진구 기타 장소,2027-07-29 13:00:00,2027-07-29 17:00:00
7170,운동,서울숲 조깅 트랙,2027-07-29 17:00:00,2027-07-29 19:00:00
7171,공원,광진구 기타 장소,2027-07-29 19:00:00,2027-07-29 22:00:00
7172,스포츠,건대 헬스장,2027-07-29 22:00:00,2027-07-30 00:00:00
7173,식사,광장시장 맛집,2027-07-30 08:00:00,2027-07-30 10:00:00
7174,공부,광진구 기타 장소,2027-07-30 10:00:00,2027-07-30 11:00:00
7175,실내활동,광진구 기타 장소,2027-07-30 11:00:00,2027-07-30 14:00:00
7176,관람,건대 메가박스,2027-07-30 14:00:00,2027-07-30 17:00:00
7177,실내활동,광진구 기타 장소,2027-07-30 17:00:00,2027-07-30 20:00:00
7178,관람,서울숲 갤러리,2027-07-30 20:00:00,2027-07-30 22:00:00
7179,관람,서울숲 갤러리,2027-07-30 22:00:00,2027-07-31 00:00:00
7180,식사,스타시티 푸드코트,2027-07-31 08:00:00,2027-07-31 10:00:00
7181,공원,광진구 기타 장소,2027-07-31 10:00:00,2027-07-31 14:00:00
7182,실내활동,광진구 기타 장소,2027-07-31 14:00:00,2027-07-31 17:00:00
7183,실내활동,광진구 기타 장소,2027-07-31 17:00:00,2027-07-31 20:00:00
7184,운동,광진구 등산 코스,2027-07-31 20:00:00,2027-07-31 21:00:00
7185,공원,광진구 기타 장소,2027-07-31 21:00:00,2027-07-31 23:00:00
7186,운동,한강 자전거 대여소,2027-07-31 23:00:00,2027-08-01 00:00:00
7187,식사,어린이대공원 근처 레스토랑,2027-08-01 08:00:00,2027-08-01 10:00:00
7188,운동,건대 스포츠 클럽,2027-08-01 10:00:00,2027-08-01 13:00:00
7189,운동,광진구 등산 코스,2027-08-01 13:00:00,2027-08-01 17:00:00
7190,관람,광진문화예술회관,2027-08-01 17:00:00,2027-08-01 19:00:00
7191,운동,뚝섬 유원지 요가 센터,2027-08-01 19:00:00,2027-08-01 21:00:00
7192,운동,어린이대공원 실내 체육관,2027-08-01 21:00:00,2027-08-02 00:00:00
7193,스포츠,뚝섬 런닝코스,2027-08-01 22:00:00,2027-08-01 23:00:00
7194,식사,뚝섬 수변 카페,2027-08-02 08:00:00,2027-08-02 10:00:00
7195,공부,광진구 기타 장소,2027-08-02 10:00:00,2027-08-02 11:00:00
7196,스포츠,광진구 체육관,2027-08-02 11:00:00,2027-08-02 13:00:00
7197,스포츠,뚝섬 런닝코스,2027-08-02 13:00:00,2027-08-02 14:00:00
7198,공부,광진구 기타 장소,2027-08-02 14:00:00,2027-08-02 16:00:00
7199,공부,광진구 기타 장소,2027-08-02 16:00:00,2027-08-02 20:00:00
7200,운동,뚝섬 유원지 요가 센터,2027-08-02 20:00:00,2027-08-02 23:00:00
7201,스포츠,세종대 실내 체육관,2027-08-02 23:00:00,2027-08-03 00:00:00
7202,식사,건대입구 음식점,2027-08-03 08:00:00,2027-08-03 10:00:00
7203,실내활동,광진구 기타 장소,2027-08-03 10:00:00,2027-08-03 11:00:00
7204,관람,건대 커뮤니티 아트센터,2027-08-03 11:00:00,2027-08-03 15:00:00
7205,스포츠,서울숲 스케이트장,2027-08-03 15:00:00,2027-08-03 18:00:00
7206,식사,광장시장 맛집,2027-08-03 18:00:00,2027-08-03 20:00:00
7207,스포츠,세종대 실내 체육관,2027-08-03 20:00:00,2027-08-03 23:00:00
7208,스포츠,광진구 배드민턴장,2027-08-03 23:00:00,2027-08-04 00:00:00
7209,식사,광진구 한식당,2027-08-04 08:00:00,2027-08-04 10:00:00
7210,실내활동,광진구 기타 장소,2027-08-04 10:00:00,2027-08-04 13:00:00
7211,공부,광진구 기타 장소,2027-08-04 13:00:00,2027-08-04 15:00:00
7212,공원,광진구 기타 장소,2027-08-04 15:00:00,2027-08-04 17:00:00
7213,공부,광진구 기타 장소,2027-08-04 17:00:00,2027-08-04 18:00:00
7214,식사,스타시티 푸드코트,2027-08-04 18:00:00,2027-08-04 20:00:00
7215,실내활동,광진구 기타 장소,2027-08-04 20:00:00,2027-08-04 22:00:00
7216,공부,광진구 기타 장소,2027-08-04 22:00:00,2027-08-05 00:00:00
7217,식사,스타시티 푸드코트,2027-08-05 08:00:00,2027-08-05 10:00:00
7218,운동,어린이대공원 실내 체육관,2027-08-05 10:00:00,2027-08-05 13:00:00
7219,스포츠,광진구 체육관,2027-08-05 13:00:00,2027-08-05 16:00:00
7220,공원,광진구 기타 장소,2027-08-05 16:00:00,2027-08-05 19:00:00
7221,공원,광진구 기타 장소,2027-08-05 19:00:00,2027-08-05 20:00:00
7222,공원,광진구 기타 장소,2027-08-05 20:00:00,2027-08-05 22:00:00
7223,운동,한강 공원,2027-08-05 22:00:00,2027-08-05 23:00:00
7224,운동,한강 공원,2027-08-05 23:00:00,2027-08-06 00:00:00
7225,식사,건대입구 전통시장,2027-08-06 08:00:00,2027-08-06 10:00:00
7226,공부,광진구 기타 장소,2027-08-06 10:00:00,2027-08-06 14:00:00
7227,관람,뚝섬 전망대,2027-08-06 14:00:00,2027-08-06 18:00:00
7228,식사,건대입구 전통시장,2027-08-06 18:00:00,2027-08-06 20:00:00
7229,실내활동,광진구 기타 장소,2027-08-06 20:00:00,2027-08-07 00:00:00
7230,식사,한강 뚝섬 피크닉존 카페,2027-08-07 08:00:00,2027-08-07 10:00:00
7231,운동,어린이대공원 실내 체육관,2027-08-07 10:00:00,2027-08-07 12:00:00
7232,식사,한강 뚝섬 피크닉존 카페,2027-08-07 12:00:00,2027-08-07 14:00:00
7233,실내활동,광진구 기타 장소,2027-08-07 14:00:00,2027-08-07 16:00:00
7234,운동,뚝섬 한강 수영장,2027-08-07 16:00:00,2027-08-07 17:00:00
7235,운동,건대 스포츠 클럽,2027-08-07 17:00:00,2027-08-07 20:00:00
7236,실내활동,광진구 기타 장소,2027-08-07 20:00:00,2027-08-07 23:00:00
7237,공원,광진구 기타 장소,2027-08-07 23:00:00,2027-08-08 00:00:00
7238,식사,어린이대공원 근처 레스토랑,2027-08-08 08:00:00,2027-08-08 10:00:00
7239,운동,어린이대공원 실내 체육관,2027-08-08 10:00:00,2027-08-08 13:00:00
7240,운동,서울숲 조깅 트랙,2027-08-08 13:00:00,2027-08-08 16:00:00
7241,스포츠,광진구 체육관,2027-08-08 16:00:00,2027-08-08 17:00:00
7242,운동,광진구 등산 코스,2027-08-08 17:00:00,2027-08-08 19:00:00
7243,스포츠,건대 헬스장,2027-08-08 19:00:00,2027-08-08 20:00:00
7244,운동,건대 스포츠 클럽,2027-08-08 20:00:00,2027-08-08 21:00:00
7245,운동,광진구 등산 코스,2027-08-08 21:00:00,2027-08-08 22:00:00
7246,운동,한강 자전거 대여소,2027-08-08 22:00:00,2027-08-09 00:00:00
7247,관람,롯데시네마 건대입구,2027-08-08 22:00:00,2027-08-08 23:00:00
7248,식사,스타시티 푸드코트,2027-08-09 08:00:00,2027-08-09 10:00:00
7249,공부,광진구 기타 장소,2027-08-09 10:00:00,2027-08-09 14:00:00
7250,운동,뚝섬 유원지 요가 센터,2027-08-09 14:00:00,2027-08-09 18:00:00
7251,식사,스타시티 푸드코트,2027-08-09 18:00:00,2027-08-09 20:00:00
7252,공부,광진구 기타 장소,2027-08-09 20:00:00,2027-08-09 21:00:00
7253,운동,한강 자전거 대여소,2027-08-09 21:00:00,2027-08-09 23:00:00
7254,공부,광진구 기타 장소,2027-08-09 23:00:00,2027-08-10 00:00:00
7255,스포츠,한강공원 축구장,2027-08-09 22:00:00,2027-08-09 23:00:00
7256,식사,건대 버거 레스토랑,2027-08-10 08:00:00,2027-08-10 10:00:00
7257,스포츠,서울숲 스케이트장,2027-08-10 10:00:00,2027-08-10 13:00:00
7258,실내활동,광진구 기타 장소,2027-08-10 13:00:00,2027-08-10 16:00:00
7259,스포츠,세종대 실내 체육관,2027-08-10 16:00:00,2027-08-10 19:00:00
7260,스포츠,서울숲 스케이트장,2027-08-10 19:00:00,2027-08-10 23:00:00
7261,스포츠,건대 헬스장,2027-08-10 23:00:00,2027-08-11 00:00:00
7262,관람,건대 커뮤니티 아트센터,2027-08-10 22:00:00,2027-08-10 23:00:00
7263,식사,건대 버거 레스토랑,2027-08-11 08:00:00,2027-08-11 10:00:00
7264,실내활동,광진구 기타 장소,2027-08-11 10:00:00,2027-08-11 12:00:00
7265,식사,한강 뚝섬 피크닉존 카페,2027-08-11 12:00:00,2027-08-11 14:00:00
7266,실내활동,광진구 기타 장소,2027-08-11 14:00:00,2027-08-11 15:00:00
7267,공원,광진구 기타 장소,2027-08-11 15:00:00,2027-08-11 18:00:00
7268,식사,건대입구 음식점,2027-08-11 18:00:00,2027-08-11 20:00:00
7269,공부,광진구 기타 장소,2027-08-11 20:00:00,2027-08-11 23:00:00
7270,실내활동,광진구 기타 장소,2027-08-11 23:00:00,2027-08-12 00:00:00
7271,식사,건대입구 음식점,2027-08-12 08:00:00,2027-08-12 10:00:00
7272,운동,어린이대공원 실내 체육관,2027-08-12 10:00:00,2027-08-12 12:00:00
7273,식사,세종대 부근 맛집,2027-08-12 12:00:00,2027-08-12 14:00:00
7274,공원,광진구 기타 장소,2027-08-12 14:00:00,2027-08-12 17:00:00
7275,운동,광진구 공원 체력단련장,2027-08-12 17:00:00,2027-08-12 18:00:00
7276,식사,건대입구 전통시장,2027-08-12 18:00:00,2027-08-12 20:00:00
7277,스포츠,서울숲 스케이트장,2027-08-12 20:00:00,2027-08-12 21:00:00
7278,공원,광진구 기타 장소,2027-08-12 21:00:00,2027-08-13 00:00:00
7279,식사,뚝섬 수변 카페,2027-08-13 08:00:00,2027-08-13 10:00:00
7280,공부,광진구 기타 장소,2027-08-13 10:00:00,2027-08-13 13:00:00
7281,관람,한강 뚝섬 예술극장,2027-08-13 13:00:00,2027-08-13 14:00:00
7282,실내활동,광진구 기타 장소,2027-08-13 14:00:00,2027-08-13 15:00:00
7283,관람,뚝섬 전망대,2027-08-13 15:00:00,2027-08-13 18:00:00
7284,식사,건대입구 전통시장,2027-08-13 18:00:00,2027-08-13 20:00:00
7285,공부,광진구 기타 장소,2027-08-13 20:00:00,2027-08-13 21:00:00
7286,실내활동,광진구 기타 장소,2027-08-13 21:00:00,2027-08-13 22:00:00
7287,관람,광진구 시립극장,2027-08-13 22:00:00,2027-08-13 23:00:00
7288,공부,광진구 기타 장소,2027-08-13 23:00:00,2027-08-14 00:00:00
7289,식사,뚝섬 수변 카페,2027-08-14 08:00:00,2027-08-14 10:00:00
7290,실내활동,광진구 기타 장소,2027-08-14 10:00:00,2027-08-14 11:00:00
7291,공원,광진구 기타 장소,2027-08-14 11:00:00,2027-08-14 15:00:00
7292,실내활동,광진구 기타 장소,2027-08-14 15:00:00,2027-08-14 19:00:00
7293,운동,광진구 등산 코스,2027-08-14 19:00:00,2027-08-14 22:00:00
7294,공원,광진구 기타 장소,2027-08-14 22:00:00,2027-08-15 00:00:00
7295,식사,건대입구 음식점,2027-08-15 08:00:00,2027-08-15 10:00:00
7296,스포츠,한강공원 축구장,2027-08-15 10:00:00,2027-08-15 14:00:00
7297,스포츠,광진구 배드민턴장,2027-08-15 14:00:00,2027-08-15 15:00:00
7298,운동,건대 스포츠 클럽,2027-08-15 15:00:00,2027-08-15 19:00:00
7299,스포츠,광진구 요가 스튜디오,2027-08-15 19:00:00,2027-08-15 20:00:00
7300,관람,건대 커뮤니티 아트센터,2027-08-15 20:00:00,2027-08-16 00:00:00
7301,식사,한강 뚝섬 피크닉존 카페,2027-08-16 08:00:00,2027-08-16 10:00:00
7302,공부,광진구 기타 장소,2027-08-16 10:00:00,2027-08-16 12:00:00
7303,식사,건대 버거 레스토랑,2027-08-16 12:00:00,2027-08-16 14:00:00
7304,스포츠,광진구 요가 스튜디오,2027-08-16 14:00:00,2027-08-16 16:00:00
7305,운동,뚝섬 유원지 요가 센터,2027-08-16 16:00:00,2027-08-16 17:00:00
7306,운동,뚝섬 한강 수영장,2027-08-16 17:00:00,2027-08-16 19:00:00
7307,공부,광진구 기타 장소,2027-08-16 19:00:00,2027-08-16 21:00:00
7308,운동,건대 스포츠 클럽,2027-08-16 21:00:00,2027-08-16 23:00:00
7309,스포츠,건대 헬스장,2027-08-16 23:00:00,2027-08-17 00:00:00
7310,식사,건대 버거 레스토랑,2027-08-17 08:00:00,2027-08-17 10:00:00
7311,스포츠,광진구 요가 스튜디오,2027-08-17 10:00:00,2027-08-17 11:00:00
7312,스포츠,광진구 요가 스튜디오,2027-08-17 11:00:00,2027-08-17 13:00:00
7313,실내활동,광진구 기타 장소,2027-08-17 13:00:00,2027-08-17 14:00:00
7314,관람,건국대학교 박물관,2027-08-17 14:00:00,2027-08-17 18:00:00
7315,식사,한강 뚝섬 피크닉존 카페,2027-08-17 18:00:00,2027-08-17 20:00:00
7316,관람,건대 메가박스,2027-08-17 20:00:00,2027-08-17 21:00:00
7317,실내활동,광진구 기타 장소,2027-08-17 21:00:00,2027-08-18 00:00:00
7318,식사,건대 버거 레스토랑,2027-08-18 08:00:00,2027-08-18 10:00:00
7319,공부,광진구 기타 장소,2027-08-18 10:00:00,2027-08-18 11:00:00
7320,공부,광진구 기타 장소,2027-08-18 11:00:00,2027-08-18 14:00:00
7321,실내활동,광진구 기타 장소,2027-08-18 14:00:00,2027-08-18 18:00:00
7322,식사,광진구 한식당,2027-08-18 18:00:00,2027-08-18 20:00:00
7323,실내활동,광진구 기타 장소,2027-08-18 20:00:00,2027-08-18 23:00:00
7324,공원,광진구 기타 장소,2027-08-18 23:00:00,2027-08-19 00:00:00
7325,식사,광장시장 맛집,2027-08-19 08:00:00,2027-08-19 10:00:00
7326,스포츠,광진구 배드민턴장,2027-08-19 10:00:00,2027-08-19 14:00:00
7327,공원,광진구 기타 장소,2027-08-19 14:00:00,2027-08-19 17:00:00
7328,공원,광진구 기타 장소,2027-08-19 17:00:00,2027-08-19 20:00:00
7329,스포츠,서울숲 스케이트장,2027-08-19 20:00:00,2027-08-20 00:00:00
7330,운동,뚝섬 한강 수영장,2027-08-19 22:00:00,2027-08-19 23:00:00
7331,식사,광장시장 맛집,2027-08-20 08:00:00,2027-08-20 10:00:00
7332,관람,서울숲 갤러리,2027-08-20 10:00:00,2027-08-20 14:00:00
7333,공부,광진구 기타 장소,2027-08-20 14:00:00,2027-08-20 16:00:00
7334,공부,광진구 기타 장소,2027-08-20 16:00:00,2027-08-20 18:00:00
7335,식사,건대입구 음식점,2027-08-20 18:00:00,2027-08-20 20:00:00
7336,실내활동,광진구 기타 장소,2027-08-20 20:00:00,2027-08-20 22:00:00
7337,관람,광진구 시립극장,2027-08-20 22:00:00,2027-08-21 00:00:00
7338,식사,스타시티 푸드코트,2027-08-21 08:00:00,2027-08-21 10:00:00
7339,운동,건대 스포츠 클럽,2027-08-21 10:00:00,2027-08-21 13:00:00
7340,실내활동,광진구 기타 장소,2027-08-21 13:00:00,2027-08-21 15:00:00
7341,실내활동,광진구 기타 장소,2027-08-21 15:00:00,2027-08-21 18:00:00
7342,식사,스타시티 푸드코트,2027-08-21 18:00:00,2027-08-21 20:00:00
7343,공원,광진구 기타 장소,2027-08-21 20:00:00,2027-08-22 00:00:00
7344,식사,뚝섬 수변 카페,2027-08-22 08:00:00,2027-08-22 10:00:00
7345,운동,광진구 공원 체력단련장,2027-08-22 10:00:00,2027-08-22 12:00:00
7346,식사,한강 뚝섬 피크닉존 카페,2027-08-22 12:00:00,2027-08-22 14:00:00
7347,관람,서울숲 갤러리,2027-08-22 14:00:00,2027-08-22 16:00:00
7348,관람,광진문화예술회관,2027-08-22 16:00:00,2027-08-22 18:00:00
7349,식사,어린이대공원 근처 레스토랑,2027-08-22 18:00:00,2027-08-22 20:00:00
7350,스포츠,광진구 체육관,2027-08-22 20:00:00,2027-08-22 22:00:00
7351,운동,뚝섬 한강 수영장,2027-08-22 22:00:00,2027-08-22 23:00:00
7352,관람,건국대학교 박물관,2027-08-22 23:00:00,2027-08-23 00:00:00
7353,식사,광장시장 맛집,2027-08-23 08:00:00,2027-08-23 10:00:00
7354,스포츠,건대 헬스장,2027-08-23 10:00:00,2027-08-23 12:00:00
7355,식사,뚝섬 수변 카페,2027-08-23 12:00:00,2027-08-23 14:00:00
7356,스포츠,어린이대공원 운동장,2027-08-23 14:00:00,2027-08-23 15:00:00
7357,스포츠,한강공원 축구장,2027-08-23 15:00:00,2027-08-23 18:00:00
7358,식사,뚝섬 수변 카페,2027-08-23 18:00:00,2027-08-23 20:00:00
7359,스포츠,광진구 요가 스튜디오,2027-08-23 20:00:00,2027-08-23 21:00:00
7360,공부,광진구 기타 장소,2027-08-23 21:00:00,2027-08-23 22:00:00
7361,공부,광진구 기타 장소,2027-08-23 22:00:00,2027-08-24 00:00:00
7362,운동,건대 헬스장,2027-08-23 22:00:00,2027-08-23 23:00:00
7363,식사,광장시장 맛집,2027-08-24 08:00:00,2027-08-24 10:00:00
7364,스포츠,광진구 체육관,2027-08-24 10:00:00,2027-08-24 12:00:00
7365,식사,한강 뚝섬 피크닉존 카페,2027-08-24 12:00:00,2027-08-24 14:00:00
7366,관람,건대 커뮤니티 아트센터,2027-08-24 14:00:00,2027-08-24 18:00:00
7367,식사,한강 뚝섬 피크닉존 카페,2027-08-24 18:00:00,2027-08-24 20:00:00
7368,관람,한강 뚝섬 예술극장,2027-08-24 20:00:00,2027-08-24 23:00:00
7369,스포츠,광진구 배드민턴장,2027-08-24 23:00:00,2027-08-25 00:00:00
7370,실내활동,광진구 기타 장소,2027-08-24 22:00:00,2027-08-24 23:00:00
7371,식사,스타시티 푸드코트,2027-08-25 08:00:00,2027-08-25 10:00:00
7372,공부,광진구 기타 장소,2027-08-25 10:00:00,2027-08-25 12:00:00
7373,식사,건대입구 전통시장,2027-08-25 12:00:00,2027-08-25 14:00:00
7374,실내활동,광진구 기타 장소,2027-08-25 14:00:00,2027-08-25 16:00:00
7375,공원,광진구 기타 장소,2027-08-25 16:00:00,2027-08-25 19:00:00
7376,공원,광진구 기타 장소,2027-08-25 19:00:00,2027-08-25 23:00:00
7377,공원,광진구 기타 장소,2027-08-25 23:00:00,2027-08-26 00:00:00
7378,식사,한강 뚝섬 피크닉존 카페,2027-08-26 08:00:00,2027-08-26 10:00:00
7379,공원,광진구 기타 장소,2027-08-26 10:00:00,2027-08-26 11:00:00
7380,공원,광진구 기타 장소,2027-08-26 11:00:00,2027-08-26 15:00:00
7381,스포츠,서울숲 스케이트장,2027-08-26 15:00:00,2027-08-26 19:00:00
7382,공원,광진구 기타 장소,2027-08-26 19:00:00,2027-08-26 20:00:00
7383,공원,광진구 기타 장소,2027-08-26 20:00:00,2027-08-26 22:00:00
7384,스포츠,광진구 요가 스튜디오,2027-08-26 22:00:00,2027-08-27 00:00:00
7385,운동,건대 스포츠 클럽,2027-08-26 22:00:00,2027-08-26 23:00:00
7386,식사,한강 뚝섬 피크닉존 카페,2027-08-27 08:00:00,2027-08-27 10:00:00
7387,관람,건대 메가박스,2027-08-27 10:00:00,2027-08-27 12:00:00
7388,식사,건대입구 전통시장,2027-08-27 12:00:00,2027-08-27 14:00:00
7389,실내활동,광진구 기타 장소,2027-08-27 14:00:00,2027-08-27 16:00:00
7390,관람,롯데시네마 건대입구,2027-08-27 16:00:00,2027-08-27 18:00:00
7391,식사,광장시장 맛집,2027-08-27 18:00:00,2027-08-27 20:00:00
7392,관람,건대 메가박스,2027-08-27 20:00:00,2027-08-28 00:00:00
7393,공부,광진구 기타 장소,2027-08-27 22:00:00,2027-08-27 23:00:00
7394,식사,한강 뚝섬 피크닉존 카페,2027-08-28 08:00:00,2027-08-28 10:00:00
7395,운동,건대 헬스장,2027-08-28 10:00:00,2027-08-28 14:00:00
7396,운동,한강 자전거 대여소,2027-08-28 14:00:00,2027-08-28 18:00:00
7397,식사,스타시티 푸드코트,2027-08-28 18:00:00,2027-08-28 20:00:00
7398,공원,광진구 기타 장소,2027-08-28 20:00:00,2027-08-28 22:00:00
7399,운동,한강 자전거 대여소,2027-08-28 22:00:00,2027-08-28 23:00:00
7400,실내활동,광진구 기타 장소,2027-08-28 23:00:00,2027-08-29 00:00:00
7401,식사,한강 뚝섬 피크닉존 카페,2027-08-29 08:00:00,2027-08-29 10:00:00
7402,스포츠,서울숲 테니스장,2027-08-29 10:00:00,2027-08-29 12:00:00
7403,식사,뚝섬 수변 카페,2027-08-29 12:00:00,2027-08-29 14:00:00
7404,스포츠,세종대 실내 체육관,2027-08-29 14:00:00,2027-08-29 17:00:00
7405,스포츠,서울숲 스케이트장,2027-08-29 17:00:00,2027-08-29 19:00:00
7406,관람,건대 메가박스,2027-08-29 19:00:00,2027-08-29 22:00:00
7407,운동,뚝섬 유원지 요가 센터,2027-08-29 22:00:00,2027-08-30 00:00:00
7408,식사,스타시티 푸드코트,2027-08-30 08:00:00,2027-08-30 10:00:00
7409,운동,한강 공원,2027-08-30 10:00:00,2027-08-30 11:00:00
7410,운동,뚝섬 유원지 요가 센터,2027-08-30 11:00:00,2027-08-30 14:00:00
7411,스포츠,뚝섬 런닝코스,2027-08-30 14:00:00,2027-08-30 16:00:00
7412,운동,한강 공원,2027-08-30 16:00:00,2027-08-30 19:00:00
7413,공부,광진구 기타 장소,2027-08-30 19:00:00,2027-08-30 22:00:00
7414,운동,어린이대공원 실내 체육관,2027-08-30 22:00:00,2027-08-30 23:00:00
7415,공부,광진구 기타 장소,2027-08-30 23:00:00,2027-08-31 00:00:00
7416,식사,한강 뚝섬 피크닉존 카페,2027-08-31 08:00:00,2027-08-31 10:00:00
7417,관람,어린이대공원 공연장,2027-08-31 10:00:00,2027-08-31 14:00:00
7418,관람,광진문화예술회관,2027-08-31 14:00:00,2027-08-31 18:00:00
7419,식사,한강 뚝섬 피크닉존 카페,2027-08-31 18:00:00,2027-08-31 20:00:00
7420,실내활동,광진구 기타 장소,2027-08-31 20:00:00,2027-08-31 22:00:00
7421,스포츠,한강공원 축구장,2027-08-31 22:00:00,2027-09-01 00:00:00
7422,식사,어린이대공원 근처 레스토랑,2027-09-01 08:00:00,2027-09-01 10:00:00
7423,공부,광진구 기타 장소,2027-09-01 10:00:00,2027-09-01 11:00:00
7424,공부,광진구 기타 장소,2027-09-01 11:00:00,2027-09-01 13:00:00
7425,공원,광진구 기타 장소,2027-09-01 13:00:00,2027-09-01 14:00:00
7426,공부,광진구 기타 장소,2027-09-01 14:00:00,2027-09-01 16:00:00
7427,공원,광진구 기타 장소,2027-09-01 16:00:00,2027-09-01 19:00:00
7428,공부,광진구 기타 장소,2027-09-01 19:00:00,2027-09-01 22:00:00
7429,공부,광진구 기타 장소,2027-09-01 22:00:00,2027-09-01 23:00:00
7430,공원,광진구 기타 장소,2027-09-01 23:00:00,2027-09-02 00:00:00
7431,실내활동,광진구 기타 장소,2027-09-01 22:00:00,2027-09-01 23:00:00
7432,식사,건대입구 음식점,2027-09-02 08:00:00,2027-09-02 10:00:00
7433,공원,광진구 기타 장소,2027-09-02 10:00:00,2027-09-02 14:00:00
7434,운동,어린이대공원 실내 체육관,2027-09-02 14:00:00,2027-09-02 15:00:00
7435,공원,광진구 기타 장소,2027-09-02 15:00:00,2027-09-02 18:00:00
7436,식사,스타시티 푸드코트,2027-09-02 18:00:00,2027-09-02 20:00:00
7437,스포츠,어린이대공원 운동장,2027-09-02 20:00:00,2027-09-02 21:00:00
7438,운동,한강 자전거 대여소,2027-09-02 21:00:00,2027-09-02 23:00:00
7439,스포츠,서울숲 테니스장,2027-09-02 23:00:00,2027-09-03 00:00:00
7440,식사,건대입구 음식점,2027-09-03 08:00:00,2027-09-03 10:00:00
7441,실내활동,광진구 기타 장소,2027-09-03 10:00:00,2027-09-03 12:00:00
7442,식사,광장시장 맛집,2027-09-03 12:00:00,2027-09-03 14:00:00
7443,실내활동,광진구 기타 장소,2027-09-03 14:00:00,2027-09-03 18:00:00
7444,식사,광장시장 맛집,2027-09-03 18:00:00,2027-09-03 20:00:00
7445,관람,서울숲 갤러리,2027-09-03 20:00:00,2027-09-03 21:00:00
7446,공부,광진구 기타 장소,2027-09-03 21:00:00,2027-09-04 00:00:00
7447,식사,어린이대공원 근처 레스토랑,2027-09-04 08:00:00,2027-09-04 10:00:00
7448,공원,광진구 기타 장소,2027-09-04 10:00:00,2027-09-04 14:00:00
7449,운동,뚝섬 유원지 요가 센터,2027-09-04 14:00:00,2027-09-04 15:00:00
7450,실내활동,광진구 기타 장소,2027-09-04 15:00:00,2027-09-04 19:00:00
7451,공원,광진구 기타 장소,2027-09-04 19:00:00,2027-09-04 21:00:00
7452,실내활동,광진구 기타 장소,2027-09-04 21:00:00,2027-09-04 22:00:00
7453,공원,광진구 기타 장소,2027-09-04 22:00:00,2027-09-05 00:00:00
7454,식사,세종대 부근 맛집,2027-09-05 08:00:00,2027-09-05 10:00:00
7455,관람,한강 뚝섬 예술극장,2027-09-05 10:00:00,2027-09-05 13:00:00
7456,스포츠,서울숲 테니스장,2027-09-05 13:00:00,2027-09-05 17:00:00
7457,스포츠,뚝섬 런닝코스,2027-09-05 17:00:00,2027-09-05 19:00:00
7458,관람,어린이대공원 공연장,2027-09-05 19:00:00,2027-09-05 23:00:00
7459,스포츠,어린이대공원 운동장,2027-09-05 23:00:00,2027-09-06 00:00:00
7460,운동,뚝섬 유원지 요가 센터,2027-09-05 22:00:00,2027-09-05 23:00:00
7461,식사,건대입구 음식점,2027-09-06 08:00:00,2027-09-06 10:00:00
7462,스포츠,뚝섬 런닝코스,2027-09-06 10:00:00,2027-09-06 14:00:00
7463,공부,광진구 기타 장소,2027-09-06 14:00:00,2027-09-06 15:00:00
7464,스포츠,광진구 요가 스튜디오,2027-09-06 15:00:00,2027-09-06 17:00:00
7465,스포츠,광진구 배드민턴장,2027-09-06 17:00:00,2027-09-06 21:00:00
7466,스포츠,어린이대공원 운동장,2027-09-06 21:00:00,2027-09-07 00:00:00
7467,운동,한강 공원,2027-09-06 22:00:00,2027-09-06 23:00:00
7468,식사,세종대 부근 맛집,2027-09-07 08:00:00,2027-09-07 10:00:00
7469,관람,뚝섬 전망대,2027-09-07 10:00:00,2027-09-07 13:00:00
7470,스포츠,서울숲 스케이트장,2027-09-07 13:00:00,2027-09-07 17:00:00
7471,실내활동,광진구 기타 장소,2027-09-07 17:00:00,2027-09-07 18:00:00
7472,식사,광진구 한식당,2027-09-07 18:00:00,2027-09-07 20:00:00
7473,관람,어린이대공원 공연장,2027-09-07 20:00:00,2027-09-07 23:00:00
7474,스포츠,뚝섬 런닝코스,2027-09-07 23:00:00,2027-09-08 00:00:00
7475,식사,세종대 부근 맛집,2027-09-08 08:00:00,2027-09-08 10:00:00
7476,실내활동,광진구 기타 장소,2027-09-08 10:00:00,2027-09-08 14:00:00
7477,공원,광진구 기타 장소,2027-09-08 14:00:00,2027-09-08 16:00:00
7478,공부,광진구 기타 장소,2027-09-08 16:00:00,2027-09-08 20:00:00
7479,공원,광진구 기타 장소,2027-09-08 20:00:00,2027-09-09 00:00:00
7480,식사,광진구 한식당,2027-09-09 08:00:00,2027-09-09 10:00:00
7481,공원,광진구 기타 장소,2027-09-09 10:00:00,2027-09-09 14:00:00
7482,공원,광진구 기타 장소,2027-09-09 14:00:00,2027-09-09 16:00:00
7483,운동,뚝섬 한강 수영장,2027-09-09 16:00:00,2027-09-09 19:00:00
7484,스포츠,광진구 배드민턴장,2027-09-09 19:00:00,2027-09-09 22:00:00
7485,스포츠,광진구 체육관,2027-09-09 22:00:00,2027-09-09 23:00:00
7486,공원,광진구 기타 장소,2027-09-09 23:00:00,2027-09-10 00:00:00
7487,식사,뚝섬 수변 카페,2027-09-10 08:00:00,2027-09-10 10:00:00
7488,실내활동,광진구 기타 장소,2027-09-10 10:00:00,2027-09-10 13:00:00
7489,공부,광진구 기타 장소,2027-09-10 13:00:00,2027-09-10 14:00:00
7490,실내활동,광진구 기타 장소,2027-09-10 14:00:00,2027-09-10 15:00:00
7491,관람,건대 메가박스,2027-09-10 15:00:00,2027-09-10 18:00:00
7492,식사,광장시장 맛집,2027-09-10 18:00:00,2027-09-10 20:00:00
7493,관람,광진문화예술회관,2027-09-10 20:00:00,2027-09-10 21:00:00
7494,관람,서울숲 갤러리,2027-09-10 21:00:00,2027-09-11 00:00:00
7495,식사,스타시티 푸드코트,2027-09-11 08:00:00,2027-09-11 10:00:00
7496,실내활동,광진구 기타 장소,2027-09-11 10:00:00,2027-09-11 14:00:00
7497,실내활동,광진구 기타 장소,2027-09-11 14:00:00,2027-09-11 18:00:00
7498,식사,건대 버거 레스토랑,2027-09-11 18:00:00,2027-09-11 20:00:00
7499,실내활동,광진구 기타 장소,2027-09-11 20:00:00,2027-09-11 21:00:00
7500,운동,한강 공원,2027-09-11 21:00:00,2027-09-12 00:00:00
7501,공원,광진구 기타 장소,2027-09-11 22:00:00,2027-09-11 23:00:00
7502,식사,한강 뚝섬 피크닉존 카페,2027-09-12 08:00:00,2027-09-12 10:00:00
7503,관람,광진문화예술회관,2027-09-12 10:00:00,2027-09-12 14:00:00
7504,스포츠,광진구 배드민턴장,2027-09-12 14:00:00,2027-09-12 15:00:00
7505,운동,한강 자전거 대여소,2027-09-12 15:00:00,2027-09-12 16:00:00
7506,운동,건대 헬스장,2027-09-12 16:00:00,2027-09-12 19:00:00
7507,관람,롯데시네마 건대입구,2027-09-12 19:00:00,2027-09-12 23:00:00
7508,관람,건대 메가박스,2027-09-12 23:00:00,2027-09-13 00:00:00
7509,식사,광장시장 맛집,2027-09-13 08:00:00,2027-09-13 10:00:00
7510,스포츠,서울숲 스케이트장,2027-09-13 10:00:00,2027-09-13 11:00:00
7511,스포츠,서울숲 스케이트장,2027-09-13 11:00:00,2027-09-13 13:00:00
7512,운동,뚝섬 유원지 요가 센터,2027-09-13 13:00:00,2027-09-13 14:00:00
7513,공부,광진구 기타 장소,2027-09-13 14:00:00,2027-09-13 15:00:00
7514,스포츠,한강공원 축구장,2027-09-13 15:00:00,2027-09-13 17:00:00
7515,공부,광진구 기타 장소,2027-09-13 17:00:00,2027-09-13 18:00:00
7516,식사,뚝섬 수변 카페,2027-09-13 18:00:00,2027-09-13 20:00:00
7517,공부,광진구 기타 장소,2027-09-13 20:00:00,2027-09-13 21:00:00
7518,운동,건대 스포츠 클럽,2027-09-13 21:00:00,2027-09-13 22:00:00
7519,스포츠,뚝섬 런닝코스,2027-09-13 22:00:00,2027-09-13 23:00:00
7520,운동,한강 공원,2027-09-13 23:00:00,2027-09-14 00:00:00
7521,식사,건대입구 전통시장,2027-09-14 08:00:00,2027-09-14 10:00:00
7522,스포츠,어린이대공원 운동장,2027-09-14 10:00:00,2027-09-14 11:00:00
7523,실내활동,광진구 기타 장소,2027-09-14 11:00:00,2027-09-14 14:00:00
7524,실내활동,광진구 기타 장소,2027-09-14 14:00:00,2027-09-14 17:00:00
7525,스포츠,뚝섬 런닝코스,2027-09-14 17:00:00,2027-09-14 18:00:00
7526,식사,뚝섬 수변 카페,2027-09-14 18:00:00,2027-09-14 20:00:00
7527,관람,광진문화예술회관,2027-09-14 20:00:00,2027-09-14 23:00:00
7528,실내활동,광진구 기타 장소,2027-09-14 23:00:00,2027-09-15 00:00:00
7529,식사,한강 뚝섬 피크닉존 카페,2027-09-15 08:00:00,2027-09-15 10:00:00
7530,공부,광진구 기타 장소,2027-09-15 10:00:00,2027-09-15 13:00:00
7531,공원,광진구 기타 장소,2027-09-15 13:00:00,2027-09-15 17:00:00
7532,실내활동,광진구 기타 장소,2027-09-15 17:00:00,2027-09-15 19:00:00
7533,공원,광진구 기타 장소,2027-09-15 19:00:00,2027-09-15 22:00:00
7534,공원,광진구 기타 장소,2027-09-15 22:00:00,2027-09-15 23:00:00
7535,실내활동,광진구 기타 장소,2027-09-15 23:00:00,2027-09-16 00:00:00
7536,식사,뚝섬 수변 카페,2027-09-16 08:00:00,2027-09-16 10:00:00
7537,스포츠,건대 헬스장,2027-09-16 10:00:00,2027-09-16 13:00:00
7538,공원,광진구 기타 장소,2027-09-16 13:00:00,2027-09-16 17:00:00
7539,스포츠,건대 헬스장,2027-09-16 17:00:00,2027-09-16 19:00:00
7540,공원,광진구 기타 장소,2027-09-16 19:00:00,2027-09-16 22:00:00
7541,운동,한강 공원,2027-09-16 22:00:00,2027-09-16 23:00:00
7542,운동,건대 헬스장,2027-09-16 23:00:00,2027-09-17 00:00:00
7543,식사,건대 버거 레스토랑,2027-09-17 08:00:00,2027-09-17 10:00:00
7544,실내활동,광진구 기타 장소,2027-09-17 10:00:00,2027-09-17 13:00:00
7545,공부,광진구 기타 장소,2027-09-17 13:00:00,2027-09-17 17:00:00
7546,관람,어린이대공원 공연장,2027-09-17 17:00:00,2027-09-17 19:00:00
7547,실내활동,광진구 기타 장소,2027-09-17 19:00:00,2027-09-17 20:00:00
7548,실내활동,광진구 기타 장소,2027-09-17 20:00:00,2027-09-17 22:00:00
7549,관람,뚝섬 전망대,2027-09-17 22:00:00,2027-09-18 00:00:00
7550,식사,어린이대공원 근처 레스토랑,2027-09-18 08:00:00,2027-09-18 10:00:00
7551,운동,광진구 공원 체력단련장,2027-09-18 10:00:00,2027-09-18 12:00:00
7552,식사,뚝섬 수변 카페,2027-09-18 12:00:00,2027-09-18 14:00:00
7553,실내활동,광진구 기타 장소,2027-09-18 14:00:00,2027-09-18 17:00:00
7554,운동,어린이대공원 실내 체육관,2027-09-18 17:00:00,2027-09-18 21:00:00
7555,공원,광진구 기타 장소,2027-09-18 21:00:00,2027-09-18 22:00:00
7556,운동,뚝섬 유원지 요가 센터,2027-09-18 22:00:00,2027-09-19 00:00:00
7557,식사,스타시티 푸드코트,2027-09-19 08:00:00,2027-09-19 10:00:00
7558,운동,한강 공원,2027-09-19 10:00:00,2027-09-19 12:00:00
7559,식사,건대 버거 레스토랑,2027-09-19 12:00:00,2027-09-19 14:00:00
7560,관람,한강 뚝섬 예술극장,2027-09-19 14:00:00,2027-09-19 18:00:00
7561,식사,뚝섬 수변 카페,2027-09-19 18:00:00,2027-09-19 20:00:00
7562,관람,광진구 시립극장,2027-09-19 20:00:00,2027-09-19 21:00:00
7563,스포츠,광진구 요가 스튜디오,2027-09-19 21:00:00,2027-09-19 22:00:00
7564,스포츠,서울숲 스케이트장,2027-09-19 22:00:00,2027-09-19 23:00:00
7565,관람,어린이대공원 공연장,2027-09-19 23:00:00,2027-09-20 00:00:00
7566,식사,어린이대공원 근처 레스토랑,2027-09-20 08:00:00,2027-09-20 10:00:00
7567,운동,광진구 공원 체력단련장,2027-09-20 10:00:00,2027-09-20 13:00:00
7568,운동,광진구 공원 체력단련장,2027-09-20 13:00:00,2027-09-20 16:00:00
7569,운동,한강 공원,2027-09-20 16:00:00,2027-09-20 18:00:00
7570,식사,광장시장 맛집,2027-09-20 18:00:00,2027-09-20 20:00:00
7571,공부,광진구 기타 장소,2027-09-20 20:00:00,2027-09-20 22:00:00
7572,공부,광진구 기타 장소,2027-09-20 22:00:00,2027-09-21 00:00:00
7573,스포츠,세종대 실내 체육관,2027-09-20 22:00:00,2027-09-20 23:00:00
7574,식사,한강 뚝섬 피크닉존 카페,2027-09-21 08:00:00,2027-09-21 10:00:00
7575,실내활동,광진구 기타 장소,2027-09-21 10:00:00,2027-09-21 12:00:00
7576,식사,건대입구 전통시장,2027-09-21 12:00:00,2027-09-21 14:00:00
7577,관람,뚝섬 전망대,2027-09-21 14:00:00,2027-09-21 15:00:00
7578,스포츠,광진구 배드민턴장,2027-09-21 15:00:00,2027-09-21 16:00:00
7579,스포츠,한강공원 축구장,2027-09-21 16:00:00,2027-09-21 17:00:00
7580,관람,한강 뚝섬 예술극장,2027-09-21 17:00:00,2027-09-21 18:00:00
7581,식사,광진구 한식당,2027-09-21 18:00:00,2027-09-21 20:00:00
7582,관람,서울숲 갤러리,2027-09-21 20:00:00,2027-09-21 23:00:00
7583,관람,건대 커뮤니티 아트센터,2027-09-21 23:00:00,2027-09-22 00:00:00
7584,식사,건대입구 전통시장,2027-09-22 08:00:00,2027-09-22 10:00:00
7585,실내활동,광진구 기타 장소,2027-09-22 10:00:00,2027-09-22 13:00:00
7586,실내활동,광진구 기타 장소,2027-09-22 13:00:00,2027-09-22 16:00:00
7587,공부,광진구 기타 장소,2027-09-22 16:00:00,2027-09-22 20:00:00
7588,실내활동,광진구 기타 장소,2027-09-22 20:00:00,2027-09-23 00:00:00
7589,공원,광진구 기타 장소,2027-09-22 22:00:00,2027-09-22 23:00:00
7590,식사,광진구 한식당,2027-09-23 08:00:00,2027-09-23 10:00:00
7591,운동,한강 공원,2027-09-23 10:00:00,2027-09-23 12:00:00
7592,식사,건대입구 전통시장,2027-09-23 12:00:00,2027-09-23 14:00:00
7593,스포츠,서울숲 스케이트장,2027-09-23 14:00:00,2027-09-23 16:00:00
7594,운동,광진구 공원 체력단련장,2027-09-23 16:00:00,2027-09-23 17:00:00
7595,공원,광진구 기타 장소,2027-09-23 17:00:00,2027-09-23 18:00:00
7596,식사,건대입구 음식점,2027-09-23 18:00:00,2027-09-23 20:00:00
7597,운동,광진구 등산 코스,2027-09-23 20:00:00,2027-09-24 00:00:00
7598,식사,뚝섬 수변 카페,2027-09-24 08:00:00,2027-09-24 10:00:00
7599,실내활동,광진구 기타 장소,2027-09-24 10:00:00,2027-09-24 11:00:00
7600,공부,광진구 기타 장소,2027-09-24 11:00:00,2027-09-24 14:00:00
7601,관람,뚝섬 전망대,2027-09-24 14:00:00,2027-09-24 18:00:00
7602,식사,어린이대공원 근처 레스토랑,2027-09-24 18:00:00,2027-09-24 20:00:00
7603,관람,한강 뚝섬 예술극장,2027-09-24 20:00:00,2027-09-24 22:00:00
7604,관람,서울숲 갤러리,2027-09-24 22:00:00,2027-09-25 00:00:00
7605,식사,세종대 부근 맛집,2027-09-25 08:00:00,2027-09-25 10:00:00
7606,실내활동,광진구 기타 장소,2027-09-25 10:00:00,2027-09-25 14:00:00
7607,공원,광진구 기타 장소,2027-09-25 14:00:00,2027-09-25 15:00:00
7608,공원,광진구 기타 장소,2027-09-25 15:00:00,2027-09-25 19:00:00
7609,운동,건대 헬스장,2027-09-25 19:00:00,2027-09-25 23:00:00
7610,공원,광진구 기타 장소,2027-09-25 23:00:00,2027-09-26 00:00:00
7611,식사,뚝섬 수변 카페,2027-09-26 08:00:00,2027-09-26 10:00:00
7612,운동,건대 스포츠 클럽,2027-09-26 10:00:00,2027-09-26 14:00:00
7613,운동,광진구 등산 코스,2027-09-26 14:00:00,2027-09-26 16:00:00
7614,관람,어린이대공원 공연장,2027-09-26 16:00:00,2027-09-26 18:00:00
7615,식사,광진구 한식당,2027-09-26 18:00:00,2027-09-26 20:00:00
7616,스포츠,뚝섬 런닝코스,2027-09-26 20:00:00,2027-09-26 22:00:00
7617,스포츠,어린이대공원 운동장,2027-09-26 22:00:00,2027-09-26 23:00:00
7618,관람,어린이대공원 공연장,2027-09-26 23:00:00,2027-09-27 00:00:00
7619,식사,건대 버거 레스토랑,2027-09-27 08:00:00,2027-09-27 10:00:00
7620,공부,광진구 기타 장소,2027-09-27 10:00:00,2027-09-27 12:00:00
7621,식사,광장시장 맛집,2027-09-27 12:00:00,2027-09-27 14:00:00
7622,공부,광진구 기타 장소,2027-09-27 14:00:00,2027-09-27 18:00:00
7623,식사,한강 뚝섬 피크닉존 카페,2027-09-27 18:00:00,2027-09-27 20:00:00
7624,운동,한강 자전거 대여소,2027-09-27 20:00:00,2027-09-27 22:00:00
7625,스포츠,한강공원 축구장,2027-09-27 22:00:00,2027-09-28 00:00:00
7626,식사,한강 뚝섬 피크닉존 카페,2027-09-28 08:00:00,2027-09-28 10:00:00
7627,관람,뚝섬 전망대,2027-09-28 10:00:00,2027-09-28 11:00:00
7628,실내활동,광진구 기타 장소,2027-09-28 11:00:00,2027-09-28 12:00:00
7629,식사,세종대 부근 맛집,2027-09-28 12:00:00,2027-09-28 14:00:00
7630,스포츠,세종대 실내 체육관,2027-09-28 14:00:00,2027-09-28 15:00:00
7631,실내활동,광진구 기타 장소,2027-09-28 15:00:00,2027-09-28 17:00:00
7632,스포츠,한강공원 축구장,2027-09-28 17:00:00,2027-09-28 21:00:00
7633,스포츠,한강공원 축구장,2027-09-28 21:00:00,2027-09-29 00:00:00
7634,식사,한강 뚝섬 피크닉존 카페,2027-09-29 08:00:00,2027-09-29 10:00:00
7635,공원,광진구 기타 장소,2027-09-29 10:00:00,2027-09-29 12:00:00
7636,식사,스타시티 푸드코트,2027-09-29 12:00:00,2027-09-29 14:00:00
7637,실내활동,광진구 기타 장소,2027-09-29 14:00:00,2027-09-29 18:00:00
7638,식사,건대입구 음식점,2027-09-29 18:00:00,2027-09-29 20:00:00
7639,실내활동,광진구 기타 장소,2027-09-29 20:00:00,2027-09-30 00:00:00
7640,공부,광진구 기타 장소,2027-09-29 22:00:00,2027-09-29 23:00:00
7641,식사,건대입구 음식점,2027-09-30 08:00:00,2027-09-30 10:00:00
7642,운동,건대 스포츠 클럽,2027-09-30 10:00:00,2027-09-30 12:00:00
7643,식사,광진구 한식당,2027-09-30 12:00:00,2027-09-30 14:00:00
7644,공원,광진구 기타 장소,2027-09-30 14:00:00,2027-09-30 16:00:00
7645,스포츠,뚝섬 런닝코스,2027-09-30 16:00:00,2027-09-30 17:00:00
7646,스포츠,뚝섬 런닝코스,2027-09-30 17:00:00,2027-09-30 19:00:00
7647,스포츠,광진구 요가 스튜디오,2027-09-30 19:00:00,2027-09-30 21:00:00
7648,공원,광진구 기타 장소,2027-09-30 21:00:00,2027-10-01 00:00:00
7649,식사,뚝섬 수변 카페,2027-10-01 08:00:00,2027-10-01 10:00:00
7650,관람,광진문화예술회관,2027-10-01 10:00:00,2027-10-01 11:00:00
7651,공부,광진구 기타 장소,2027-10-01 11:00:00,2027-10-01 13:00:00
7652,관람,건대 메가박스,2027-10-01 13:00:00,2027-10-01 14:00:00
7653,실내활동,광진구 기타 장소,2027-10-01 14:00:00,2027-10-01 18:00:00
7654,식사,한강 뚝섬 피크닉존 카페,2027-10-01 18:00:00,2027-10-01 20:00:00
7655,공부,광진구 기타 장소,2027-10-01 20:00:00,2027-10-01 23:00:00
7656,공부,광진구 기타 장소,2027-10-01 23:00:00,2027-10-02 00:00:00
7657,식사,건대 버거 레스토랑,2027-10-02 08:00:00,2027-10-02 10:00:00
7658,공원,광진구 기타 장소,2027-10-02 10:00:00,2027-10-02 11:00:00
7659,실내활동,광진구 기타 장소,2027-10-02 11:00:00,2027-10-02 14:00:00
7660,실내활동,광진구 기타 장소,2027-10-02 14:00:00,2027-10-02 18:00:00
7661,식사,한강 뚝섬 피크닉존 카페,2027-10-02 18:00:00,2027-10-02 20:00:00
7662,운동,한강 공원,2027-10-02 20:00:00,2027-10-02 21:00:00
7663,실내활동,광진구 기타 장소,2027-10-02 21:00:00,2027-10-02 22:00:00
7664,공원,광진구 기타 장소,2027-10-02 22:00:00,2027-10-03 00:00:00
7665,식사,뚝섬 수변 카페,2027-10-03 08:00:00,2027-10-03 10:00:00
7666,관람,건국대학교 박물관,2027-10-03 10:00:00,2027-10-03 12:00:00
7667,식사,스타시티 푸드코트,2027-10-03 12:00:00,2027-10-03 14:00:00
7668,운동,한강 공원,2027-10-03 14:00:00,2027-10-03 18:00:00
7669,식사,건대 버거 레스토랑,2027-10-03 18:00:00,2027-10-03 20:00:00
7670,운동,한강 공원,2027-10-03 20:00:00,2027-10-03 22:00:00
7671,운동,한강 공원,2027-10-03 22:00:00,2027-10-04 00:00:00
7672,스포츠,건대 헬스장,2027-10-03 22:00:00,2027-10-03 23:00:00
7673,식사,뚝섬 수변 카페,2027-10-04 08:00:00,2027-10-04 10:00:00
7674,공부,광진구 기타 장소,2027-10-04 10:00:00,2027-10-04 12:00:00
7675,식사,건대입구 전통시장,2027-10-04 12:00:00,2027-10-04 14:00:00
7676,스포츠,어린이대공원 운동장,2027-10-04 14:00:00,2027-10-04 18:00:00
7677,식사,건대입구 음식점,2027-10-04 18:00:00,2027-10-04 20:00:00
7678,운동,광진구 공원 체력단련장,2027-10-04 20:00:00,2027-10-04 22:00:00
7679,스포츠,광진구 요가 스튜디오,2027-10-04 22:00:00,2027-10-05 00:00:00
7680,식사,스타시티 푸드코트,2027-10-05 08:00:00,2027-10-05 10:00:00
7681,관람,서울숲 갤러리,2027-10-05 10:00:00,2027-10-05 11:00:00
7682,스포츠,광진구 요가 스튜디오,2027-10-05 11:00:00,2027-10-05 13:00:00
7683,관람,건국대학교 박물관,2027-10-05 13:00:00,2027-10-05 17:00:00
7684,실내활동,광진구 기타 장소,2027-10-05 17:00:00,2027-10-05 19:00:00
7685,스포츠,뚝섬 런닝코스,2027-10-05 19:00:00,2027-10-05 23:00:00
7686,실내활동,광진구 기타 장소,2027-10-05 23:00:00,2027-10-06 00:00:00
7687,식사,세종대 부근 맛집,2027-10-06 08:00:00,2027-10-06 10:00:00
7688,공부,광진구 기타 장소,2027-10-06 10:00:00,2027-10-06 12:00:00
7689,식사,스타시티 푸드코트,2027-10-06 12:00:00,2027-10-06 14:00:00
7690,공부,광진구 기타 장소,2027-10-06 14:00:00,2027-10-06 16:00:00
7691,공부,광진구 기타 장소,2027-10-06 16:00:00,2027-10-06 20:00:00
7692,공부,광진구 기타 장소,2027-10-06 20:00:00,2027-10-06 22:00:00
7693,공원,광진구 기타 장소,2027-10-06 22:00:00,2027-10-07 00:00:00
7694,실내활동,광진구 기타 장소,2027-10-06 22:00:00,2027-10-06 23:00:00
7695,식사,한강 뚝섬 피크닉존 카페,2027-10-07 08:00:00,2027-10-07 10:00:00
7696,공원,광진구 기타 장소,2027-10-07 10:00:00,2027-10-07 11:00:00
7697,운동,서울숲 조깅 트랙,2027-10-07 11:00:00,2027-10-07 13:00:00
7698,스포츠,뚝섬 런닝코스,2027-10-07 13:00:00,2027-10-07 17:00:00
7699,공원,광진구 기타 장소,2027-10-07 17:00:00,2027-10-07 20:00:00
7700,공원,광진구 기타 장소,2027-10-07 20:00:00,2027-10-07 22:00:00
7701,스포츠,서울숲 스케이트장,2027-10-07 22:00:00,2027-10-08 00:00:00
7702,식사,건대 버거 레스토랑,2027-10-08 08:00:00,2027-10-08 10:00:00
7703,공부,광진구 기타 장소,2027-10-08 10:00:00,2027-10-08 12:00:00
7704,식사,스타시티 푸드코트,2027-10-08 12:00:00,2027-10-08 14:00:00
7705,관람,건대 커뮤니티 아트센터,2027-10-08 14:00:00,2027-10-08 16:00:00
7706,관람,건대 커뮤니티 아트센터,2027-10-08 16:00:00,2027-10-08 18:00:00
7707,식사,건대입구 음식점,2027-10-08 18:00:00,2027-10-08 20:00:00
7708,관람,한강 뚝섬 예술극장,2027-10-08 20:00:00,2027-10-08 21:00:00
7709,공부,광진구 기타 장소,2027-10-08 21:00:00,2027-10-09 00:00:00
7710,실내활동,광진구 기타 장소,2027-10-08 22:00:00,2027-10-08 23:00:00
7711,식사,건대 버거 레스토랑,2027-10-09 08:00:00,2027-10-09 10:00:00
7712,실내활동,광진구 기타 장소,2027-10-09 10:00:00,2027-10-09 12:00:00
7713,식사,뚝섬 수변 카페,2027-10-09 12:00:00,2027-10-09 14:00:00
7714,실내활동,광진구 기타 장소,2027-10-09 14:00:00,2027-10-09 16:00:00
7715,실내활동,광진구 기타 장소,2027-10-09 16:00:00,2027-10-09 17:00:00
7716,공원,광진구 기타 장소,2027-10-09 17:00:00,2027-10-09 19:00:00
7717,실내활동,광진구 기타 장소,2027-10-09 19:00:00,2027-10-09 22:00:00
7718,실내활동,광진구 기타 장소,2027-10-09 22:00:00,2027-10-09 23:00:00
7719,공원,광진구 기타 장소,2027-10-09 23:00:00,2027-10-10 00:00:00
7720,운동,건대 스포츠 클럽,2027-10-09 22:00:00,2027-10-09 23:00:00
7721,식사,뚝섬 수변 카페,2027-10-10 08:00:00,2027-10-10 10:00:00
7722,운동,뚝섬 유원지 요가 센터,2027-10-10 10:00:00,2027-10-10 14:00:00
7723,운동,건대 헬스장,2027-10-10 14:00:00,2027-10-10 17:00:00
7724,관람,건대 커뮤니티 아트센터,2027-10-10 17:00:00,2027-10-10 20:00:00
7725,관람,어린이대공원 공연장,2027-10-10 20:00:00,2027-10-10 23:00:00
7726,스포츠,건대 헬스장,2027-10-10 23:00:00,2027-10-11 00:00:00
7727,식사,광진구 한식당,2027-10-11 08:00:00,2027-10-11 10:00:00
7728,스포츠,건대 헬스장,2027-10-11 10:00:00,2027-10-11 11:00:00
7729,스포츠,광진구 요가 스튜디오,2027-10-11 11:00:00,2027-10-11 14:00:00
7730,공부,광진구 기타 장소,2027-10-11 14:00:00,2027-10-11 17:00:00
7731,운동,건대 스포츠 클럽,2027-10-11 17:00:00,2027-10-11 20:00:00
7732,스포츠,건대 헬스장,2027-10-11 20:00:00,2027-10-11 23:00:00
7733,스포츠,세종대 실내 체육관,2027-10-11 23:00:00,2027-10-12 00:00:00
7734,식사,스타시티 푸드코트,2027-10-12 08:00:00,2027-10-12 10:00:00
7735,관람,뚝섬 전망대,2027-10-12 10:00:00,2027-10-12 13:00:00
7736,스포츠,서울숲 스케이트장,2027-10-12 13:00:00,2027-10-12 16:00:00
7737,관람,건대 커뮤니티 아트센터,2027-10-12 16:00:00,2027-10-12 20:00:00
7738,스포츠,건대 헬스장,2027-10-12 20:00:00,2027-10-12 21:00:00
7739,실내활동,광진구 기타 장소,2027-10-12 21:00:00,2027-10-12 23:00:00
7740,스포츠,광진구 배드민턴장,2027-10-12 23:00:00,2027-10-13 00:00:00
7741,식사,광진구 한식당,2027-10-13 08:00:00,2027-10-13 10:00:00
7742,실내활동,광진구 기타 장소,2027-10-13 10:00:00,2027-10-13 13:00:00
7743,공부,광진구 기타 장소,2027-10-13 13:00:00,2027-10-13 16:00:00
7744,실내활동,광진구 기타 장소,2027-10-13 16:00:00,2027-10-13 20:00:00
7745,실내활동,광진구 기타 장소,2027-10-13 20:00:00,2027-10-13 23:00:00
7746,실내활동,광진구 기타 장소,2027-10-13 23:00:00,2027-10-14 00:00:00
7747,공원,광진구 기타 장소,2027-10-13 22:00:00,2027-10-13 23:00:00
7748,식사,세종대 부근 맛집,2027-10-14 08:00:00,2027-10-14 10:00:00
7749,운동,어린이대공원 실내 체육관,2027-10-14 10:00:00,2027-10-14 12:00:00
7750,식사,어린이대공원 근처 레스토랑,2027-10-14 12:00:00,2027-10-14 14:00:00
7751,운동,광진구 등산 코스,2027-10-14 14:00:00,2027-10-14 15:00:00
7752,스포츠,건대 헬스장,2027-10-14 15:00:00,2027-10-14 17:00:00
7753,운동,광진구 공원 체력단련장,2027-10-14 17:00:00,2027-10-14 18:00:00
7754,식사,세종대 부근 맛집,2027-10-14 18:00:00,2027-10-14 20:00:00
7755,공원,광진구 기타 장소,2027-10-14 20:00:00,2027-10-14 22:00:00
7756,공원,광진구 기타 장소,2027-10-14 22:00:00,2027-10-15 00:00:00
7757,식사,건대입구 음식점,2027-10-15 08:00:00,2027-10-15 10:00:00
7758,실내활동,광진구 기타 장소,2027-10-15 10:00:00,2027-10-15 14:00:00
7759,실내활동,광진구 기타 장소,2027-10-15 14:00:00,2027-10-15 16:00:00
7760,실내활동,광진구 기타 장소,2027-10-15 16:00:00,2027-10-15 18:00:00
7761,식사,뚝섬 수변 카페,2027-10-15 18:00:00,2027-10-15 20:00:00
7762,실내활동,광진구 기타 장소,2027-10-15 20:00:00,2027-10-15 22:00:00
7763,실내활동,광진구 기타 장소,2027-10-15 22:00:00,2027-10-16 00:00:00
7764,공부,광진구 기타 장소,2027-10-15 22:00:00,2027-10-15 23:00:00
7765,관람,뚝섬 전망대,2027-10-15 22:00:00,2027-10-15 23:00:00
7766,식사,광진구 한식당,2027-10-16 08:00:00,2027-10-16 10:00:00
7767,실내활동,광진구 기타 장소,2027-10-16 10:00:00,2027-10-16 14:00:00
7768,실내활동,광진구 기타 장소,2027-10-16 14:00:00,2027-10-16 18:00:00
7769,식사,스타시티 푸드코트,2027-10-16 18:00:00,2027-10-16 20:00:00
7770,공원,광진구 기타 장소,2027-10-16 20:00:00,2027-10-16 21:00:00
7771,운동,한강 공원,2027-10-16 21:00:00,2027-10-16 22:00:00
7772,운동,뚝섬 유원지 요가 센터,2027-10-16 22:00:00,2027-10-16 23:00:00
7773,실내활동,광진구 기타 장소,2027-10-16 23:00:00,2027-10-17 00:00:00
7774,식사,한강 뚝섬 피크닉존 카페,2027-10-17 08:00:00,2027-10-17 10:00:00
7775,운동,한강 공원,2027-10-17 10:00:00,2027-10-17 14:00:00
7776,관람,어린이대공원 공연장,2027-10-17 14:00:00,2027-10-17 16:00:00
7777,관람,뚝섬 전망대,2027-10-17 16:00:00,2027-10-17 20:00:00
7778,운동,광진구 공원 체력단련장,2027-10-17 20:00:00,2027-10-17 23:00:00
7779,운동,광진구 등산 코스,2027-10-17 23:00:00,2027-10-18 00:00:00
7780,스포츠,한강공원 축구장,2027-10-17 22:00:00,2027-10-17 23:00:00
7781,식사,건대입구 음식점,2027-10-18 08:00:00,2027-10-18 10:00:00
7782,스포츠,광진구 배드민턴장,2027-10-18 10:00:00,2027-10-18 14:00:00
7783,스포츠,광진구 배드민턴장,2027-10-18 14:00:00,2027-10-18 16:00:00
7784,공부,광진구 기타 장소,2027-10-18 16:00:00,2027-10-18 20:00:00
7785,공부,광진구 기타 장소,2027-10-18 20:00:00,2027-10-18 22:00:00
7786,운동,서울숲 조깅 트랙,2027-10-18 22:00:00,2027-10-18 23:00:00
7787,공부,광진구 기타 장소,2027-10-18 23:00:00,2027-10-19 00:00:00
7788,식사,어린이대공원 근처 레스토랑,2027-10-19 08:00:00,2027-10-19 10:00:00
7789,스포츠,뚝섬 런닝코스,2027-10-19 10:00:00,2027-10-19 13:00:00
7790,실내활동,광진구 기타 장소,2027-10-19 13:00:00,2027-10-19 17:00:00
7791,스포츠,어린이대공원 운동장,2027-10-19 17:00:00,2027-10-19 19:00:00
7792,스포츠,광진구 요가 스튜디오,2027-10-19 19:00:00,2027-10-19 20:00:00
7793,스포츠,어린이대공원 운동장,2027-10-19 20:00:00,2027-10-20 00:00:00
7794,관람,광진문화예술회관,2027-10-19 22:00:00,2027-10-19 23:00:00
7795,식사,뚝섬 수변 카페,2027-10-20 08:00:00,2027-10-20 10:00:00
7796,실내활동,광진구 기타 장소,2027-10-20 10:00:00,2027-10-20 12:00:00
7797,식사,뚝섬 수변 카페,2027-10-20 12:00:00,2027-10-20 14:00:00
7798,공원,광진구 기타 장소,2027-10-20 14:00:00,2027-10-20 17:00:00
7799,공원,광진구 기타 장소,2027-10-20 17:00:00,2027-10-20 20:00:00
7800,공부,광진구 기타 장소,2027-10-20 20:00:00,2027-10-20 21:00:00
7801,공부,광진구 기타 장소,2027-10-20 21:00:00,2027-10-20 23:00:00
7802,공원,광진구 기타 장소,2027-10-20 23:00:00,2027-10-21 00:00:00
7803,식사,건대입구 전통시장,2027-10-21 08:00:00,2027-10-21 10:00:00
7804,스포츠,광진구 요가 스튜디오,2027-10-21 10:00:00,2027-10-21 11:00:00
7805,운동,한강 자전거 대여소,2027-10-21 11:00:00,2027-10-21 13:00:00
7806,스포츠,건대 헬스장,2027-10-21 13:00:00,2027-10-21 15:00:00
7807,스포츠,서울숲 스케이트장,2027-10-21 15:00:00,2027-10-21 16:00:00
7808,공원,광진구 기타 장소,2027-10-21 16:00:00,2027-10-21 19:00:00
7809,운동,건대 스포츠 클럽,2027-10-21 19:00:00,2027-10-21 20:00:00
7810,스포츠,세종대 실내 체육관,2027-10-21 20:00:00,2027-10-22 00:00:00
7811,식사,건대 버거 레스토랑,2027-10-22 08:00:00,2027-10-22 10:00:00
7812,실내활동,광진구 기타 장소,2027-10-22 10:00:00,2027-10-22 12:00:00
7813,식사,건대 버거 레스토랑,2027-10-22 12:00:00,2027-10-22 14:00:00
7814,관람,건국대학교 박물관,2027-10-22 14:00:00,2027-10-22 17:00:00
7815,공부,광진구 기타 장소,2027-10-22 17:00:00,2027-10-22 21:00:00
7816,공부,광진구 기타 장소,2027-10-22 21:00:00,2027-10-23 00:00:00
7817,식사,한강 뚝섬 피크닉존 카페,2027-10-23 08:00:00,2027-10-23 10:00:00
7818,공원,광진구 기타 장소,2027-10-23 10:00:00,2027-10-23 13:00:00
7819,운동,건대 스포츠 클럽,2027-10-23 13:00:00,2027-10-23 14:00:00
7820,운동,건대 헬스장,2027-10-23 14:00:00,2027-10-23 16:00:00
7821,공원,광진구 기타 장소,2027-10-23 16:00:00,2027-10-23 19:00:00
7822,운동,뚝섬 유원지 요가 센터,2027-10-23 19:00:00,2027-10-23 20:00:00
7823,실내활동,광진구 기타 장소,2027-10-23 20:00:00,2027-10-23 22:00:00
7824,운동,뚝섬 한강 수영장,2027-10-23 22:00:00,2027-10-24 00:00:00
7825,식사,한강 뚝섬 피크닉존 카페,2027-10-24 08:00:00,2027-10-24 10:00:00
7826,스포츠,광진구 배드민턴장,2027-10-24 10:00:00,2027-10-24 12:00:00
7827,식사,뚝섬 수변 카페,2027-10-24 12:00:00,2027-10-24 14:00:00
7828,스포츠,세종대 실내 체육관,2027-10-24 14:00:00,2027-10-24 18:00:00
7829,식사,세종대 부근 맛집,2027-10-24 18:00:00,2027-10-24 20:00:00
7830,관람,롯데시네마 건대입구,2027-10-24 20:00:00,2027-10-24 21:00:00
7831,관람,광진문화예술회관,2027-10-24 21:00:00,2027-10-25 00:00:00
7832,운동,건대 스포츠 클럽,2027-10-24 22:00:00,2027-10-24 23:00:00
7833,식사,건대입구 전통시장,2027-10-25 08:00:00,2027-10-25 10:00:00
7834,공부,광진구 기타 장소,2027-10-25 10:00:00,2027-10-25 14:00:00
7835,운동,한강 공원,2027-10-25 14:00:00,2027-10-25 15:00:00
7836,운동,광진구 등산 코스,2027-10-25 15:00:00,2027-10-25 16:00:00
7837,운동,뚝섬 유원지 요가 센터,2027-10-25 16:00:00,2027-10-25 20:00:00
7838,스포츠,서울숲 스케이트장,2027-10-25 20:00:00,2027-10-25 23:00:00
7839,스포츠,광진구 요가 스튜디오,2027-10-25 23:00:00,2027-10-26 00:00:00
7840,식사,건대입구 음식점,2027-10-26 08:00:00,2027-10-26 10:00:00
7841,스포츠,광진구 요가 스튜디오,2027-10-26 10:00:00,2027-10-26 12:00:00
7842,식사,광장시장 맛집,2027-10-26 12:00:00,2027-10-26 14:00:00
7843,스포츠,광진구 체육관,2027-10-26 14:00:00,2027-10-26 16:00:00
7844,관람,건대 커뮤니티 아트센터,2027-10-26 16:00:00,2027-10-26 20:00:00
7845,관람,뚝섬 전망대,2027-10-26 20:00:00,2027-10-26 22:00:00
7846,관람,롯데시네마 건대입구,2027-10-26 22:00:00,2027-10-26 23:00:00
7847,관람,서울숲 갤러리,2027-10-26 23:00:00,2027-10-27 00:00:00
7848,실내활동,광진구 기타 장소,2027-10-26 22:00:00,2027-10-26 23:00:00
7849,식사,건대 버거 레스토랑,2027-10-27 08:00:00,2027-10-27 10:00:00
7850,실내활동,광진구 기타 장소,2027-10-27 10:00:00,2027-10-27 13:00:00
7851,공부,광진구 기타 장소,2027-10-27 13:00:00,2027-10-27 16:00:00
7852,공부,광진구 기타 장소,2027-10-27 16:00:00,2027-10-27 17:00:00
7853,공원,광진구 기타 장소,2027-10-27 17:00:00,2027-10-27 21:00:00
7854,공원,광진구 기타 장소,2027-10-27 21:00:00,2027-10-27 23:00:00
7855,실내활동,광진구 기타 장소,2027-10-27 23:00:00,2027-10-28 00:00:00
7856,식사,세종대 부근 맛집,2027-10-28 08:00:00,2027-10-28 10:00:00
7857,스포츠,광진구 배드민턴장,2027-10-28 10:00:00,2027-10-28 12:00:00
7858,식사,스타시티 푸드코트,2027-10-28 12:00:00,2027-10-28 14:00:00
7859,스포츠,서울숲 스케이트장,2027-10-28 14:00:00,2027-10-28 15:00:00
7860,공원,광진구 기타 장소,2027-10-28 15:00:00,2027-10-28 17:00:00
7861,운동,한강 공원,2027-10-28 17:00:00,2027-10-28 18:00:00
7862,식사,광장시장 맛집,2027-10-28 18:00:00,2027-10-28 20:00:00
7863,스포츠,어린이대공원 운동장,2027-10-28 20:00:00,2027-10-28 21:00:00
7864,운동,어린이대공원 실내 체육관,2027-10-28 21:00:00,2027-10-29 00:00:00
7865,식사,건대입구 음식점,2027-10-29 08:00:00,2027-10-29 10:00:00
7866,실내활동,광진구 기타 장소,2027-10-29 10:00:00,2027-10-29 12:00:00
7867,식사,세종대 부근 맛집,2027-10-29 12:00:00,2027-10-29 14:00:00
7868,관람,뚝섬 전망대,2027-10-29 14:00:00,2027-10-29 18:00:00
7869,식사,건대입구 전통시장,2027-10-29 18:00:00,2027-10-29 20:00:00
7870,공부,광진구 기타 장소,2027-10-29 20:00:00,2027-10-30 00:00:00
7871,식사,한강 뚝섬 피크닉존 카페,2027-10-30 08:00:00,2027-10-30 10:00:00
7872,실내활동,광진구 기타 장소,2027-10-30 10:00:00,2027-10-30 11:00:00
7873,실내활동,광진구 기타 장소,2027-10-30 11:00:00,2027-10-30 14:00:00
7874,운동,한강 공원,2027-10-30 14:00:00,2027-10-30 16:00:00
7875,운동,한강 공원,2027-10-30 16:00:00,2027-10-30 20:00:00
7876,공원,광진구 기타 장소,2027-10-30 20:00:00,2027-10-30 23:00:00
7877,공원,광진구 기타 장소,2027-10-30 23:00:00,2027-10-31 00:00:00
7878,식사,한강 뚝섬 피크닉존 카페,2027-10-31 08:00:00,2027-10-31 10:00:00
7879,관람,광진문화예술회관,2027-10-31 10:00:00,2027-10-31 11:00:00
7880,운동,어린이대공원 실내 체육관,2027-10-31 11:00:00,2027-10-31 12:00:00
7881,식사,스타시티 푸드코트,2027-10-31 12:00:00,2027-10-31 14:00:00
7882,관람,어린이대공원 공연장,2027-10-31 14:00:00,2027-10-31 17:00:00
7883,운동,어린이대공원 실내 체육관,2027-10-31 17:00:00,2027-10-31 21:00:00
7884,운동,뚝섬 한강 수영장,2027-10-31 21:00:00,2027-11-01 00:00:00
7885,스포츠,광진구 요가 스튜디오,2027-10-31 22:00:00,2027-10-31 23:00:00
7886,식사,뚝섬 수변 카페,2027-11-01 08:00:00,2027-11-01 10:00:00
7887,스포츠,한강공원 축구장,2027-11-01 10:00:00,2027-11-01 14:00:00
7888,운동,뚝섬 한강 수영장,2027-11-01 14:00:00,2027-11-01 15:00:00
7889,스포츠,뚝섬 런닝코스,2027-11-01 15:00:00,2027-11-01 18:00:00
7890,식사,건대입구 전통시장,2027-11-01 18:00:00,2027-11-01 20:00:00
7891,운동,한강 공원,2027-11-01 20:00:00,2027-11-02 00:00:00
7892,공부,광진구 기타 장소,2027-11-01 22:00:00,2027-11-01 23:00:00
7893,식사,광장시장 맛집,2027-11-02 08:00:00,2027-11-02 10:00:00
7894,실내활동,광진구 기타 장소,2027-11-02 10:00:00,2027-11-02 12:00:00
7895,식사,세종대 부근 맛집,2027-11-02 12:00:00,2027-11-02 14:00:00
7896,스포츠,서울숲 테니스장,2027-11-02 14:00:00,2027-11-02 15:00:00
7897,관람,건국대학교 박물관,2027-11-02 15:00:00,2027-11-02 16:00:00
7898,스포츠,어린이대공원 운동장,2027-11-02 16:00:00,2027-11-02 20:00:00
7899,스포츠,어린이대공원 운동장,2027-11-02 20:00:00,2027-11-02 23:00:00
7900,실내활동,광진구 기타 장소,2027-11-02 23:00:00,2027-11-03 00:00:00
7901,식사,한강 뚝섬 피크닉존 카페,2027-11-03 08:00:00,2027-11-03 10:00:00
7902,실내활동,광진구 기타 장소,2027-11-03 10:00:00,2027-11-03 12:00:00
7903,식사,한강 뚝섬 피크닉존 카페,2027-11-03 12:00:00,2027-11-03 14:00:00
7904,실내활동,광진구 기타 장소,2027-11-03 14:00:00,2027-11-03 18:00:00
7905,식사,어린이대공원 근처 레스토랑,2027-11-03 18:00:00,2027-11-03 20:00:00
7906,공원,광진구 기타 장소,2027-11-03 20:00:00,2027-11-03 21:00:00
7907,실내활동,광진구 기타 장소,2027-11-03 21:00:00,2027-11-03 23:00:00
7908,실내활동,광진구 기타 장소,2027-11-03 23:00:00,2027-11-04 00:00:00
7909,공부,광진구 기타 장소,2027-11-03 22:00:00,2027-11-03 23:00:00
7910,식사,한강 뚝섬 피크닉존 카페,2027-11-04 08:00:00,2027-11-04 10:00:00
7911,공원,광진구 기타 장소,2027-11-04 10:00:00,2027-11-04 14:00:00
7912,공원,광진구 기타 장소,2027-11-04 14:00:00,2027-11-04 18:00:00
7913,식사,스타시티 푸드코트,2027-11-04 18:00:00,2027-11-04 20:00:00
7914,공원,광진구 기타 장소,2027-11-04 20:00:00,2027-11-04 21:00:00
7915,스포츠,세종대 실내 체육관,2027-11-04 21:00:00,2027-11-04 23:00:00
7916,스포츠,한강공원 축구장,2027-11-04 23:00:00,2027-11-05 00:00:00
7917,운동,광진구 공원 체력단련장,2027-11-04 22:00:00,2027-11-04 23:00:00
7918,식사,어린이대공원 근처 레스토랑,2027-11-05 08:00:00,2027-11-05 10:00:00
7919,공부,광진구 기타 장소,2027-11-05 10:00:00,2027-11-05 14:00:00
7920,공부,광진구 기타 장소,2027-11-05 14:00:00,2027-11-05 15:00:00
7921,공부,광진구 기타 장소,2027-11-05 15:00:00,2027-11-05 19:00:00
7922,실내활동,광진구 기타 장소,2027-11-05 19:00:00,2027-11-05 23:00:00
7923,관람,광진구 시립극장,2027-11-05 23:00:00,2027-11-06 00:00:00
7924,식사,광장시장 맛집,2027-11-06 08:00:00,2027-11-06 10:00:00
7925,운동,건대 스포츠 클럽,2027-11-06 10:00:00,2027-11-06 14:00:00
7926,공원,광진구 기타 장소,2027-11-06 14:00:00,2027-11-06 16:00:00
7927,운동,서울숲 조깅 트랙,2027-11-06 16:00:00,2027-11-06 17:00:00
7928,운동,뚝섬 유원지 요가 센터,2027-11-06 17:00:00,2027-11-06 21:00:00
7929,실내활동,광진구 기타 장소,2027-11-06 21:00:00,2027-11-06 22:00:00
7930,운동,건대 헬스장,2027-11-06 22:00:00,2027-11-07 00:00:00
7931,식사,어린이대공원 근처 레스토랑,2027-11-07 08:00:00,2027-11-07 10:00:00
7932,스포츠,건대 헬스장,2027-11-07 10:00:00,2027-11-07 13:00:00
7933,관람,광진구 시립극장,2027-11-07 13:00:00,2027-11-07 15:00:00
7934,운동,광진구 공원 체력단련장,2027-11-07 15:00:00,2027-11-07 16:00:00
7935,운동,한강 자전거 대여소,2027-11-07 16:00:00,2027-11-07 17:00:00
7936,스포츠,뚝섬 런닝코스,2027-11-07 17:00:00,2027-11-07 18:00:00
7937,식사,스타시티 푸드코트,2027-11-07 18:00:00,2027-11-07 20:00:00
7938,관람,뚝섬 전망대,2027-11-07 20:00:00,2027-11-07 22:00:00
7939,운동,건대 헬스장,2027-11-07 22:00:00,2027-11-07 23:00:00
7940,운동,한강 공원,2027-11-07 23:00:00,2027-11-08 00:00:00
7941,식사,광장시장 맛집,2027-11-08 08:00:00,2027-11-08 10:00:00
7942,공부,광진구 기타 장소,2027-11-08 10:00:00,2027-11-08 13:00:00
7943,운동,건대 헬스장,2027-11-08 13:00:00,2027-11-08 15:00:00
7944,스포츠,세종대 실내 체육관,2027-11-08 15:00:00,2027-11-08 19:00:00
7945,공부,광진구 기타 장소,2027-11-08 19:00:00,2027-11-08 23:00:00
7946,운동,광진구 공원 체력단련장,2027-11-08 23:00:00,2027-11-09 00:00:00
7947,식사,광장시장 맛집,2027-11-09 08:00:00,2027-11-09 10:00:00
7948,스포츠,뚝섬 런닝코스,2027-11-09 10:00:00,2027-11-09 12:00:00
7949,식사,건대입구 전통시장,2027-11-09 12:00:00,2027-11-09 14:00:00
7950,실내활동,광진구 기타 장소,2027-11-09 14:00:00,2027-11-09 17:00:00
7951,실내활동,광진구 기타 장소,2027-11-09 17:00:00,2027-11-09 20:00:00
7952,실내활동,광진구 기타 장소,2027-11-09 20:00:00,2027-11-10 00:00:00
7953,관람,광진구 시립극장,2027-11-09 22:00:00,2027-11-09 23:00:00
7954,식사,뚝섬 수변 카페,2027-11-10 08:00:00,2027-11-10 10:00:00
7955,공부,광진구 기타 장소,2027-11-10 10:00:00,2027-11-10 14:00:00
7956,공부,광진구 기타 장소,2027-11-10 14:00:00,2027-11-10 16:00:00
7957,공부,광진구 기타 장소,2027-11-10 16:00:00,2027-11-10 20:00:00
7958,실내활동,광진구 기타 장소,2027-11-10 20:00:00,2027-11-10 22:00:00
7959,공원,광진구 기타 장소,2027-11-10 22:00:00,2027-11-11 00:00:00
7960,식사,세종대 부근 맛집,2027-11-11 08:00:00,2027-11-11 10:00:00
7961,스포츠,한강공원 축구장,2027-11-11 10:00:00,2027-11-11 14:00:00
7962,스포츠,한강공원 축구장,2027-11-11 14:00:00,2027-11-11 18:00:00
7963,식사,광진구 한식당,2027-11-11 18:00:00,2027-11-11 20:00:00
7964,운동,뚝섬 유원지 요가 센터,2027-11-11 20:00:00,2027-11-11 21:00:00
7965,공원,광진구 기타 장소,2027-11-11 21:00:00,2027-11-11 22:00:00
7966,스포츠,어린이대공원 운동장,2027-11-11 22:00:00,2027-11-11 23:00:00
7967,공원,광진구 기타 장소,2027-11-11 23:00:00,2027-11-12 00:00:00
7968,식사,어린이대공원 근처 레스토랑,2027-11-12 08:00:00,2027-11-12 10:00:00
7969,관람,광진구 시립극장,2027-11-12 10:00:00,2027-11-12 14:00:00
7970,공부,광진구 기타 장소,2027-11-12 14:00:00,2027-11-12 18:00:00
7971,식사,건대 버거 레스토랑,2027-11-12 18:00:00,2027-11-12 20:00:00
7972,공부,광진구 기타 장소,2027-11-12 20:00:00,2027-11-12 22:00:00
7973,공부,광진구 기타 장소,2027-11-12 22:00:00,2027-11-13 00:00:00
7974,실내활동,광진구 기타 장소,2027-11-12 22:00:00,2027-11-12 23:00:00
7975,식사,어린이대공원 근처 레스토랑,2027-11-13 08:00:00,2027-11-13 10:00:00
7976,실내활동,광진구 기타 장소,2027-11-13 10:00:00,2027-11-13 12:00:00
7977,식사,건대 버거 레스토랑,2027-11-13 12:00:00,2027-11-13 14:00:00
7978,운동,건대 헬스장,2027-11-13 14:00:00,2027-11-13 16:00:00
7979,공원,광진구 기타 장소,2027-11-13 16:00:00,2027-11-13 17:00:00
7980,운동,광진구 공원 체력단련장,2027-11-13 17:00:00,2027-11-13 18:00:00
7981,식사,건대 버거 레스토랑,2027-11-13 18:00:00,2027-11-13 20:00:00
7982,공원,광진구 기타 장소,2027-11-13 20:00:00,2027-11-13 21:00:00
7983,운동,뚝섬 한강 수영장,2027-11-13 21:00:00,2027-11-13 22:00:00
7984,운동,한강 공원,2027-11-13 22:00:00,2027-11-14 00:00:00
7985,식사,건대 버거 레스토랑,2027-11-14 08:00:00,2027-11-14 10:00:00
7986,관람,건국대학교 박물관,2027-11-14 10:00:00,2027-11-14 11:00:00
7987,관람,뚝섬 전망대,2027-11-14 11:00:00,2027-11-14 14:00:00
7988,운동,한강 공원,2027-11-14 14:00:00,2027-11-14 15:00:00
7989,스포츠,한강공원 축구장,2027-11-14 15:00:00,2027-11-14 18:00:00
7990,식사,건대 버거 레스토랑,2027-11-14 18:00:00,2027-11-14 20:00:00
7991,관람,건대 메가박스,2027-11-14 20:00:00,2027-11-14 22:00:00
7992,스포츠,세종대 실내 체육관,2027-11-14 22:00:00,2027-11-15 00:00:00
7993,식사,건대입구 전통시장,2027-11-15 08:00:00,2027-11-15 10:00:00
7994,스포츠,세종대 실내 체육관,2027-11-15 10:00:00,2027-11-15 11:00:00
7995,운동,건대 헬스장,2027-11-15 11:00:00,2027-11-15 15:00:00
7996,운동,건대 헬스장,2027-11-15 15:00:00,2027-11-15 19:00:00
7997,스포츠,한강공원 축구장,2027-11-15 19:00:00,2027-11-15 20:00:00
7998,공부,광진구 기타 장소,2027-11-15 20:00:00,2027-11-15 23:00:00
7999,공부,광진구 기타 장소,2027-11-15 23:00:00,2027-11-16 00:00:00
8000,식사,광진구 한식당,2027-11-16 08:00:00,2027-11-16 10:00:00
8001,스포츠,건대 헬스장,2027-11-16 10:00:00,2027-11-16 11:00:00
8002,관람,한강 뚝섬 예술극장,2027-11-16 11:00:00,2027-11-16 13:00:00
8003,스포츠,한강공원 축구장,2027-11-16 13:00:00,2027-11-16 14:00:00
8004,스포츠,세종대 실내 체육관,2027-11-16 14:00:00,2027-11-16 15:00:00
8005,관람,광진구 시립극장,2027-11-16 15:00:00,2027-11-16 17:00:00
8006,실내활동,광진구 기타 장소,2027-11-16 17:00:00,2027-11-16 19:00:00
8007,관람,서울숲 갤러리,2027-11-16 19:00:00,2027-11-16 21:00:00
8008,실내활동,광진구 기타 장소,2027-11-16 21:00:00,2027-11-17 00:00:00
8009,식사,광진구 한식당,2027-11-17 08:00:00,2027-11-17 10:00:00
8010,실내활동,광진구 기타 장소,2027-11-17 10:00:00,2027-11-17 14:00:00
8011,공원,광진구 기타 장소,2027-11-17 14:00:00,2027-11-17 15:00:00
8012,공원,광진구 기타 장소,2027-11-17 15:00:00,2027-11-17 16:00:00
8013,공원,광진구 기타 장소,2027-11-17 16:00:00,2027-11-17 18:00:00
8014,식사,세종대 부근 맛집,2027-11-17 18:00:00,2027-11-17 20:00:00
8015,공부,광진구 기타 장소,2027-11-17 20:00:00,2027-11-18 00:00:00
8016,식사,건대입구 음식점,2027-11-18 08:00:00,2027-11-18 10:00:00
8017,공원,광진구 기타 장소,2027-11-18 10:00:00,2027-11-18 13:00:00
8018,공원,광진구 기타 장소,2027-11-18 13:00:00,2027-11-18 17:00:00
8019,공원,광진구 기타 장소,2027-11-18 17:00:00,2027-11-18 20:00:00
8020,공원,광진구 기타 장소,2027-11-18 20:00:00,2027-11-18 23:00:00
8021,공원,광진구 기타 장소,2027-11-18 23:00:00,2027-11-19 00:00:00
8022,운동,한강 자전거 대여소,2027-11-18 22:00:00,2027-11-18 23:00:00
8023,스포츠,뚝섬 런닝코스,2027-11-18 22:00:00,2027-11-18 23:00:00
8024,식사,건대입구 전통시장,2027-11-19 08:00:00,2027-11-19 10:00:00
8025,관람,건국대학교 박물관,2027-11-19 10:00:00,2027-11-19 11:00:00
8026,관람,어린이대공원 공연장,2027-11-19 11:00:00,2027-11-19 12:00:00
8027,식사,건대입구 전통시장,2027-11-19 12:00:00,2027-11-19 14:00:00
8028,실내활동,광진구 기타 장소,2027-11-19 14:00:00,2027-11-19 15:00:00
8029,실내활동,광진구 기타 장소,2027-11-19 15:00:00,2027-11-19 19:00:00
8030,실내활동,광진구 기타 장소,2027-11-19 19:00:00,2027-11-19 21:00:00
8031,관람,뚝섬 전망대,2027-11-19 21:00:00,2027-11-19 23:00:00
8032,관람,건대 커뮤니티 아트센터,2027-11-19 23:00:00,2027-11-20 00:00:00
8033,공부,광진구 기타 장소,2027-11-19 22:00:00,2027-11-19 23:00:00
8034,식사,어린이대공원 근처 레스토랑,2027-11-20 08:00:00,2027-11-20 10:00:00
8035,공원,광진구 기타 장소,2027-11-20 10:00:00,2027-11-20 14:00:00
8036,운동,한강 공원,2027-11-20 14:00:00,2027-11-20 17:00:00
8037,실내활동,광진구 기타 장소,2027-11-20 17:00:00,2027-11-20 19:00:00
8038,실내활동,광진구 기타 장소,2027-11-20 19:00:00,2027-11-20 22:00:00
8039,실내활동,광진구 기타 장소,2027-11-20 22:00:00,2027-11-21 00:00:00
8040,식사,광장시장 맛집,2027-11-21 08:00:00,2027-11-21 10:00:00
8041,스포츠,세종대 실내 체육관,2027-11-21 10:00:00,2027-11-21 13:00:00
8042,운동,서울숲 조깅 트랙,2027-11-21 13:00:00,2027-11-21 16:00:00
8043,운동,광진구 등산 코스,2027-11-21 16:00:00,2027-11-21 20:00:00
8044,스포츠,서울숲 테니스장,2027-11-21 20:00:00,2027-11-21 22:00:00
8045,운동,뚝섬 한강 수영장,2027-11-21 22:00:00,2027-11-22 00:00:00
8046,관람,건국대학교 박물관,2027-11-21 22:00:00,2027-11-21 23:00:00
8047,식사,광장시장 맛집,2027-11-22 08:00:00,2027-11-22 10:00:00
8048,운동,광진구 공원 체력단련장,2027-11-22 10:00:00,2027-11-22 12:00:00
8049,식사,뚝섬 수변 카페,2027-11-22 12:00:00,2027-11-22 14:00:00
8050,운동,광진구 등산 코스,2027-11-22 14:00:00,2027-11-22 16:00:00
8051,스포츠,어린이대공원 운동장,2027-11-22 16:00:00,2027-11-22 20:00:00
8052,운동,뚝섬 한강 수영장,2027-11-22 20:00:00,2027-11-22 21:00:00
8053,스포츠,광진구 체육관,2027-11-22 21:00:00,2027-11-22 22:00:00
8054,공부,광진구 기타 장소,2027-11-22 22:00:00,2027-11-23 00:00:00
8055,식사,뚝섬 수변 카페,2027-11-23 08:00:00,2027-11-23 10:00:00
8056,스포츠,어린이대공원 운동장,2027-11-23 10:00:00,2027-11-23 13:00:00
8057,실내활동,광진구 기타 장소,2027-11-23 13:00:00,2027-11-23 14:00:00
8058,스포츠,어린이대공원 운동장,2027-11-23 14:00:00,2027-11-23 18:00:00
8059,식사,건대입구 음식점,2027-11-23 18:00:00,2027-11-23 20:00:00
8060,실내활동,광진구 기타 장소,2027-11-23 20:00:00,2027-11-24 00:00:00
8061,관람,광진문화예술회관,2027-11-23 22:00:00,2027-11-23 23:00:00
8062,식사,광장시장 맛집,2027-11-24 08:00:00,2027-11-24 10:00:00
8063,실내활동,광진구 기타 장소,2027-11-24 10:00:00,2027-11-24 12:00:00
8064,식사,뚝섬 수변 카페,2027-11-24 12:00:00,2027-11-24 14:00:00
8065,공원,광진구 기타 장소,2027-11-24 14:00:00,2027-11-24 18:00:00
8066,식사,광진구 한식당,2027-11-24 18:00:00,2027-11-24 20:00:00
8067,공원,광진구 기타 장소,2027-11-24 20:00:00,2027-11-24 22:00:00
8068,실내활동,광진구 기타 장소,2027-11-24 22:00:00,2027-11-25 00:00:00
8069,공부,광진구 기타 장소,2027-11-24 22:00:00,2027-11-24 23:00:00
8070,식사,스타시티 푸드코트,2027-11-25 08:00:00,2027-11-25 10:00:00
8071,운동,광진구 공원 체력단련장,2027-11-25 10:00:00,2027-11-25 13:00:00
8072,공원,광진구 기타 장소,2027-11-25 13:00:00,2027-11-25 14:00:00
8073,스포츠,광진구 배드민턴장,2027-11-25 14:00:00,2027-11-25 17:00:00
8074,공원,광진구 기타 장소,2027-11-25 17:00:00,2027-11-25 20:00:00
8075,공원,광진구 기타 장소,2027-11-25 20:00:00,2027-11-25 23:00:00
8076,공원,광진구 기타 장소,2027-11-25 23:00:00,2027-11-26 00:00:00
8077,식사,건대 버거 레스토랑,2027-11-26 08:00:00,2027-11-26 10:00:00
8078,공부,광진구 기타 장소,2027-11-26 10:00:00,2027-11-26 12:00:00
8079,식사,한강 뚝섬 피크닉존 카페,2027-11-26 12:00:00,2027-11-26 14:00:00
8080,관람,광진구 시립극장,2027-11-26 14:00:00,2027-11-26 17:00:00
8081,공부,광진구 기타 장소,2027-11-26 17:00:00,2027-11-26 20:00:00
8082,공부,광진구 기타 장소,2027-11-26 20:00:00,2027-11-26 22:00:00
8083,공부,광진구 기타 장소,2027-11-26 22:00:00,2027-11-27 00:00:00
8084,실내활동,광진구 기타 장소,2027-11-26 22:00:00,2027-11-26 23:00:00
8085,식사,건대입구 전통시장,2027-11-27 08:00:00,2027-11-27 10:00:00
8086,공원,광진구 기타 장소,2027-11-27 10:00:00,2027-11-27 14:00:00
8087,운동,광진구 공원 체력단련장,2027-11-27 14:00:00,2027-11-27 17:00:00
8088,실내활동,광진구 기타 장소,2027-11-27 17:00:00,2027-11-27 21:00:00
8089,운동,광진구 등산 코스,2027-11-27 21:00:00,2027-11-27 23:00:00
8090,운동,한강 자전거 대여소,2027-11-27 23:00:00,2027-11-28 00:00:00
8091,식사,한강 뚝섬 피크닉존 카페,2027-11-28 08:00:00,2027-11-28 10:00:00
8092,관람,건대 메가박스,2027-11-28 10:00:00,2027-11-28 12:00:00
8093,식사,건대입구 음식점,2027-11-28 12:00:00,2027-11-28 14:00:00
8094,스포츠,건대 헬스장,2027-11-28 14:00:00,2027-11-28 17:00:00
8095,운동,뚝섬 유원지 요가 센터,2027-11-28 17:00:00,2027-11-28 18:00:00
8096,식사,세종대 부근 맛집,2027-11-28 18:00:00,2027-11-28 20:00:00
8097,관람,건대 커뮤니티 아트센터,2027-11-28 20:00:00,2027-11-28 22:00:00
8098,스포츠,뚝섬 런닝코스,2027-11-28 22:00:00,2027-11-29 00:00:00
8099,식사,세종대 부근 맛집,2027-11-29 08:00:00,2027-11-29 10:00:00
8100,스포츠,광진구 체육관,2027-11-29 10:00:00,2027-11-29 11:00:00
8101,스포츠,서울숲 테니스장,2027-11-29 11:00:00,2027-11-29 14:00:00
8102,운동,뚝섬 한강 수영장,2027-11-29 14:00:00,2027-11-29 16:00:00
8103,운동,한강 자전거 대여소,2027-11-29 16:00:00,2027-11-29 19:00:00
8104,스포츠,서울숲 스케이트장,2027-11-29 19:00:00,2027-11-29 20:00:00
8105,공부,광진구 기타 장소,2027-11-29 20:00:00,2027-11-29 21:00:00
8106,공부,광진구 기타 장소,2027-11-29 21:00:00,2027-11-30 00:00:00
8107,식사,건대입구 음식점,2027-11-30 08:00:00,2027-11-30 10:00:00
8108,관람,롯데시네마 건대입구,2027-11-30 10:00:00,2027-11-30 11:00:00
8109,실내활동,광진구 기타 장소,2027-11-30 11:00:00,2027-11-30 14:00:00
8110,관람,뚝섬 전망대,2027-11-30 14:00:00,2027-11-30 16:00:00
8111,관람,건국대학교 박물관,2027-11-30 16:00:00,2027-11-30 20:00:00
8112,스포츠,어린이대공원 운동장,2027-11-30 20:00:00,2027-12-01 00:00:00
8113,식사,어린이대공원 근처 레스토랑,2027-12-01 08:00:00,2027-12-01 10:00:00
8114,공원,광진구 기타 장소,2027-12-01 10:00:00,2027-12-01 12:00:00
8115,식사,건대입구 전통시장,2027-12-01 12:00:00,2027-12-01 14:00:00
8116,공원,광진구 기타 장소,2027-12-01 14:00:00,2027-12-01 17:00:00
8117,실내활동,광진구 기타 장소,2027-12-01 17:00:00,2027-12-01 18:00:00
8118,식사,뚝섬 수변 카페,2027-12-01 18:00:00,2027-12-01 20:00:00
8119,공부,광진구 기타 장소,2027-12-01 20:00:00,2027-12-01 22:00:00
8120,공부,광진구 기타 장소,2027-12-01 22:00:00,2027-12-02 00:00:00
8121,식사,건대입구 전통시장,2027-12-02 08:00:00,2027-12-02 10:00:00
8122,스포츠,서울숲 스케이트장,2027-12-02 10:00:00,2027-12-02 14:00:00
8123,스포츠,건대 헬스장,2027-12-02 14:00:00,2027-12-02 15:00:00
8124,운동,서울숲 조깅 트랙,2027-12-02 15:00:00,2027-12-02 19:00:00
8125,스포츠,뚝섬 런닝코스,2027-12-02 19:00:00,2027-12-02 22:00:00
8126,공원,광진구 기타 장소,2027-12-02 22:00:00,2027-12-03 00:00:00
8127,식사,건대입구 전통시장,2027-12-03 08:00:00,2027-12-03 10:00:00
8128,공부,광진구 기타 장소,2027-12-03 10:00:00,2027-12-03 12:00:00
8129,식사,건대 버거 레스토랑,2027-12-03 12:00:00,2027-12-03 14:00:00
8130,공부,광진구 기타 장소,2027-12-03 14:00:00,2027-12-03 17:00:00
8131,실내활동,광진구 기타 장소,2027-12-03 17:00:00,2027-12-03 21:00:00
8132,실내활동,광진구 기타 장소,2027-12-03 21:00:00,2027-12-04 00:00:00
8133,관람,뚝섬 전망대,2027-12-03 22:00:00,2027-12-03 23:00:00
8134,식사,건대입구 음식점,2027-12-04 08:00:00,2027-12-04 10:00:00
8135,실내활동,광진구 기타 장소,2027-12-04 10:00:00,2027-12-04 11:00:00
8136,실내활동,광진구 기타 장소,2027-12-04 11:00:00,2027-12-04 12:00:00
8137,식사,어린이대공원 근처 레스토랑,2027-12-04 12:00:00,2027-12-04 14:00:00
8138,공원,광진구 기타 장소,2027-12-04 14:00:00,2027-12-04 15:00:00
8139,공원,광진구 기타 장소,2027-12-04 15:00:00,2027-12-04 18:00:00
8140,식사,스타시티 푸드코트,2027-12-04 18:00:00,2027-12-04 20:00:00
8141,운동,광진구 등산 코스,2027-12-04 20:00:00,2027-12-04 22:00:00
8142,실내활동,광진구 기타 장소,2027-12-04 22:00:00,2027-12-05 00:00:00
8143,식사,광장시장 맛집,2027-12-05 08:00:00,2027-12-05 10:00:00
8144,스포츠,광진구 요가 스튜디오,2027-12-05 10:00:00,2027-12-05 11:00:00
8145,스포츠,어린이대공원 운동장,2027-12-05 11:00:00,2027-12-05 13:00:00
8146,관람,어린이대공원 공연장,2027-12-05 13:00:00,2027-12-05 17:00:00
8147,관람,건국대학교 박물관,2027-12-05 17:00:00,2027-12-05 21:00:00
8148,관람,건국대학교 박물관,2027-12-05 21:00:00,2027-12-05 23:00:00
8149,운동,한강 자전거 대여소,2027-12-05 23:00:00,2027-12-06 00:00:00
8150,식사,건대입구 음식점,2027-12-06 08:00:00,2027-12-06 10:00:00
8151,스포츠,어린이대공원 운동장,2027-12-06 10:00:00,2027-12-06 12:00:00
8152,식사,건대입구 전통시장,2027-12-06 12:00:00,2027-12-06 14:00:00
8153,스포츠,서울숲 스케이트장,2027-12-06 14:00:00,2027-12-06 16:00:00
8154,운동,건대 스포츠 클럽,2027-12-06 16:00:00,2027-12-06 20:00:00
8155,운동,광진구 공원 체력단련장,2027-12-06 20:00:00,2027-12-07 00:00:00
8156,공부,광진구 기타 장소,2027-12-06 22:00:00,2027-12-06 23:00:00
8157,식사,뚝섬 수변 카페,2027-12-07 08:00:00,2027-12-07 10:00:00
8158,스포츠,광진구 체육관,2027-12-07 10:00:00,2027-12-07 12:00:00
8159,식사,건대입구 전통시장,2027-12-07 12:00:00,2027-12-07 14:00:00
8160,스포츠,어린이대공원 운동장,2027-12-07 14:00:00,2027-12-07 16:00:00
8161,관람,뚝섬 전망대,2027-12-07 16:00:00,2027-12-07 18:00:00
8162,식사,뚝섬 수변 카페,2027-12-07 18:00:00,2027-12-07 20:00:00
8163,관람,뚝섬 전망대,2027-12-07 20:00:00,2027-12-07 22:00:00
8164,스포츠,광진구 배드민턴장,2027-12-07 22:00:00,2027-12-08 00:00:00
8165,실내활동,광진구 기타 장소,2027-12-07 22:00:00,2027-12-07 23:00:00
8166,식사,건대입구 전통시장,2027-12-08 08:00:00,2027-12-08 10:00:00
8167,실내활동,광진구 기타 장소,2027-12-08 10:00:00,2027-12-08 13:00:00
8168,공원,광진구 기타 장소,2027-12-08 13:00:00,2027-12-08 17:00:00
8169,실내활동,광진구 기타 장소,2027-12-08 17:00:00,2027-12-08 20:00:00
8170,공부,광진구 기타 장소,2027-12-08 20:00:00,2027-12-09 00:00:00
8171,식사,뚝섬 수변 카페,2027-12-09 08:00:00,2027-12-09 10:00:00
8172,운동,한강 자전거 대여소,2027-12-09 10:00:00,2027-12-09 11:00:00
8173,공원,광진구 기타 장소,2027-12-09 11:00:00,2027-12-09 12:00:00
8174,식사,건대입구 전통시장,2027-12-09 12:00:00,2027-12-09 14:00:00
8175,공원,광진구 기타 장소,2027-12-09 14:00:00,2027-12-09 16:00:00
8176,운동,광진구 공원 체력단련장,2027-12-09 16:00:00,2027-12-09 20:00:00
8177,공원,광진구 기타 장소,2027-12-09 20:00:00,2027-12-10 00:00:00
8178,스포츠,세종대 실내 체육관,2027-12-09 22:00:00,2027-12-09 23:00:00
8179,식사,건대입구 전통시장,2027-12-10 08:00:00,2027-12-10 10:00:00
8180,공부,광진구 기타 장소,2027-12-10 10:00:00,2027-12-10 11:00:00
8181,공부,광진구 기타 장소,2027-12-10 11:00:00,2027-12-10 13:00:00
8182,실내활동,광진구 기타 장소,2027-12-10 13:00:00,2027-12-10 15:00:00
8183,관람,뚝섬 전망대,2027-12-10 15:00:00,2027-12-10 18:00:00
8184,식사,한강 뚝섬 피크닉존 카페,2027-12-10 18:00:00,2027-12-10 20:00:00
8185,공부,광진구 기타 장소,2027-12-10 20:00:00,2027-12-11 00:00:00
8186,식사,건대입구 음식점,2027-12-11 08:00:00,2027-12-11 10:00:00
8187,공원,광진구 기타 장소,2027-12-11 10:00:00,2027-12-11 11:00:00
8188,운동,건대 헬스장,2027-12-11 11:00:00,2027-12-11 15:00:00
8189,공원,광진구 기타 장소,2027-12-11 15:00:00,2027-12-11 18:00:00
8190,식사,광진구 한식당,2027-12-11 18:00:00,2027-12-11 20:00:00
8191,실내활동,광진구 기타 장소,2027-12-11 20:00:00,2027-12-12 00:00:00
8192,식사,한강 뚝섬 피크닉존 카페,2027-12-12 08:00:00,2027-12-12 10:00:00
8193,관람,어린이대공원 공연장,2027-12-12 10:00:00,2027-12-12 13:00:00
8194,운동,건대 헬스장,2027-12-12 13:00:00,2027-12-12 16:00:00
8195,스포츠,건대 헬스장,2027-12-12 16:00:00,2027-12-12 18:00:00
8196,식사,광장시장 맛집,2027-12-12 18:00:00,2027-12-12 20:00:00
8197,관람,롯데시네마 건대입구,2027-12-12 20:00:00,2027-12-12 21:00:00
8198,관람,롯데시네마 건대입구,2027-12-12 21:00:00,2027-12-13 00:00:00
8199,식사,건대입구 전통시장,2027-12-13 08:00:00,2027-12-13 10:00:00
8200,운동,건대 스포츠 클럽,2027-12-13 10:00:00,2027-12-13 11:00:00
8201,운동,뚝섬 유원지 요가 센터,2027-12-13 11:00:00,2027-12-13 15:00:00
8202,스포츠,광진구 체육관,2027-12-13 15:00:00,2027-12-13 18:00:00
8203,식사,건대입구 전통시장,2027-12-13 18:00:00,2027-12-13 20:00:00
8204,공부,광진구 기타 장소,2027-12-13 20:00:00,2027-12-13 22:00:00
8205,스포츠,뚝섬 런닝코스,2027-12-13 22:00:00,2027-12-14 00:00:00
8206,식사,스타시티 푸드코트,2027-12-14 08:00:00,2027-12-14 10:00:00
8207,실내활동,광진구 기타 장소,2027-12-14 10:00:00,2027-12-14 11:00:00
8208,관람,한강 뚝섬 예술극장,2027-12-14 11:00:00,2027-12-14 14:00:00
8209,스포츠,어린이대공원 운동장,2027-12-14 14:00:00,2027-12-14 15:00:00
8210,스포츠,광진구 체육관,2027-12-14 15:00:00,2027-12-14 17:00:00
8211,관람,서울숲 갤러리,2027-12-14 17:00:00,2027-12-14 21:00:00
8212,스포츠,세종대 실내 체육관,2027-12-14 21:00:00,2027-12-15 00:00:00
8213,식사,건대 버거 레스토랑,2027-12-15 08:00:00,2027-12-15 10:00:00
8214,공원,광진구 기타 장소,2027-12-15 10:00:00,2027-12-15 14:00:00
8215,공부,광진구 기타 장소,2027-12-15 14:00:00,2027-12-15 18:00:00
8216,식사,세종대 부근 맛집,2027-12-15 18:00:00,2027-12-15 20:00:00
8217,실내활동,광진구 기타 장소,2027-12-15 20:00:00,2027-12-15 21:00:00
8218,실내활동,광진구 기타 장소,2027-12-15 21:00:00,2027-12-16 00:00:00
8219,식사,건대 버거 레스토랑,2027-12-16 08:00:00,2027-12-16 10:00:00
8220,공원,광진구 기타 장소,2027-12-16 10:00:00,2027-12-16 14:00:00
8221,공원,광진구 기타 장소,2027-12-16 14:00:00,2027-12-16 18:00:00
8222,식사,광진구 한식당,2027-12-16 18:00:00,2027-12-16 20:00:00
8223,운동,뚝섬 한강 수영장,2027-12-16 20:00:00,2027-12-16 22:00:00
8224,운동,어린이대공원 실내 체육관,2027-12-16 22:00:00,2027-12-17 00:00:00
8225,스포츠,서울숲 테니스장,2027-12-16 22:00:00,2027-12-16 23:00:00
8226,식사,한강 뚝섬 피크닉존 카페,2027-12-17 08:00:00,2027-12-17 10:00:00
8227,실내활동,광진구 기타 장소,2027-12-17 10:00:00,2027-12-17 14:00:00
8228,실내활동,광진구 기타 장소,2027-12-17 14:00:00,2027-12-17 16:00:00
8229,관람,서울숲 갤러리,2027-12-17 16:00:00,2027-12-17 19:00:00
8230,공부,광진구 기타 장소,2027-12-17 19:00:00,2027-12-17 21:00:00
8231,실내활동,광진구 기타 장소,2027-12-17 21:00:00,2027-12-18 00:00:00
8232,식사,스타시티 푸드코트,2027-12-18 08:00:00,2027-12-18 10:00:00
8233,운동,건대 스포츠 클럽,2027-12-18 10:00:00,2027-12-18 14:00:00
8234,실내활동,광진구 기타 장소,2027-12-18 14:00:00,2027-12-18 16:00:00
8235,공원,광진구 기타 장소,2027-12-18 16:00:00,2027-12-18 18:00:00
8236,식사,스타시티 푸드코트,2027-12-18 18:00:00,2027-12-18 20:00:00
8237,공원,광진구 기타 장소,2027-12-18 20:00:00,2027-12-19 00:00:00
8238,식사,건대 버거 레스토랑,2027-12-19 08:00:00,2027-12-19 10:00:00
8239,스포츠,광진구 체육관,2027-12-19 10:00:00,2027-12-19 13:00:00
8240,스포츠,뚝섬 런닝코스,2027-12-19 13:00:00,2027-12-19 16:00:00
8241,스포츠,광진구 배드민턴장,2027-12-19 16:00:00,2027-12-19 18:00:00
8242,식사,광진구 한식당,2027-12-19 18:00:00,2027-12-19 20:00:00
8243,스포츠,세종대 실내 체육관,2027-12-19 20:00:00,2027-12-19 21:00:00
8244,운동,뚝섬 유원지 요가 센터,2027-12-19 21:00:00,2027-12-19 23:00:00
8245,관람,광진구 시립극장,2027-12-19 23:00:00,2027-12-20 00:00:00
8246,식사,건대 버거 레스토랑,2027-12-20 08:00:00,2027-12-20 10:00:00
8247,스포츠,서울숲 스케이트장,2027-12-20 10:00:00,2027-12-20 12:00:00
8248,식사,어린이대공원 근처 레스토랑,2027-12-20 12:00:00,2027-12-20 14:00:00
8249,스포츠,건대 헬스장,2027-12-20 14:00:00,2027-12-20 15:00:00
8250,공부,광진구 기타 장소,2027-12-20 15:00:00,2027-12-20 19:00:00
8251,운동,뚝섬 유원지 요가 센터,2027-12-20 19:00:00,2027-12-20 20:00:00
8252,스포츠,광진구 요가 스튜디오,2027-12-20 20:00:00,2027-12-20 22:00:00
8253,공부,광진구 기타 장소,2027-12-20 22:00:00,2027-12-20 23:00:00
8254,운동,서울숲 조깅 트랙,2027-12-20 23:00:00,2027-12-21 00:00:00
8255,식사,건대입구 전통시장,2027-12-21 08:00:00,2027-12-21 10:00:00
8256,관람,건국대학교 박물관,2027-12-21 10:00:00,2027-12-21 14:00:00
8257,관람,한강 뚝섬 예술극장,2027-12-21 14:00:00,2027-12-21 16:00:00
8258,실내활동,광진구 기타 장소,2027-12-21 16:00:00,2027-12-21 17:00:00
8259,스포츠,세종대 실내 체육관,2027-12-21 17:00:00,2027-12-21 19:00:00
8260,실내활동,광진구 기타 장소,2027-12-21 19:00:00,2027-12-21 21:00:00
8261,실내활동,광진구 기타 장소,2027-12-21 21:00:00,2027-12-21 23:00:00
8262,실내활동,광진구 기타 장소,2027-12-21 23:00:00,2027-12-22 00:00:00
8263,식사,광장시장 맛집,2027-12-22 08:00:00,2027-12-22 10:00:00
8264,공원,광진구 기타 장소,2027-12-22 10:00:00,2027-12-22 13:00:00
8265,공부,광진구 기타 장소,2027-12-22 13:00:00,2027-12-22 14:00:00
8266,공원,광진구 기타 장소,2027-12-22 14:00:00,2027-12-22 15:00:00
8267,공원,광진구 기타 장소,2027-12-22 15:00:00,2027-12-22 16:00:00
8268,실내활동,광진구 기타 장소,2027-12-22 16:00:00,2027-12-22 17:00:00
8269,공원,광진구 기타 장소,2027-12-22 17:00:00,2027-12-22 19:00:00
8270,공부,광진구 기타 장소,2027-12-22 19:00:00,2027-12-22 21:00:00
8271,공부,광진구 기타 장소,2027-12-22 21:00:00,2027-12-22 22:00:00
8272,실내활동,광진구 기타 장소,2027-12-22 22:00:00,2027-12-22 23:00:00
8273,공부,광진구 기타 장소,2027-12-22 23:00:00,2027-12-23 00:00:00
8274,식사,세종대 부근 맛집,2027-12-23 08:00:00,2027-12-23 10:00:00
8275,스포츠,건대 헬스장,2027-12-23 10:00:00,2027-12-23 13:00:00
8276,스포츠,한강공원 축구장,2027-12-23 13:00:00,2027-12-23 14:00:00
8277,스포츠,어린이대공원 운동장,2027-12-23 14:00:00,2027-12-23 16:00:00
8278,운동,광진구 공원 체력단련장,2027-12-23 16:00:00,2027-12-23 19:00:00
8279,운동,건대 헬스장,2027-12-23 19:00:00,2027-12-23 23:00:00
8280,운동,뚝섬 유원지 요가 센터,2027-12-23 23:00:00,2027-12-24 00:00:00
8281,공원,광진구 기타 장소,2027-12-23 22:00:00,2027-12-23 23:00:00
8282,식사,광진구 한식당,2027-12-24 08:00:00,2027-12-24 10:00:00
8283,실내활동,광진구 기타 장소,2027-12-24 10:00:00,2027-12-24 14:00:00
8284,실내활동,광진구 기타 장소,2027-12-24 14:00:00,2027-12-24 15:00:00
8285,관람,뚝섬 전망대,2027-12-24 15:00:00,2027-12-24 19:00:00
8286,관람,어린이대공원 공연장,2027-12-24 19:00:00,2027-12-24 20:00:00
8287,실내활동,광진구 기타 장소,2027-12-24 20:00:00,2027-12-24 22:00:00
8288,관람,건국대학교 박물관,2027-12-24 22:00:00,2027-12-25 00:00:00
8289,공부,광진구 기타 장소,2027-12-24 22:00:00,2027-12-24 23:00:00
8290,식사,건대입구 전통시장,2027-12-25 08:00:00,2027-12-25 10:00:00
8291,운동,한강 공원,2027-12-25 10:00:00,2027-12-25 13:00:00
8292,공원,광진구 기타 장소,2027-12-25 13:00:00,2027-12-25 14:00:00
8293,운동,한강 자전거 대여소,2027-12-25 14:00:00,2027-12-25 16:00:00
8294,공원,광진구 기타 장소,2027-12-25 16:00:00,2027-12-25 18:00:00
8295,식사,건대입구 전통시장,2027-12-25 18:00:00,2027-12-25 20:00:00
8296,운동,뚝섬 한강 수영장,2027-12-25 20:00:00,2027-12-25 21:00:00
8297,실내활동,광진구 기타 장소,2027-12-25 21:00:00,2027-12-25 23:00:00
8298,실내활동,광진구 기타 장소,2027-12-25 23:00:00,2027-12-26 00:00:00
8299,식사,뚝섬 수변 카페,2027-12-26 08:00:00,2027-12-26 10:00:00
8300,운동,서울숲 조깅 트랙,2027-12-26 10:00:00,2027-12-26 14:00:00
8301,스포츠,어린이대공원 운동장,2027-12-26 14:00:00,2027-12-26 18:00:00
8302,식사,광장시장 맛집,2027-12-26 18:00:00,2027-12-26 20:00:00
8303,운동,한강 공원,2027-12-26 20:00:00,2027-12-26 21:00:00
8304,운동,건대 헬스장,2027-12-26 21:00:00,2027-12-27 00:00:00
8305,관람,한강 뚝섬 예술극장,2027-12-26 22:00:00,2027-12-26 23:00:00
8306,식사,뚝섬 수변 카페,2027-12-27 08:00:00,2027-12-27 10:00:00
8307,운동,광진구 공원 체력단련장,2027-12-27 10:00:00,2027-12-27 11:00:00
8308,공부,광진구 기타 장소,2027-12-27 11:00:00,2027-12-27 13:00:00
8309,운동,한강 공원,2027-12-27 13:00:00,2027-12-27 16:00:00
8310,스포츠,어린이대공원 운동장,2027-12-27 16:00:00,2027-12-27 18:00:00
8311,식사,광진구 한식당,2027-12-27 18:00:00,2027-12-27 20:00:00
8312,스포츠,서울숲 테니스장,2027-12-27 20:00:00,2027-12-28 00:00:00
8313,식사,광진구 한식당,2027-12-28 08:00:00,2027-12-28 10:00:00
8314,실내활동,광진구 기타 장소,2027-12-28 10:00:00,2027-12-28 14:00:00
8315,실내활동,광진구 기타 장소,2027-12-28 14:00:00,2027-12-28 17:00:00
8316,스포츠,광진구 요가 스튜디오,2027-12-28 17:00:00,2027-12-28 21:00:00
8317,실내활동,광진구 기타 장소,2027-12-28 21:00:00,2027-12-28 23:00:00
8318,관람,롯데시네마 건대입구,2027-12-28 23:00:00,2027-12-29 00:00:00
8319,식사,스타시티 푸드코트,2027-12-29 08:00:00,2027-12-29 10:00:00
8320,실내활동,광진구 기타 장소,2027-12-29 10:00:00,2027-12-29 12:00:00
8321,식사,광진구 한식당,2027-12-29 12:00:00,2027-12-29 14:00:00
8322,공원,광진구 기타 장소,2027-12-29 14:00:00,2027-12-29 17:00:00
8323,공원,광진구 기타 장소,2027-12-29 17:00:00,2027-12-29 19:00:00
8324,실내활동,광진구 기타 장소,2027-12-29 19:00:00,2027-12-29 21:00:00
8325,공부,광진구 기타 장소,2027-12-29 21:00:00,2027-12-30 00:00:00
8326,식사,광진구 한식당,2027-12-30 08:00:00,2027-12-30 10:00:00
8327,공원,광진구 기타 장소,2027-12-30 10:00:00,2027-12-30 13:00:00
8328,공원,광진구 기타 장소,2027-12-30 13:00:00,2027-12-30 16:00:00
8329,공원,광진구 기타 장소,2027-12-30 16:00:00,2027-12-30 17:00:00
8330,공원,광진구 기타 장소,2027-12-30 17:00:00,2027-12-30 19:00:00
8331,공원,광진구 기타 장소,2027-12-30 19:00:00,2027-12-30 20:00:00
8332,운동,한강 자전거 대여소,2027-12-30 20:00:00,2027-12-30 23:00:00
8333,공원,광진구 기타 장소,2027-12-30 23:00:00,2027-12-31 00:00:00
8334,스포츠,세종대 실내 체육관,2027-12-30 22:00:00,2027-12-30 23:00:00
8335,식사,건대입구 전통시장,2027-12-31 08:00:00,2027-12-31 10:00:00
8336,공부,광진구 기타 장소,2027-12-31 10:00:00,2027-12-31 14:00:00
8337,관람,서울숲 갤러리,2027-12-31 14:00:00,2027-12-31 16:00:00
8338,실내활동,광진구 기타 장소,2027-12-31 16:00:00,2027-12-31 18:00:00
8339,식사,건대입구 전통시장,2027-12-31 18:00:00,2027-12-31 20:00:00
8340,관람,롯데시네마 건대입구,2027-12-31 20:00:00,2027-12-31 23:00:00
8341,공부,광진구 기타 장소,2027-12-31 23:00:00,2028-01-01 00:00:00
8342,식사,광진구 한식당,2028-01-01 08:00:00,2028-01-01 10:00:00
8343,공원,광진구 기타 장소,2028-01-01 10:00:00,2028-01-01 11:00:00
8344,공원,광진구 기타 장소,2028-01-01 11:00:00,2028-01-01 15:00:00
8345,실내활동,광진구 기타 장소,2028-01-01 15:00:00,2028-01-01 18:00:00
8346,식사,광진구 한식당,2028-01-01 18:00:00,2028-01-01 20:00:00
8347,운동,건대 헬스장,2028-01-01 20:00:00,2028-01-02 00:00:00
8348,식사,건대 버거 레스토랑,2028-01-02 08:00:00,2028-01-02 10:00:00
8349,운동,건대 스포츠 클럽,2028-01-02 10:00:00,2028-01-02 14:00:00
8350,운동,광진구 등산 코스,2028-01-02 14:00:00,2028-01-02 17:00:00
8351,관람,롯데시네마 건대입구,2028-01-02 17:00:00,2028-01-02 20:00:00
8352,스포츠,광진구 체육관,2028-01-02 20:00:00,2028-01-02 21:00:00
8353,관람,롯데시네마 건대입구,2028-01-02 21:00:00,2028-01-02 22:00:00
8354,스포츠,광진구 체육관,2028-01-02 22:00:00,2028-01-02 23:00:00
8355,관람,건대 메가박스,2028-01-02 23:00:00,2028-01-03 00:00:00
8356,식사,어린이대공원 근처 레스토랑,2028-01-03 08:00:00,2028-01-03 10:00:00
8357,공부,광진구 기타 장소,2028-01-03 10:00:00,2028-01-03 14:00:00
8358,운동,건대 헬스장,2028-01-03 14:00:00,2028-01-03 18:00:00
8359,식사,어린이대공원 근처 레스토랑,2028-01-03 18:00:00,2028-01-03 20:00:00
8360,공부,광진구 기타 장소,2028-01-03 20:00:00,2028-01-03 23:00:00
8361,운동,한강 자전거 대여소,2028-01-03 23:00:00,2028-01-04 00:00:00
8362,스포츠,서울숲 스케이트장,2028-01-03 22:00:00,2028-01-03 23:00:00
8363,식사,광장시장 맛집,2028-01-04 08:00:00,2028-01-04 10:00:00
8364,스포츠,어린이대공원 운동장,2028-01-04 10:00:00,2028-01-04 13:00:00
8365,스포츠,서울숲 테니스장,2028-01-04 13:00:00,2028-01-04 15:00:00
8366,스포츠,광진구 요가 스튜디오,2028-01-04 15:00:00,2028-01-04 16:00:00
8367,실내활동,광진구 기타 장소,2028-01-04 16:00:00,2028-01-04 20:00:00
8368,관람,광진문화예술회관,2028-01-04 20:00:00,2028-01-05 00:00:00
8369,식사,광진구 한식당,2028-01-05 08:00:00,2028-01-05 10:00:00
8370,공원,광진구 기타 장소,2028-01-05 10:00:00,2028-01-05 13:00:00
8371,공원,광진구 기타 장소,2028-01-05 13:00:00,2028-01-05 15:00:00
8372,실내활동,광진구 기타 장소,2028-01-05 15:00:00,2028-01-05 19:00:00
8373,공원,광진구 기타 장소,2028-01-05 19:00:00,2028-01-05 21:00:00
8374,공원,광진구 기타 장소,2028-01-05 21:00:00,2028-01-06 00:00:00
8375,공부,광진구 기타 장소,2028-01-05 22:00:00,2028-01-05 23:00:00
8376,식사,건대입구 음식점,2028-01-06 08:00:00,2028-01-06 10:00:00
8377,스포츠,광진구 배드민턴장,2028-01-06 10:00:00,2028-01-06 11:00:00
8378,운동,건대 스포츠 클럽,2028-01-06 11:00:00,2028-01-06 13:00:00
8379,운동,광진구 등산 코스,2028-01-06 13:00:00,2028-01-06 16:00:00
8380,운동,어린이대공원 실내 체육관,2028-01-06 16:00:00,2028-01-06 19:00:00
8381,스포츠,서울숲 테니스장,2028-01-06 19:00:00,2028-01-06 20:00:00
8382,공원,광진구 기타 장소,2028-01-06 20:00:00,2028-01-06 23:00:00
8383,운동,뚝섬 유원지 요가 센터,2028-01-06 23:00:00,2028-01-07 00:00:00
8384,식사,건대입구 음식점,2028-01-07 08:00:00,2028-01-07 10:00:00
8385,실내활동,광진구 기타 장소,2028-01-07 10:00:00,2028-01-07 11:00:00
8386,관람,건대 커뮤니티 아트센터,2028-01-07 11:00:00,2028-01-07 12:00:00
8387,식사,건대 버거 레스토랑,2028-01-07 12:00:00,2028-01-07 14:00:00
8388,관람,뚝섬 전망대,2028-01-07 14:00:00,2028-01-07 15:00:00
8389,실내활동,광진구 기타 장소,2028-01-07 15:00:00,2028-01-07 19:00:00
8390,실내활동,광진구 기타 장소,2028-01-07 19:00:00,2028-01-07 20:00:00
8391,공부,광진구 기타 장소,2028-01-07 20:00:00,2028-01-07 23:00:00
8392,실내활동,광진구 기타 장소,2028-01-07 23:00:00,2028-01-08 00:00:00
8393,식사,뚝섬 수변 카페,2028-01-08 08:00:00,2028-01-08 10:00:00
8394,운동,뚝섬 한강 수영장,2028-01-08 10:00:00,2028-01-08 14:00:00
8395,실내활동,광진구 기타 장소,2028-01-08 14:00:00,2028-01-08 16:00:00
8396,운동,서울숲 조깅 트랙,2028-01-08 16:00:00,2028-01-08 19:00:00
8397,공원,광진구 기타 장소,2028-01-08 19:00:00,2028-01-08 23:00:00
8398,운동,광진구 등산 코스,2028-01-08 23:00:00,2028-01-09 00:00:00
8399,식사,광장시장 맛집,2028-01-09 08:00:00,2028-01-09 10:00:00
8400,관람,어린이대공원 공연장,2028-01-09 10:00:00,2028-01-09 12:00:00
8401,식사,어린이대공원 근처 레스토랑,2028-01-09 12:00:00,2028-01-09 14:00:00
8402,운동,한강 공원,2028-01-09 14:00:00,2028-01-09 18:00:00
8403,식사,세종대 부근 맛집,2028-01-09 18:00:00,2028-01-09 20:00:00
8404,관람,롯데시네마 건대입구,2028-01-09 20:00:00,2028-01-09 23:00:00
8405,스포츠,광진구 배드민턴장,2028-01-09 23:00:00,2028-01-10 00:00:00
8406,식사,한강 뚝섬 피크닉존 카페,2028-01-10 08:00:00,2028-01-10 10:00:00
8407,운동,어린이대공원 실내 체육관,2028-01-10 10:00:00,2028-01-10 13:00:00
8408,공부,광진구 기타 장소,2028-01-10 13:00:00,2028-01-10 17:00:00
8409,공부,광진구 기타 장소,2028-01-10 17:00:00,2028-01-10 18:00:00
8410,식사,어린이대공원 근처 레스토랑,2028-01-10 18:00:00,2028-01-10 20:00:00
8411,공부,광진구 기타 장소,2028-01-10 20:00:00,2028-01-10 21:00:00
8412,공부,광진구 기타 장소,2028-01-10 21:00:00,2028-01-11 00:00:00
8413,스포츠,건대 헬스장,2028-01-10 22:00:00,2028-01-10 23:00:00
8414,식사,건대입구 음식점,2028-01-11 08:00:00,2028-01-11 10:00:00
8415,실내활동,광진구 기타 장소,2028-01-11 10:00:00,2028-01-11 13:00:00
8416,관람,건대 커뮤니티 아트센터,2028-01-11 13:00:00,2028-01-11 16:00:00
8417,실내활동,광진구 기타 장소,2028-01-11 16:00:00,2028-01-11 20:00:00
8418,실내활동,광진구 기타 장소,2028-01-11 20:00:00,2028-01-11 21:00:00
8419,스포츠,건대 헬스장,2028-01-11 21:00:00,2028-01-11 23:00:00
8420,관람,한강 뚝섬 예술극장,2028-01-11 23:00:00,2028-01-12 00:00:00
8421,식사,뚝섬 수변 카페,2028-01-12 08:00:00,2028-01-12 10:00:00
8422,공원,광진구 기타 장소,2028-01-12 10:00:00,2028-01-12 11:00:00
8423,공원,광진구 기타 장소,2028-01-12 11:00:00,2028-01-12 15:00:00
8424,공부,광진구 기타 장소,2028-01-12 15:00:00,2028-01-12 17:00:00
8425,공부,광진구 기타 장소,2028-01-12 17:00:00,2028-01-12 18:00:00
8426,식사,세종대 부근 맛집,2028-01-12 18:00:00,2028-01-12 20:00:00
8427,공원,광진구 기타 장소,2028-01-12 20:00:00,2028-01-12 21:00:00
8428,공원,광진구 기타 장소,2028-01-12 21:00:00,2028-01-12 22:00:00
8429,실내활동,광진구 기타 장소,2028-01-12 22:00:00,2028-01-13 00:00:00
8430,식사,건대입구 전통시장,2028-01-13 08:00:00,2028-01-13 10:00:00
8431,스포츠,서울숲 스케이트장,2028-01-13 10:00:00,2028-01-13 11:00:00
8432,공원,광진구 기타 장소,2028-01-13 11:00:00,2028-01-13 14:00:00
8433,공원,광진구 기타 장소,2028-01-13 14:00:00,2028-01-13 18:00:00
8434,식사,광진구 한식당,2028-01-13 18:00:00,2028-01-13 20:00:00
8435,공원,광진구 기타 장소,2028-01-13 20:00:00,2028-01-14 00:00:00
8436,운동,건대 스포츠 클럽,2028-01-13 22:00:00,2028-01-13 23:00:00
8437,식사,세종대 부근 맛집,2028-01-14 08:00:00,2028-01-14 10:00:00
8438,실내활동,광진구 기타 장소,2028-01-14 10:00:00,2028-01-14 12:00:00
8439,식사,세종대 부근 맛집,2028-01-14 12:00:00,2028-01-14 14:00:00
8440,공부,광진구 기타 장소,2028-01-14 14:00:00,2028-01-14 18:00:00
8441,식사,광진구 한식당,2028-01-14 18:00:00,2028-01-14 20:00:00
8442,관람,뚝섬 전망대,2028-01-14 20:00:00,2028-01-14 21:00:00
8443,관람,롯데시네마 건대입구,2028-01-14 21:00:00,2028-01-15 00:00:00
8444,식사,광진구 한식당,2028-01-15 08:00:00,2028-01-15 10:00:00
8445,운동,뚝섬 유원지 요가 센터,2028-01-15 10:00:00,2028-01-15 14:00:00
8446,실내활동,광진구 기타 장소,2028-01-15 14:00:00,2028-01-15 16:00:00
8447,실내활동,광진구 기타 장소,2028-01-15 16:00:00,2028-01-15 17:00:00
8448,운동,광진구 공원 체력단련장,2028-01-15 17:00:00,2028-01-15 18:00:00
8449,식사,광진구 한식당,2028-01-15 18:00:00,2028-01-15 20:00:00
8450,공원,광진구 기타 장소,2028-01-15 20:00:00,2028-01-15 23:00:00
8451,운동,광진구 공원 체력단련장,2028-01-15 23:00:00,2028-01-16 00:00:00
8452,식사,건대 버거 레스토랑,2028-01-16 08:00:00,2028-01-16 10:00:00
8453,관람,어린이대공원 공연장,2028-01-16 10:00:00,2028-01-16 14:00:00
8454,관람,건국대학교 박물관,2028-01-16 14:00:00,2028-01-16 18:00:00
8455,식사,건대입구 음식점,2028-01-16 18:00:00,2028-01-16 20:00:00
8456,운동,광진구 등산 코스,2028-01-16 20:00:00,2028-01-16 21:00:00
8457,스포츠,광진구 배드민턴장,2028-01-16 21:00:00,2028-01-17 00:00:00
8458,식사,뚝섬 수변 카페,2028-01-17 08:00:00,2028-01-17 10:00:00
8459,운동,서울숲 조깅 트랙,2028-01-17 10:00:00,2028-01-17 13:00:00
8460,스포츠,세종대 실내 체육관,2028-01-17 13:00:00,2028-01-17 17:00:00
8461,운동,어린이대공원 실내 체육관,2028-01-17 17:00:00,2028-01-17 18:00:00
8462,식사,한강 뚝섬 피크닉존 카페,2028-01-17 18:00:00,2028-01-17 20:00:00
8463,공부,광진구 기타 장소,2028-01-17 20:00:00,2028-01-18 00:00:00
8464,식사,건대입구 전통시장,2028-01-18 08:00:00,2028-01-18 10:00:00
8465,실내활동,광진구 기타 장소,2028-01-18 10:00:00,2028-01-18 13:00:00
8466,관람,건대 커뮤니티 아트센터,2028-01-18 13:00:00,2028-01-18 14:00:00
8467,스포츠,뚝섬 런닝코스,2028-01-18 14:00:00,2028-01-18 15:00:00
8468,관람,어린이대공원 공연장,2028-01-18 15:00:00,2028-01-18 17:00:00
8469,스포츠,광진구 배드민턴장,2028-01-18 17:00:00,2028-01-18 21:00:00
8470,관람,서울숲 갤러리,2028-01-18 21:00:00,2028-01-19 00:00:00
8471,식사,건대입구 전통시장,2028-01-19 08:00:00,2028-01-19 10:00:00
8472,공부,광진구 기타 장소,2028-01-19 10:00:00,2028-01-19 13:00:00
8473,공부,광진구 기타 장소,2028-01-19 13:00:00,2028-01-19 17:00:00
8474,공부,광진구 기타 장소,2028-01-19 17:00:00,2028-01-19 19:00:00
8475,공원,광진구 기타 장소,2028-01-19 19:00:00,2028-01-19 21:00:00
8476,실내활동,광진구 기타 장소,2028-01-19 21:00:00,2028-01-20 00:00:00
8477,식사,광진구 한식당,2028-01-20 08:00:00,2028-01-20 10:00:00
8478,운동,건대 헬스장,2028-01-20 10:00:00,2028-01-20 14:00:00
8479,공원,광진구 기타 장소,2028-01-20 14:00:00,2028-01-20 16:00:00
8480,운동,건대 스포츠 클럽,2028-01-20 16:00:00,2028-01-20 18:00:00
8481,식사,스타시티 푸드코트,2028-01-20 18:00:00,2028-01-20 20:00:00
8482,스포츠,서울숲 스케이트장,2028-01-20 20:00:00,2028-01-20 21:00:00
8483,운동,건대 스포츠 클럽,2028-01-20 21:00:00,2028-01-21 00:00:00
8484,식사,세종대 부근 맛집,2028-01-21 08:00:00,2028-01-21 10:00:00
8485,실내활동,광진구 기타 장소,2028-01-21 10:00:00,2028-01-21 14:00:00
8486,관람,어린이대공원 공연장,2028-01-21 14:00:00,2028-01-21 16:00:00
8487,실내활동,광진구 기타 장소,2028-01-21 16:00:00,2028-01-21 17:00:00
8488,실내활동,광진구 기타 장소,2028-01-21 17:00:00,2028-01-21 20:00:00
8489,공부,광진구 기타 장소,2028-01-21 20:00:00,2028-01-21 21:00:00
8490,관람,서울숲 갤러리,2028-01-21 21:00:00,2028-01-21 22:00:00
8491,관람,어린이대공원 공연장,2028-01-21 22:00:00,2028-01-22 00:00:00
8492,식사,광진구 한식당,2028-01-22 08:00:00,2028-01-22 10:00:00
8493,실내활동,광진구 기타 장소,2028-01-22 10:00:00,2028-01-22 11:00:00
8494,운동,뚝섬 유원지 요가 센터,2028-01-22 11:00:00,2028-01-22 13:00:00
8495,실내활동,광진구 기타 장소,2028-01-22 13:00:00,2028-01-22 14:00:00
8496,운동,광진구 등산 코스,2028-01-22 14:00:00,2028-01-22 15:00:00
8497,공원,광진구 기타 장소,2028-01-22 15:00:00,2028-01-22 17:00:00
8498,실내활동,광진구 기타 장소,2028-01-22 17:00:00,2028-01-22 21:00:00
8499,공원,광진구 기타 장소,2028-01-22 21:00:00,2028-01-22 23:00:00
8500,운동,광진구 공원 체력단련장,2028-01-22 23:00:00,2028-01-23 00:00:00
8501,식사,광진구 한식당,2028-01-23 08:00:00,2028-01-23 10:00:00
8502,스포츠,한강공원 축구장,2028-01-23 10:00:00,2028-01-23 13:00:00
8503,운동,뚝섬 유원지 요가 센터,2028-01-23 13:00:00,2028-01-23 15:00:00
8504,스포츠,건대 헬스장,2028-01-23 15:00:00,2028-01-23 18:00:00
8505,식사,건대 버거 레스토랑,2028-01-23 18:00:00,2028-01-23 20:00:00
8506,스포츠,건대 헬스장,2028-01-23 20:00:00,2028-01-23 23:00:00
8507,스포츠,광진구 배드민턴장,2028-01-23 23:00:00,2028-01-24 00:00:00
8508,관람,광진구 시립극장,2028-01-23 22:00:00,2028-01-23 23:00:00
8509,식사,건대입구 전통시장,2028-01-24 08:00:00,2028-01-24 10:00:00
8510,스포츠,세종대 실내 체육관,2028-01-24 10:00:00,2028-01-24 13:00:00
8511,운동,뚝섬 유원지 요가 센터,2028-01-24 13:00:00,2028-01-24 15:00:00
8512,스포츠,뚝섬 런닝코스,2028-01-24 15:00:00,2028-01-24 18:00:00
8513,식사,세종대 부근 맛집,2028-01-24 18:00:00,2028-01-24 20:00:00
8514,운동,광진구 공원 체력단련장,2028-01-24 20:00:00,2028-01-24 22:00:00
8515,공부,광진구 기타 장소,2028-01-24 22:00:00,2028-01-24 23:00:00
8516,운동,한강 공원,2028-01-24 23:00:00,2028-01-25 00:00:00
8517,식사,건대 버거 레스토랑,2028-01-25 08:00:00,2028-01-25 10:00:00
8518,스포츠,광진구 배드민턴장,2028-01-25 10:00:00,2028-01-25 11:00:00
8519,스포츠,한강공원 축구장,2028-01-25 11:00:00,2028-01-25 15:00:00
8520,스포츠,한강공원 축구장,2028-01-25 15:00:00,2028-01-25 19:00:00
8521,실내활동,광진구 기타 장소,2028-01-25 19:00:00,2028-01-25 23:00:00
8522,실내활동,광진구 기타 장소,2028-01-25 23:00:00,2028-01-26 00:00:00
8523,관람,어린이대공원 공연장,2028-01-25 22:00:00,2028-01-25 23:00:00
8524,식사,광진구 한식당,2028-01-26 08:00:00,2028-01-26 10:00:00
8525,공원,광진구 기타 장소,2028-01-26 10:00:00,2028-01-26 12:00:00
8526,식사,세종대 부근 맛집,2028-01-26 12:00:00,2028-01-26 14:00:00
8527,실내활동,광진구 기타 장소,2028-01-26 14:00:00,2028-01-26 15:00:00
8528,실내활동,광진구 기타 장소,2028-01-26 15:00:00,2028-01-26 17:00:00
8529,공부,광진구 기타 장소,2028-01-26 17:00:00,2028-01-26 21:00:00
8530,공부,광진구 기타 장소,2028-01-26 21:00:00,2028-01-27 00:00:00
8531,식사,광진구 한식당,2028-01-27 08:00:00,2028-01-27 10:00:00
8532,공원,광진구 기타 장소,2028-01-27 10:00:00,2028-01-27 13:00:00
8533,운동,뚝섬 유원지 요가 센터,2028-01-27 13:00:00,2028-01-27 14:00:00
8534,공원,광진구 기타 장소,2028-01-27 14:00:00,2028-01-27 16:00:00
8535,운동,한강 자전거 대여소,2028-01-27 16:00:00,2028-01-27 19:00:00
8536,공원,광진구 기타 장소,2028-01-27 19:00:00,2028-01-27 20:00:00
8537,공원,광진구 기타 장소,2028-01-27 20:00:00,2028-01-28 00:00:00
8538,스포츠,한강공원 축구장,2028-01-27 22:00:00,2028-01-27 23:00:00
8539,식사,건대입구 음식점,2028-01-28 08:00:00,2028-01-28 10:00:00
8540,공부,광진구 기타 장소,2028-01-28 10:00:00,2028-01-28 14:00:00
8541,실내활동,광진구 기타 장소,2028-01-28 14:00:00,2028-01-28 15:00:00
8542,관람,뚝섬 전망대,2028-01-28 15:00:00,2028-01-28 19:00:00
8543,관람,건대 메가박스,2028-01-28 19:00:00,2028-01-28 22:00:00
8544,관람,뚝섬 전망대,2028-01-28 22:00:00,2028-01-29 00:00:00
8545,식사,건대입구 전통시장,2028-01-29 08:00:00,2028-01-29 10:00:00
8546,실내활동,광진구 기타 장소,2028-01-29 10:00:00,2028-01-29 12:00:00
8547,식사,건대 버거 레스토랑,2028-01-29 12:00:00,2028-01-29 14:00:00
8548,운동,광진구 공원 체력단련장,2028-01-29 14:00:00,2028-01-29 17:00:00
8549,실내활동,광진구 기타 장소,2028-01-29 17:00:00,2028-01-29 21:00:00
8550,공원,광진구 기타 장소,2028-01-29 21:00:00,2028-01-29 23:00:00
8551,실내활동,광진구 기타 장소,2028-01-29 23:00:00,2028-01-30 00:00:00
8552,식사,건대 버거 레스토랑,2028-01-30 08:00:00,2028-01-30 10:00:00
8553,스포츠,광진구 배드민턴장,2028-01-30 10:00:00,2028-01-30 12:00:00
8554,식사,건대입구 전통시장,2028-01-30 12:00:00,2028-01-30 14:00:00
8555,관람,서울숲 갤러리,2028-01-30 14:00:00,2028-01-30 16:00:00
8556,운동,서울숲 조깅 트랙,2028-01-30 16:00:00,2028-01-30 17:00:00
8557,관람,건대 커뮤니티 아트센터,2028-01-30 17:00:00,2028-01-30 19:00:00
8558,관람,광진구 시립극장,2028-01-30 19:00:00,2028-01-30 23:00:00
8559,운동,한강 자전거 대여소,2028-01-30 23:00:00,2028-01-31 00:00:00
8560,식사,뚝섬 수변 카페,2028-01-31 08:00:00,2028-01-31 10:00:00
8561,스포츠,건대 헬스장,2028-01-31 10:00:00,2028-01-31 11:00:00
8562,공부,광진구 기타 장소,2028-01-31 11:00:00,2028-01-31 12:00:00
8563,식사,광장시장 맛집,2028-01-31 12:00:00,2028-01-31 14:00:00
8564,공부,광진구 기타 장소,2028-01-31 14:00:00,2028-01-31 18:00:00
8565,식사,한강 뚝섬 피크닉존 카페,2028-01-31 18:00:00,2028-01-31 20:00:00
8566,공부,광진구 기타 장소,2028-01-31 20:00:00,2028-01-31 22:00:00
8567,운동,어린이대공원 실내 체육관,2028-01-31 22:00:00,2028-01-31 23:00:00
8568,스포츠,뚝섬 런닝코스,2028-01-31 23:00:00,2028-02-01 00:00:00
8569,식사,건대 버거 레스토랑,2028-02-01 08:00:00,2028-02-01 10:00:00
8570,스포츠,광진구 요가 스튜디오,2028-02-01 10:00:00,2028-02-01 13:00:00
8571,스포츠,건대 헬스장,2028-02-01 13:00:00,2028-02-01 17:00:00
8572,관람,서울숲 갤러리,2028-02-01 17:00:00,2028-02-01 18:00:00
8573,식사,건대 버거 레스토랑,2028-02-01 18:00:00,2028-02-01 20:00:00
8574,실내활동,광진구 기타 장소,2028-02-01 20:00:00,2028-02-01 21:00:00
8575,스포츠,광진구 배드민턴장,2028-02-01 21:00:00,2028-02-01 22:00:00
8576,실내활동,광진구 기타 장소,2028-02-01 22:00:00,2028-02-01 23:00:00
8577,스포츠,한강공원 축구장,2028-02-01 23:00:00,2028-02-02 00:00:00
8578,식사,어린이대공원 근처 레스토랑,2028-02-02 08:00:00,2028-02-02 10:00:00
8579,공부,광진구 기타 장소,2028-02-02 10:00:00,2028-02-02 14:00:00
8580,실내활동,광진구 기타 장소,2028-02-02 14:00:00,2028-02-02 17:00:00
8581,공원,광진구 기타 장소,2028-02-02 17:00:00,2028-02-02 19:00:00
8582,공부,광진구 기타 장소,2028-02-02 19:00:00,2028-02-02 21:00:00
8583,공원,광진구 기타 장소,2028-02-02 21:00:00,2028-02-02 23:00:00
8584,공원,광진구 기타 장소,2028-02-02 23:00:00,2028-02-03 00:00:00
8585,식사,광진구 한식당,2028-02-03 08:00:00,2028-02-03 10:00:00
8586,공원,광진구 기타 장소,2028-02-03 10:00:00,2028-02-03 11:00:00
8587,운동,건대 헬스장,2028-02-03 11:00:00,2028-02-03 14:00:00
8588,운동,한강 공원,2028-02-03 14:00:00,2028-02-03 17:00:00
8589,공원,광진구 기타 장소,2028-02-03 17:00:00,2028-02-03 18:00:00
8590,식사,건대입구 음식점,2028-02-03 18:00:00,2028-02-03 20:00:00
8591,운동,한강 자전거 대여소,2028-02-03 20:00:00,2028-02-03 21:00:00
8592,운동,한강 자전거 대여소,2028-02-03 21:00:00,2028-02-03 22:00:00
8593,공원,광진구 기타 장소,2028-02-03 22:00:00,2028-02-03 23:00:00
8594,공원,광진구 기타 장소,2028-02-03 23:00:00,2028-02-04 00:00:00
8595,스포츠,뚝섬 런닝코스,2028-02-03 22:00:00,2028-02-03 23:00:00
8596,식사,뚝섬 수변 카페,2028-02-04 08:00:00,2028-02-04 10:00:00
8597,관람,한강 뚝섬 예술극장,2028-02-04 10:00:00,2028-02-04 12:00:00
8598,식사,건대입구 음식점,2028-02-04 12:00:00,2028-02-04 14:00:00
8599,실내활동,광진구 기타 장소,2028-02-04 14:00:00,2028-02-04 17:00:00
8600,공부,광진구 기타 장소,2028-02-04 17:00:00,2028-02-04 18:00:00
8601,식사,건대입구 전통시장,2028-02-04 18:00:00,2028-02-04 20:00:00
8602,관람,서울숲 갤러리,2028-02-04 20:00:00,2028-02-04 21:00:00
8603,실내활동,광진구 기타 장소,2028-02-04 21:00:00,2028-02-05 00:00:00
8604,식사,세종대 부근 맛집,2028-02-05 08:00:00,2028-02-05 10:00:00
8605,공원,광진구 기타 장소,2028-02-05 10:00:00,2028-02-05 12:00:00
8606,식사,건대 버거 레스토랑,2028-02-05 12:00:00,2028-02-05 14:00:00
8607,실내활동,광진구 기타 장소,2028-02-05 14:00:00,2028-02-05 17:00:00
8608,운동,건대 헬스장,2028-02-05 17:00:00,2028-02-05 19:00:00
8609,실내활동,광진구 기타 장소,2028-02-05 19:00:00,2028-02-05 22:00:00
8610,운동,건대 스포츠 클럽,2028-02-05 22:00:00,2028-02-06 00:00:00
8611,식사,스타시티 푸드코트,2028-02-06 08:00:00,2028-02-06 10:00:00
8612,운동,어린이대공원 실내 체육관,2028-02-06 10:00:00,2028-02-06 14:00:00
8613,관람,뚝섬 전망대,2028-02-06 14:00:00,2028-02-06 15:00:00
8614,스포츠,광진구 요가 스튜디오,2028-02-06 15:00:00,2028-02-06 19:00:00
8615,운동,뚝섬 유원지 요가 센터,2028-02-06 19:00:00,2028-02-06 21:00:00
8616,운동,광진구 공원 체력단련장,2028-02-06 21:00:00,2028-02-06 22:00:00
8617,관람,건대 커뮤니티 아트센터,2028-02-06 22:00:00,2028-02-07 00:00:00
8618,식사,광진구 한식당,2028-02-07 08:00:00,2028-02-07 10:00:00
8619,공부,광진구 기타 장소,2028-02-07 10:00:00,2028-02-07 12:00:00
8620,식사,건대 버거 레스토랑,2028-02-07 12:00:00,2028-02-07 14:00:00
8621,공부,광진구 기타 장소,2028-02-07 14:00:00,2028-02-07 18:00:00
8622,식사,건대입구 음식점,2028-02-07 18:00:00,2028-02-07 20:00:00
8623,스포츠,광진구 요가 스튜디오,2028-02-07 20:00:00,2028-02-07 21:00:00
8624,스포츠,광진구 요가 스튜디오,2028-02-07 21:00:00,2028-02-07 23:00:00
8625,공부,광진구 기타 장소,2028-02-07 23:00:00,2028-02-08 00:00:00
8626,운동,한강 공원,2028-02-07 22:00:00,2028-02-07 23:00:00
8627,식사,세종대 부근 맛집,2028-02-08 08:00:00,2028-02-08 10:00:00
8628,실내활동,광진구 기타 장소,2028-02-08 10:00:00,2028-02-08 12:00:00
8629,식사,어린이대공원 근처 레스토랑,2028-02-08 12:00:00,2028-02-08 14:00:00
8630,실내활동,광진구 기타 장소,2028-02-08 14:00:00,2028-02-08 15:00:00
8631,관람,어린이대공원 공연장,2028-02-08 15:00:00,2028-02-08 17:00:00
8632,관람,뚝섬 전망대,2028-02-08 17:00:00,2028-02-08 21:00:00
8633,관람,한강 뚝섬 예술극장,2028-02-08 21:00:00,2028-02-08 23:00:00
8634,실내활동,광진구 기타 장소,2028-02-08 23:00:00,2028-02-09 00:00:00
8635,스포츠,서울숲 테니스장,2028-02-08 22:00:00,2028-02-08 23:00:00
8636,식사,뚝섬 수변 카페,2028-02-09 08:00:00,2028-02-09 10:00:00
8637,공부,광진구 기타 장소,2028-02-09 10:00:00,2028-02-09 13:00:00
8638,실내활동,광진구 기타 장소,2028-02-09 13:00:00,2028-02-09 14:00:00
8639,공원,광진구 기타 장소,2028-02-09 14:00:00,2028-02-09 16:00:00
8640,공부,광진구 기타 장소,2028-02-09 16:00:00,2028-02-09 18:00:00
8641,식사,어린이대공원 근처 레스토랑,2028-02-09 18:00:00,2028-02-09 20:00:00
8642,실내활동,광진구 기타 장소,2028-02-09 20:00:00,2028-02-09 21:00:00
8643,공부,광진구 기타 장소,2028-02-09 21:00:00,2028-02-10 00:00:00
8644,식사,한강 뚝섬 피크닉존 카페,2028-02-10 08:00:00,2028-02-10 10:00:00
8645,스포츠,광진구 체육관,2028-02-10 10:00:00,2028-02-10 12:00:00
8646,식사,세종대 부근 맛집,2028-02-10 12:00:00,2028-02-10 14:00:00
8647,스포츠,한강공원 축구장,2028-02-10 14:00:00,2028-02-10 18:00:00
8648,식사,세종대 부근 맛집,2028-02-10 18:00:00,2028-02-10 20:00:00
8649,공원,광진구 기타 장소,2028-02-10 20:00:00,2028-02-10 22:00:00
8650,공원,광진구 기타 장소,2028-02-10 22:00:00,2028-02-11 00:00:00
8651,운동,서울숲 조깅 트랙,2028-02-10 22:00:00,2028-02-10 23:00:00
8652,식사,건대 버거 레스토랑,2028-02-11 08:00:00,2028-02-11 10:00:00
8653,관람,광진구 시립극장,2028-02-11 10:00:00,2028-02-11 12:00:00
8654,식사,어린이대공원 근처 레스토랑,2028-02-11 12:00:00,2028-02-11 14:00:00
8655,실내활동,광진구 기타 장소,2028-02-11 14:00:00,2028-02-11 18:00:00
8656,식사,스타시티 푸드코트,2028-02-11 18:00:00,2028-02-11 20:00:00
8657,실내활동,광진구 기타 장소,2028-02-11 20:00:00,2028-02-11 22:00:00
8658,공부,광진구 기타 장소,2028-02-11 22:00:00,2028-02-12 00:00:00
8659,식사,건대 버거 레스토랑,2028-02-12 08:00:00,2028-02-12 10:00:00
8660,공원,광진구 기타 장소,2028-02-12 10:00:00,2028-02-12 11:00:00
8661,운동,뚝섬 유원지 요가 센터,2028-02-12 11:00:00,2028-02-12 15:00:00
8662,운동,어린이대공원 실내 체육관,2028-02-12 15:00:00,2028-02-12 17:00:00
8663,운동,뚝섬 한강 수영장,2028-02-12 17:00:00,2028-02-12 21:00:00
8664,실내활동,광진구 기타 장소,2028-02-12 21:00:00,2028-02-12 22:00:00
8665,운동,서울숲 조깅 트랙,2028-02-12 22:00:00,2028-02-12 23:00:00
8666,공원,광진구 기타 장소,2028-02-12 23:00:00,2028-02-13 00:00:00
8667,식사,스타시티 푸드코트,2028-02-13 08:00:00,2028-02-13 10:00:00
8668,운동,건대 헬스장,2028-02-13 10:00:00,2028-02-13 14:00:00
8669,관람,광진구 시립극장,2028-02-13 14:00:00,2028-02-13 18:00:00
8670,식사,건대입구 음식점,2028-02-13 18:00:00,2028-02-13 20:00:00
8671,스포츠,세종대 실내 체육관,2028-02-13 20:00:00,2028-02-13 22:00:00
8672,관람,건국대학교 박물관,2028-02-13 22:00:00,2028-02-14 00:00:00
8673,식사,건대입구 음식점,2028-02-14 08:00:00,2028-02-14 10:00:00
8674,스포츠,건대 헬스장,2028-02-14 10:00:00,2028-02-14 11:00:00
8675,공부,광진구 기타 장소,2028-02-14 11:00:00,2028-02-14 12:00:00
8676,식사,건대입구 전통시장,2028-02-14 12:00:00,2028-02-14 14:00:00
8677,공부,광진구 기타 장소,2028-02-14 14:00:00,2028-02-14 15:00:00
8678,운동,한강 자전거 대여소,2028-02-14 15:00:00,2028-02-14 18:00:00
8679,식사,광진구 한식당,2028-02-14 18:00:00,2028-02-14 20:00:00
8680,운동,어린이대공원 실내 체육관,2028-02-14 20:00:00,2028-02-14 22:00:00
8681,운동,한강 자전거 대여소,2028-02-14 22:00:00,2028-02-15 00:00:00
8682,식사,스타시티 푸드코트,2028-02-15 08:00:00,2028-02-15 10:00:00
8683,실내활동,광진구 기타 장소,2028-02-15 10:00:00,2028-02-15 11:00:00
8684,스포츠,한강공원 축구장,2028-02-15 11:00:00,2028-02-15 15:00:00
8685,관람,어린이대공원 공연장,2028-02-15 15:00:00,2028-02-15 19:00:00
8686,실내활동,광진구 기타 장소,2028-02-15 19:00:00,2028-02-15 22:00:00
8687,스포츠,뚝섬 런닝코스,2028-02-15 22:00:00,2028-02-16 00:00:00
8688,식사,광진구 한식당,2028-02-16 08:00:00,2028-02-16 10:00:00
8689,공부,광진구 기타 장소,2028-02-16 10:00:00,2028-02-16 14:00:00
8690,실내활동,광진구 기타 장소,2028-02-16 14:00:00,2028-02-16 18:00:00
8691,식사,건대입구 음식점,2028-02-16 18:00:00,2028-02-16 20:00:00
8692,실내활동,광진구 기타 장소,2028-02-16 20:00:00,2028-02-17 00:00:00
8693,공원,광진구 기타 장소,2028-02-16 22:00:00,2028-02-16 23:00:00
8694,식사,건대 버거 레스토랑,2028-02-17 08:00:00,2028-02-17 10:00:00
8695,공원,광진구 기타 장소,2028-02-17 10:00:00,2028-02-17 11:00:00
8696,운동,뚝섬 한강 수영장,2028-02-17 11:00:00,2028-02-17 15:00:00
8697,공원,광진구 기타 장소,2028-02-17 15:00:00,2028-02-17 16:00:00
8698,스포츠,어린이대공원 운동장,2028-02-17 16:00:00,2028-02-17 18:00:00
8699,식사,한강 뚝섬 피크닉존 카페,2028-02-17 18:00:00,2028-02-17 20:00:00
8700,스포츠,건대 헬스장,2028-02-17 20:00:00,2028-02-18 00:00:00
8701,식사,건대 버거 레스토랑,2028-02-18 08:00:00,2028-02-18 10:00:00
8702,실내활동,광진구 기타 장소,2028-02-18 10:00:00,2028-02-18 14:00:00
8703,관람,서울숲 갤러리,2028-02-18 14:00:00,2028-02-18 18:00:00
8704,식사,광진구 한식당,2028-02-18 18:00:00,2028-02-18 20:00:00
8705,공부,광진구 기타 장소,2028-02-18 20:00:00,2028-02-19 00:00:00
8706,식사,건대 버거 레스토랑,2028-02-19 08:00:00,2028-02-19 10:00:00
8707,운동,서울숲 조깅 트랙,2028-02-19 10:00:00,2028-02-19 14:00:00
8708,실내활동,광진구 기타 장소,2028-02-19 14:00:00,2028-02-19 17:00:00
8709,실내활동,광진구 기타 장소,2028-02-19 17:00:00,2028-02-19 20:00:00
8710,공원,광진구 기타 장소,2028-02-19 20:00:00,2028-02-20 00:00:00
8711,식사,광진구 한식당,2028-02-20 08:00:00,2028-02-20 10:00:00
8712,관람,뚝섬 전망대,2028-02-20 10:00:00,2028-02-20 12:00:00
8713,식사,세종대 부근 맛집,2028-02-20 12:00:00,2028-02-20 14:00:00
8714,관람,광진구 시립극장,2028-02-20 14:00:00,2028-02-20 18:00:00
8715,식사,어린이대공원 근처 레스토랑,2028-02-20 18:00:00,2028-02-20 20:00:00
8716,스포츠,건대 헬스장,2028-02-20 20:00:00,2028-02-20 21:00:00
8717,스포츠,한강공원 축구장,2028-02-20 21:00:00,2028-02-20 23:00:00
8718,관람,광진문화예술회관,2028-02-20 23:00:00,2028-02-21 00:00:00
8719,운동,한강 공원,2028-02-20 22:00:00,2028-02-20 23:00:00
8720,식사,어린이대공원 근처 레스토랑,2028-02-21 08:00:00,2028-02-21 10:00:00
8721,스포츠,건대 헬스장,2028-02-21 10:00:00,2028-02-21 13:00:00
8722,공부,광진구 기타 장소,2028-02-21 13:00:00,2028-02-21 17:00:00
8723,운동,건대 스포츠 클럽,2028-02-21 17:00:00,2028-02-21 21:00:00
8724,스포츠,어린이대공원 운동장,2028-02-21 21:00:00,2028-02-22 00:00:00
8725,식사,건대입구 전통시장,2028-02-22 08:00:00,2028-02-22 10:00:00
8726,스포츠,서울숲 테니스장,2028-02-22 10:00:00,2028-02-22 13:00:00
8727,실내활동,광진구 기타 장소,2028-02-22 13:00:00,2028-02-22 17:00:00
8728,실내활동,광진구 기타 장소,2028-02-22 17:00:00,2028-02-22 19:00:00
8729,관람,서울숲 갤러리,2028-02-22 19:00:00,2028-02-22 21:00:00
8730,실내활동,광진구 기타 장소,2028-02-22 21:00:00,2028-02-23 00:00:00
8731,식사,건대입구 음식점,2028-02-23 08:00:00,2028-02-23 10:00:00
8732,공원,광진구 기타 장소,2028-02-23 10:00:00,2028-02-23 14:00:00
8733,공부,광진구 기타 장소,2028-02-23 14:00:00,2028-02-23 15:00:00
8734,공부,광진구 기타 장소,2028-02-23 15:00:00,2028-02-23 18:00:00
8735,식사,뚝섬 수변 카페,2028-02-23 18:00:00,2028-02-23 20:00:00
8736,공원,광진구 기타 장소,2028-02-23 20:00:00,2028-02-23 23:00:00
8737,공원,광진구 기타 장소,2028-02-23 23:00:00,2028-02-24 00:00:00
8738,실내활동,광진구 기타 장소,2028-02-23 22:00:00,2028-02-23 23:00:00
8739,식사,뚝섬 수변 카페,2028-02-24 08:00:00,2028-02-24 10:00:00
8740,스포츠,뚝섬 런닝코스,2028-02-24 10:00:00,2028-02-24 11:00:00
8741,공원,광진구 기타 장소,2028-02-24 11:00:00,2028-02-24 14:00:00
8742,스포츠,광진구 요가 스튜디오,2028-02-24 14:00:00,2028-02-24 17:00:00
8743,공원,광진구 기타 장소,2028-02-24 17:00:00,2028-02-24 21:00:00
8744,운동,건대 헬스장,2028-02-24 21:00:00,2028-02-24 23:00:00
8745,공원,광진구 기타 장소,2028-02-24 23:00:00,2028-02-25 00:00:00
8746,식사,건대 버거 레스토랑,2028-02-25 08:00:00,2028-02-25 10:00:00
8747,공부,광진구 기타 장소,2028-02-25 10:00:00,2028-02-25 12:00:00
8748,식사,한강 뚝섬 피크닉존 카페,2028-02-25 12:00:00,2028-02-25 14:00:00
8749,관람,어린이대공원 공연장,2028-02-25 14:00:00,2028-02-25 18:00:00
8750,식사,스타시티 푸드코트,2028-02-25 18:00:00,2028-02-25 20:00:00
8751,관람,롯데시네마 건대입구,2028-02-25 20:00:00,2028-02-25 21:00:00
8752,관람,광진구 시립극장,2028-02-25 21:00:00,2028-02-25 23:00:00
8753,관람,한강 뚝섬 예술극장,2028-02-25 23:00:00,2028-02-26 00:00:00
8754,실내활동,광진구 기타 장소,2028-02-25 22:00:00,2028-02-25 23:00:00
8755,식사,뚝섬 수변 카페,2028-02-26 08:00:00,2028-02-26 10:00:00
8756,공원,광진구 기타 장소,2028-02-26 10:00:00,2028-02-26 13:00:00
8757,공원,광진구 기타 장소,2028-02-26 13:00:00,2028-02-26 15:00:00
8758,운동,한강 자전거 대여소,2028-02-26 15:00:00,2028-02-26 16:00:00
8759,공원,광진구 기타 장소,2028-02-26 16:00:00,2028-02-26 17:00:00
8760,공원,광진구 기타 장소,2028-02-26 17:00:00,2028-02-26 21:00:00
8761,실내활동,광진구 기타 장소,2028-02-26 21:00:00,2028-02-27 00:00:00
8762,식사,광장시장 맛집,2028-02-27 08:00:00,2028-02-27 10:00:00
8763,관람,건대 메가박스,2028-02-27 10:00:00,2028-02-27 11:00:00
8764,운동,어린이대공원 실내 체육관,2028-02-27 11:00:00,2028-02-27 12:00:00
8765,식사,스타시티 푸드코트,2028-02-27 12:00:00,2028-02-27 14:00:00
8766,스포츠,서울숲 테니스장,2028-02-27 14:00:00,2028-02-27 18:00:00
8767,식사,광진구 한식당,2028-02-27 18:00:00,2028-02-27 20:00:00
8768,운동,광진구 공원 체력단련장,2028-02-27 20:00:00,2028-02-27 21:00:00
8769,관람,한강 뚝섬 예술극장,2028-02-27 21:00:00,2028-02-28 00:00:00
8770,식사,건대입구 음식점,2028-02-28 08:00:00,2028-02-28 10:00:00
8771,스포츠,광진구 배드민턴장,2028-02-28 10:00:00,2028-02-28 11:00:00
8772,스포츠,광진구 요가 스튜디오,2028-02-28 11:00:00,2028-02-28 14:00:00
8773,운동,뚝섬 유원지 요가 센터,2028-02-28 14:00:00,2028-02-28 15:00:00
8774,공부,광진구 기타 장소,2028-02-28 15:00:00,2028-02-28 19:00:00
8775,운동,한강 자전거 대여소,2028-02-28 19:00:00,2028-02-28 21:00:00
8776,스포츠,어린이대공원 운동장,2028-02-28 21:00:00,2028-02-28 22:00:00
8777,공부,광진구 기타 장소,2028-02-28 22:00:00,2028-02-29 00:00:00
8778,식사,세종대 부근 맛집,2028-02-29 08:00:00,2028-02-29 10:00:00
8779,실내활동,광진구 기타 장소,2028-02-29 10:00:00,2028-02-29 14:00:00
8780,실내활동,광진구 기타 장소,2028-02-29 14:00:00,2028-02-29 18:00:00
8781,식사,건대입구 음식점,2028-02-29 18:00:00,2028-02-29 20:00:00
8782,스포츠,세종대 실내 체육관,2028-02-29 20:00:00,2028-03-01 00:00:00
8783,관람,광진구 시립극장,2028-02-29 22:00:00,2028-02-29 23:00:00
8784,식사,광장시장 맛집,2028-03-01 08:00:00,2028-03-01 10:00:00
8785,공부,광진구 기타 장소,2028-03-01 10:00:00,2028-03-01 11:00:00
8786,공부,광진구 기타 장소,2028-03-01 11:00:00,2028-03-01 13:00:00
8787,실내활동,광진구 기타 장소,2028-03-01 13:00:00,2028-03-01 15:00:00
8788,실내활동,광진구 기타 장소,2028-03-01 15:00:00,2028-03-01 16:00:00
8789,공부,광진구 기타 장소,2028-03-01 16:00:00,2028-03-01 18:00:00
8790,식사,광진구 한식당,2028-03-01 18:00:00,2028-03-01 20:00:00
8791,실내활동,광진구 기타 장소,2028-03-01 20:00:00,2028-03-02 00:00:00
8792,공원,광진구 기타 장소,2028-03-01 22:00:00,2028-03-01 23:00:00
8793,식사,건대입구 전통시장,2028-03-02 08:00:00,2028-03-02 10:00:00
8794,운동,광진구 등산 코스,2028-03-02 10:00:00,2028-03-02 12:00:00
8795,식사,세종대 부근 맛집,2028-03-02 12:00:00,2028-03-02 14:00:00
8796,운동,광진구 공원 체력단련장,2028-03-02 14:00:00,2028-03-02 18:00:00
8797,식사,어린이대공원 근처 레스토랑,2028-03-02 18:00:00,2028-03-02 20:00:00
8798,운동,어린이대공원 실내 체육관,2028-03-02 20:00:00,2028-03-03 00:00:00
8799,스포츠,건대 헬스장,2028-03-02 22:00:00,2028-03-02 23:00:00
8800,공원,광진구 기타 장소,2028-03-02 22:00:00,2028-03-02 23:00:00
8801,식사,뚝섬 수변 카페,2028-03-03 08:00:00,2028-03-03 10:00:00
8802,실내활동,광진구 기타 장소,2028-03-03 10:00:00,2028-03-03 13:00:00
8803,실내활동,광진구 기타 장소,2028-03-03 13:00:00,2028-03-03 14:00:00
8804,실내활동,광진구 기타 장소,2028-03-03 14:00:00,2028-03-03 16:00:00
8805,공부,광진구 기타 장소,2028-03-03 16:00:00,2028-03-03 17:00:00
8806,공부,광진구 기타 장소,2028-03-03 17:00:00,2028-03-03 19:00:00
8807,실내활동,광진구 기타 장소,2028-03-03 19:00:00,2028-03-03 23:00:00
8808,공부,광진구 기타 장소,2028-03-03 23:00:00,2028-03-04 00:00:00
8809,관람,한강 뚝섬 예술극장,2028-03-03 22:00:00,2028-03-03 23:00:00
8810,식사,뚝섬 수변 카페,2028-03-04 08:00:00,2028-03-04 10:00:00
8811,운동,서울숲 조깅 트랙,2028-03-04 10:00:00,2028-03-04 13:00:00
8812,공원,광진구 기타 장소,2028-03-04 13:00:00,2028-03-04 16:00:00
8813,공원,광진구 기타 장소,2028-03-04 16:00:00,2028-03-04 18:00:00
8814,식사,한강 뚝섬 피크닉존 카페,2028-03-04 18:00:00,2028-03-04 20:00:00
8815,실내활동,광진구 기타 장소,2028-03-04 20:00:00,2028-03-04 22:00:00
8816,공원,광진구 기타 장소,2028-03-04 22:00:00,2028-03-05 00:00:00
8817,식사,광장시장 맛집,2028-03-05 08:00:00,2028-03-05 10:00:00
8818,관람,건대 커뮤니티 아트센터,2028-03-05 10:00:00,2028-03-05 13:00:00
8819,운동,서울숲 조깅 트랙,2028-03-05 13:00:00,2028-03-05 15:00:00
8820,운동,뚝섬 유원지 요가 센터,2028-03-05 15:00:00,2028-03-05 16:00:00
8821,관람,서울숲 갤러리,2028-03-05 16:00:00,2028-03-05 18:00:00
8822,식사,한강 뚝섬 피크닉존 카페,2028-03-05 18:00:00,2028-03-05 20:00:00
8823,스포츠,어린이대공원 운동장,2028-03-05 20:00:00,2028-03-06 00:00:00
8824,식사,광장시장 맛집,2028-03-06 08:00:00,2028-03-06 10:00:00
8825,공부,광진구 기타 장소,2028-03-06 10:00:00,2028-03-06 14:00:00
8826,스포츠,광진구 체육관,2028-03-06 14:00:00,2028-03-06 18:00:00
8827,식사,건대입구 음식점,2028-03-06 18:00:00,2028-03-06 20:00:00
8828,스포츠,뚝섬 런닝코스,2028-03-06 20:00:00,2028-03-06 23:00:00
8829,운동,서울숲 조깅 트랙,2028-03-06 23:00:00,2028-03-07 00:00:00
8830,식사,한강 뚝섬 피크닉존 카페,2028-03-07 08:00:00,2028-03-07 10:00:00
8831,스포츠,세종대 실내 체육관,2028-03-07 10:00:00,2028-03-07 11:00:00
8832,관람,서울숲 갤러리,2028-03-07 11:00:00,2028-03-07 14:00:00
8833,스포츠,건대 헬스장,2028-03-07 14:00:00,2028-03-07 15:00:00
8834,관람,건대 메가박스,2028-03-07 15:00:00,2028-03-07 18:00:00
8835,식사,어린이대공원 근처 레스토랑,2028-03-07 18:00:00,2028-03-07 20:00:00
8836,실내활동,광진구 기타 장소,2028-03-07 20:00:00,2028-03-08 00:00:00
8837,식사,세종대 부근 맛집,2028-03-08 08:00:00,2028-03-08 10:00:00
8838,공원,광진구 기타 장소,2028-03-08 10:00:00,2028-03-08 12:00:00
8839,식사,어린이대공원 근처 레스토랑,2028-03-08 12:00:00,2028-03-08 14:00:00
8840,공부,광진구 기타 장소,2028-03-08 14:00:00,2028-03-08 18:00:00
8841,식사,세종대 부근 맛집,2028-03-08 18:00:00,2028-03-08 20:00:00
8842,공원,광진구 기타 장소,2028-03-08 20:00:00,2028-03-08 23:00:00
8843,공부,광진구 기타 장소,2028-03-08 23:00:00,2028-03-09 00:00:00
8844,실내활동,광진구 기타 장소,2028-03-08 22:00:00,2028-03-08 23:00:00
8845,식사,건대입구 전통시장,2028-03-09 08:00:00,2028-03-09 10:00:00
8846,공원,광진구 기타 장소,2028-03-09 10:00:00,2028-03-09 14:00:00
8847,운동,뚝섬 유원지 요가 센터,2028-03-09 14:00:00,2028-03-09 16:00:00
8848,공원,광진구 기타 장소,2028-03-09 16:00:00,2028-03-09 17:00:00
8849,운동,건대 헬스장,2028-03-09 17:00:00,2028-03-09 19:00:00
8850,스포츠,건대 헬스장,2028-03-09 19:00:00,2028-03-09 23:00:00
8851,스포츠,세종대 실내 체육관,2028-03-09 23:00:00,2028-03-10 00:00:00
8852,식사,건대입구 음식점,2028-03-10 08:00:00,2028-03-10 10:00:00
8853,관람,한강 뚝섬 예술극장,2028-03-10 10:00:00,2028-03-10 14:00:00
8854,관람,건대 메가박스,2028-03-10 14:00:00,2028-03-10 15:00:00
8855,관람,서울숲 갤러리,2028-03-10 15:00:00,2028-03-10 18:00:00
8856,식사,광장시장 맛집,2028-03-10 18:00:00,2028-03-10 20:00:00
8857,실내활동,광진구 기타 장소,2028-03-10 20:00:00,2028-03-10 23:00:00
8858,관람,건대 메가박스,2028-03-10 23:00:00,2028-03-11 00:00:00
8859,공부,광진구 기타 장소,2028-03-10 22:00:00,2028-03-10 23:00:00
8860,식사,스타시티 푸드코트,2028-03-11 08:00:00,2028-03-11 10:00:00
8861,운동,광진구 공원 체력단련장,2028-03-11 10:00:00,2028-03-11 14:00:00
8862,실내활동,광진구 기타 장소,2028-03-11 14:00:00,2028-03-11 15:00:00
8863,공원,광진구 기타 장소,2028-03-11 15:00:00,2028-03-11 19:00:00
8864,공원,광진구 기타 장소,2028-03-11 19:00:00,2028-03-11 23:00:00
8865,실내활동,광진구 기타 장소,2028-03-11 23:00:00,2028-03-12 00:00:00
8866,식사,한강 뚝섬 피크닉존 카페,2028-03-12 08:00:00,2028-03-12 10:00:00
8867,운동,서울숲 조깅 트랙,2028-03-12 10:00:00,2028-03-12 13:00:00
8868,관람,건국대학교 박물관,2028-03-12 13:00:00,2028-03-12 17:00:00
8869,스포츠,뚝섬 런닝코스,2028-03-12 17:00:00,2028-03-12 20:00:00
8870,관람,한강 뚝섬 예술극장,2028-03-12 20:00:00,2028-03-12 22:00:00
8871,스포츠,한강공원 축구장,2028-03-12 22:00:00,2028-03-13 00:00:00
8872,식사,건대입구 전통시장,2028-03-13 08:00:00,2028-03-13 10:00:00
8873,운동,건대 헬스장,2028-03-13 10:00:00,2028-03-13 11:00:00
8874,스포츠,건대 헬스장,2028-03-13 11:00:00,2028-03-13 14:00:00
8875,운동,건대 스포츠 클럽,2028-03-13 14:00:00,2028-03-13 17:00:00
8876,운동,광진구 등산 코스,2028-03-13 17:00:00,2028-03-13 21:00:00
8877,스포츠,서울숲 스케이트장,2028-03-13 21:00:00,2028-03-13 23:00:00
8878,스포츠,어린이대공원 운동장,2028-03-13 23:00:00,2028-03-14 00:00:00
8879,공부,광진구 기타 장소,2028-03-13 22:00:00,2028-03-13 23:00:00
8880,식사,세종대 부근 맛집,2028-03-14 08:00:00,2028-03-14 10:00:00
8881,실내활동,광진구 기타 장소,2028-03-14 10:00:00,2028-03-14 13:00:00
8882,관람,광진구 시립극장,2028-03-14 13:00:00,2028-03-14 16:00:00
8883,관람,건대 메가박스,2028-03-14 16:00:00,2028-03-14 19:00:00
8884,실내활동,광진구 기타 장소,2028-03-14 19:00:00,2028-03-14 22:00:00
8885,관람,한강 뚝섬 예술극장,2028-03-14 22:00:00,2028-03-15 00:00:00
8886,스포츠,뚝섬 런닝코스,2028-03-14 22:00:00,2028-03-14 23:00:00
8887,식사,건대 버거 레스토랑,2028-03-15 08:00:00,2028-03-15 10:00:00
8888,공부,광진구 기타 장소,2028-03-15 10:00:00,2028-03-15 12:00:00
8889,식사,어린이대공원 근처 레스토랑,2028-03-15 12:00:00,2028-03-15 14:00:00
8890,공부,광진구 기타 장소,2028-03-15 14:00:00,2028-03-15 15:00:00
8891,공부,광진구 기타 장소,2028-03-15 15:00:00,2028-03-15 17:00:00
8892,공부,광진구 기타 장소,2028-03-15 17:00:00,2028-03-15 21:00:00
8893,공원,광진구 기타 장소,2028-03-15 21:00:00,2028-03-15 23:00:00
8894,공부,광진구 기타 장소,2028-03-15 23:00:00,2028-03-16 00:00:00
8895,실내활동,광진구 기타 장소,2028-03-15 22:00:00,2028-03-15 23:00:00
8896,식사,건대입구 음식점,2028-03-16 08:00:00,2028-03-16 10:00:00
8897,공원,광진구 기타 장소,2028-03-16 10:00:00,2028-03-16 14:00:00
8898,스포츠,건대 헬스장,2028-03-16 14:00:00,2028-03-16 18:00:00
8899,식사,건대입구 음식점,2028-03-16 18:00:00,2028-03-16 20:00:00
8900,운동,뚝섬 한강 수영장,2028-03-16 20:00:00,2028-03-16 21:00:00
8901,공원,광진구 기타 장소,2028-03-16 21:00:00,2028-03-16 23:00:00
8902,공원,광진구 기타 장소,2028-03-16 23:00:00,2028-03-17 00:00:00
8903,식사,광진구 한식당,2028-03-17 08:00:00,2028-03-17 10:00:00
8904,실내활동,광진구 기타 장소,2028-03-17 10:00:00,2028-03-17 14:00:00
8905,공부,광진구 기타 장소,2028-03-17 14:00:00,2028-03-17 17:00:00
8906,관람,뚝섬 전망대,2028-03-17 17:00:00,2028-03-17 20:00:00
8907,공부,광진구 기타 장소,2028-03-17 20:00:00,2028-03-17 22:00:00
8908,관람,광진문화예술회관,2028-03-17 22:00:00,2028-03-17 23:00:00
8909,관람,롯데시네마 건대입구,2028-03-17 23:00:00,2028-03-18 00:00:00
8910,식사,광장시장 맛집,2028-03-18 08:00:00,2028-03-18 10:00:00
8911,실내활동,광진구 기타 장소,2028-03-18 10:00:00,2028-03-18 14:00:00
8912,공원,광진구 기타 장소,2028-03-18 14:00:00,2028-03-18 18:00:00
8913,식사,뚝섬 수변 카페,2028-03-18 18:00:00,2028-03-18 20:00:00
8914,운동,한강 자전거 대여소,2028-03-18 20:00:00,2028-03-18 22:00:00
8915,실내활동,광진구 기타 장소,2028-03-18 22:00:00,2028-03-19 00:00:00
8916,식사,건대입구 전통시장,2028-03-19 08:00:00,2028-03-19 10:00:00
8917,운동,어린이대공원 실내 체육관,2028-03-19 10:00:00,2028-03-19 12:00:00
8918,식사,건대 버거 레스토랑,2028-03-19 12:00:00,2028-03-19 14:00:00
8919,운동,한강 공원,2028-03-19 14:00:00,2028-03-19 18:00:00
8920,식사,광진구 한식당,2028-03-19 18:00:00,2028-03-19 20:00:00
8921,관람,건국대학교 박물관,2028-03-19 20:00:00,2028-03-19 21:00:00
8922,운동,한강 자전거 대여소,2028-03-19 21:00:00,2028-03-19 23:00:00
8923,관람,뚝섬 전망대,2028-03-19 23:00:00,2028-03-20 00:00:00
8924,스포츠,광진구 체육관,2028-03-19 22:00:00,2028-03-19 23:00:00
8925,식사,건대입구 전통시장,2028-03-20 08:00:00,2028-03-20 10:00:00
8926,공부,광진구 기타 장소,2028-03-20 10:00:00,2028-03-20 11:00:00
8927,공부,광진구 기타 장소,2028-03-20 11:00:00,2028-03-20 15:00:00
8928,공부,광진구 기타 장소,2028-03-20 15:00:00,2028-03-20 18:00:00
8929,식사,어린이대공원 근처 레스토랑,2028-03-20 18:00:00,2028-03-20 20:00:00
8930,운동,광진구 공원 체력단련장,2028-03-20 20:00:00,2028-03-20 21:00:00
8931,운동,한강 자전거 대여소,2028-03-20 21:00:00,2028-03-21 00:00:00
8932,스포츠,광진구 배드민턴장,2028-03-20 22:00:00,2028-03-20 23:00:00
8933,식사,세종대 부근 맛집,2028-03-21 08:00:00,2028-03-21 10:00:00
8934,스포츠,광진구 배드민턴장,2028-03-21 10:00:00,2028-03-21 11:00:00
8935,스포츠,광진구 체육관,2028-03-21 11:00:00,2028-03-21 12:00:00
8936,식사,광진구 한식당,2028-03-21 12:00:00,2028-03-21 14:00:00
8937,관람,광진구 시립극장,2028-03-21 14:00:00,2028-03-21 16:00:00
8938,실내활동,광진구 기타 장소,2028-03-21 16:00:00,2028-03-21 17:00:00
8939,실내활동,광진구 기타 장소,2028-03-21 17:00:00,2028-03-21 19:00:00
8940,관람,뚝섬 전망대,2028-03-21 19:00:00,2028-03-21 21:00:00
8941,관람,건국대학교 박물관,2028-03-21 21:00:00,2028-03-21 23:00:00
8942,실내활동,광진구 기타 장소,2028-03-21 23:00:00,2028-03-22 00:00:00
8943,식사,스타시티 푸드코트,2028-03-22 08:00:00,2028-03-22 10:00:00
8944,실내활동,광진구 기타 장소,2028-03-22 10:00:00,2028-03-22 12:00:00
8945,식사,스타시티 푸드코트,2028-03-22 12:00:00,2028-03-22 14:00:00
8946,공부,광진구 기타 장소,2028-03-22 14:00:00,2028-03-22 16:00:00
8947,공부,광진구 기타 장소,2028-03-22 16:00:00,2028-03-22 19:00:00
8948,공부,광진구 기타 장소,2028-03-22 19:00:00,2028-03-22 22:00:00
8949,공원,광진구 기타 장소,2028-03-22 22:00:00,2028-03-22 23:00:00
8950,공원,광진구 기타 장소,2028-03-22 23:00:00,2028-03-23 00:00:00
8951,식사,세종대 부근 맛집,2028-03-23 08:00:00,2028-03-23 10:00:00
8952,운동,서울숲 조깅 트랙,2028-03-23 10:00:00,2028-03-23 14:00:00
8953,운동,한강 자전거 대여소,2028-03-23 14:00:00,2028-03-23 15:00:00
8954,운동,어린이대공원 실내 체육관,2028-03-23 15:00:00,2028-03-23 19:00:00
8955,공원,광진구 기타 장소,2028-03-23 19:00:00,2028-03-23 22:00:00
8956,스포츠,세종대 실내 체육관,2028-03-23 22:00:00,2028-03-24 00:00:00
8957,식사,건대 버거 레스토랑,2028-03-24 08:00:00,2028-03-24 10:00:00
8958,관람,광진문화예술회관,2028-03-24 10:00:00,2028-03-24 11:00:00
8959,관람,한강 뚝섬 예술극장,2028-03-24 11:00:00,2028-03-24 12:00:00
8960,식사,어린이대공원 근처 레스토랑,2028-03-24 12:00:00,2028-03-24 14:00:00
8961,관람,건국대학교 박물관,2028-03-24 14:00:00,2028-03-24 18:00:00
8962,식사,건대 버거 레스토랑,2028-03-24 18:00:00,2028-03-24 20:00:00
8963,공부,광진구 기타 장소,2028-03-24 20:00:00,2028-03-24 22:00:00
8964,관람,한강 뚝섬 예술극장,2028-03-24 22:00:00,2028-03-24 23:00:00
8965,공부,광진구 기타 장소,2028-03-24 23:00:00,2028-03-25 00:00:00
8966,실내활동,광진구 기타 장소,2028-03-24 22:00:00,2028-03-24 23:00:00
8967,식사,광진구 한식당,2028-03-25 08:00:00,2028-03-25 10:00:00
8968,실내활동,광진구 기타 장소,2028-03-25 10:00:00,2028-03-25 12:00:00
8969,식사,세종대 부근 맛집,2028-03-25 12:00:00,2028-03-25 14:00:00
8970,실내활동,광진구 기타 장소,2028-03-25 14:00:00,2028-03-25 15:00:00
8971,운동,건대 스포츠 클럽,2028-03-25 15:00:00,2028-03-25 17:00:00
8972,공원,광진구 기타 장소,2028-03-25 17:00:00,2028-03-25 18:00:00
8973,식사,광장시장 맛집,2028-03-25 18:00:00,2028-03-25 20:00:00
8974,운동,광진구 등산 코스,2028-03-25 20:00:00,2028-03-25 23:00:00
8975,운동,광진구 공원 체력단련장,2028-03-25 23:00:00,2028-03-26 00:00:00
8976,식사,어린이대공원 근처 레스토랑,2028-03-26 08:00:00,2028-03-26 10:00:00
8977,스포츠,서울숲 테니스장,2028-03-26 10:00:00,2028-03-26 12:00:00
8978,식사,세종대 부근 맛집,2028-03-26 12:00:00,2028-03-26 14:00:00
8979,운동,광진구 등산 코스,2028-03-26 14:00:00,2028-03-26 15:00:00
8980,스포츠,건대 헬스장,2028-03-26 15:00:00,2028-03-26 18:00:00
8981,식사,광장시장 맛집,2028-03-26 18:00:00,2028-03-26 20:00:00
8982,운동,뚝섬 한강 수영장,2028-03-26 20:00:00,2028-03-27 00:00:00
8983,관람,어린이대공원 공연장,2028-03-26 22:00:00,2028-03-26 23:00:00
8984,식사,뚝섬 수변 카페,2028-03-27 08:00:00,2028-03-27 10:00:00
8985,공부,광진구 기타 장소,2028-03-27 10:00:00,2028-03-27 12:00:00
8986,식사,광진구 한식당,2028-03-27 12:00:00,2028-03-27 14:00:00
8987,공부,광진구 기타 장소,2028-03-27 14:00:00,2028-03-27 18:00:00
8988,식사,어린이대공원 근처 레스토랑,2028-03-27 18:00:00,2028-03-27 20:00:00
8989,운동,서울숲 조깅 트랙,2028-03-27 20:00:00,2028-03-28 00:00:00
8990,스포츠,뚝섬 런닝코스,2028-03-27 22:00:00,2028-03-27 23:00:00
8991,식사,뚝섬 수변 카페,2028-03-28 08:00:00,2028-03-28 10:00:00
8992,관람,한강 뚝섬 예술극장,2028-03-28 10:00:00,2028-03-28 11:00:00
8993,실내활동,광진구 기타 장소,2028-03-28 11:00:00,2028-03-28 15:00:00
8994,관람,광진구 시립극장,2028-03-28 15:00:00,2028-03-28 19:00:00
8995,스포츠,한강공원 축구장,2028-03-28 19:00:00,2028-03-28 22:00:00
8996,실내활동,광진구 기타 장소,2028-03-28 22:00:00,2028-03-29 00:00:00
8997,식사,한강 뚝섬 피크닉존 카페,2028-03-29 08:00:00,2028-03-29 10:00:00
8998,실내활동,광진구 기타 장소,2028-03-29 10:00:00,2028-03-29 11:00:00
8999,실내활동,광진구 기타 장소,2028-03-29 11:00:00,2028-03-29 13:00:00
9000,실내활동,광진구 기타 장소,2028-03-29 13:00:00,2028-03-29 14:00:00
9001,공부,광진구 기타 장소,2028-03-29 14:00:00,2028-03-29 18:00:00
9002,식사,건대 버거 레스토랑,2028-03-29 18:00:00,2028-03-29 20:00:00
9003,공원,광진구 기타 장소,2028-03-29 20:00:00,2028-03-29 22:00:00
9004,공원,광진구 기타 장소,2028-03-29 22:00:00,2028-03-29 23:00:00
9005,공원,광진구 기타 장소,2028-03-29 23:00:00,2028-03-30 00:00:00
9006,식사,어린이대공원 근처 레스토랑,2028-03-30 08:00:00,2028-03-30 10:00:00
9007,공원,광진구 기타 장소,2028-03-30 10:00:00,2028-03-30 12:00:00
9008,식사,광진구 한식당,2028-03-30 12:00:00,2028-03-30 14:00:00
9009,공원,광진구 기타 장소,2028-03-30 14:00:00,2028-03-30 18:00:00
9010,식사,광진구 한식당,2028-03-30 18:00:00,2028-03-30 20:00:00
9011,운동,건대 스포츠 클럽,2028-03-30 20:00:00,2028-03-31 00:00:00
9012,스포츠,뚝섬 런닝코스,2028-03-30 22:00:00,2028-03-30 23:00:00
9013,식사,건대입구 전통시장,2028-03-31 08:00:00,2028-03-31 10:00:00
9014,실내활동,광진구 기타 장소,2028-03-31 10:00:00,2028-03-31 12:00:00
9015,식사,광진구 한식당,2028-03-31 12:00:00,2028-03-31 14:00:00
9016,실내활동,광진구 기타 장소,2028-03-31 14:00:00,2028-03-31 16:00:00
9017,공부,광진구 기타 장소,2028-03-31 16:00:00,2028-03-31 17:00:00
9018,실내활동,광진구 기타 장소,2028-03-31 17:00:00,2028-03-31 20:00:00
9019,실내활동,광진구 기타 장소,2028-03-31 20:00:00,2028-03-31 22:00:00
9020,관람,어린이대공원 공연장,2028-03-31 22:00:00,2028-04-01 00:00:00
9021,식사,건대 버거 레스토랑,2028-04-01 08:00:00,2028-04-01 10:00:00
9022,공원,광진구 기타 장소,2028-04-01 10:00:00,2028-04-01 12:00:00
9023,식사,한강 뚝섬 피크닉존 카페,2028-04-01 12:00:00,2028-04-01 14:00:00
9024,공원,광진구 기타 장소,2028-04-01 14:00:00,2028-04-01 17:00:00
9025,공원,광진구 기타 장소,2028-04-01 17:00:00,2028-04-01 19:00:00
9026,실내활동,광진구 기타 장소,2028-04-01 19:00:00,2028-04-01 23:00:00
9027,실내활동,광진구 기타 장소,2028-04-01 23:00:00,2028-04-02 00:00:00
9028,운동,서울숲 조깅 트랙,2028-04-01 22:00:00,2028-04-01 23:00:00
9029,식사,스타시티 푸드코트,2028-04-02 08:00:00,2028-04-02 10:00:00
9030,관람,건대 커뮤니티 아트센터,2028-04-02 10:00:00,2028-04-02 12:00:00
9031,식사,스타시티 푸드코트,2028-04-02 12:00:00,2028-04-02 14:00:00
9032,운동,건대 스포츠 클럽,2028-04-02 14:00:00,2028-04-02 17:00:00
9033,운동,뚝섬 유원지 요가 센터,2028-04-02 17:00:00,2028-04-02 21:00:00
9034,관람,한강 뚝섬 예술극장,2028-04-02 21:00:00,2028-04-02 22:00:00
9035,스포츠,세종대 실내 체육관,2028-04-02 22:00:00,2028-04-03 00:00:00
9036,식사,뚝섬 수변 카페,2028-04-03 08:00:00,2028-04-03 10:00:00
9037,공부,광진구 기타 장소,2028-04-03 10:00:00,2028-04-03 14:00:00
9038,공부,광진구 기타 장소,2028-04-03 14:00:00,2028-04-03 18:00:00
9039,식사,건대입구 전통시장,2028-04-03 18:00:00,2028-04-03 20:00:00
9040,스포츠,서울숲 테니스장,2028-04-03 20:00:00,2028-04-03 22:00:00
9041,운동,광진구 등산 코스,2028-04-03 22:00:00,2028-04-03 23:00:00
9042,공부,광진구 기타 장소,2028-04-03 23:00:00,2028-04-04 00:00:00
9043,식사,스타시티 푸드코트,2028-04-04 08:00:00,2028-04-04 10:00:00
9044,실내활동,광진구 기타 장소,2028-04-04 10:00:00,2028-04-04 11:00:00
9045,스포츠,서울숲 스케이트장,2028-04-04 11:00:00,2028-04-04 14:00:00
9046,실내활동,광진구 기타 장소,2028-04-04 14:00:00,2028-04-04 18:00:00
9047,식사,건대입구 음식점,2028-04-04 18:00:00,2028-04-04 20:00:00
9048,스포츠,뚝섬 런닝코스,2028-04-04 20:00:00,2028-04-04 23:00:00
9049,스포츠,광진구 요가 스튜디오,2028-04-04 23:00:00,2028-04-05 00:00:00
9050,관람,한강 뚝섬 예술극장,2028-04-04 22:00:00,2028-04-04 23:00:00
9051,식사,건대입구 음식점,2028-04-05 08:00:00,2028-04-05 10:00:00
9052,공부,광진구 기타 장소,2028-04-05 10:00:00,2028-04-05 11:00:00
9053,공부,광진구 기타 장소,2028-04-05 11:00:00,2028-04-05 12:00:00
9054,식사,세종대 부근 맛집,2028-04-05 12:00:00,2028-04-05 14:00:00
9055,실내활동,광진구 기타 장소,2028-04-05 14:00:00,2028-04-05 17:00:00
9056,공부,광진구 기타 장소,2028-04-05 17:00:00,2028-04-05 19:00:00
9057,공부,광진구 기타 장소,2028-04-05 19:00:00,2028-04-05 21:00:00
9058,공원,광진구 기타 장소,2028-04-05 21:00:00,2028-04-06 00:00:00
9059,식사,세종대 부근 맛집,2028-04-06 08:00:00,2028-04-06 10:00:00
9060,스포츠,광진구 요가 스튜디오,2028-04-06 10:00:00,2028-04-06 13:00:00
9061,운동,한강 자전거 대여소,2028-04-06 13:00:00,2028-04-06 17:00:00
9062,스포츠,건대 헬스장,2028-04-06 17:00:00,2028-04-06 20:00:00
9063,운동,서울숲 조깅 트랙,2028-04-06 20:00:00,2028-04-07 00:00:00
9064,공원,광진구 기타 장소,2028-04-06 22:00:00,2028-04-06 23:00:00
9065,식사,건대 버거 레스토랑,2028-04-07 08:00:00,2028-04-07 10:00:00
9066,실내활동,광진구 기타 장소,2028-04-07 10:00:00,2028-04-07 13:00:00
9067,공부,광진구 기타 장소,2028-04-07 13:00:00,2028-04-07 16:00:00
9068,관람,건대 커뮤니티 아트센터,2028-04-07 16:00:00,2028-04-07 20:00:00
9069,실내활동,광진구 기타 장소,2028-04-07 20:00:00,2028-04-07 21:00:00
9070,관람,한강 뚝섬 예술극장,2028-04-07 21:00:00,2028-04-07 23:00:00
9071,공부,광진구 기타 장소,2028-04-07 23:00:00,2028-04-08 00:00:00
9072,식사,건대 버거 레스토랑,2028-04-08 08:00:00,2028-04-08 10:00:00
9073,실내활동,광진구 기타 장소,2028-04-08 10:00:00,2028-04-08 12:00:00
9074,식사,세종대 부근 맛집,2028-04-08 12:00:00,2028-04-08 14:00:00
9075,운동,광진구 공원 체력단련장,2028-04-08 14:00:00,2028-04-08 18:00:00
9076,식사,한강 뚝섬 피크닉존 카페,2028-04-08 18:00:00,2028-04-08 20:00:00
9077,공원,광진구 기타 장소,2028-04-08 20:00:00,2028-04-08 22:00:00
9078,공원,광진구 기타 장소,2028-04-08 22:00:00,2028-04-09 00:00:00
9079,식사,한강 뚝섬 피크닉존 카페,2028-04-09 08:00:00,2028-04-09 10:00:00
9080,스포츠,세종대 실내 체육관,2028-04-09 10:00:00,2028-04-09 11:00:00
9081,관람,서울숲 갤러리,2028-04-09 11:00:00,2028-04-09 12:00:00
9082,식사,건대입구 음식점,2028-04-09 12:00:00,2028-04-09 14:00:00
9083,관람,건대 커뮤니티 아트센터,2028-04-09 14:00:00,2028-04-09 16:00:00
9084,관람,한강 뚝섬 예술극장,2028-04-09 16:00:00,2028-04-09 17:00:00
9085,운동,뚝섬 한강 수영장,2028-04-09 17:00:00,2028-04-09 20:00:00
9086,운동,한강 공원,2028-04-09 20:00:00,2028-04-09 23:00:00
9087,스포츠,어린이대공원 운동장,2028-04-09 23:00:00,2028-04-10 00:00:00
9088,식사,세종대 부근 맛집,2028-04-10 08:00:00,2028-04-10 10:00:00
9089,스포츠,광진구 요가 스튜디오,2028-04-10 10:00:00,2028-04-10 14:00:00
9090,운동,건대 스포츠 클럽,2028-04-10 14:00:00,2028-04-10 16:00:00
9091,운동,건대 스포츠 클럽,2028-04-10 16:00:00,2028-04-10 19:00:00
9092,운동,서울숲 조깅 트랙,2028-04-10 19:00:00,2028-04-10 23:00:00
9093,스포츠,서울숲 테니스장,2028-04-10 23:00:00,2028-04-11 00:00:00
9094,공부,광진구 기타 장소,2028-04-10 22:00:00,2028-04-10 23:00:00
9095,식사,건대입구 전통시장,2028-04-11 08:00:00,2028-04-11 10:00:00
9096,스포츠,건대 헬스장,2028-04-11 10:00:00,2028-04-11 13:00:00
9097,실내활동,광진구 기타 장소,2028-04-11 13:00:00,2028-04-11 15:00:00
9098,스포츠,건대 헬스장,2028-04-11 15:00:00,2028-04-11 19:00:00
9099,스포츠,한강공원 축구장,2028-04-11 19:00:00,2028-04-11 22:00:00
9100,관람,어린이대공원 공연장,2028-04-11 22:00:00,2028-04-12 00:00:00
9101,식사,뚝섬 수변 카페,2028-04-12 08:00:00,2028-04-12 10:00:00
9102,공부,광진구 기타 장소,2028-04-12 10:00:00,2028-04-12 14:00:00
9103,공부,광진구 기타 장소,2028-04-12 14:00:00,2028-04-12 16:00:00
9104,실내활동,광진구 기타 장소,2028-04-12 16:00:00,2028-04-12 20:00:00
9105,공부,광진구 기타 장소,2028-04-12 20:00:00,2028-04-12 22:00:00
9106,공원,광진구 기타 장소,2028-04-12 22:00:00,2028-04-13 00:00:00
9107,식사,뚝섬 수변 카페,2028-04-13 08:00:00,2028-04-13 10:00:00
9108,운동,한강 자전거 대여소,2028-04-13 10:00:00,2028-04-13 14:00:00
9109,운동,광진구 공원 체력단련장,2028-04-13 14:00:00,2028-04-13 17:00:00
9110,운동,광진구 등산 코스,2028-04-13 17:00:00,2028-04-13 18:00:00
9111,식사,뚝섬 수변 카페,2028-04-13 18:00:00,2028-04-13 20:00:00
9112,스포츠,세종대 실내 체육관,2028-04-13 20:00:00,2028-04-13 22:00:00
9113,운동,어린이대공원 실내 체육관,2028-04-13 22:00:00,2028-04-13 23:00:00
9114,운동,뚝섬 유원지 요가 센터,2028-04-13 23:00:00,2028-04-14 00:00:00
9115,공원,광진구 기타 장소,2028-04-13 22:00:00,2028-04-13 23:00:00
9116,식사,스타시티 푸드코트,2028-04-14 08:00:00,2028-04-14 10:00:00
9117,공부,광진구 기타 장소,2028-04-14 10:00:00,2028-04-14 14:00:00
9118,실내활동,광진구 기타 장소,2028-04-14 14:00:00,2028-04-14 15:00:00
9119,관람,건대 커뮤니티 아트센터,2028-04-14 15:00:00,2028-04-14 17:00:00
9120,관람,서울숲 갤러리,2028-04-14 17:00:00,2028-04-14 18:00:00
9121,식사,광장시장 맛집,2028-04-14 18:00:00,2028-04-14 20:00:00
9122,관람,건대 커뮤니티 아트센터,2028-04-14 20:00:00,2028-04-14 23:00:00
9123,관람,롯데시네마 건대입구,2028-04-14 23:00:00,2028-04-15 00:00:00
9124,식사,광장시장 맛집,2028-04-15 08:00:00,2028-04-15 10:00:00
9125,운동,뚝섬 유원지 요가 센터,2028-04-15 10:00:00,2028-04-15 13:00:00
9126,실내활동,광진구 기타 장소,2028-04-15 13:00:00,2028-04-15 15:00:00
9127,실내활동,광진구 기타 장소,2028-04-15 15:00:00,2028-04-15 18:00:00
9128,식사,한강 뚝섬 피크닉존 카페,2028-04-15 18:00:00,2028-04-15 20:00:00
9129,운동,뚝섬 유원지 요가 센터,2028-04-15 20:00:00,2028-04-15 23:00:00
9130,공원,광진구 기타 장소,2028-04-15 23:00:00,2028-04-16 00:00:00
9131,식사,어린이대공원 근처 레스토랑,2028-04-16 08:00:00,2028-04-16 10:00:00
9132,운동,건대 스포츠 클럽,2028-04-16 10:00:00,2028-04-16 11:00:00
9133,스포츠,어린이대공원 운동장,2028-04-16 11:00:00,2028-04-16 12:00:00
9134,식사,광장시장 맛집,2028-04-16 12:00:00,2028-04-16 14:00:00
9135,운동,광진구 등산 코스,2028-04-16 14:00:00,2028-04-16 18:00:00
9136,식사,건대입구 음식점,2028-04-16 18:00:00,2028-04-16 20:00:00
9137,운동,광진구 등산 코스,2028-04-16 20:00:00,2028-04-16 21:00:00
9138,관람,광진문화예술회관,2028-04-16 21:00:00,2028-04-16 22:00:00
9139,운동,광진구 등산 코스,2028-04-16 22:00:00,2028-04-17 00:00:00
9140,식사,어린이대공원 근처 레스토랑,2028-04-17 08:00:00,2028-04-17 10:00:00
9141,스포츠,광진구 배드민턴장,2028-04-17 10:00:00,2028-04-17 13:00:00
9142,운동,광진구 공원 체력단련장,2028-04-17 13:00:00,2028-04-17 15:00:00
9143,스포츠,세종대 실내 체육관,2028-04-17 15:00:00,2028-04-17 16:00:00
9144,운동,어린이대공원 실내 체육관,2028-04-17 16:00:00,2028-04-17 19:00:00
9145,스포츠,광진구 요가 스튜디오,2028-04-17 19:00:00,2028-04-17 23:00:00
9146,스포츠,서울숲 스케이트장,2028-04-17 23:00:00,2028-04-18 00:00:00
9147,공부,광진구 기타 장소,2028-04-17 22:00:00,2028-04-17 23:00:00
9148,식사,뚝섬 수변 카페,2028-04-18 08:00:00,2028-04-18 10:00:00
9149,관람,뚝섬 전망대,2028-04-18 10:00:00,2028-04-18 14:00:00
9150,스포츠,서울숲 테니스장,2028-04-18 14:00:00,2028-04-18 16:00:00
9151,스포츠,서울숲 스케이트장,2028-04-18 16:00:00,2028-04-18 18:00:00
9152,식사,광진구 한식당,2028-04-18 18:00:00,2028-04-18 20:00:00
9153,실내활동,광진구 기타 장소,2028-04-18 20:00:00,2028-04-19 00:00:00
9154,식사,어린이대공원 근처 레스토랑,2028-04-19 08:00:00,2028-04-19 10:00:00
9155,공원,광진구 기타 장소,2028-04-19 10:00:00,2028-04-19 12:00:00
9156,식사,스타시티 푸드코트,2028-04-19 12:00:00,2028-04-19 14:00:00
9157,공부,광진구 기타 장소,2028-04-19 14:00:00,2028-04-19 16:00:00
9158,공부,광진구 기타 장소,2028-04-19 16:00:00,2028-04-19 19:00:00
9159,공부,광진구 기타 장소,2028-04-19 19:00:00,2028-04-19 22:00:00
9160,공원,광진구 기타 장소,2028-04-19 22:00:00,2028-04-20 00:00:00
9161,실내활동,광진구 기타 장소,2028-04-19 22:00:00,2028-04-19 23:00:00
9162,식사,어린이대공원 근처 레스토랑,2028-04-20 08:00:00,2028-04-20 10:00:00
9163,공원,광진구 기타 장소,2028-04-20 10:00:00,2028-04-20 14:00:00
9164,공원,광진구 기타 장소,2028-04-20 14:00:00,2028-04-20 16:00:00
9165,운동,건대 스포츠 클럽,2028-04-20 16:00:00,2028-04-20 17:00:00
9166,운동,건대 스포츠 클럽,2028-04-20 17:00:00,2028-04-20 19:00:00
9167,스포츠,광진구 체육관,2028-04-20 19:00:00,2028-04-20 23:00:00
9168,공원,광진구 기타 장소,2028-04-20 23:00:00,2028-04-21 00:00:00
9169,식사,뚝섬 수변 카페,2028-04-21 08:00:00,2028-04-21 10:00:00
9170,실내활동,광진구 기타 장소,2028-04-21 10:00:00,2028-04-21 11:00:00
9171,실내활동,광진구 기타 장소,2028-04-21 11:00:00,2028-04-21 15:00:00
9172,공부,광진구 기타 장소,2028-04-21 15:00:00,2028-04-21 17:00:00
9173,실내활동,광진구 기타 장소,2028-04-21 17:00:00,2028-04-21 18:00:00
9174,식사,어린이대공원 근처 레스토랑,2028-04-21 18:00:00,2028-04-21 20:00:00
9175,관람,광진문화예술회관,2028-04-21 20:00:00,2028-04-21 23:00:00
9176,실내활동,광진구 기타 장소,2028-04-21 23:00:00,2028-04-22 00:00:00
9177,식사,뚝섬 수변 카페,2028-04-22 08:00:00,2028-04-22 10:00:00
9178,공원,광진구 기타 장소,2028-04-22 10:00:00,2028-04-22 11:00:00
9179,실내활동,광진구 기타 장소,2028-04-22 11:00:00,2028-04-22 12:00:00
9180,식사,세종대 부근 맛집,2028-04-22 12:00:00,2028-04-22 14:00:00
9181,실내활동,광진구 기타 장소,2028-04-22 14:00:00,2028-04-22 15:00:00
9182,실내활동,광진구 기타 장소,2028-04-22 15:00:00,2028-04-22 18:00:00
9183,식사,세종대 부근 맛집,2028-04-22 18:00:00,2028-04-22 20:00:00
9184,운동,뚝섬 한강 수영장,2028-04-22 20:00:00,2028-04-22 21:00:00
9185,실내활동,광진구 기타 장소,2028-04-22 21:00:00,2028-04-23 00:00:00
9186,식사,건대 버거 레스토랑,2028-04-23 08:00:00,2028-04-23 10:00:00
9187,운동,광진구 공원 체력단련장,2028-04-23 10:00:00,2028-04-23 14:00:00
9188,스포츠,어린이대공원 운동장,2028-04-23 14:00:00,2028-04-23 16:00:00
9189,운동,뚝섬 한강 수영장,2028-04-23 16:00:00,2028-04-23 17:00:00
9190,운동,뚝섬 유원지 요가 센터,2028-04-23 17:00:00,2028-04-23 18:00:00
9191,식사,세종대 부근 맛집,2028-04-23 18:00:00,2028-04-23 20:00:00
9192,스포츠,세종대 실내 체육관,2028-04-23 20:00:00,2028-04-23 23:00:00
9193,관람,광진문화예술회관,2028-04-23 23:00:00,2028-04-24 00:00:00
9194,식사,광진구 한식당,2028-04-24 08:00:00,2028-04-24 10:00:00
9195,스포츠,한강공원 축구장,2028-04-24 10:00:00,2028-04-24 12:00:00
9196,식사,건대 버거 레스토랑,2028-04-24 12:00:00,2028-04-24 14:00:00
9197,공부,광진구 기타 장소,2028-04-24 14:00:00,2028-04-24 18:00:00
9198,식사,뚝섬 수변 카페,2028-04-24 18:00:00,2028-04-24 20:00:00
9199,운동,건대 스포츠 클럽,2028-04-24 20:00:00,2028-04-24 21:00:00
9200,스포츠,광진구 배드민턴장,2028-04-24 21:00:00,2028-04-25 00:00:00
9201,식사,광장시장 맛집,2028-04-25 08:00:00,2028-04-25 10:00:00
9202,스포츠,뚝섬 런닝코스,2028-04-25 10:00:00,2028-04-25 12:00:00
9203,식사,세종대 부근 맛집,2028-04-25 12:00:00,2028-04-25 14:00:00
9204,스포츠,뚝섬 런닝코스,2028-04-25 14:00:00,2028-04-25 16:00:00
9205,스포츠,광진구 체육관,2028-04-25 16:00:00,2028-04-25 18:00:00
9206,식사,스타시티 푸드코트,2028-04-25 18:00:00,2028-04-25 20:00:00
9207,스포츠,어린이대공원 운동장,2028-04-25 20:00:00,2028-04-26 00:00:00
9208,관람,광진문화예술회관,2028-04-25 22:00:00,2028-04-25 23:00:00
9209,실내활동,광진구 기타 장소,2028-04-25 22:00:00,2028-04-25 23:00:00
9210,식사,세종대 부근 맛집,2028-04-26 08:00:00,2028-04-26 10:00:00
9211,공원,광진구 기타 장소,2028-04-26 10:00:00,2028-04-26 11:00:00
9212,공부,광진구 기타 장소,2028-04-26 11:00:00,2028-04-26 13:00:00
9213,실내활동,광진구 기타 장소,2028-04-26 13:00:00,2028-04-26 16:00:00
9214,실내활동,광진구 기타 장소,2028-04-26 16:00:00,2028-04-26 18:00:00
9215,식사,건대 버거 레스토랑,2028-04-26 18:00:00,2028-04-26 20:00:00
9216,공부,광진구 기타 장소,2028-04-26 20:00:00,2028-04-26 22:00:00
9217,공부,광진구 기타 장소,2028-04-26 22:00:00,2028-04-26 23:00:00
9218,실내활동,광진구 기타 장소,2028-04-26 23:00:00,2028-04-27 00:00:00
9219,식사,어린이대공원 근처 레스토랑,2028-04-27 08:00:00,2028-04-27 10:00:00
9220,스포츠,서울숲 테니스장,2028-04-27 10:00:00,2028-04-27 14:00:00
9221,공원,광진구 기타 장소,2028-04-27 14:00:00,2028-04-27 15:00:00
9222,운동,서울숲 조깅 트랙,2028-04-27 15:00:00,2028-04-27 18:00:00
9223,식사,세종대 부근 맛집,2028-04-27 18:00:00,2028-04-27 20:00:00
9224,운동,광진구 공원 체력단련장,2028-04-27 20:00:00,2028-04-27 23:00:00
9225,공원,광진구 기타 장소,2028-04-27 23:00:00,2028-04-28 00:00:00
9226,식사,광장시장 맛집,2028-04-28 08:00:00,2028-04-28 10:00:00
9227,관람,롯데시네마 건대입구,2028-04-28 10:00:00,2028-04-28 14:00:00
9228,공부,광진구 기타 장소,2028-04-28 14:00:00,2028-04-28 18:00:00
9229,식사,건대입구 음식점,2028-04-28 18:00:00,2028-04-28 20:00:00
9230,관람,건대 커뮤니티 아트센터,2028-04-28 20:00:00,2028-04-29 00:00:00
9231,실내활동,광진구 기타 장소,2028-04-28 22:00:00,2028-04-28 23:00:00
9232,식사,건대입구 전통시장,2028-04-29 08:00:00,2028-04-29 10:00:00
9233,실내활동,광진구 기타 장소,2028-04-29 10:00:00,2028-04-29 12:00:00
9234,식사,뚝섬 수변 카페,2028-04-29 12:00:00,2028-04-29 14:00:00
9235,공원,광진구 기타 장소,2028-04-29 14:00:00,2028-04-29 16:00:00
9236,운동,한강 자전거 대여소,2028-04-29 16:00:00,2028-04-29 20:00:00
9237,공원,광진구 기타 장소,2028-04-29 20:00:00,2028-04-29 21:00:00
9238,운동,어린이대공원 실내 체육관,2028-04-29 21:00:00,2028-04-30 00:00:00
9239,식사,건대입구 음식점,2028-04-30 08:00:00,2028-04-30 10:00:00
9240,스포츠,광진구 배드민턴장,2028-04-30 10:00:00,2028-04-30 14:00:00
9241,스포츠,광진구 배드민턴장,2028-04-30 14:00:00,2028-04-30 15:00:00
9242,스포츠,뚝섬 런닝코스,2028-04-30 15:00:00,2028-04-30 19:00:00
9243,관람,건국대학교 박물관,2028-04-30 19:00:00,2028-04-30 22:00:00
9244,스포츠,건대 헬스장,2028-04-30 22:00:00,2028-04-30 23:00:00
9245,스포츠,세종대 실내 체육관,2028-04-30 23:00:00,2028-05-01 00:00:00
9246,운동,건대 스포츠 클럽,2028-04-30 22:00:00,2028-04-30 23:00:00
9247,식사,건대입구 음식점,2028-05-01 08:00:00,2028-05-01 10:00:00
9248,운동,한강 자전거 대여소,2028-05-01 10:00:00,2028-05-01 12:00:00
9249,식사,건대입구 음식점,2028-05-01 12:00:00,2028-05-01 14:00:00
9250,공부,광진구 기타 장소,2028-05-01 14:00:00,2028-05-01 18:00:00
9251,식사,어린이대공원 근처 레스토랑,2028-05-01 18:00:00,2028-05-01 20:00:00
9252,공부,광진구 기타 장소,2028-05-01 20:00:00,2028-05-01 22:00:00
9253,운동,광진구 등산 코스,2028-05-01 22:00:00,2028-05-02 00:00:00
9254,스포츠,한강공원 축구장,2028-05-01 22:00:00,2028-05-01 23:00:00
9255,식사,건대입구 음식점,2028-05-02 08:00:00,2028-05-02 10:00:00
9256,관람,롯데시네마 건대입구,2028-05-02 10:00:00,2028-05-02 11:00:00
9257,관람,광진구 시립극장,2028-05-02 11:00:00,2028-05-02 12:00:00
9258,식사,건대입구 전통시장,2028-05-02 12:00:00,2028-05-02 14:00:00
9259,실내활동,광진구 기타 장소,2028-05-02 14:00:00,2028-05-02 16:00:00
9260,실내활동,광진구 기타 장소,2028-05-02 16:00:00,2028-05-02 18:00:00
9261,식사,세종대 부근 맛집,2028-05-02 18:00:00,2028-05-02 20:00:00
9262,실내활동,광진구 기타 장소,2028-05-02 20:00:00,2028-05-02 23:00:00
9263,관람,건대 메가박스,2028-05-02 23:00:00,2028-05-03 00:00:00
9264,스포츠,서울숲 테니스장,2028-05-02 22:00:00,2028-05-02 23:00:00
9265,식사,한강 뚝섬 피크닉존 카페,2028-05-03 08:00:00,2028-05-03 10:00:00
9266,공원,광진구 기타 장소,2028-05-03 10:00:00,2028-05-03 13:00:00
9267,실내활동,광진구 기타 장소,2028-05-03 13:00:00,2028-05-03 15:00:00
9268,실내활동,광진구 기타 장소,2028-05-03 15:00:00,2028-05-03 16:00:00
9269,공원,광진구 기타 장소,2028-05-03 16:00:00,2028-05-03 17:00:00
9270,실내활동,광진구 기타 장소,2028-05-03 17:00:00,2028-05-03 21:00:00
9271,공원,광진구 기타 장소,2028-05-03 21:00:00,2028-05-03 22:00:00
9272,공부,광진구 기타 장소,2028-05-03 22:00:00,2028-05-04 00:00:00
9273,식사,어린이대공원 근처 레스토랑,2028-05-04 08:00:00,2028-05-04 10:00:00
9274,운동,광진구 등산 코스,2028-05-04 10:00:00,2028-05-04 11:00:00
9275,운동,어린이대공원 실내 체육관,2028-05-04 11:00:00,2028-05-04 15:00:00
9276,공원,광진구 기타 장소,2028-05-04 15:00:00,2028-05-04 19:00:00
9277,운동,서울숲 조깅 트랙,2028-05-04 19:00:00,2028-05-04 22:00:00
9278,공원,광진구 기타 장소,2028-05-04 22:00:00,2028-05-05 00:00:00
9279,스포츠,세종대 실내 체육관,2028-05-04 22:00:00,2028-05-04 23:00:00
9280,식사,세종대 부근 맛집,2028-05-05 08:00:00,2028-05-05 10:00:00
9281,관람,뚝섬 전망대,2028-05-05 10:00:00,2028-05-05 13:00:00
9282,공부,광진구 기타 장소,2028-05-05 13:00:00,2028-05-05 17:00:00
9283,실내활동,광진구 기타 장소,2028-05-05 17:00:00,2028-05-05 21:00:00
9284,관람,건대 메가박스,2028-05-05 21:00:00,2028-05-06 00:00:00
9285,식사,스타시티 푸드코트,2028-05-06 08:00:00,2028-05-06 10:00:00
9286,공원,광진구 기타 장소,2028-05-06 10:00:00,2028-05-06 14:00:00
9287,공원,광진구 기타 장소,2028-05-06 14:00:00,2028-05-06 16:00:00
9288,실내활동,광진구 기타 장소,2028-05-06 16:00:00,2028-05-06 20:00:00
9289,실내활동,광진구 기타 장소,2028-05-06 20:00:00,2028-05-07 00:00:00
9290,운동,광진구 공원 체력단련장,2028-05-06 22:00:00,2028-05-06 23:00:00
9291,식사,뚝섬 수변 카페,2028-05-07 08:00:00,2028-05-07 10:00:00
9292,운동,광진구 등산 코스,2028-05-07 10:00:00,2028-05-07 11:00:00
9293,스포츠,뚝섬 런닝코스,2028-05-07 11:00:00,2028-05-07 13:00:00
9294,관람,서울숲 갤러리,2028-05-07 13:00:00,2028-05-07 15:00:00
9295,관람,어린이대공원 공연장,2028-05-07 15:00:00,2028-05-07 18:00:00
9296,식사,어린이대공원 근처 레스토랑,2028-05-07 18:00:00,2028-05-07 20:00:00
9297,운동,광진구 등산 코스,2028-05-07 20:00:00,2028-05-07 23:00:00
9298,관람,서울숲 갤러리,2028-05-07 23:00:00,2028-05-08 00:00:00
9299,식사,뚝섬 수변 카페,2028-05-08 08:00:00,2028-05-08 10:00:00
9300,운동,뚝섬 한강 수영장,2028-05-08 10:00:00,2028-05-08 14:00:00
9301,스포츠,뚝섬 런닝코스,2028-05-08 14:00:00,2028-05-08 17:00:00
9302,운동,광진구 등산 코스,2028-05-08 17:00:00,2028-05-08 21:00:00
9303,공부,광진구 기타 장소,2028-05-08 21:00:00,2028-05-08 23:00:00
9304,공부,광진구 기타 장소,2028-05-08 23:00:00,2028-05-09 00:00:00
9305,식사,한강 뚝섬 피크닉존 카페,2028-05-09 08:00:00,2028-05-09 10:00:00
9306,관람,뚝섬 전망대,2028-05-09 10:00:00,2028-05-09 13:00:00
9307,스포츠,광진구 체육관,2028-05-09 13:00:00,2028-05-09 17:00:00
9308,스포츠,광진구 체육관,2028-05-09 17:00:00,2028-05-09 21:00:00
9309,스포츠,건대 헬스장,2028-05-09 21:00:00,2028-05-10 00:00:00
9310,실내활동,광진구 기타 장소,2028-05-09 22:00:00,2028-05-09 23:00:00
9311,식사,광장시장 맛집,2028-05-10 08:00:00,2028-05-10 10:00:00
9312,공원,광진구 기타 장소,2028-05-10 10:00:00,2028-05-10 12:00:00
9313,식사,어린이대공원 근처 레스토랑,2028-05-10 12:00:00,2028-05-10 14:00:00
9314,공부,광진구 기타 장소,2028-05-10 14:00:00,2028-05-10 16:00:00
9315,공부,광진구 기타 장소,2028-05-10 16:00:00,2028-05-10 17:00:00
9316,공부,광진구 기타 장소,2028-05-10 17:00:00,2028-05-10 18:00:00
9317,식사,광진구 한식당,2028-05-10 18:00:00,2028-05-10 20:00:00
9318,공원,광진구 기타 장소,2028-05-10 20:00:00,2028-05-10 23:00:00
9319,공부,광진구 기타 장소,2028-05-10 23:00:00,2028-05-11 00:00:00
9320,실내활동,광진구 기타 장소,2028-05-10 22:00:00,2028-05-10 23:00:00
9321,식사,광장시장 맛집,2028-05-11 08:00:00,2028-05-11 10:00:00
9322,스포츠,서울숲 테니스장,2028-05-11 10:00:00,2028-05-11 12:00:00
9323,식사,광진구 한식당,2028-05-11 12:00:00,2028-05-11 14:00:00
9324,운동,한강 공원,2028-05-11 14:00:00,2028-05-11 16:00:00
9325,스포츠,광진구 체육관,2028-05-11 16:00:00,2028-05-11 20:00:00
9326,스포츠,광진구 배드민턴장,2028-05-11 20:00:00,2028-05-11 23:00:00
9327,운동,어린이대공원 실내 체육관,2028-05-11 23:00:00,2028-05-12 00:00:00
9328,공원,광진구 기타 장소,2028-05-11 22:00:00,2028-05-11 23:00:00
9329,식사,스타시티 푸드코트,2028-05-12 08:00:00,2028-05-12 10:00:00
9330,관람,건대 커뮤니티 아트센터,2028-05-12 10:00:00,2028-05-12 13:00:00
9331,관람,뚝섬 전망대,2028-05-12 13:00:00,2028-05-12 17:00:00
9332,실내활동,광진구 기타 장소,2028-05-12 17:00:00,2028-05-12 18:00:00
9333,식사,한강 뚝섬 피크닉존 카페,2028-05-12 18:00:00,2028-05-12 20:00:00
9334,실내활동,광진구 기타 장소,2028-05-12 20:00:00,2028-05-12 22:00:00
9335,관람,어린이대공원 공연장,2028-05-12 22:00:00,2028-05-13 00:00:00
9336,공부,광진구 기타 장소,2028-05-12 22:00:00,2028-05-12 23:00:00
9337,식사,광장시장 맛집,2028-05-13 08:00:00,2028-05-13 10:00:00
9338,운동,한강 자전거 대여소,2028-05-13 10:00:00,2028-05-13 13:00:00
9339,운동,뚝섬 유원지 요가 센터,2028-05-13 13:00:00,2028-05-13 16:00:00
9340,실내활동,광진구 기타 장소,2028-05-13 16:00:00,2028-05-13 20:00:00
9341,운동,서울숲 조깅 트랙,2028-05-13 20:00:00,2028-05-14 00:00:00
9342,공원,광진구 기타 장소,2028-05-13 22:00:00,2028-05-13 23:00:00
9343,식사,스타시티 푸드코트,2028-05-14 08:00:00,2028-05-14 10:00:00
9344,운동,광진구 등산 코스,2028-05-14 10:00:00,2028-05-14 13:00:00
9345,관람,뚝섬 전망대,2028-05-14 13:00:00,2028-05-14 14:00:00
9346,관람,한강 뚝섬 예술극장,2028-05-14 14:00:00,2028-05-14 15:00:00
9347,스포츠,광진구 요가 스튜디오,2028-05-14 15:00:00,2028-05-14 16:00:00
9348,운동,한강 공원,2028-05-14 16:00:00,2028-05-14 17:00:00
9349,스포츠,서울숲 테니스장,2028-05-14 17:00:00,2028-05-14 19:00:00
9350,관람,건대 메가박스,2028-05-14 19:00:00,2028-05-14 21:00:00
9351,스포츠,건대 헬스장,2028-05-14 21:00:00,2028-05-15 00:00:00
9352,식사,광장시장 맛집,2028-05-15 08:00:00,2028-05-15 10:00:00
9353,스포츠,세종대 실내 체육관,2028-05-15 10:00:00,2028-05-15 12:00:00
9354,식사,어린이대공원 근처 레스토랑,2028-05-15 12:00:00,2028-05-15 14:00:00
9355,운동,건대 스포츠 클럽,2028-05-15 14:00:00,2028-05-15 17:00:00
9356,운동,한강 자전거 대여소,2028-05-15 17:00:00,2028-05-15 21:00:00
9357,운동,건대 헬스장,2028-05-15 21:00:00,2028-05-15 22:00:00
9358,공부,광진구 기타 장소,2028-05-15 22:00:00,2028-05-15 23:00:00
9359,공부,광진구 기타 장소,2028-05-15 23:00:00,2028-05-16 00:00:00
9360,식사,광장시장 맛집,2028-05-16 08:00:00,2028-05-16 10:00:00
9361,관람,건국대학교 박물관,2028-05-16 10:00:00,2028-05-16 12:00:00
9362,식사,광진구 한식당,2028-05-16 12:00:00,2028-05-16 14:00:00
9363,실내활동,광진구 기타 장소,2028-05-16 14:00:00,2028-05-16 16:00:00
9364,관람,건대 메가박스,2028-05-16 16:00:00,2028-05-16 18:00:00
9365,식사,건대 버거 레스토랑,2028-05-16 18:00:00,2028-05-16 20:00:00
9366,스포츠,광진구 요가 스튜디오,2028-05-16 20:00:00,2028-05-16 22:00:00
9367,스포츠,광진구 요가 스튜디오,2028-05-16 22:00:00,2028-05-17 00:00:00
9368,식사,광장시장 맛집,2028-05-17 08:00:00,2028-05-17 10:00:00
9369,실내활동,광진구 기타 장소,2028-05-17 10:00:00,2028-05-17 12:00:00
9370,식사,건대입구 음식점,2028-05-17 12:00:00,2028-05-17 14:00:00
9371,공원,광진구 기타 장소,2028-05-17 14:00:00,2028-05-17 18:00:00
9372,식사,어린이대공원 근처 레스토랑,2028-05-17 18:00:00,2028-05-17 20:00:00
9373,공부,광진구 기타 장소,2028-05-17 20:00:00,2028-05-17 23:00:00
9374,공부,광진구 기타 장소,2028-05-17 23:00:00,2028-05-18 00:00:00
9375,식사,광장시장 맛집,2028-05-18 08:00:00,2028-05-18 10:00:00
9376,공원,광진구 기타 장소,2028-05-18 10:00:00,2028-05-18 12:00:00
9377,식사,건대입구 전통시장,2028-05-18 12:00:00,2028-05-18 14:00:00
9378,운동,광진구 등산 코스,2028-05-18 14:00:00,2028-05-18 15:00:00
9379,운동,뚝섬 한강 수영장,2028-05-18 15:00:00,2028-05-18 16:00:00
9380,스포츠,서울숲 스케이트장,2028-05-18 16:00:00,2028-05-18 19:00:00
9381,공원,광진구 기타 장소,2028-05-18 19:00:00,2028-05-18 21:00:00
9382,운동,뚝섬 한강 수영장,2028-05-18 21:00:00,2028-05-18 23:00:00
9383,운동,한강 공원,2028-05-18 23:00:00,2028-05-19 00:00:00
9384,식사,뚝섬 수변 카페,2028-05-19 08:00:00,2028-05-19 10:00:00
9385,관람,롯데시네마 건대입구,2028-05-19 10:00:00,2028-05-19 12:00:00
9386,식사,어린이대공원 근처 레스토랑,2028-05-19 12:00:00,2028-05-19 14:00:00
9387,공부,광진구 기타 장소,2028-05-19 14:00:00,2028-05-19 17:00:00
9388,공부,광진구 기타 장소,2028-05-19 17:00:00,2028-05-19 18:00:00
9389,식사,광장시장 맛집,2028-05-19 18:00:00,2028-05-19 20:00:00
9390,관람,한강 뚝섬 예술극장,2028-05-19 20:00:00,2028-05-19 22:00:00
9391,공부,광진구 기타 장소,2028-05-19 22:00:00,2028-05-20 00:00:00
9392,실내활동,광진구 기타 장소,2028-05-19 22:00:00,2028-05-19 23:00:00
9393,식사,건대 버거 레스토랑,2028-05-20 08:00:00,2028-05-20 10:00:00
9394,운동,건대 헬스장,2028-05-20 10:00:00,2028-05-20 12:00:00
9395,식사,어린이대공원 근처 레스토랑,2028-05-20 12:00:00,2028-05-20 14:00:00
9396,공원,광진구 기타 장소,2028-05-20 14:00:00,2028-05-20 18:00:00
9397,식사,건대 버거 레스토랑,2028-05-20 18:00:00,2028-05-20 20:00:00
9398,공원,광진구 기타 장소,2028-05-20 20:00:00,2028-05-20 21:00:00
9399,실내활동,광진구 기타 장소,2028-05-20 21:00:00,2028-05-20 22:00:00
9400,공원,광진구 기타 장소,2028-05-20 22:00:00,2028-05-21 00:00:00
9401,식사,건대입구 음식점,2028-05-21 08:00:00,2028-05-21 10:00:00
9402,관람,뚝섬 전망대,2028-05-21 10:00:00,2028-05-21 13:00:00
9403,관람,한강 뚝섬 예술극장,2028-05-21 13:00:00,2028-05-21 16:00:00
9404,관람,건대 메가박스,2028-05-21 16:00:00,2028-05-21 19:00:00
9405,스포츠,어린이대공원 운동장,2028-05-21 19:00:00,2028-05-21 21:00:00
9406,운동,건대 스포츠 클럽,2028-05-21 21:00:00,2028-05-22 00:00:00
9407,식사,광장시장 맛집,2028-05-22 08:00:00,2028-05-22 10:00:00
9408,스포츠,서울숲 스케이트장,2028-05-22 10:00:00,2028-05-22 12:00:00
9409,식사,건대입구 음식점,2028-05-22 12:00:00,2028-05-22 14:00:00
9410,스포츠,세종대 실내 체육관,2028-05-22 14:00:00,2028-05-22 15:00:00
9411,스포츠,뚝섬 런닝코스,2028-05-22 15:00:00,2028-05-22 17:00:00
9412,운동,건대 헬스장,2028-05-22 17:00:00,2028-05-22 21:00:00
9413,공부,광진구 기타 장소,2028-05-22 21:00:00,2028-05-23 00:00:00
9414,식사,건대입구 음식점,2028-05-23 08:00:00,2028-05-23 10:00:00
9415,스포츠,광진구 배드민턴장,2028-05-23 10:00:00,2028-05-23 13:00:00
9416,실내활동,광진구 기타 장소,2028-05-23 13:00:00,2028-05-23 14:00:00
9417,실내활동,광진구 기타 장소,2028-05-23 14:00:00,2028-05-23 17:00:00
9418,스포츠,서울숲 스케이트장,2028-05-23 17:00:00,2028-05-23 19:00:00
9419,스포츠,뚝섬 런닝코스,2028-05-23 19:00:00,2028-05-23 20:00:00
9420,관람,뚝섬 전망대,2028-05-23 20:00:00,2028-05-24 00:00:00
9421,식사,세종대 부근 맛집,2028-05-24 08:00:00,2028-05-24 10:00:00
9422,공부,광진구 기타 장소,2028-05-24 10:00:00,2028-05-24 14:00:00
9423,공부,광진구 기타 장소,2028-05-24 14:00:00,2028-05-24 17:00:00
9424,공부,광진구 기타 장소,2028-05-24 17:00:00,2028-05-24 20:00:00
9425,공원,광진구 기타 장소,2028-05-24 20:00:00,2028-05-25 00:00:00
9426,실내활동,광진구 기타 장소,2028-05-24 22:00:00,2028-05-24 23:00:00
9427,식사,건대입구 음식점,2028-05-25 08:00:00,2028-05-25 10:00:00
9428,운동,뚝섬 한강 수영장,2028-05-25 10:00:00,2028-05-25 11:00:00
9429,운동,건대 스포츠 클럽,2028-05-25 11:00:00,2028-05-25 13:00:00
9430,스포츠,서울숲 스케이트장,2028-05-25 13:00:00,2028-05-25 15:00:00
9431,공원,광진구 기타 장소,2028-05-25 15:00:00,2028-05-25 16:00:00
9432,운동,건대 스포츠 클럽,2028-05-25 16:00:00,2028-05-25 20:00:00
9433,공원,광진구 기타 장소,2028-05-25 20:00:00,2028-05-25 21:00:00
9434,스포츠,광진구 배드민턴장,2028-05-25 21:00:00,2028-05-25 22:00:00
9435,스포츠,서울숲 테니스장,2028-05-25 22:00:00,2028-05-25 23:00:00
9436,스포츠,어린이대공원 운동장,2028-05-25 23:00:00,2028-05-26 00:00:00
9437,식사,스타시티 푸드코트,2028-05-26 08:00:00,2028-05-26 10:00:00
9438,관람,건대 커뮤니티 아트센터,2028-05-26 10:00:00,2028-05-26 12:00:00
9439,식사,건대 버거 레스토랑,2028-05-26 12:00:00,2028-05-26 14:00:00
9440,공부,광진구 기타 장소,2028-05-26 14:00:00,2028-05-26 18:00:00
9441,식사,한강 뚝섬 피크닉존 카페,2028-05-26 18:00:00,2028-05-26 20:00:00
9442,관람,건국대학교 박물관,2028-05-26 20:00:00,2028-05-26 23:00:00
9443,실내활동,광진구 기타 장소,2028-05-26 23:00:00,2028-05-27 00:00:00
9444,식사,어린이대공원 근처 레스토랑,2028-05-27 08:00:00,2028-05-27 10:00:00
9445,운동,뚝섬 유원지 요가 센터,2028-05-27 10:00:00,2028-05-27 13:00:00
9446,실내활동,광진구 기타 장소,2028-05-27 13:00:00,2028-05-27 15:00:00
9447,실내활동,광진구 기타 장소,2028-05-27 15:00:00,2028-05-27 17:00:00
9448,운동,어린이대공원 실내 체육관,2028-05-27 17:00:00,2028-05-27 18:00:00
9449,식사,뚝섬 수변 카페,2028-05-27 18:00:00,2028-05-27 20:00:00
9450,공원,광진구 기타 장소,2028-05-27 20:00:00,2028-05-27 23:00:00
9451,운동,광진구 등산 코스,2028-05-27 23:00:00,2028-05-28 00:00:00
9452,식사,세종대 부근 맛집,2028-05-28 08:00:00,2028-05-28 10:00:00
9453,운동,광진구 공원 체력단련장,2028-05-28 10:00:00,2028-05-28 12:00:00
9454,식사,세종대 부근 맛집,2028-05-28 12:00:00,2028-05-28 14:00:00
9455,운동,건대 스포츠 클럽,2028-05-28 14:00:00,2028-05-28 18:00:00
9456,식사,건대 버거 레스토랑,2028-05-28 18:00:00,2028-05-28 20:00:00
9457,스포츠,광진구 체육관,2028-05-28 20:00:00,2028-05-28 23:00:00
9458,스포츠,광진구 배드민턴장,2028-05-28 23:00:00,2028-05-29 00:00:00
9459,관람,건대 메가박스,2028-05-28 22:00:00,2028-05-28 23:00:00
9460,식사,스타시티 푸드코트,2028-05-29 08:00:00,2028-05-29 10:00:00
9461,스포츠,광진구 체육관,2028-05-29 10:00:00,2028-05-29 13:00:00
9462,스포츠,광진구 체육관,2028-05-29 13:00:00,2028-05-29 16:00:00
9463,운동,서울숲 조깅 트랙,2028-05-29 16:00:00,2028-05-29 19:00:00
9464,공부,광진구 기타 장소,2028-05-29 19:00:00,2028-05-29 20:00:00
9465,운동,광진구 등산 코스,2028-05-29 20:00:00,2028-05-29 23:00:00
9466,스포츠,한강공원 축구장,2028-05-29 23:00:00,2028-05-30 00:00:00
9467,식사,스타시티 푸드코트,2028-05-30 08:00:00,2028-05-30 10:00:00
9468,관람,롯데시네마 건대입구,2028-05-30 10:00:00,2028-05-30 11:00:00
9469,관람,건국대학교 박물관,2028-05-30 11:00:00,2028-05-30 15:00:00
9470,실내활동,광진구 기타 장소,2028-05-30 15:00:00,2028-05-30 17:00:00
9471,스포츠,어린이대공원 운동장,2028-05-30 17:00:00,2028-05-30 21:00:00
9472,스포츠,뚝섬 런닝코스,2028-05-30 21:00:00,2028-05-30 23:00:00
9473,스포츠,서울숲 스케이트장,2028-05-30 23:00:00,2028-05-31 00:00:00
9474,식사,광진구 한식당,2028-05-31 08:00:00,2028-05-31 10:00:00
9475,공부,광진구 기타 장소,2028-05-31 10:00:00,2028-05-31 14:00:00
9476,실내활동,광진구 기타 장소,2028-05-31 14:00:00,2028-05-31 16:00:00
9477,공부,광진구 기타 장소,2028-05-31 16:00:00,2028-05-31 19:00:00
9478,실내활동,광진구 기타 장소,2028-05-31 19:00:00,2028-05-31 22:00:00
9479,공부,광진구 기타 장소,2028-05-31 22:00:00,2028-06-01 00:00:00
9480,공원,광진구 기타 장소,2028-05-31 22:00:00,2028-05-31 23:00:00
9481,식사,건대 버거 레스토랑,2028-06-01 08:00:00,2028-06-01 10:00:00
9482,운동,한강 자전거 대여소,2028-06-01 10:00:00,2028-06-01 11:00:00
9483,공원,광진구 기타 장소,2028-06-01 11:00:00,2028-06-01 13:00:00
9484,스포츠,어린이대공원 운동장,2028-06-01 13:00:00,2028-06-01 16:00:00
9485,스포츠,광진구 요가 스튜디오,2028-06-01 16:00:00,2028-06-01 17:00:00
9486,운동,광진구 등산 코스,2028-06-01 17:00:00,2028-06-01 18:00:00
9487,식사,세종대 부근 맛집,2028-06-01 18:00:00,2028-06-01 20:00:00
9488,스포츠,한강공원 축구장,2028-06-01 20:00:00,2028-06-01 21:00:00
9489,공원,광진구 기타 장소,2028-06-01 21:00:00,2028-06-02 00:00:00
9490,식사,건대입구 음식점,2028-06-02 08:00:00,2028-06-02 10:00:00
9491,실내활동,광진구 기타 장소,2028-06-02 10:00:00,2028-06-02 11:00:00
9492,실내활동,광진구 기타 장소,2028-06-02 11:00:00,2028-06-02 13:00:00
9493,실내활동,광진구 기타 장소,2028-06-02 13:00:00,2028-06-02 17:00:00
9494,공부,광진구 기타 장소,2028-06-02 17:00:00,2028-06-02 20:00:00
9495,공부,광진구 기타 장소,2028-06-02 20:00:00,2028-06-02 21:00:00
9496,실내활동,광진구 기타 장소,2028-06-02 21:00:00,2028-06-02 22:00:00
9497,공부,광진구 기타 장소,2028-06-02 22:00:00,2028-06-03 00:00:00
9498,관람,광진문화예술회관,2028-06-02 22:00:00,2028-06-02 23:00:00
9499,식사,세종대 부근 맛집,2028-06-03 08:00:00,2028-06-03 10:00:00
9500,실내활동,광진구 기타 장소,2028-06-03 10:00:00,2028-06-03 12:00:00
9501,식사,건대입구 음식점,2028-06-03 12:00:00,2028-06-03 14:00:00
9502,운동,광진구 등산 코스,2028-06-03 14:00:00,2028-06-03 16:00:00
9503,운동,건대 헬스장,2028-06-03 16:00:00,2028-06-03 18:00:00
9504,식사,건대 버거 레스토랑,2028-06-03 18:00:00,2028-06-03 20:00:00
9505,실내활동,광진구 기타 장소,2028-06-03 20:00:00,2028-06-03 22:00:00
9506,실내활동,광진구 기타 장소,2028-06-03 22:00:00,2028-06-04 00:00:00
9507,공원,광진구 기타 장소,2028-06-03 22:00:00,2028-06-03 23:00:00
9508,식사,세종대 부근 맛집,2028-06-04 08:00:00,2028-06-04 10:00:00
9509,관람,광진구 시립극장,2028-06-04 10:00:00,2028-06-04 12:00:00
9510,식사,광장시장 맛집,2028-06-04 12:00:00,2028-06-04 14:00:00
9511,스포츠,어린이대공원 운동장,2028-06-04 14:00:00,2028-06-04 18:00:00
9512,식사,건대 버거 레스토랑,2028-06-04 18:00:00,2028-06-04 20:00:00
9513,스포츠,광진구 배드민턴장,2028-06-04 20:00:00,2028-06-05 00:00:00
9514,운동,건대 헬스장,2028-06-04 22:00:00,2028-06-04 23:00:00
9515,식사,한강 뚝섬 피크닉존 카페,2028-06-05 08:00:00,2028-06-05 10:00:00
9516,운동,광진구 등산 코스,2028-06-05 10:00:00,2028-06-05 11:00:00
9517,스포츠,서울숲 스케이트장,2028-06-05 11:00:00,2028-06-05 12:00:00
9518,식사,한강 뚝섬 피크닉존 카페,2028-06-05 12:00:00,2028-06-05 14:00:00
9519,스포츠,세종대 실내 체육관,2028-06-05 14:00:00,2028-06-05 18:00:00
9520,식사,한강 뚝섬 피크닉존 카페,2028-06-05 18:00:00,2028-06-05 20:00:00
9521,운동,건대 스포츠 클럽,2028-06-05 20:00:00,2028-06-05 21:00:00
9522,스포츠,광진구 체육관,2028-06-05 21:00:00,2028-06-06 00:00:00
9523,공부,광진구 기타 장소,2028-06-05 22:00:00,2028-06-05 23:00:00
9524,식사,광장시장 맛집,2028-06-06 08:00:00,2028-06-06 10:00:00
9525,실내활동,광진구 기타 장소,2028-06-06 10:00:00,2028-06-06 13:00:00
9526,관람,뚝섬 전망대,2028-06-06 13:00:00,2028-06-06 14:00:00
9527,실내활동,광진구 기타 장소,2028-06-06 14:00:00,2028-06-06 16:00:00
9528,실내활동,광진구 기타 장소,2028-06-06 16:00:00,2028-06-06 19:00:00
9529,실내활동,광진구 기타 장소,2028-06-06 19:00:00,2028-06-06 20:00:00
9530,관람,건대 메가박스,2028-06-06 20:00:00,2028-06-06 23:00:00
9531,관람,뚝섬 전망대,2028-06-06 23:00:00,2028-06-07 00:00:00
9532,스포츠,한강공원 축구장,2028-06-06 22:00:00,2028-06-06 23:00:00
9533,식사,뚝섬 수변 카페,2028-06-07 08:00:00,2028-06-07 10:00:00
9534,공부,광진구 기타 장소,2028-06-07 10:00:00,2028-06-07 13:00:00
9535,공부,광진구 기타 장소,2028-06-07 13:00:00,2028-06-07 16:00:00
9536,공부,광진구 기타 장소,2028-06-07 16:00:00,2028-06-07 19:00:00
9537,공원,광진구 기타 장소,2028-06-07 19:00:00,2028-06-07 21:00:00
9538,공부,광진구 기타 장소,2028-06-07 21:00:00,2028-06-07 23:00:00
9539,공원,광진구 기타 장소,2028-06-07 23:00:00,2028-06-08 00:00:00
9540,실내활동,광진구 기타 장소,2028-06-07 22:00:00,2028-06-07 23:00:00
9541,식사,한강 뚝섬 피크닉존 카페,2028-06-08 08:00:00,2028-06-08 10:00:00
9542,운동,광진구 등산 코스,2028-06-08 10:00:00,2028-06-08 12:00:00
9543,식사,건대입구 음식점,2028-06-08 12:00:00,2028-06-08 14:00:00
9544,공원,광진구 기타 장소,2028-06-08 14:00:00,2028-06-08 15:00:00
9545,공원,광진구 기타 장소,2028-06-08 15:00:00,2028-06-08 16:00:00
9546,공원,광진구 기타 장소,2028-06-08 16:00:00,2028-06-08 19:00:00
9547,공원,광진구 기타 장소,2028-06-08 19:00:00,2028-06-08 20:00:00
9548,공원,광진구 기타 장소,2028-06-08 20:00:00,2028-06-09 00:00:00
9549,스포츠,서울숲 테니스장,2028-06-08 22:00:00,2028-06-08 23:00:00
9550,식사,건대 버거 레스토랑,2028-06-09 08:00:00,2028-06-09 10:00:00
9551,관람,광진구 시립극장,2028-06-09 10:00:00,2028-06-09 12:00:00
9552,식사,건대입구 전통시장,2028-06-09 12:00:00,2028-06-09 14:00:00
9553,공부,광진구 기타 장소,2028-06-09 14:00:00,2028-06-09 16:00:00
9554,관람,건대 커뮤니티 아트센터,2028-06-09 16:00:00,2028-06-09 17:00:00
9555,공부,광진구 기타 장소,2028-06-09 17:00:00,2028-06-09 19:00:00
9556,관람,한강 뚝섬 예술극장,2028-06-09 19:00:00,2028-06-09 23:00:00
9557,실내활동,광진구 기타 장소,2028-06-09 23:00:00,2028-06-10 00:00:00
9558,식사,건대입구 전통시장,2028-06-10 08:00:00,2028-06-10 10:00:00
9559,공원,광진구 기타 장소,2028-06-10 10:00:00,2028-06-10 12:00:00
9560,식사,건대입구 전통시장,2028-06-10 12:00:00,2028-06-10 14:00:00
9561,실내활동,광진구 기타 장소,2028-06-10 14:00:00,2028-06-10 18:00:00
9562,식사,한강 뚝섬 피크닉존 카페,2028-06-10 18:00:00,2028-06-10 20:00:00
9563,공원,광진구 기타 장소,2028-06-10 20:00:00,2028-06-10 23:00:00
9564,운동,광진구 등산 코스,2028-06-10 23:00:00,2028-06-11 00:00:00
9565,식사,건대입구 전통시장,2028-06-11 08:00:00,2028-06-11 10:00:00
9566,운동,서울숲 조깅 트랙,2028-06-11 10:00:00,2028-06-11 13:00:00
9567,운동,건대 헬스장,2028-06-11 13:00:00,2028-06-11 17:00:00
9568,관람,건국대학교 박물관,2028-06-11 17:00:00,2028-06-11 19:00:00
9569,운동,서울숲 조깅 트랙,2028-06-11 19:00:00,2028-06-11 20:00:00
9570,운동,서울숲 조깅 트랙,2028-06-11 20:00:00,2028-06-11 22:00:00
9571,관람,어린이대공원 공연장,2028-06-11 22:00:00,2028-06-12 00:00:00
9572,스포츠,뚝섬 런닝코스,2028-06-11 22:00:00,2028-06-11 23:00:00
9573,식사,어린이대공원 근처 레스토랑,2028-06-12 08:00:00,2028-06-12 10:00:00
9574,공부,광진구 기타 장소,2028-06-12 10:00:00,2028-06-12 13:00:00
9575,스포츠,광진구 요가 스튜디오,2028-06-12 13:00:00,2028-06-12 17:00:00
9576,운동,뚝섬 유원지 요가 센터,2028-06-12 17:00:00,2028-06-12 18:00:00
9577,식사,건대입구 전통시장,2028-06-12 18:00:00,2028-06-12 20:00:00
9578,운동,뚝섬 한강 수영장,2028-06-12 20:00:00,2028-06-13 00:00:00
9579,식사,건대 버거 레스토랑,2028-06-13 08:00:00,2028-06-13 10:00:00
9580,스포츠,서울숲 테니스장,2028-06-13 10:00:00,2028-06-13 14:00:00
9581,스포츠,광진구 체육관,2028-06-13 14:00:00,2028-06-13 18:00:00
9582,식사,스타시티 푸드코트,2028-06-13 18:00:00,2028-06-13 20:00:00
9583,실내활동,광진구 기타 장소,2028-06-13 20:00:00,2028-06-13 23:00:00
9584,관람,광진구 시립극장,2028-06-13 23:00:00,2028-06-14 00:00:00
9585,식사,한강 뚝섬 피크닉존 카페,2028-06-14 08:00:00,2028-06-14 10:00:00
9586,실내활동,광진구 기타 장소,2028-06-14 10:00:00,2028-06-14 13:00:00
9587,공원,광진구 기타 장소,2028-06-14 13:00:00,2028-06-14 15:00:00
9588,공원,광진구 기타 장소,2028-06-14 15:00:00,2028-06-14 17:00:00
9589,공부,광진구 기타 장소,2028-06-14 17:00:00,2028-06-14 20:00:00
9590,실내활동,광진구 기타 장소,2028-06-14 20:00:00,2028-06-14 21:00:00
9591,공부,광진구 기타 장소,2028-06-14 21:00:00,2028-06-14 23:00:00
9592,공원,광진구 기타 장소,2028-06-14 23:00:00,2028-06-15 00:00:00
9593,식사,세종대 부근 맛집,2028-06-15 08:00:00,2028-06-15 10:00:00
9594,공원,광진구 기타 장소,2028-06-15 10:00:00,2028-06-15 14:00:00
9595,스포츠,서울숲 스케이트장,2028-06-15 14:00:00,2028-06-15 16:00:00
9596,공원,광진구 기타 장소,2028-06-15 16:00:00,2028-06-15 19:00:00
9597,운동,광진구 공원 체력단련장,2028-06-15 19:00:00,2028-06-15 20:00:00
9598,공원,광진구 기타 장소,2028-06-15 20:00:00,2028-06-15 21:00:00
9599,운동,건대 스포츠 클럽,2028-06-15 21:00:00,2028-06-16 00:00:00
9600,식사,스타시티 푸드코트,2028-06-16 08:00:00,2028-06-16 10:00:00
9601,관람,건대 커뮤니티 아트센터,2028-06-16 10:00:00,2028-06-16 13:00:00
9602,관람,건대 메가박스,2028-06-16 13:00:00,2028-06-16 14:00:00
9603,관람,어린이대공원 공연장,2028-06-16 14:00:00,2028-06-16 16:00:00
9604,실내활동,광진구 기타 장소,2028-06-16 16:00:00,2028-06-16 19:00:00
9605,관람,한강 뚝섬 예술극장,2028-06-16 19:00:00,2028-06-16 21:00:00
9606,실내활동,광진구 기타 장소,2028-06-16 21:00:00,2028-06-16 23:00:00
9607,실내활동,광진구 기타 장소,2028-06-16 23:00:00,2028-06-17 00:00:00
9608,공부,광진구 기타 장소,2028-06-16 22:00:00,2028-06-16 23:00:00
9609,식사,어린이대공원 근처 레스토랑,2028-06-17 08:00:00,2028-06-17 10:00:00
9610,운동,뚝섬 한강 수영장,2028-06-17 10:00:00,2028-06-17 14:00:00
9611,실내활동,광진구 기타 장소,2028-06-17 14:00:00,2028-06-17 15:00:00
9612,운동,뚝섬 한강 수영장,2028-06-17 15:00:00,2028-06-17 19:00:00
9613,실내활동,광진구 기타 장소,2028-06-17 19:00:00,2028-06-17 21:00:00
9614,공원,광진구 기타 장소,2028-06-17 21:00:00,2028-06-17 22:00:00
9615,운동,서울숲 조깅 트랙,2028-06-17 22:00:00,2028-06-18 00:00:00
9616,식사,광장시장 맛집,2028-06-18 08:00:00,2028-06-18 10:00:00
9617,운동,건대 헬스장,2028-06-18 10:00:00,2028-06-18 14:00:00
9618,운동,어린이대공원 실내 체육관,2028-06-18 14:00:00,2028-06-18 17:00:00
9619,스포츠,뚝섬 런닝코스,2028-06-18 17:00:00,2028-06-18 20:00:00
9620,스포츠,광진구 요가 스튜디오,2028-06-18 20:00:00,2028-06-18 21:00:00
9621,운동,한강 공원,2028-06-18 21:00:00,2028-06-19 00:00:00
9622,관람,건대 메가박스,2028-06-18 22:00:00,2028-06-18 23:00:00
9623,식사,세종대 부근 맛집,2028-06-19 08:00:00,2028-06-19 10:00:00
9624,스포츠,서울숲 테니스장,2028-06-19 10:00:00,2028-06-19 14:00:00
9625,운동,한강 자전거 대여소,2028-06-19 14:00:00,2028-06-19 17:00:00
9626,스포츠,광진구 체육관,2028-06-19 17:00:00,2028-06-19 21:00:00
9627,스포츠,광진구 체육관,2028-06-19 21:00:00,2028-06-19 23:00:00
9628,스포츠,광진구 배드민턴장,2028-06-19 23:00:00,2028-06-20 00:00:00
9629,공부,광진구 기타 장소,2028-06-19 22:00:00,2028-06-19 23:00:00
9630,식사,세종대 부근 맛집,2028-06-20 08:00:00,2028-06-20 10:00:00
9631,실내활동,광진구 기타 장소,2028-06-20 10:00:00,2028-06-20 12:00:00
9632,식사,어린이대공원 근처 레스토랑,2028-06-20 12:00:00,2028-06-20 14:00:00
9633,스포츠,서울숲 테니스장,2028-06-20 14:00:00,2028-06-20 17:00:00
9634,관람,서울숲 갤러리,2028-06-20 17:00:00,2028-06-20 18:00:00
9635,식사,건대입구 전통시장,2028-06-20 18:00:00,2028-06-20 20:00:00
9636,실내활동,광진구 기타 장소,2028-06-20 20:00:00,2028-06-20 22:00:00
9637,관람,광진문화예술회관,2028-06-20 22:00:00,2028-06-21 00:00:00
9638,식사,건대 버거 레스토랑,2028-06-21 08:00:00,2028-06-21 10:00:00
9639,실내활동,광진구 기타 장소,2028-06-21 10:00:00,2028-06-21 11:00:00
9640,공원,광진구 기타 장소,2028-06-21 11:00:00,2028-06-21 15:00:00
9641,공부,광진구 기타 장소,2028-06-21 15:00:00,2028-06-21 19:00:00
9642,공부,광진구 기타 장소,2028-06-21 19:00:00,2028-06-21 20:00:00
9643,실내활동,광진구 기타 장소,2028-06-21 20:00:00,2028-06-21 22:00:00
9644,실내활동,광진구 기타 장소,2028-06-21 22:00:00,2028-06-22 00:00:00
9645,식사,광진구 한식당,2028-06-22 08:00:00,2028-06-22 10:00:00
9646,운동,서울숲 조깅 트랙,2028-06-22 10:00:00,2028-06-22 11:00:00
9647,스포츠,광진구 배드민턴장,2028-06-22 11:00:00,2028-06-22 14:00:00
9648,공원,광진구 기타 장소,2028-06-22 14:00:00,2028-06-22 16:00:00
9649,스포츠,뚝섬 런닝코스,2028-06-22 16:00:00,2028-06-22 17:00:00
9650,운동,어린이대공원 실내 체육관,2028-06-22 17:00:00,2028-06-22 18:00:00
9651,식사,한강 뚝섬 피크닉존 카페,2028-06-22 18:00:00,2028-06-22 20:00:00
9652,공원,광진구 기타 장소,2028-06-22 20:00:00,2028-06-22 21:00:00
9653,운동,건대 헬스장,2028-06-22 21:00:00,2028-06-22 23:00:00
9654,운동,어린이대공원 실내 체육관,2028-06-22 23:00:00,2028-06-23 00:00:00
9655,식사,광장시장 맛집,2028-06-23 08:00:00,2028-06-23 10:00:00
9656,공부,광진구 기타 장소,2028-06-23 10:00:00,2028-06-23 12:00:00
9657,식사,광장시장 맛집,2028-06-23 12:00:00,2028-06-23 14:00:00
9658,관람,한강 뚝섬 예술극장,2028-06-23 14:00:00,2028-06-23 18:00:00
9659,식사,건대입구 음식점,2028-06-23 18:00:00,2028-06-23 20:00:00
9660,실내활동,광진구 기타 장소,2028-06-23 20:00:00,2028-06-23 23:00:00
9661,실내활동,광진구 기타 장소,2028-06-23 23:00:00,2028-06-24 00:00:00
9662,식사,뚝섬 수변 카페,2028-06-24 08:00:00,2028-06-24 10:00:00
9663,실내활동,광진구 기타 장소,2028-06-24 10:00:00,2028-06-24 14:00:00
9664,실내활동,광진구 기타 장소,2028-06-24 14:00:00,2028-06-24 18:00:00
9665,식사,스타시티 푸드코트,2028-06-24 18:00:00,2028-06-24 20:00:00
9666,운동,건대 스포츠 클럽,2028-06-24 20:00:00,2028-06-24 21:00:00
9667,운동,어린이대공원 실내 체육관,2028-06-24 21:00:00,2028-06-25 00:00:00
9668,공원,광진구 기타 장소,2028-06-24 22:00:00,2028-06-24 23:00:00
9669,식사,건대 버거 레스토랑,2028-06-25 08:00:00,2028-06-25 10:00:00
9670,관람,롯데시네마 건대입구,2028-06-25 10:00:00,2028-06-25 12:00:00
9671,식사,광장시장 맛집,2028-06-25 12:00:00,2028-06-25 14:00:00
9672,운동,광진구 등산 코스,2028-06-25 14:00:00,2028-06-25 15:00:00
9673,관람,어린이대공원 공연장,2028-06-25 15:00:00,2028-06-25 17:00:00
9674,운동,건대 스포츠 클럽,2028-06-25 17:00:00,2028-06-25 18:00:00
9675,식사,건대 버거 레스토랑,2028-06-25 18:00:00,2028-06-25 20:00:00
9676,운동,건대 스포츠 클럽,2028-06-25 20:00:00,2028-06-25 22:00:00
9677,관람,어린이대공원 공연장,2028-06-25 22:00:00,2028-06-26 00:00:00
9678,스포츠,서울숲 테니스장,2028-06-25 22:00:00,2028-06-25 23:00:00
9679,식사,어린이대공원 근처 레스토랑,2028-06-26 08:00:00,2028-06-26 10:00:00
9680,공부,광진구 기타 장소,2028-06-26 10:00:00,2028-06-26 12:00:00
9681,식사,스타시티 푸드코트,2028-06-26 12:00:00,2028-06-26 14:00:00
9682,스포츠,광진구 배드민턴장,2028-06-26 14:00:00,2028-06-26 18:00:00
9683,식사,세종대 부근 맛집,2028-06-26 18:00:00,2028-06-26 20:00:00
9684,운동,뚝섬 한강 수영장,2028-06-26 20:00:00,2028-06-26 22:00:00
9685,공부,광진구 기타 장소,2028-06-26 22:00:00,2028-06-26 23:00:00
9686,스포츠,서울숲 테니스장,2028-06-26 23:00:00,2028-06-27 00:00:00
9687,식사,세종대 부근 맛집,2028-06-27 08:00:00,2028-06-27 10:00:00
9688,실내활동,광진구 기타 장소,2028-06-27 10:00:00,2028-06-27 11:00:00
9689,스포츠,서울숲 스케이트장,2028-06-27 11:00:00,2028-06-27 15:00:00
9690,관람,건대 커뮤니티 아트센터,2028-06-27 15:00:00,2028-06-27 19:00:00
9691,스포츠,광진구 배드민턴장,2028-06-27 19:00:00,2028-06-27 20:00:00
9692,관람,건국대학교 박물관,2028-06-27 20:00:00,2028-06-28 00:00:00
9693,식사,건대입구 전통시장,2028-06-28 08:00:00,2028-06-28 10:00:00
9694,공부,광진구 기타 장소,2028-06-28 10:00:00,2028-06-28 11:00:00
9695,실내활동,광진구 기타 장소,2028-06-28 11:00:00,2028-06-28 15:00:00
9696,실내활동,광진구 기타 장소,2028-06-28 15:00:00,2028-06-28 19:00:00
9697,실내활동,광진구 기타 장소,2028-06-28 19:00:00,2028-06-28 21:00:00
9698,실내활동,광진구 기타 장소,2028-06-28 21:00:00,2028-06-29 00:00:00
9699,공원,광진구 기타 장소,2028-06-28 22:00:00,2028-06-28 23:00:00
9700,식사,건대입구 전통시장,2028-06-29 08:00:00,2028-06-29 10:00:00
9701,공원,광진구 기타 장소,2028-06-29 10:00:00,2028-06-29 13:00:00
9702,공원,광진구 기타 장소,2028-06-29 13:00:00,2028-06-29 14:00:00
9703,스포츠,서울숲 테니스장,2028-06-29 14:00:00,2028-06-29 15:00:00
9704,스포츠,서울숲 테니스장,2028-06-29 15:00:00,2028-06-29 18:00:00
9705,식사,한강 뚝섬 피크닉존 카페,2028-06-29 18:00:00,2028-06-29 20:00:00
9706,공원,광진구 기타 장소,2028-06-29 20:00:00,2028-06-30 00:00:00
9707,운동,서울숲 조깅 트랙,2028-06-29 22:00:00,2028-06-29 23:00:00
9708,식사,스타시티 푸드코트,2028-06-30 08:00:00,2028-06-30 10:00:00
9709,관람,어린이대공원 공연장,2028-06-30 10:00:00,2028-06-30 13:00:00
9710,실내활동,광진구 기타 장소,2028-06-30 13:00:00,2028-06-30 17:00:00
9711,관람,건대 커뮤니티 아트센터,2028-06-30 17:00:00,2028-06-30 19:00:00
9712,실내활동,광진구 기타 장소,2028-06-30 19:00:00,2028-06-30 21:00:00
9713,공부,광진구 기타 장소,2028-06-30 21:00:00,2028-06-30 22:00:00
9714,관람,어린이대공원 공연장,2028-06-30 22:00:00,2028-06-30 23:00:00
9715,관람,한강 뚝섬 예술극장,2028-06-30 23:00:00,2028-07-01 00:00:00
9716,식사,건대입구 전통시장,2028-07-01 08:00:00,2028-07-01 10:00:00
9717,실내활동,광진구 기타 장소,2028-07-01 10:00:00,2028-07-01 11:00:00
9718,공원,광진구 기타 장소,2028-07-01 11:00:00,2028-07-01 13:00:00
9719,실내활동,광진구 기타 장소,2028-07-01 13:00:00,2028-07-01 16:00:00
9720,운동,뚝섬 유원지 요가 센터,2028-07-01 16:00:00,2028-07-01 17:00:00
9721,실내활동,광진구 기타 장소,2028-07-01 17:00:00,2028-07-01 20:00:00
9722,공원,광진구 기타 장소,2028-07-01 20:00:00,2028-07-01 22:00:00
9723,실내활동,광진구 기타 장소,2028-07-01 22:00:00,2028-07-02 00:00:00
9724,식사,스타시티 푸드코트,2028-07-02 08:00:00,2028-07-02 10:00:00
9725,관람,건대 커뮤니티 아트센터,2028-07-02 10:00:00,2028-07-02 14:00:00
9726,스포츠,광진구 요가 스튜디오,2028-07-02 14:00:00,2028-07-02 15:00:00
9727,운동,한강 공원,2028-07-02 15:00:00,2028-07-02 16:00:00
9728,스포츠,서울숲 스케이트장,2028-07-02 16:00:00,2028-07-02 20:00:00
9729,스포츠,광진구 요가 스튜디오,2028-07-02 20:00:00,2028-07-02 21:00:00
9730,관람,롯데시네마 건대입구,2028-07-02 21:00:00,2028-07-03 00:00:00
9731,식사,건대 버거 레스토랑,2028-07-03 08:00:00,2028-07-03 10:00:00
9732,스포츠,광진구 체육관,2028-07-03 10:00:00,2028-07-03 11:00:00
9733,운동,건대 스포츠 클럽,2028-07-03 11:00:00,2028-07-03 15:00:00
9734,스포츠,세종대 실내 체육관,2028-07-03 15:00:00,2028-07-03 18:00:00
9735,식사,스타시티 푸드코트,2028-07-03 18:00:00,2028-07-03 20:00:00
9736,공부,광진구 기타 장소,2028-07-03 20:00:00,2028-07-03 22:00:00
9737,스포츠,광진구 배드민턴장,2028-07-03 22:00:00,2028-07-04 00:00:00
9738,식사,광장시장 맛집,2028-07-04 08:00:00,2028-07-04 10:00:00
9739,실내활동,광진구 기타 장소,2028-07-04 10:00:00,2028-07-04 13:00:00
9740,실내활동,광진구 기타 장소,2028-07-04 13:00:00,2028-07-04 14:00:00
9741,관람,건대 커뮤니티 아트센터,2028-07-04 14:00:00,2028-07-04 17:00:00
9742,관람,어린이대공원 공연장,2028-07-04 17:00:00,2028-07-04 19:00:00
9743,스포츠,서울숲 스케이트장,2028-07-04 19:00:00,2028-07-04 21:00:00
9744,스포츠,서울숲 스케이트장,2028-07-04 21:00:00,2028-07-05 00:00:00
9745,식사,광진구 한식당,2028-07-05 08:00:00,2028-07-05 10:00:00
9746,공부,광진구 기타 장소,2028-07-05 10:00:00,2028-07-05 11:00:00
9747,공부,광진구 기타 장소,2028-07-05 11:00:00,2028-07-05 15:00:00
9748,공원,광진구 기타 장소,2028-07-05 15:00:00,2028-07-05 19:00:00
9749,공원,광진구 기타 장소,2028-07-05 19:00:00,2028-07-05 21:00:00
9750,공부,광진구 기타 장소,2028-07-05 21:00:00,2028-07-06 00:00:00
9751,실내활동,광진구 기타 장소,2028-07-05 22:00:00,2028-07-05 23:00:00
9752,식사,스타시티 푸드코트,2028-07-06 08:00:00,2028-07-06 10:00:00
9753,공원,광진구 기타 장소,2028-07-06 10:00:00,2028-07-06 13:00:00
9754,스포츠,서울숲 테니스장,2028-07-06 13:00:00,2028-07-06 14:00:00
9755,스포츠,광진구 체육관,2028-07-06 14:00:00,2028-07-06 15:00:00
9756,스포츠,건대 헬스장,2028-07-06 15:00:00,2028-07-06 17:00:00
9757,공원,광진구 기타 장소,2028-07-06 17:00:00,2028-07-06 19:00:00
9758,스포츠,한강공원 축구장,2028-07-06 19:00:00,2028-07-06 20:00:00
9759,운동,뚝섬 유원지 요가 센터,2028-07-06 20:00:00,2028-07-06 23:00:00
9760,운동,광진구 등산 코스,2028-07-06 23:00:00,2028-07-07 00:00:00
9761,식사,스타시티 푸드코트,2028-07-07 08:00:00,2028-07-07 10:00:00
9762,실내활동,광진구 기타 장소,2028-07-07 10:00:00,2028-07-07 13:00:00
9763,공부,광진구 기타 장소,2028-07-07 13:00:00,2028-07-07 16:00:00
9764,관람,광진구 시립극장,2028-07-07 16:00:00,2028-07-07 18:00:00
9765,식사,광장시장 맛집,2028-07-07 18:00:00,2028-07-07 20:00:00
9766,실내활동,광진구 기타 장소,2028-07-07 20:00:00,2028-07-07 21:00:00
9767,관람,건국대학교 박물관,2028-07-07 21:00:00,2028-07-08 00:00:00
9768,식사,세종대 부근 맛집,2028-07-08 08:00:00,2028-07-08 10:00:00
9769,실내활동,광진구 기타 장소,2028-07-08 10:00:00,2028-07-08 13:00:00
9770,실내활동,광진구 기타 장소,2028-07-08 13:00:00,2028-07-08 15:00:00
9771,운동,한강 공원,2028-07-08 15:00:00,2028-07-08 16:00:00
9772,공원,광진구 기타 장소,2028-07-08 16:00:00,2028-07-08 19:00:00
9773,공원,광진구 기타 장소,2028-07-08 19:00:00,2028-07-08 21:00:00
9774,운동,서울숲 조깅 트랙,2028-07-08 21:00:00,2028-07-08 22:00:00
9775,공원,광진구 기타 장소,2028-07-08 22:00:00,2028-07-08 23:00:00
9776,공원,광진구 기타 장소,2028-07-08 23:00:00,2028-07-09 00:00:00
9777,식사,광장시장 맛집,2028-07-09 08:00:00,2028-07-09 10:00:00
9778,스포츠,광진구 배드민턴장,2028-07-09 10:00:00,2028-07-09 13:00:00
9779,운동,건대 스포츠 클럽,2028-07-09 13:00:00,2028-07-09 14:00:00
9780,스포츠,광진구 배드민턴장,2028-07-09 14:00:00,2028-07-09 18:00:00
9781,식사,스타시티 푸드코트,2028-07-09 18:00:00,2028-07-09 20:00:00
9782,스포츠,광진구 체육관,2028-07-09 20:00:00,2028-07-09 21:00:00
9783,스포츠,뚝섬 런닝코스,2028-07-09 21:00:00,2028-07-09 23:00:00
9784,스포츠,한강공원 축구장,2028-07-09 23:00:00,2028-07-10 00:00:00
9785,관람,한강 뚝섬 예술극장,2028-07-09 22:00:00,2028-07-09 23:00:00
9786,식사,건대입구 음식점,2028-07-10 08:00:00,2028-07-10 10:00:00
9787,스포츠,광진구 배드민턴장,2028-07-10 10:00:00,2028-07-10 11:00:00
9788,운동,광진구 공원 체력단련장,2028-07-10 11:00:00,2028-07-10 14:00:00
9789,공부,광진구 기타 장소,2028-07-10 14:00:00,2028-07-10 15:00:00
9790,스포츠,뚝섬 런닝코스,2028-07-10 15:00:00,2028-07-10 19:00:00
9791,운동,광진구 공원 체력단련장,2028-07-10 19:00:00,2028-07-10 22:00:00
9792,운동,광진구 등산 코스,2028-07-10 22:00:00,2028-07-10 23:00:00
9793,스포츠,어린이대공원 운동장,2028-07-10 23:00:00,2028-07-11 00:00:00
9794,식사,광장시장 맛집,2028-07-11 08:00:00,2028-07-11 10:00:00
9795,관람,건대 커뮤니티 아트센터,2028-07-11 10:00:00,2028-07-11 11:00:00
9796,관람,광진구 시립극장,2028-07-11 11:00:00,2028-07-11 14:00:00
9797,스포츠,건대 헬스장,2028-07-11 14:00:00,2028-07-11 18:00:00
9798,식사,세종대 부근 맛집,2028-07-11 18:00:00,2028-07-11 20:00:00
9799,관람,어린이대공원 공연장,2028-07-11 20:00:00,2028-07-11 23:00:00
9800,관람,건국대학교 박물관,2028-07-11 23:00:00,2028-07-12 00:00:00
9801,실내활동,광진구 기타 장소,2028-07-11 22:00:00,2028-07-11 23:00:00
9802,식사,스타시티 푸드코트,2028-07-12 08:00:00,2028-07-12 10:00:00
9803,실내활동,광진구 기타 장소,2028-07-12 10:00:00,2028-07-12 12:00:00
9804,식사,한강 뚝섬 피크닉존 카페,2028-07-12 12:00:00,2028-07-12 14:00:00
9805,공원,광진구 기타 장소,2028-07-12 14:00:00,2028-07-12 15:00:00
9806,실내활동,광진구 기타 장소,2028-07-12 15:00:00,2028-07-12 17:00:00
9807,공부,광진구 기타 장소,2028-07-12 17:00:00,2028-07-12 20:00:00
9808,공원,광진구 기타 장소,2028-07-12 20:00:00,2028-07-12 21:00:00
9809,실내활동,광진구 기타 장소,2028-07-12 21:00:00,2028-07-13 00:00:00
9810,식사,뚝섬 수변 카페,2028-07-13 08:00:00,2028-07-13 10:00:00
9811,스포츠,광진구 체육관,2028-07-13 10:00:00,2028-07-13 13:00:00
9812,스포츠,세종대 실내 체육관,2028-07-13 13:00:00,2028-07-13 15:00:00
9813,공원,광진구 기타 장소,2028-07-13 15:00:00,2028-07-13 18:00:00
9814,식사,건대입구 음식점,2028-07-13 18:00:00,2028-07-13 20:00:00
9815,운동,한강 공원,2028-07-13 20:00:00,2028-07-13 22:00:00
9816,운동,뚝섬 유원지 요가 센터,2028-07-13 22:00:00,2028-07-14 00:00:00
9817,식사,한강 뚝섬 피크닉존 카페,2028-07-14 08:00:00,2028-07-14 10:00:00
9818,실내활동,광진구 기타 장소,2028-07-14 10:00:00,2028-07-14 11:00:00
9819,관람,건대 메가박스,2028-07-14 11:00:00,2028-07-14 13:00:00
9820,관람,건대 커뮤니티 아트센터,2028-07-14 13:00:00,2028-07-14 17:00:00
9821,공부,광진구 기타 장소,2028-07-14 17:00:00,2028-07-14 18:00:00
9822,식사,스타시티 푸드코트,2028-07-14 18:00:00,2028-07-14 20:00:00
9823,공부,광진구 기타 장소,2028-07-14 20:00:00,2028-07-14 23:00:00
9824,관람,한강 뚝섬 예술극장,2028-07-14 23:00:00,2028-07-15 00:00:00
9825,식사,한강 뚝섬 피크닉존 카페,2028-07-15 08:00:00,2028-07-15 10:00:00
9826,운동,광진구 등산 코스,2028-07-15 10:00:00,2028-07-15 12:00:00
9827,식사,스타시티 푸드코트,2028-07-15 12:00:00,2028-07-15 14:00:00
9828,운동,광진구 공원 체력단련장,2028-07-15 14:00:00,2028-07-15 16:00:00
9829,공원,광진구 기타 장소,2028-07-15 16:00:00,2028-07-15 19:00:00
9830,운동,뚝섬 유원지 요가 센터,2028-07-15 19:00:00,2028-07-15 22:00:00
9831,공원,광진구 기타 장소,2028-07-15 22:00:00,2028-07-16 00:00:00
9832,실내활동,광진구 기타 장소,2028-07-15 22:00:00,2028-07-15 23:00:00
9833,식사,뚝섬 수변 카페,2028-07-16 08:00:00,2028-07-16 10:00:00
9834,운동,한강 자전거 대여소,2028-07-16 10:00:00,2028-07-16 13:00:00
9835,운동,뚝섬 한강 수영장,2028-07-16 13:00:00,2028-07-16 17:00:00
9836,스포츠,어린이대공원 운동장,2028-07-16 17:00:00,2028-07-16 20:00:00
9837,스포츠,건대 헬스장,2028-07-16 20:00:00,2028-07-16 23:00:00
9838,관람,뚝섬 전망대,2028-07-16 23:00:00,2028-07-17 00:00:00
9839,식사,한강 뚝섬 피크닉존 카페,2028-07-17 08:00:00,2028-07-17 10:00:00
9840,운동,한강 자전거 대여소,2028-07-17 10:00:00,2028-07-17 11:00:00
9841,공부,광진구 기타 장소,2028-07-17 11:00:00,2028-07-17 15:00:00
9842,운동,서울숲 조깅 트랙,2028-07-17 15:00:00,2028-07-17 19:00:00
9843,공부,광진구 기타 장소,2028-07-17 19:00:00,2028-07-17 23:00:00
9844,운동,어린이대공원 실내 체육관,2028-07-17 23:00:00,2028-07-18 00:00:00
9845,스포츠,어린이대공원 운동장,2028-07-17 22:00:00,2028-07-17 23:00:00
9846,식사,광진구 한식당,2028-07-18 08:00:00,2028-07-18 10:00:00
9847,관람,어린이대공원 공연장,2028-07-18 10:00:00,2028-07-18 13:00:00
9848,관람,건국대학교 박물관,2028-07-18 13:00:00,2028-07-18 17:00:00
9849,관람,뚝섬 전망대,2028-07-18 17:00:00,2028-07-18 18:00:00
9850,식사,건대입구 음식점,2028-07-18 18:00:00,2028-07-18 20:00:00
9851,관람,뚝섬 전망대,2028-07-18 20:00:00,2028-07-18 22:00:00
9852,실내활동,광진구 기타 장소,2028-07-18 22:00:00,2028-07-19 00:00:00
9853,스포츠,서울숲 테니스장,2028-07-18 22:00:00,2028-07-18 23:00:00
9854,식사,건대입구 음식점,2028-07-19 08:00:00,2028-07-19 10:00:00
9855,실내활동,광진구 기타 장소,2028-07-19 10:00:00,2028-07-19 14:00:00
9856,실내활동,광진구 기타 장소,2028-07-19 14:00:00,2028-07-19 16:00:00
9857,실내활동,광진구 기타 장소,2028-07-19 16:00:00,2028-07-19 18:00:00
9858,식사,광진구 한식당,2028-07-19 18:00:00,2028-07-19 20:00:00
9859,공부,광진구 기타 장소,2028-07-19 20:00:00,2028-07-19 21:00:00
9860,공원,광진구 기타 장소,2028-07-19 21:00:00,2028-07-20 00:00:00
9861,식사,광진구 한식당,2028-07-20 08:00:00,2028-07-20 10:00:00
9862,운동,건대 스포츠 클럽,2028-07-20 10:00:00,2028-07-20 13:00:00
9863,스포츠,광진구 배드민턴장,2028-07-20 13:00:00,2028-07-20 15:00:00
9864,공원,광진구 기타 장소,2028-07-20 15:00:00,2028-07-20 17:00:00
9865,스포츠,서울숲 스케이트장,2028-07-20 17:00:00,2028-07-20 19:00:00
9866,운동,서울숲 조깅 트랙,2028-07-20 19:00:00,2028-07-20 22:00:00
9867,공원,광진구 기타 장소,2028-07-20 22:00:00,2028-07-21 00:00:00
9868,식사,뚝섬 수변 카페,2028-07-21 08:00:00,2028-07-21 10:00:00
9869,실내활동,광진구 기타 장소,2028-07-21 10:00:00,2028-07-21 14:00:00
9870,관람,건국대학교 박물관,2028-07-21 14:00:00,2028-07-21 17:00:00
9871,공부,광진구 기타 장소,2028-07-21 17:00:00,2028-07-21 18:00:00
9872,식사,광장시장 맛집,2028-07-21 18:00:00,2028-07-21 20:00:00
9873,공부,광진구 기타 장소,2028-07-21 20:00:00,2028-07-21 23:00:00
9874,관람,한강 뚝섬 예술극장,2028-07-21 23:00:00,2028-07-22 00:00:00
9875,식사,건대입구 음식점,2028-07-22 08:00:00,2028-07-22 10:00:00
9876,운동,서울숲 조깅 트랙,2028-07-22 10:00:00,2028-07-22 14:00:00
9877,공원,광진구 기타 장소,2028-07-22 14:00:00,2028-07-22 16:00:00
9878,실내활동,광진구 기타 장소,2028-07-22 16:00:00,2028-07-22 18:00:00
9879,식사,건대 버거 레스토랑,2028-07-22 18:00:00,2028-07-22 20:00:00
9880,공원,광진구 기타 장소,2028-07-22 20:00:00,2028-07-22 23:00:00
9881,실내활동,광진구 기타 장소,2028-07-22 23:00:00,2028-07-23 00:00:00
9882,식사,건대 버거 레스토랑,2028-07-23 08:00:00,2028-07-23 10:00:00
9883,관람,건대 커뮤니티 아트센터,2028-07-23 10:00:00,2028-07-23 14:00:00
9884,운동,한강 공원,2028-07-23 14:00:00,2028-07-23 18:00:00
9885,식사,어린이대공원 근처 레스토랑,2028-07-23 18:00:00,2028-07-23 20:00:00
9886,관람,한강 뚝섬 예술극장,2028-07-23 20:00:00,2028-07-23 22:00:00
9887,운동,건대 스포츠 클럽,2028-07-23 22:00:00,2028-07-24 00:00:00
9888,스포츠,세종대 실내 체육관,2028-07-23 22:00:00,2028-07-23 23:00:00
9889,식사,광장시장 맛집,2028-07-24 08:00:00,2028-07-24 10:00:00
9890,운동,광진구 공원 체력단련장,2028-07-24 10:00:00,2028-07-24 11:00:00
9891,공부,광진구 기타 장소,2028-07-24 11:00:00,2028-07-24 12:00:00
9892,식사,건대입구 음식점,2028-07-24 12:00:00,2028-07-24 14:00:00
9893,공부,광진구 기타 장소,2028-07-24 14:00:00,2028-07-24 16:00:00
9894,스포츠,세종대 실내 체육관,2028-07-24 16:00:00,2028-07-24 20:00:00
9895,공부,광진구 기타 장소,2028-07-24 20:00:00,2028-07-24 22:00:00
9896,공부,광진구 기타 장소,2028-07-24 22:00:00,2028-07-25 00:00:00
9897,식사,어린이대공원 근처 레스토랑,2028-07-25 08:00:00,2028-07-25 10:00:00
9898,실내활동,광진구 기타 장소,2028-07-25 10:00:00,2028-07-25 11:00:00
9899,관람,광진구 시립극장,2028-07-25 11:00:00,2028-07-25 15:00:00
9900,실내활동,광진구 기타 장소,2028-07-25 15:00:00,2028-07-25 19:00:00
9901,스포츠,한강공원 축구장,2028-07-25 19:00:00,2028-07-25 21:00:00
9902,관람,롯데시네마 건대입구,2028-07-25 21:00:00,2028-07-26 00:00:00
9903,식사,뚝섬 수변 카페,2028-07-26 08:00:00,2028-07-26 10:00:00
9904,공부,광진구 기타 장소,2028-07-26 10:00:00,2028-07-26 13:00:00
9905,공원,광진구 기타 장소,2028-07-26 13:00:00,2028-07-26 15:00:00
9906,실내활동,광진구 기타 장소,2028-07-26 15:00:00,2028-07-26 19:00:00
9907,공부,광진구 기타 장소,2028-07-26 19:00:00,2028-07-26 22:00:00
9908,공원,광진구 기타 장소,2028-07-26 22:00:00,2028-07-27 00:00:00
9909,식사,스타시티 푸드코트,2028-07-27 08:00:00,2028-07-27 10:00:00
9910,스포츠,뚝섬 런닝코스,2028-07-27 10:00:00,2028-07-27 12:00:00
9911,식사,어린이대공원 근처 레스토랑,2028-07-27 12:00:00,2028-07-27 14:00:00
9912,운동,뚝섬 한강 수영장,2028-07-27 14:00:00,2028-07-27 18:00:00
9913,식사,한강 뚝섬 피크닉존 카페,2028-07-27 18:00:00,2028-07-27 20:00:00
9914,운동,광진구 등산 코스,2028-07-27 20:00:00,2028-07-27 22:00:00
9915,운동,광진구 등산 코스,2028-07-27 22:00:00,2028-07-28 00:00:00
9916,공원,광진구 기타 장소,2028-07-27 22:00:00,2028-07-27 23:00:00
9917,식사,어린이대공원 근처 레스토랑,2028-07-28 08:00:00,2028-07-28 10:00:00
9918,실내활동,광진구 기타 장소,2028-07-28 10:00:00,2028-07-28 11:00:00
9919,관람,뚝섬 전망대,2028-07-28 11:00:00,2028-07-28 14:00:00
9920,실내활동,광진구 기타 장소,2028-07-28 14:00:00,2028-07-28 16:00:00
9921,관람,롯데시네마 건대입구,2028-07-28 16:00:00,2028-07-28 19:00:00
9922,실내활동,광진구 기타 장소,2028-07-28 19:00:00,2028-07-28 22:00:00
9923,실내활동,광진구 기타 장소,2028-07-28 22:00:00,2028-07-28 23:00:00
9924,관람,건대 커뮤니티 아트센터,2028-07-28 23:00:00,2028-07-29 00:00:00
9925,공부,광진구 기타 장소,2028-07-28 22:00:00,2028-07-28 23:00:00
9926,식사,세종대 부근 맛집,2028-07-29 08:00:00,2028-07-29 10:00:00
9927,운동,한강 공원,2028-07-29 10:00:00,2028-07-29 14:00:00
9928,운동,한강 자전거 대여소,2028-07-29 14:00:00,2028-07-29 18:00:00
9929,식사,건대입구 음식점,2028-07-29 18:00:00,2028-07-29 20:00:00
9930,공원,광진구 기타 장소,2028-07-29 20:00:00,2028-07-29 23:00:00
9931,운동,건대 스포츠 클럽,2028-07-29 23:00:00,2028-07-30 00:00:00
9932,실내활동,광진구 기타 장소,2028-07-29 22:00:00,2028-07-29 23:00:00
9933,식사,건대 버거 레스토랑,2028-07-30 08:00:00,2028-07-30 10:00:00
9934,관람,건대 메가박스,2028-07-30 10:00:00,2028-07-30 13:00:00
9935,운동,뚝섬 한강 수영장,2028-07-30 13:00:00,2028-07-30 16:00:00
9936,스포츠,뚝섬 런닝코스,2028-07-30 16:00:00,2028-07-30 17:00:00
9937,관람,서울숲 갤러리,2028-07-30 17:00:00,2028-07-30 20:00:00
9938,관람,건대 커뮤니티 아트센터,2028-07-30 20:00:00,2028-07-30 21:00:00
9939,스포츠,한강공원 축구장,2028-07-30 21:00:00,2028-07-30 23:00:00
9940,운동,뚝섬 한강 수영장,2028-07-30 23:00:00,2028-07-31 00:00:00
9941,식사,세종대 부근 맛집,2028-07-31 08:00:00,2028-07-31 10:00:00
9942,스포츠,한강공원 축구장,2028-07-31 10:00:00,2028-07-31 14:00:00
9943,운동,뚝섬 한강 수영장,2028-07-31 14:00:00,2028-07-31 17:00:00
9944,공부,광진구 기타 장소,2028-07-31 17:00:00,2028-07-31 21:00:00
9945,공부,광진구 기타 장소,2028-07-31 21:00:00,2028-08-01 00:00:00
9946,식사,광진구 한식당,2028-08-01 08:00:00,2028-08-01 10:00:00
9947,관람,광진구 시립극장,2028-08-01 10:00:00,2028-08-01 12:00:00
9948,식사,어린이대공원 근처 레스토랑,2028-08-01 12:00:00,2028-08-01 14:00:00
9949,실내활동,광진구 기타 장소,2028-08-01 14:00:00,2028-08-01 17:00:00
9950,실내활동,광진구 기타 장소,2028-08-01 17:00:00,2028-08-01 21:00:00
9951,스포츠,광진구 체육관,2028-08-01 21:00:00,2028-08-02 00:00:00
9952,식사,세종대 부근 맛집,2028-08-02 08:00:00,2028-08-02 10:00:00
9953,공원,광진구 기타 장소,2028-08-02 10:00:00,2028-08-02 14:00:00
9954,공원,광진구 기타 장소,2028-08-02 14:00:00,2028-08-02 15:00:00
9955,실내활동,광진구 기타 장소,2028-08-02 15:00:00,2028-08-02 17:00:00
9956,실내활동,광진구 기타 장소,2028-08-02 17:00:00,2028-08-02 19:00:00
9957,공원,광진구 기타 장소,2028-08-02 19:00:00,2028-08-02 22:00:00
9958,공원,광진구 기타 장소,2028-08-02 22:00:00,2028-08-03 00:00:00
9959,공부,광진구 기타 장소,2028-08-02 22:00:00,2028-08-02 23:00:00
9960,식사,건대입구 전통시장,2028-08-03 08:00:00,2028-08-03 10:00:00
9961,운동,광진구 공원 체력단련장,2028-08-03 10:00:00,2028-08-03 11:00:00
9962,공원,광진구 기타 장소,2028-08-03 11:00:00,2028-08-03 14:00:00
9963,스포츠,어린이대공원 운동장,2028-08-03 14:00:00,2028-08-03 16:00:00
9964,스포츠,뚝섬 런닝코스,2028-08-03 16:00:00,2028-08-03 18:00:00
9965,식사,세종대 부근 맛집,2028-08-03 18:00:00,2028-08-03 20:00:00
9966,공원,광진구 기타 장소,2028-08-03 20:00:00,2028-08-04 00:00:00
9967,식사,어린이대공원 근처 레스토랑,2028-08-04 08:00:00,2028-08-04 10:00:00
9968,관람,뚝섬 전망대,2028-08-04 10:00:00,2028-08-04 12:00:00
9969,식사,뚝섬 수변 카페,2028-08-04 12:00:00,2028-08-04 14:00:00
9970,공부,광진구 기타 장소,2028-08-04 14:00:00,2028-08-04 18:00:00
9971,식사,세종대 부근 맛집,2028-08-04 18:00:00,2028-08-04 20:00:00
9972,공부,광진구 기타 장소,2028-08-04 20:00:00,2028-08-04 23:00:00
9973,실내활동,광진구 기타 장소,2028-08-04 23:00:00,2028-08-05 00:00:00
9974,식사,한강 뚝섬 피크닉존 카페,2028-08-05 08:00:00,2028-08-05 10:00:00
9975,운동,건대 스포츠 클럽,2028-08-05 10:00:00,2028-08-05 13:00:00
9976,공원,광진구 기타 장소,2028-08-05 13:00:00,2028-08-05 16:00:00
9977,실내활동,광진구 기타 장소,2028-08-05 16:00:00,2028-08-05 17:00:00
9978,공원,광진구 기타 장소,2028-08-05 17:00:00,2028-08-05 21:00:00
9979,공원,광진구 기타 장소,2028-08-05 21:00:00,2028-08-06 00:00:00
9980,식사,건대입구 전통시장,2028-08-06 08:00:00,2028-08-06 10:00:00
9981,운동,어린이대공원 실내 체육관,2028-08-06 10:00:00,2028-08-06 11:00:00
9982,관람,서울숲 갤러리,2028-08-06 11:00:00,2028-08-06 13:00:00
9983,스포츠,광진구 요가 스튜디오,2028-08-06 13:00:00,2028-08-06 14:00:00
9984,스포츠,건대 헬스장,2028-08-06 14:00:00,2028-08-06 17:00:00
9985,운동,어린이대공원 실내 체육관,2028-08-06 17:00:00,2028-08-06 18:00:00
9986,식사,건대입구 음식점,2028-08-06 18:00:00,2028-08-06 20:00:00
9987,스포츠,광진구 요가 스튜디오,2028-08-06 20:00:00,2028-08-06 22:00:00
9988,관람,광진구 시립극장,2028-08-06 22:00:00,2028-08-07 00:00:00
9989,식사,세종대 부근 맛집,2028-08-07 08:00:00,2028-08-07 10:00:00
9990,운동,서울숲 조깅 트랙,2028-08-07 10:00:00,2028-08-07 13:00:00
9991,운동,건대 헬스장,2028-08-07 13:00:00,2028-08-07 14:00:00
9992,스포츠,서울숲 테니스장,2028-08-07 14:00:00,2028-08-07 17:00:00
9993,운동,건대 헬스장,2028-08-07 17:00:00,2028-08-07 21:00:00
9994,운동,건대 헬스장,2028-08-07 21:00:00,2028-08-07 23:00:00
9995,스포츠,건대 헬스장,2028-08-07 23:00:00,2028-08-08 00:00:00
9996,공부,광진구 기타 장소,2028-08-07 22:00:00,2028-08-07 23:00:00
9997,식사,광장시장 맛집,2028-08-08 08:00:00,2028-08-08 10:00:00
9998,실내활동,광진구 기타 장소,2028-08-08 10:00:00,2028-08-08 12:00:00
9999,식사,어린이대공원 근처 레스토랑,2028-08-08 12:00:00,2028-08-08 14:00:00
10000,실내활동,광진구 기타 장소,2028-08-08 14:00:00,2028-08-08 16:00:00
10001,실내활동,광진구 기타 장소,2028-08-08 16:00:00,2028-08-08 19:00:00
10002,스포츠,세종대 실내 체육관,2028-08-08 19:00:00,2028-08-08 20:00:00
10003,관람,광진구 시립극장,2028-08-08 20:00:00,2028-08-08 21:00:00
10004,실내활동,광진구 기타 장소,2028-08-08 21:00:00,2028-08-09 00:00:00
